:020000040800F2
:10400000F82100209D41000819A40008C99C00085F
:1040100015A40008B948000861D500080000000098
:104020000000000000000000000000001DA70008C4
:10403000194A00080000000029A4000821A7000870
:10404000B7410008B7410008B7410008B741000870
:10405000B7410008B7410008B7410008B741000860
:10406000B7410008B7410008B7410008B949000846
:10407000B7410008B7410008C5490008B74100082A
:10408000D1490008B7410008B7410008B74100080E
:10409000B7410008B7410008B7410008B741000820
:1040A000B7410008B7410008B7410008B741000810
:1040B000B7410008B7410008B7410008B741000800
:1040C000B7410008B7410008B7410008B7410008F0
:1040D000B741000865B10008B7410008B7410008C2
:1040E000B7410008B7410008B7410008B7410008D0
:1040F0004DA80008B7410008B7410008DD49000895
:10410000B7410008B7410008B74100082DA40008D6
:10411000B7410008B7410008B7410008B74100089F
:10412000E9490008B7410008F5490008B74100080F
:10413000B74100080000000000000000B74100087F
:10414000BD480008B7410008B74100081DA4000899
:10415000014A0008B74100080D4A0008B7410008AD
:10416000B7410008B7410008B7410008B74100084F
:10417000B7410008B741000800000000000000003F
:10418000B7410008B7410008DFF80CD000F01AFB77
:104190000048004779240108F8210020064880479C
:1041A00006480047FEE7FEE7FEE7FEE7FEE7FEE71C
:1041B000FEE7FEE7FEE7FEE7D5A700088941000815
:1041C0002DE9F05F0546002092469B46884606464C
:1041D000814640241BE0284641464746224600F0DF
:1041E00011FA53465A46C01A914110D31146184647
:1041F000224600F0F8F92D1A67EB01084F462246D7
:104200000120002100F0EFF917EB00094E41201EBC
:10421000A4F10104DFDC484631462A464346BDE8A6
:10422000F09F40EA01039B0703D009E008C9121F71
:1042300008C0042AFAD203E011F8013B00F8013B60
:10424000521EF9D27047D2B201E000F8012B491E8C
:10425000FBD270470022F6E710B513460A46044623
:104260001946FFF7F0FF204610BD421C10F8011B55
:104270000029FBD1801A70472DE9FE4F804681EA64
:104280000300C00F0C46009021F0004123F00045D0
:10429000B8EB0200A94105D24046214690461C4693
:1042A0000B46024623F00040104347D0270DC7F3CA
:1042B0000A00C3F30A510290401A019040286BDAB9
:1042C000C3F3130040F4801B0098924620B10023F2
:1042D000D2EB030A63EB0B0B01985946C0F1400285
:1042E000504600F080F906460D4650465946019A60
:1042F00000F098F910EB08006141002487EA1152A0
:1043000084EAE7731A4340D0009A62B3019A012A03
:104310004FEA075215DC001B61EB02014FF000422F
:1043200002EA0752CDE90042001C41F580113246F5
:104330002B4600F0F8F903B0BDE8F08F4046214667
:10434000F9E7001B61EB0201001C41F58013001826
:104350005B412018A2F5001747EB030140EAD57036
:10436000B6196D4111E06D084FEA360645EAC07591
:104370004FEA0752001B61EB0201001C41F580115E
:1043800049084FEA30000019514132462B4603B02C
:10439000BDE8F04F00F0B8B90098012240000023BA
:1043A000D0EB020263EBE073009821464FEAE07421
:1043B000B8EB000061EB0401E9E783F000435BE741
:1043C00081F0004158E72DE9FE4F81EA030404F033
:1043D000004421F0004100944FF0000B23F0004313
:1043E00050EA01045ED052EA03045BD0C3F30A54DE
:1043F000C1F30A552C44A4F2F3340194A0FB0254F7
:10440000C1F3130141F48011C3F3130343F4801388
:1044100001FB024400FB034E840A970A44EA8154DC
:1044200047EA8357A4FB076802958D0A05FB0785B9
:104430004FEA932C04FB0C542705029D4FEA0658C3
:1044400047EA1637B5EB08056EEB070C870E920EA0
:1044500047EA811742EA8312A7FB0201B6EB0B0180
:1044600064EB00042B0D43EA0C335E1844EB1C5044
:10447000DA465146E7FB0201C5F313044FEA0B335A
:1044800043EA14534FEA0432019C43EA0603A4F1C1
:104490000C040294009CCDE900B400F044F903B090
:1044A000BDE8F08F00200146F9E72DE9F04D81EAE3
:1044B000030404F0004B21F0004514464FF0000ABD
:1044C00023F0004150EA050220D054EA01021DD039
:1044D000C5F30A570246C5F31303C1F31300C1F332
:1044E0000A5640F4801543F48013A7EB0608101B0E
:1044F000D64608F2FD3873EB050002D308F1010837
:1045000001E092185B41B8F1000F03DA0020014688
:10451000BDE8F08D00204FF48011064684460EE081
:10452000171B73EB050705D3121B63EB050306434B
:104530004CEA010C49084FEA300092185B4150EAFE
:104540000107EDD152EA030012D082EA040083EAA7
:104550000501084305D0101BAB4106D20122002300
:1045600006E000224FF0004302E06FF0010253101A
:104570001AEB06004CEB085110EB0A0041EB0B0163
:10458000BDE8F04D00F0C0B800F0004230F000404F
:104590000AD0C10D01F56071C0F3160042EA015165
:1045A000C20840071143704700200146704701F0E0
:1045B000004330B421F0004150EA010206D00A0D58
:1045C000A2F56072C1F31301002A02DC30BC0020A6
:1045D0007047440F44EAC104C100E01830BC00EB4E
:1045E000C25000F031B8202A04DB203A00FA02F170
:1045F000002070479140C2F1200320FA03F31943D1
:1046000090407047202A04DB203A21FA02F0002172
:10461000704721FA02F3D040C2F1200291400843D2
:1046200019467047202A06DBCB17203A41FA02F0E0
:1046300043EAE07306E041FA02F3D040C2F12002FF
:1046400091400843194670470029A8BF7047401C95
:10465000490008BF20F00100704710B4B0FA80FC98
:1046600000FA0CF050EA010404BF10BC704749B1D5
:10467000CCF1200421FA04F411FA0CF118BF012145
:1046800021430843A3EB0C01CB1D4FEA00614FEA25
:10469000102042BF002010BC704700EBC3501044F4
:1046A0000029A4BF10BC7047401C490008BF20F07F
:1046B000010010BC7047F0B400F0004221F000414E
:1046C00020F00040CE0DC30DC1F3160141F40001EE
:1046D000C0F316004C42154640F40000761E09E077
:1046E00010EB440002D582F0004240428842F7D8E5
:1046F00040005B1EB342F9DA18B1F0BC0021FFF7AD
:10470000ACBF2846F0BC704710B5141E73F100040E
:1047100008DA401C41F1000192185B411A4301D1B3
:1047200020F0010010BD2DE9F04D92469B4611B1DD
:10473000B1FA81F202E0B0FA80F220329046FFF73F
:1047400052FF04460F4640EA0A0041EA0B01534675
:104750005A46084313D0114653EA010019D0C8F154
:1047600040025046FFF74EFF05460E46504659465A
:104770004246FFF738FF084305D0012004E02046F9
:104780003946BDE8F08D0020054346EAE0762C432B
:1047900037430A986305E40AA0EB08000022FD0AEB
:1047A00044EA47540A3002D500200146E9E70105F2
:1047B00010196941DDE9084500196941BDE8F04D6E
:1047C000A2E700001CB50948009009480190054681
:1047D000009C06E0E06840F0010394E80700984779
:1047E0001034AC42F6D3FFF7D3FC0000F0360108DA
:1047F0001037010830B58C1810F8012B12F00F0398
:1048000001D110F8013B120906D110F8012B03E089
:1048100010F8015B01F8015B5B1EF9D101E001F8C2
:10482000013B521EFBD1A142E6D3002030BD000067
:104830000146806B036C026C13F0500F07D0D20658
:1048400048BF00F0A9BA806BC26C0846104742F41A
:104850000071016401688A6812F0405F01D000F0C5
:1048600025BA027E002AFAD1CA6A12F4700F02D069
:104870008A685205F3D44A6822F020024A60016C2B
:1048800021F480710164016CC90448BF00F00EBAC4
:10489000016C41F00101016400F008BA806B402115
:1048A0000164416C41F00401416400F075BA0000FC
:1048B000806B00F06FBA0000FEE7000041F24C1080
:1048C000C2F2000000F00ABE0020704700207047CE
:1048D00010B540F6DC54C2F2000440F6CA01C2F240
:1048E00000012046002206F009FE40F2CA61C2F231
:1048F0000001204606F0F4FD002010BDB0B50446CE
:104900000DF0F2FD40F6DC55C2F2000528462146C6
:1049100006F0E6FD284606F0BDFD0020B0BD000013
:104920000020704740F6DC52C2F20002D2F8BC22EE
:10493000D2F81432002B1CBF0120704710B540F68E
:10494000DC54C2F200040A460146204606F0D6FDB9
:104950002046BDE8104006F049BE0000B0B541F663
:104960005024C2F2000420460021002504F02CFD52
:104970002046042104F028FD2046082104F024FDEF
:104980002046002103F0FEFE2046042103F0FAFE3B
:104990002046082103F0F6FE40F20040C4F2020077
:1049A0004FF40061002201F0A1FC41F62450C2F254
:1049B00000000571B0BD000041F23420C2F20000D9
:1049C00001F094B841F2F420C2F2000001F08EB878
:1049D00041F29420C2F2000001F088B841F2543054
:1049E000C2F2000001F082B841F27410C2F200007D
:1049F00001F07CB841F2D410C2F2000001F076B8A8
:104A000041F2B430C2F2000001F070B841F214403B
:104A1000C2F2000001F06AB87047000010B541F61C
:104A20005024C2F200042046002104F025FB204659
:104A3000042104F021FB2046082104F01DFB204640
:104A4000002103F025FE2046042103F021FE20462C
:104A5000082103F01DFE40F20040C4F202004FF4B2
:104A600000610122012401F041FC41F62450C2F210
:104A70000000047110BD000072B602200DF074B980
:104A80002DE9F04140F24028044643F60C46C2F2BC
:104A900000080020C4F20206C8F81C0001F02CFC3B
:104AA0003168C90342D43068C0071CBF01203060A0
:104AB000306810F0F20F40D03068C00607D5D8F843
:104AC0001C0040F01000C8F81C0010203060306856
:104AD000800607D5D8F81C0040F00800C8F81C0074
:104AE000202030603068400607D5D8F81C0040F020
:104AF0000400C8F81C00402030603068000607D56C
:104B0000D8F81C0040F00200C8F81C00802030607B
:104B10003068800707D5D8F81C0040F02000C8F89E
:104B20001C00022030600120BDE8F0810546671CB2
:104B300006D0B4B90320BDE8F0810020BDE8F081C3
:104B40003068C003AFD567B93068C003ABD547B98B
:104B50003068C003A7D527B93068C003A3D5002F9C
:104B6000EED001F0C9FB401BA042E9D90320BDE80B
:104B7000F081000070B581B00022009290F83C20D6
:104B8000012A02D1022001B070BDD1F800E001225B
:104B9000BEF10A0F1FFA8EFC80F83C2009D34FEAC1
:104BA0004C02036812FA8EF2A2F11E0403F10C0209
:104BB00004E003680EEB4E0403F1100207251668AB
:104BC000A54026EA050515608D68166805FA04F407
:104BD000344314604968062906D801EB81014A1F55
:104BE000194651F8345F0EE00C2901EB810105D81C
:104BF000A1F12302194651F8305F04E0A1F141020E
:104C0000194651F82C5F1F24944025EA04040C60D7
:104C10000CFA02F20C6842F2043CC4F2010C22438A
:104C2000ACF54174A3420A603AD1BEF1120F06D12D
:104C3000DCF8001041F48001CCF8001030E02EF0D8
:104C4000010110292CD1DCF80010BEF1100F41F445
:104C50000001CCF8001023D140F22001C2F2000183
:104C600009684DF68362C4F21B32A1FB0212910C5B
:104C700001EB810149000091009989B10099013946
:104C80000091009961B1009901390091009939B101
:104C9000009901390091009911B100990139EAE7B1
:104CA000002180F83C10002001B070BD006842F285
:104CB0000001C4F20101884200D0704740F63E5026
:104CC000C2F2000001780029F7D140F63451C2F257
:104CD00000010A889FED2D2A00EE102A40F690521E
:104CE000C2F20002B8EE400A92ED001A20EE020A6B
:104CF00030EE010A4B8882ED000A40F6A85201EE20
:104D0000103AC2F20002B8EE411A92ED003A8988D8
:104D100021EE021A31EE031A03EE101A40F6C051CA
:104D200082ED001AC2F2000140F68C52B8EE433A0E
:104D300091ED004AC2F2000223EE022A137832EE0D
:104D4000042A81ED002A591CCBB2642B117018BFC4
:104D500070479FED0F3A40F6405180EE030A81EE16
:104D6000031A82EE032AC2F2000181ED000A40F626
:104D70004451C2F2000181ED001A40F64851C2F2DE
:104D8000000181ED002A0121017070474108043DB6
:104D90000000C8427047000070470000002804BFB0
:104DA0000120704710B5016C39B9044600F0A0F835
:104DB00020460021616484F83C10016CC9063AD495
:104DC000016C41F202129143023142F20432016459
:104DD000C4F20102116821F440311160136890E8B7
:104DE00012102343D0F810E013604A68012422F423
:104DF00080724A604A68C0F6007442EA0E224A6035
:104E00004A6822F040724A604A6842EA0C024A60EC
:104E10008A6822F400628A60C2688B681A438A60DA
:104E2000826A8B68A24223F070638B608B6804D126
:104E300023F040520AE0012152E01A438A608A6856
:104E400022F040528A60C26A8B681A438A608A687C
:104E500022F002028A608A68037E90F8204042EACB
:104E600043028A604A6884B142F400624A604A6838
:104E70004EF2000322F460424A60426ACFF6FF73AA
:104E80004C6803EB4232224301E022F400624A60A4
:104E9000CA6A40F2000C22F47002CA62C369426915
:104EA000CFF6F07CCC6A0CEB03532343CB628B68C8
:104EB00023F400738B6090F830308C6844EA43230D
:104EC0008B608B6823F480638B608B6843EA82225B
:104ED0008A6000214164026C012363F301020264D1
:104EE000002280F83C20BDE81040084670470000D2
:104EF0002DE9F04186B00446006842F20011C4F288
:104F0000010100268842CDE90466CDE902660196DA
:104F10005CD042F20001C4F20101884240F0998065
:104F2000002743F630000097C4F20200416940F6C2
:104F3000000541F4807141614169C4F2020501F448
:104F4000807100910099009701680DF1040841F00B
:104F5000040101600168032601F004010091009939
:104F60000097016841F0010101600068414600F0CE
:104F7000010000900098082001902846CDE90267C2
:104F800001F0DCF8A5F500604146CDE90166039724
:104F900001F0D4F841F2741546F21040C2F2000557
:104FA000C4F202004FF48061C5E9000705F110006A
:104FB0004FF400624FF400534FF480764EC04FF42C
:104FC0000030C5E90277C5E9080739E043F630004B
:104FD0000096C4F20200416941F4007141614169E7
:104FE00001F40071009100990096016841F00401FC
:104FF0000160006801A900F00400009000982720DB
:1050000001900320CDE9020640F60000C4F2020040
:1050100001F094F846F21040C4F2020041F2D415B7
:105020003030C2F200054FF480624FF0007185E825
:105030004300C5E90362C5E90566C5E907666E6216
:10504000284600F031FE002818BFFFF715FDA563C4
:10505000AC6306B0BDE8F081B0B582B00023019327
:1050600090F83C30012B02D1022002B0B0BD8E4638
:105070000123016880F83C308B689446DB0726D119
:105080008B684DF6836443F001038B6040F220038C
:10509000C2F200031B68C4F21B34A3FB0434A30C4C
:1050A00003EB43030193019B8BB1019B013B0193F4
:1050B000019B63B1019B013B0193019B3BB1019BB0
:1050C000013B0193019B13B1019B013BEAE78B6814
:1050D000DB0503D58B6823F480738B608C68036CCD
:1050E000E4070BD143F01001016400F144010020FA
:1050F00001220B681A430A6002B0B0BD40F201748D
:10510000A34303F5807303644B685B0504D5036C0C
:10511000012464F30D330364046C0023E4044FF0B2
:10512000000444BF446C24F00604446480F83C301E
:10513000836B44F6310444F6B102C0F60004C0F6B5
:105140000002C3E90F4244F69D02C0F60002DA6491
:105150006FF022020A604A6842F2043442F0806230
:105160004A608A68054642F480728A604C3118466B
:1051700072466346C4F2010400F03AFE22682968D0
:10518000D20605D0A4F54172914225D002B0B0BD3F
:1051900042F20002C4F20102914215D042F2002212
:1051A000C4F2010291420CD042F20012C4F2010298
:1051B0009142EBD12268D20606D0A4F582729142C8
:1051C000E4D12268D206E1D451F8082F12F0405FF2
:1051D000DCD14FF080428CE74FF60451CFF6FF71DF
:1051E000615811F0405FD1D1A4F53F714FF080427A
:1051F0007FE7000090F82020013A012A04D80068D7
:1052000000F11402002004E000F1240201204FF418
:1052100080211368194311607047000010B590F8A1
:1052200020E0D0F800C0AEF1010EBEF1010FDCF8B5
:1052300008E011D81EF0E05F14D0CEF30164012025
:10524000A04018608B689BB1D1F804E0C86840EAC0
:10525000CE0040EA030E0FE000F1240301204FF4DA
:10526000802121E000F1240301204FF400111BE014
:105270000868CB6843EA405E0CF5C07000EB04138D
:10528000240140F804E00C69184640F8044F097DF9
:10529000012903D1016841F4807101605068012146
:1052A000D8601068986000201A681143196010BD1A
:1052B00090F82020013A012A30D8B0B546F20060BB
:1052C000C4F20000026842F001020260026822F4A7
:1052D0007C520260D1F814E0CC694A6A0368012C60
:1052E00043EA022202600EF01F024FF0010303FAAC
:1052F00002F2C3696FEA020C23EA0203C36113D00E
:105300002CBBC36803EA0C03C360CB688C8844EAF7
:10531000034300EBCE0423640B4611E0416A41F4E1
:105320008021416201207047C3681343C3600B684A
:105330008C8844EA034300EBCE04236401F10C03A0
:105340008C681B8843EA044300EBCE046364436823
:105350008D6943EA0204D1F810E0096A002D08BF04
:1053600003EA0C0444604369BEF1000F43EA0204FF
:1053700008BF03EA0C040129446102D1C169114349
:10538000C161016821F0010101600020B0BD000091
:1053900070470000B0B590F82040013C012C7AD84D
:1053A000D0F800C000290CBFDCF80C40DCF810403D
:1053B000A40776D00CF5D8754FEA011C55F80C40BF
:1053C00014F00404946055F80CE005EB011C19BFBF
:1053D0004FEADE0555604FEA5E551560DCF8005077
:1053E000E64605F00205D5605EF8044F24075ABF73
:1053F000DEF8004004F00F0408241461DEF80040D9
:105400000029C4F307249461DEF800504FEA1545E3
:105410005561DCF808201A70026802EB0112D2F81C
:10542000B8214FEA12225A70026802EB0112D2F838
:10543000B8214FEA12429A70026802EB0112D2F8C8
:10544000B8214FEA1262DA70026802EB0112D2F858
:10545000BC211A71026802EB0112D2F8BC214FEA9A
:1054600012225A71026802EB0112D2F8BC214FEAF3
:1054700012429A71026802EB0112D2F8BC214FEA83
:105480001262DA7100680CBF00F10C0100F110012A
:10549000002020220AE000F1240101204FF48022A4
:1054A00004E000F1240101204FF400120B681A43BC
:1054B0000A60B0BD90F820100139012984BF002096
:1054C00070470068816882688068C1F38061C2F3B8
:1054D000C0621144C0F30070084470472DE9F04FDA
:1054E00081B0044600684669D0F804908768D0F817
:1054F0000CB0D0F810A0D0F81880F10703D1002527
:1055000030071CD423E0F90710D00121BA078160CD
:1055100009D4780700F1AA80380700F1B08020464E
:1055200000F084FA02E0204600F082FA0025F80537
:1055300000F18480F80300F1AA80300707D51BF042
:10554000100004D0206845F400751021C160700778
:1055500008D51BF0080005D020680821C16020464E
:1055600000F0BAF9B00706D52068C068800702D0FD
:10557000204600F0B3F9700607D51AF0100004D0E9
:10558000206845F4806510210161B00608D51AF045
:10559000080005D0206808210161204600F0E2F9EA
:1055A000F00606D520680069800702D0204600F08A
:1055B000DBF9B00308D519F0100005D020681021E0
:1055C0004160204600F0D2F9F00308D519F0080038
:1055D00005D0206808214160204600F033FA3004ED
:1055E00040F18F805FEA497040F1888006F4807056
:1055F00008EA102028435FEA8871014648BF41F05D
:105600000201B20558BF01465FEA48700D4648BF27
:1056100045F00405700558BF0D4630056ED518F0ED
:1056200070006BD010380009052862D8DFE800F060
:10563000035C5659535F45F008055AE020684FF463
:105640008071BA0581600AD4780512D4380519D45E
:10565000204600F0EFF9F8037FF56FAF17E0204622
:1056600000F0EAF9F8037FF568AF10E04FF4006549
:105670005DE705F50055F8037FF55FAF07E04FF4F0
:10568000805554E705F58045F8037FF556AF20684F
:105690004FF48031BA0381600AD478030FD4380301
:1056A00013D4204600F0CAF930073FF548AF4EE763
:1056B000204600F0C5F930073FF541AF47E705F553
:1056C000004530073FF53BAF41E705F58035300732
:1056D0003FF535AF3BE745F080050AE045F0200592
:1056E00007E045F0400504E045F0100501E045F411
:1056F00080752068816921F0700181612068042132
:1057000041604DB1606A40EA05012046616201B026
:10571000BDE8F04FFFF73CBE01B0BDE8F08F0000E0
:10572000002804BF01207047B0B5044690F820005F
:1057300010B9204600F06EF82068016841F00101C0
:10574000016000F0D9FD054620684168C90705D110
:1057500000F0D2FD401B0B28F6D310E0016821F0C9
:105760000201016000F0C8FD054600BF20684168E5
:1057700089070DD500F0C0FD401B0B28F6D3606AE9
:10578000052140F400306062012084F82010B0BD93
:10579000217E0268012922F0800208BF8032026067
:1057A000617E0268012922F0400208BF4032026097
:1057B000A17E0268012922F0200208BF2032026087
:1057C000E17E0268012922F0100218BF1032026047
:1057D000217F0268012922F0080208BF0832026016
:1057E000617F0268012922F0040208BF04320260CE
:1057F000D4E901C2D4E9033561691A432A4311434C
:10580000ACF101021143C16100200121606284F802
:105810002010B0BD2DE9F04387B040F20044C4F23F
:1058200002040068A4F5CE3100268842CDE9056661
:10583000CDE90366029602D007B0BDE8F08343F6D7
:1058400040000196C4F20200016802AD41F080619F
:10585000016001684FF0020801F080610191019937
:10586000019601684FF0030941F000710160016881
:10587000092701F0007101910199019650F8101C5F
:1058800041F0020140F8101C50F8100C294600F0BD
:1058900002000190019820200290012004902046EF
:1058A000CDF80C80CDF81490069700F047FC40200E
:1058B000CDE9020820462946CDE90469069700F0A3
:1058C0003DFC40200021002200F0B4FD402000F00B
:1058D0009FFD07B0BDE8F08370470000F0B589B0C8
:1058E00007AC6A4600212346FFF754FD40F2FC1640
:1058F000C2F2000610B13079053024E0009831681A
:1059000088421DD17079B0B106F10805B11D284655
:105910000BF0B4FF049848B1002700BFE1192846F6
:105920000BF0ACFF049801378742F7D3F11D2846EE
:105930000BF0A4FF04E09DF8101007A808F0D8FBB6
:10594000307968B10138C1B230710320312988BF84
:10595000022040F64C51C2F20001087009B0F0BDBF
:105960000320F6E770470000704700007047000012
:10597000B0B5044690F8200001281DD1022084F81B
:1059800020002068016821F00101016000F0B4FCF2
:10599000054600BF20684068C00713D000F0ACFC8B
:1059A000401B0B28F6D3606A40F40030606205208B
:1059B00084F820000120B0BD606A40F400206062DD
:1059C0000120B0BD00206062B0BD0000B0B504464B
:1059D00090F82000022819D12068016841F00101E7
:1059E000016000F089FC054620684168C90713D1B1
:1059F00000F082FC401B0B28F6D3606A40F40030B4
:105A00006062052084F820000120B0BD606A40F487
:105A1000801060620120B0BD016821F002010160C8
:105A2000012084F820000020B0BD00007047000075
:105A3000704700007047000070470000704700008A
:105A4000704700007047000070B5866D044600F096
:105A500053FC94F83510022925D105462068216CA5
:105A6000026822F016020260426922F0800242615E
:105A700009B9A16C19B1016821F008010160016840
:105A800021F00101016000BF20680068C0070ED04E
:105A900000F032FC401B0628F6D32020606503206E
:105AA00084F835000CE080206065012008E0E06D9E
:105AB0003F2101FA00F0B060012084F83500002099
:105AC000002184F8341070BD90F83510022909D1F6
:105AD000052180F835100068016821F0010101609E
:105AE000002070478021416501207047F0B581B0EA
:105AF0000021009140F22001C2F200010B68D0E9C0
:105B0000166148F2B51537680822C1F64E358A404D
:105B10003A42A3FB05350CD003681C68640708D51E
:105B20001C6824F004041C60B260426D42F0010263
:105B3000426501228A403A4208D003685B691B062D
:105B400004D5B260426D42F00202426504228A40EE
:105B50003A4208D003681B689B0704D5B260426DC7
:105B600042F00402426510228A403A4216D001688F
:105B70000B681B0712D5B2600B680A685B0306D47A
:105B8000D20506D40A6822F008020A6001E0110377
:105B900040D4016C11B1044688472046C26D2021D3
:105BA00001FA02F33B4242D001680F68FF063ED57E
:105BB000B36090F835700B68052F1BD123F01603E6
:105BC0000B604B6923F080034B61036C0BB9836C52
:105BD0001BB10B6823F008030B603F219140B160BB
:105BE000012180F83510016D0022002980F8342051
:105BF00053D156E00A685B0310D4D20512D40A6868
:105C000022F010020A60012180F83510002180F88E
:105C1000341007E0816C0029BDD1BFE7110301D426
:105C2000416C00E0C16B11B1044688472046416DCC
:105C3000B9B3416DC9072ED0052180F83510016830
:105C4000AA0A0B6823F001030B60009B0133934207
:105C500000931AD80B68DB0717D0009B01339342DF
:105C6000009312D80B68DB070FD0009B01339342DF
:105C700000930AD80B68DB0707D0009B01339342DF
:105C8000009302D80B68DB07DFD1012180F83510C3
:105C9000002180F83410C16C19B101B0BDE8F040AA
:105CA000084701B0F0BD00002DE9F041044600F0C6
:105CB00023FBC4B10546022084F83500002021688A
:105CC00084F83400086820F0010008602168086842
:105CD000C0070BD000F010FB401B0528F6D90325A8
:105CE0002023032064E00120BDE8F081086848F229
:105CF0003F02CFF21002D4E9013500EA020C04F1B0
:105D00000C0898E8C10143EA0C032B431843D4E97B
:105D1000072E304338431043626A40EA0E00042ADB
:105D200040EA08031CD1206BD4E90A2E40EA0E0099
:105D3000184308604869BEF1000F20F0030040EAF4
:105D4000020040F0040C11D0B8F5005F35D0B8F176
:105D5000000F42D1022A43D0012A38D032B93FE0A5
:105D60000B60486920F0070040EA020C01F0F800DF
:105D70004AF6AB221038CAF6AA22A0FB02231A095F
:105D800042F6E253C1F814C0C0F601039A5C40F237
:105D9000FF335F284FF03F0021EA030100FA02F0D1
:105DA00088BF0431C4E91612886000230125002051
:105DB000636584F83550BDE8F081032AD6D8012503
:105DC00040230120DFE802F0020C0203F0E7AEF10D
:105DD000C070B0FA80F0400904E0032A04D3C5D1B2
:105DE000CEF300600028C1D0012540230120DFE769
:105DF00090F834C0BCF1010F04BF0220704770B5A9
:105E00004FF0010C80F834C0D0F858E090F835C05D
:105E1000BCF1010F37D14FF0020C80F835C04FF0C4
:105E2000000CC0F854C0D0F800C08468056CC06D88
:105E3000DCF80060402C26F48026CCF80060CCF81A
:105E400004300B4604BF13460A463F2101FA00F016
:105E5000CCF80830CCF80C20CEF80800DCF80000B4
:105E600040F01600CCF800002DB1DCF8000040F046
:105E70000800CCF80000DCF8000040F00100CCF88D
:105E80000000002070BD002180F83410022070BD99
:105E9000B0B5044600F030FA054640F26420C2F284
:105EA00000000078611C18BF044400BF00F024FA11
:105EB000401BA042FAD3B0BD2DE9F04381B040F2BF
:105EC0004028C2F2000898F81820012A03D10220C5
:105ED00001B0BDE8F0830546012088F818004CF2B7
:105EE00050308946FEF7CCFD002840F094804FF0FA
:105EF000FF30C9F80000286843F610470128C4F2B3
:105F0000020718D128693968000221F4407139600C
:105F1000396880B241F0040139603968084340F4BF
:105F2000803038604CF25030FEF7AAFD396821F01D
:105F30000401396037E0D5E90260304486422ED250
:105F4000F000841C28694FF44072C1B203293968FB
:105F50004FEA002021F440713960396838BF82B2BD
:105F600041EA02003860386820F07800386038680C
:105F700020433860386840F4803038604CF250304C
:105F8000FEF77EFD396821F07A01396048B9D5E91C
:105F9000020101360844864204F10804D2D30020ED
:105FA00001E0C9F8006057F8101C890517D557F8AB
:105FB000101C21F4007147F8101C57F8101C41F414
:105FC000006147F8101C57F8101C21F4006147F8D5
:105FD000101C57F8101C41F4007147F8101C57F8BA
:105FE000101C490517D557F8101C21F4806147F89B
:105FF000101C57F8101C41F4805147F8101C57F83A
:10600000101C21F4805147F8101C57F8101C41F463
:10601000806147F8101C002188F8181001B0BDE815
:10602000F083000043F61041C4F20201086840F01A
:10603000004200200A6070472DE9F04140F2402400
:10604000C2F20004277E012F04BF0220BDE8F081C8
:106050000546012020764CF2503098460F461646F1
:10606000FEF70EFD00284CD12A46022D43F61045BE
:10607000C4F202051ED0012A314638460CD03ABB84
:106080002A6822F440722A602A682A602A6842F04C
:1060900001022A6001702CE02A6822F440722A6012
:1060A0002A6842F480722A602A6842F001022A605B
:1060B00001801EE0286820F440702860286840F4C1
:1060C00000702860286840F0010028603E6010E001
:1060D0002A6822F440722A602A6842F440722A60D8
:1060E0002A6842F001022A600160BFF36F8FC0F896
:1060F00004804CF25030FEF7C3FC296821F0010106
:10610000296000212176BDE8F081000043F60440BB
:10611000C4F20200C168B1F1FF3FC4BF0020704764
:1061200040F22311C4F26751016048F6AB11CCF67E
:10613000EF510160C068C00F704700002DE9F04FBB
:1061400083B000F1200200F13E4741F60045009285
:1061500007F1FF77C4F2020508224FEAB726A842EA
:1061600008BF072200254FF000084FF00009072E56
:1061700038BF4FEAB72201920AE000BF09F10109D6
:1061800008F10208B9F1100F05F1040500F0A28032
:106190000F68012202FA09FE17EA0E0AEED0D1F8C2
:1061A00004C003220CF003077E1E02FA08F4012E3D
:1061B0006FEA040B12D88468CE6804EA0B0406FA6E
:1061C00008F634438460446824EA0E06CCF30014D5
:1061D00004FA09F42643466004E000BF032F01D10E
:1061E00003271EE0C6688C6806EA0B0604FA08F46A
:1061F0002643022FC66014D16FF00302009E02EA0C
:10620000590756F807C005F01C040F220B69A2407D
:106210002CEA0202A3401A43F251D1F804C00CF058
:106220000307026807FA08F302EA0B021A431CF498
:10623000403F0260A2D0002243F644030292C4F21F
:1062400002031A6843F6004442F480421A601A6856
:10625000C4F2010402F480420292029A29F003027D
:106260004FF6084C2244CFF6FF7C52F80C3005F074
:106270000C070F26BE40B343019E06FA07F73B43C7
:1062800042F80C30A2684B6842EA0A0743F60C4C0D
:10629000DE0258BF22EA0A07A760C4F2010CDCF84C
:1062A00000209E0242EA0A0758BF22EA0A07CCF8F9
:1062B000007062689E0342EA0A0758BF22EA0A0792
:1062C00067602268DB0342EA0A0758BF22EA0A072E
:1062D000276053E703B0BDE8F08F0000426902EA8F
:1062E0000103914341EA034181617047002A08BFDD
:1062F000090481617047000041F6E850C2F20000D5
:106300000068704780B582B0FFF7F6FF4EF21401C7
:10631000CEF200010A6849680132511A01910199CF
:106320004FF47A735943B1FBF2F100FB031002B052
:1063300080BD000040F2642041F6E851C2F2000046
:10634000C2F2000100780A6810440860704700003B
:1063500080B543F60040C4F20200016841F40071C8
:106360000160016841F480610160016841F480715D
:106370000160032000F08AF80F2000F005F800F01B
:106380002BF8002080BD0000B0B540F26422C2F2BC
:10639000000240F220011278C2F200014FF47A7339
:1063A0000968B3FBF2F20446B1FBF2F1084602F0D1
:1063B000D3F80F2C4FF001050CD858B94FF0FF302F
:1063C00021460022002500F035F840F26820C2F294
:1063D000000004602846B0BD82B0002043F64001B2
:1063E0000190C4F202014A6842F480424A604A685D
:1063F00002F480420192019A0090086840F08050B7
:106400000860086800F080500090009802B0704763
:10641000002848BF704700F01F01012202FA01F175
:106420001C2202EAD0004EF20012CEF2000281508D
:106430007047000010B54EF60C5CCEF2000CDCF894
:106440000030C3F3022E8EF00704042C28BF04246E
:10645000BEF103034FF0FF3E0EFA04F438BF0023F1
:10646000A14399400EFA03F39A43114300F00F023F
:1064700000F160430901043A03F5644362440028D3
:1064800048BF02F10C03197010BD00004EF60C510C
:10649000CEF200010A684FF6FF031A4060F30A22A9
:1064A00042F0806040F0FD70086070477047000067
:1064B00002680020516270472DE9F041D0F8008059
:1064C000D8F82430A9B1D8F82870B1F1010C03EB49
:1064D000174151D05FFA8CF7012F3C4608F58273C3
:1064E00098BF0124042F04F0030E09D200270024D2
:1064F00029E043EA02410020C8F82810BDE8F081F5
:1065000004F0FC0508F1F406002400BF56F8107FE3
:1065100044F0020001EB174144F00107FFB253F8C9
:106520002770C0B253F8200001EB174101EB104077
:1065300044F00301C9B253F821100434E7B2AF426A
:1065400000EB1141E2D1BEF1000F15D053F8270046
:10655000BEF1010F01EB10410ED0601CC0B253F828
:106560002000BEF1020F01EB104105D0A01CC0B20B
:1065700053F8200001EB104141EA024008EB8C0186
:10658000C1F804010020BDE8F0810000D0F8E0046B
:1065900005F058BB01EBC102D0F8E03400EB8200FB
:1065A000026A184605F0B6BA01EBC102D0F8E03431
:1065B00000EB8200D0F86022184605F005BB000011
:1065C000D0F8E00405F040BB10B501F00F0E0A460C
:1065D0004FFA81FC0EEBCE0100EB810303F5157140
:1065E000BCF1000F48BF03F1140190F89434D209B4
:1065F000012B4A7081F800E004BF022010BD026840
:10660000012380F894340446104606F0E1F8002097
:1066100084F8940410BD0000037901F00F029A423F
:1066200084BF0120704710B502EBC20300EB830367
:106630004FFA81FC8E4603F51571BCF1000F48BF7F
:1066400003F114014FEADE134B7090F894344FF0CD
:10665000000C012B81F802C00A7004BF022010BD9B
:106660000268012380F894340446104606F0A0FB2B
:10667000002084F8940410BD01F00F0101EBC1016A
:1066800000EB8100D0F868027047000010B54FFAA7
:1066900081FE01F00F0CBEF1000F6FF3DF220CEB57
:1066A000CC010DD400EB810E00240EF515718EF88F
:1066B00055428EF854C2CEF85C228EF8583209E06A
:1066C00000EB810101F814CF01244C708A600B713A
:1066D000A1F81AC0022B04BF00224A7190F894243A
:1066E000012A04BF022010BD0268012380F89434FF
:1066F0000446104605F0EEFE002084F8940410BD18
:1067000010B501F00F0E0EEBCE0100EB81044FF03F
:10671000000CC4F868C284F855C290F806C004F5AD
:106720001571C4F86022C4F86432BCF1010F84F81A
:1067300054E208BFCA610068624606F07FFB002091
:1067400010BD0000B0B5027901F00F0494424FF083
:1067500001022CD801EBC10300EB83034FFA81FC4B
:1067600003F5157304EBC405C90900EB8505BCF1FD
:10677000000F48BF05F11403597090F894149A70F3
:1067800001291C7004BF0220B0BD0168054680F8D5
:1067900094240846194606F033FB2CB92868A979D9
:1067A00005F29C4206F0D6FA002285F894241046A1
:1067B000B0BD000001F00F0C0CEBCC0100EB81012F
:1067C00001F814CF4FF0000C0B618379C1F814C0AD
:1067D0004FF0010CCA60012B81F801C008BFCA61EB
:1067E00080B500681A4606F029FB002080BD000035
:1067F0002DE9F04F87B005688246284606F028FD4F
:1068000010B107B0BDE8F08FDAF8000006F04EFDD9
:106810000028F6D0D5F80808C0F30D21DAF80000FA
:10682000CAF8D41406F042FD0146DAF800008907E0
:1068300003D5416901F00201416105F50061049150
:1068400006F034FD0146DAF80000C906059534D596
:10685000816921F0100181612C6A04F00F0000EBC6
:10686000C0000AEB8001C4F34340062801F515750A
:1068700011D002281AD147F6F07014EA000615D09C
:10688000E96834090598224606F014FDE86800EB33
:106890001610E86007E005980AF29C41082206F00D
:1068A00009FDC4F30A14686920446861DAF800003D
:1068B000816941F010018161059D06F0F7FC00033C
:1068C00040F1F080DAF8000006F0CEFC002800F07D
:1068D000E98006460AF29C404FF4306800244FF0ED
:1068E000000B06901AE000BF05EB08000221816052
:1068F000B80642BF05EB080020218160B80442BF02
:1069000005EB08004FF4005181600BF1010B760894
:1069100008F1200804F1240400F0C480F007F4D04A
:10692000DAF800005FFA8BF9494606F0B7FC074633
:10693000C0075FD005EB080001218160DAF8000094
:1069400008EB0001036C8A689AF80650012D25D1E6
:10695000150732D4950600F19D8043F20B05C4F66D
:106960005475AB42059D02D312F400422FD10AEBBD
:106970000402D2F8743209696FF3DF41A3EB01011D
:10698000C2F8681294BBD2F86432002B00F0888001
:10699000D2F860020844C2F8600227E043F20B0517
:1069A000C4F65475FF35AB4217D1059D10040ED4C3
:1069B000900644BF2020886018E043F20B00C4F624
:1069C0005470059D834215D312F4004012D04FF449
:1069D0000040886038070FD43CE0059D34B9DAF8F0
:1069E000641219B90021069A06F0B4F950464946D6
:1069F000FFF7DAFD38072DD505EB08000821816087
:106A0000DAF8000043F20B02056C40448168C4F6DA
:106A1000547295420AD311F4004107D04FF400415B
:106A20008160504600F0FAFC059D09E0504600F0F8
:106A3000F5FC43F20B00C4F654708542059D09D362
:106A40009AF80600012805D1DAF80000069A01211B
:106A500006F080F9F80642BF05EB080010218160BE
:106A6000B8077FF545AF6869000604D50499486802
:106A700040F4806048600AEB040090F85712012946
:106A80007FF432AF002180F857125046494600F09B
:106A900017FB29E720208860059D3807ACD4D9E78B
:106AA0000121A0E7DAF80000CDF818A006F0FEFBFF
:106AB000400340F1D3800698006806F0CDFB002823
:106AC00000F0CC800646069805F5106900F1140127
:106AD00000F29C40002703910190CDF8089004E05B
:106AE000760807F1010700F0B980F007F8D00698A2
:106AF0005FFA87FA0068514606F0BEFB0446C007FD
:106B000026D0049A07F00F00516B012303FA00F01E
:106B100021EA0000506309EB4710836006988079F2
:106B2000012811D1039907EBC70001EB8000D0E9E0
:106B300002121144C1603FB9006928B90698019A50
:106B40000068012106F006F906985146FFF722FD7C
:106B5000200742BF09EB471008218160E00642BFD1
:106B600009EB471010218160600642BF09EB471016
:106B700040218160A00716D52846394606F0FAFA6A
:106B8000039907EBC70001EB800010F8031F0129F0
:106B900005D1002101700698514600F08DFA09EBED
:106BA00047100221816020069AD5039907EBC700A0
:106BB00001EB8008D8E90420824291D30699D8F8E5
:106BC00008300C68111A994238BF0B4604EB471184
:106BD000D1F818C903F1030E1FFA8CF3B3EB9E0F23
:106BE0002DD301F5106900BFD8F81020824224D9B6
:106BF000101A069AD8E902B19579584538BF8346EC
:106C00001FFA8BF3204652460095059D06F072FC54
:106C1000D8F80C00D8F814105844C8F80C0001EB50
:106C20000B00C8F81400D9F818100BF1030289B250
:106C3000B1EB920FD8D2D8F81020DDF8089082423C
:106C40003FF64EAF07F00F00D4F83418012202FAD5
:106C500000F021EA0000C4F8340841E7DDF818909C
:106C6000D9F8000006F022FB002802D4D9F8000071
:106C700019E00499486820F00100486099F8CC04B4
:106C8000012807D1002089F8CC0448460021FFF7ED
:106C90000DFC02E0484600F0A5FBD9F80000416970
:106CA00001F00041416106F001FB000502D4D9F872
:106CB00000000CE004988068C00702D0484600F04D
:106CC000D5FBD9F80000416901F40061416106F08B
:106CD000EDFAC00402D4D9F80000F2E00499486843
:106CE00020F001004860D9F80000102106F042FAB7
:106CF00099F80400010600F0B880C1B2042900F040
:106D0000030001D2002166E06FF0600202EA411246
:106D100000234FF67F370021EE18C6F80879D6F821
:106D20000059803325F40015C6F80059C6F8087BD1
:106D3000D6F8005B9A4225F40015C6F8005BD6F839
:106D4000005B01F1040145F00065C6F8005BC6F880
:106D50002879D6F8205925F40015C6F82059C6F828
:106D6000287BD6F8205B25F40015C6F8205BD6F802
:106D7000205B45F00065C6F8205BC6F84879D6F878
:106D8000405925F40015C6F84059C6F8487BD6F896
:106D9000405B25F40015C6F8405BD6F8405B45F033
:106DA0000065C6F8405BC6F86879D6F8605925F4E6
:106DB0000015C6F86059C6F8687BD6F8605B25F404
:106DC0000015C6F8605BD6F8605B45F00065C6F854
:106DD000605B059DA0D1002847D005F5106202EB4D
:106DE00041134FF67F374E019F609559059B25F45F
:106DF000001503F53063955103EB4115AF609D59C4
:106E0000012825F400159D519D5945F000659D51BF
:106E10002BD04E1C02EB46147501A760545903EBAE
:106E2000461624F400145451B7605F59022827F421
:106E300000175F515F5947F000675F5115D0881CFC
:106E400002EB40174FF67F364101BE60575803EB07
:106E5000401027F4001757508660585820F400104F
:106E60005850585840F000605850049F8421F869E9
:106E7000442240F00110F86199F80F0000284FF00B
:106E80000B0008BF142108BF42F22B007B5808BF3B
:106E9000102218437850B85840F00B00B8503868AA
:106EA00009F29C4220F4FE603860D9F8000099F89D
:106EB000061005F04FFFD9F80000416901F4805138
:106EC000416106F0F3F90146D9F8000089041AD5AA
:106ED00005F040FBD9F8000006F0ACF9D9F8004005
:106EE00089F8070000F08CFB99F80720014620463E
:106EF00006F078FA484600F061FAD9F800004169D6
:106F000001F40051416106F0D1F9000702D4D9F82B
:106F1000000008E0484600F069FAD9F8000041692D
:106F200001F00801416106F0C1F900062AD5059972
:106F3000886920F08000886199F80400022821D334
:106F400009F5157409F11405012640F27B2704E0C8
:106F50000136864207F1240714D219F807100129D7
:106F6000F6D106F00F0000EBC0023006D9F80000A1
:106F700005EB820158BF04EB820106F06DF899F829
:106F80000400E5E7D9F8000006F090F9C00202D449
:106F9000D9F8000030E099F80400022826D30599BA
:106FA00009F1140401F5126509F13B064FF00108DF
:106FB000012705E001372035874206F1240615D266
:106FC00029687278012AF5D1B1F1FF3FF2DC07F0B0
:106FD0000F0000EBC001D9F8000004EB810186F836
:106FE000008006F039F899F80400E3E7D9F80000CA
:106FF000416901F48011416106F058F9059D800254
:1070000002D4D9F8000031E099F80410022927D3FE
:1070100005F53260013909F51F72012305E000BF53
:107020002030013902F124021AD007681678012EA7
:10703000F6D1B7F1FF3FF3DCD9F8D46486EA1747FD
:10704000FF07EDD102F8013CAF6947F08007AF615F
:107050006F693F06E4D40499486840F400704860C2
:10706000D9F80000416901F40011416106F01EF9F0
:10707000400002D4D9F8000008E04846FFF786FA3D
:10708000D9F80000416901F08041416106F00EF934
:1070900040077FF5B6ABD9F800004468610704D516
:1070A0004846FFF78DFAD9F8000041682143416056
:1070B00007B0BDE8F08F0000D0F8E00404F028BE6F
:1070C000D0F8E00404F03ABE002804BF0120704765
:1070D000F0B581B00446056890F8950428B9002001
:1070E00084F89404204600F025F90320B5F1A04F60
:1070F00084F8950404BF0020A071206805F022FEEA
:1071000094E80F00267C009605F034FA002840F041
:1071100000812068002106F021F9002840F0F98064
:1071200094F804E0BEF1000F00F0EC800EF0030CC8
:10713000BEF1040F4FF0000240D30EF0FC03A4F1A7
:1071400090000321012500BFCE1E80F8A460A0F8A6
:10715000BE608E1E80F8C860A0F8E2604E1E80F807
:10716000EC60A0F8066180F81011A0F82A110E1D3D
:10717000013180F8A55080F8A820C0E92B22C0F882
:10718000B42080F8C95080F8CC20C0E93422C0F87F
:10719000D82080F8ED5080F8F020C0E93D22C0F8FA
:1071A000FC2080F8115180F81421C0E94622C0F873
:1071B0002021903099423146C6D1F21EBCF1000F19
:1071C00031D004F1140002EBC20100EB8105012370
:1071D00000F821200021BCF1010F6B706A83297136
:1071E000C5E9021129611ED0551C05EBC50600EB4F
:1071F0008607BCF1020F7B7000F826507D83397141
:10720000C7E9021139610ED0911C01EBC10200EBFC
:107210008203012500F8221000205D705983187147
:10722000C3E902001861BEF1000F6BD0BEF1040F7C
:107230004FF0000236D30EF0FC000321234600BFBE
:10724000CF1E83F854728F1E83F878724F1E83F816
:10725000C0120D1D013183F8552283F85822C3E96D
:107260009722C3F8642283F8792283F87C22C3E949
:10727000A022C3F8882283F89D2283F89C7283F8A9
:10728000A022C3E9A922C3F8AC2283F8C12283F863
:10729000C422C3E9B222C3F8D022903381422946E6
:1072A000CED1EA1EBCF1000F2CD004F5157002EB14
:1072B000C20300EB83070021BCF1010F797000F8D5
:1072C00023203971C7E9021139611BD0531C03EB2C
:1072D000C30700EB8706BCF1020F717000F827307E
:1072E0003171C6E9021131610CD0911C01EBC10270
:1072F00000EB820300275F7000F822101F71C3E9C2
:1073000002771F6194E80F00277C009705F0C0FA10
:1073100028B1022084F89504012001B0F0BD0020BE
:107320006074012084F89504206805F0A1FA00201B
:1073300001B0F0BDB0B586B000680024B0F1A04F38
:107340000594CDE903440294019401D006B0B0BD88
:1073500043F630050094C4F20205286801A940F004
:1073600001002860286800F00100009000984FF4A8
:10737000C05001900220CDE90204032004900A20AD
:1073800005900020C4F20200FEF7D8FE68680021D4
:1073900040F08000686000946869002240F48040FA
:1073A0006861686900F48040009000984320FFF70E
:1073B00041F84320FFF72CF806B0B0BD10B5C179F5
:1073C000044621B1022901D0FDF756FB0121D4F872
:1073D000E00404F03BFDD4F8E004BDE8104004F004
:1073E000E9BC0000D0F8E00404F016BDD0F8E004D9
:1073F00004F01CBD90F89424012A04BF02207047B9
:1074000010B5012280F894244174026804461046A5
:1074100005F0D6FF002084F8940410BDD0F8E024D5
:1074200000F29C41104604F027BD000010B5044650
:1074300090F89404012804BF022010BD20680121A7
:1074400084F89414C168490606D5617B012903D1EB
:10745000816B41F48031816305F084FE206805F082
:10746000F7F9002084F8940410BD000010B504461C
:10747000D0F8E00404F054FD2068D0F8001E41F07C
:107480000101C0F8001EE07A002808BF10BD4EF6CA
:107490001050CEF20000016841F00601016010BDFD
:1074A000002804BF012070472DE9F04143F6080889
:1074B000C4F202080446D8F8F8030D4600F00700AD
:1074C000884207D288F8F853D8F8F80300F007008C
:1074D000A84276D12068810717D5410705D5D8F88D
:1074E000001041F4E051C8F80010010705D5D8F8A4
:1074F000001041F46041C8F80010D8F80010A268EC
:1075000021F0F0011143C8F80010C0073FD1D8F8AE
:10751000F80300F00700A84207D988F8F853D8F814
:10752000F80300F00700A8424BD12068410707D5B7
:10753000D8F80010E26821F4E0511143C8F80010B7
:10754000000708D5D8F80000216920F4604040EA1F
:10755000C100C8F8000000F081F8D8F8001042F629
:10756000AC42C1F30311C0F60102515C40F22002AB
:1075700020FA01F140F26820C2F200000068C2F275
:1075800000021160FEF700FF0020BDE8F081606896
:10759000811E022907D258F8081C89015CBF01200E
:1075A000BDE8F08110E0012807D158F8081C8903D4
:1075B0005CBF0120BDE8F08106E058F8081C89078F
:1075C00002D40120BDE8F081D8F8001021F00301B9
:1075D0000843C8F80000FEF78FFE064641F28837E0
:1075E000D8F80000616800F00C00B0EB810F8ED07D
:1075F000FEF782FE801BB842F2D90320BDE8F0817D
:1076000040F22000C2F200000068704740F2200003
:1076100043F60801C2F20000C4F2020100680968E2
:1076200042F6BC42C1F38221C0F60102515CC8405F
:107630007047000040F2200043F60801C2F200004B
:10764000C4F202010068096842F6BC42C1F342314B
:10765000C0F60102515CC8407047000010B543F607
:107660000404C4F20204606800F00C0008280AD088
:10767000042819BF42F20040C0F2F40047F640006F
:10768000C0F27D1010BD206821682368490247F6CA
:107690004001C0F27D1100F03F02C3F388105CBFCF
:1076A00042F20041C0F2F401A1FB00010023FCF70B
:1076B00087FD21680222C1F3014102EB4101B0FBC9
:1076C000F1F010BD002804BF012070472DE9F04102
:1076D00082B00446007843F60006C007C4F20206F2
:1076E0000BD0B06800F00C00042876D1306880031D
:1076F00003D56068002800F04F812078800719D5F5
:10770000B06810F00C0F07D0B06800F00C0008282B
:107710007DD1706840027AD43068800703D5E06874
:10772000012840F039813068216920F0F80040EAF2
:10773000C10030602078000713D42078400726D499
:10774000A569002D00F02481B06800F00C00082825
:1077500040F09680012D40F0F880012002B0BDE895
:10776000F0816069002877D00020C4F24720012111
:10777000C0F8801EFEF7C0FD054600BF706F800791
:10778000DBD4FEF7B9FD401B0228F7D9D9E0306CF5
:107790005FEAC0080AD400200190306C40F08050AD
:1077A0003064306C00F080500190019847F200077F
:1077B000C4F200073868C00540D4386840F48070CF
:1077C0003860FEF799FD05463868C00536D4FEF7E7
:1077D00093FD401B0228F7D9B3E0B06800F00C001D
:1077E000082803D1706840023FF580AF61683068B7
:1077F000B1F5803F07D0B1F5A02F40F08C8040F468
:1078000080203060306840F4803030608CE0E06888
:10781000002840F20000C4F2472054D0012101604A
:10782000FEF76AFD054600BF306880073FF57BAF75
:10783000FEF762FD401B0228F6D982E0A168306F96
:10784000012905D005294FD140F004003067306F81
:1078500040F00100306750E00020C4F247200021D2
:10786000C0F8801EFEF748FD054600BF706F800718
:107870007FF563AFFEF740FD401B0228F6D960E0BC
:107880000027C4F2472700203866FEF735FD022D99
:1078900005460DD13068800140F18280FEF72CFD55
:1078A000401B02284FF00300F4D902B0BDE8F0817C
:1078B000306880016CD5FEF71FFD401B02284FF099
:1078C0000300F5D9F1E700210160FEF715FD05463B
:1078D000306880077FF52EAFFEF70EFD401B0228B3
:1078E0004FF00300F4D9E0E720F001003067306F7B
:1078F000002920F00400306773D0FEF7FDFC054638
:1079000041F28837306F80077BD4FEF7F5FC401BCF
:10791000B842F7D915E020F4803030603068002993
:1079200020F48020306075D0FEF7E6FC054600BFED
:10793000306880033FF5E1AEFEF7DEFC401B6428B3
:10794000F6D9032002B0BDE8F0817068E16900F467
:1079500080028A4220D1216A00F03F028A421BD174
:1079600047F6C071626A0140B1EB821F14D1A16A6F
:107970004FF6FF73C903994300F44032A1F58031FB
:107980008A4209D1E16A00F07060B0EB016F03D167
:10799000002002B0BDE8F081012002B0BDE8F08116
:1079A00004F11C052FCD084340EA8210D9034FF69D
:1079B000FF729143A1F5803140EA05600843706091
:1079C00001203866FEF798FC044600BF306880014D
:1079D000DED4FEF791FC001B02284FF00300F5D91E
:1079E00063E7FEF789FC054641F28837306F800770
:1079F00007D5FEF781FC401BB8424FF00300F5D9D4
:107A000053E7B8F1000F3FF59BAE306C20F080508B
:107A1000306495E6FEF770FC054600BF30688003D1
:107A20007FF56BAEFEF768FC401B64284FF0030047
:107A3000F4D93AE770470000B0B582B001684A68EF
:107A40008B6803F04105012D04D112F0400501D0EF
:107A5000016C05E09D0707D512F0800504D0416C4C
:107A600002B0BDE8B040084713F4B07F18BF12F071
:107A7000200501D102B0B0BD5D0617D590F8515078
:107A8000032D08D100200190C868019088680190FA
:107A9000019802B0B0BD456D45F00405456500256F
:107AA0000195CD6801958D680195019D9D060CD5C8
:107AB000456D45F001054565002501958D680195E9
:107AC0000D6825F040050D60019DDB0508D5436D6F
:107AD00043F008034365002301938B680193019BE6
:107AE000436D002BC6D04B68920723F0E0034B6038
:107AF0004FF0010380F8513025D04A684AF23944EA
:107B000022F003024A60C16CC0F6000459B1054678
:107B100008460C65FDF7D8FF0146284619B1416DAE
:107B200041F040014165816C0029A3D00C650446F9
:107B30000846FDF7C9FF00289CD0606D40F040006A
:107B4000606502B0B0BD02B0BDE8B040FFF772BFE3
:107B500070B528B1416A29B100210161142106E004
:107B6000012070BD4168B1F5827F02D01C21002246
:107B700042500026866290F8511029B980F8506072
:107B8000054600F03DF82846022180F8511090E8A3
:107B90002E0002F482720C6803F4044324F04004C3
:107BA0000C601A4405F4006305691A4405F00203E9
:107BB00045691A4405F001038569C4691A4405F44E
:107BC00000731A4404F03803046A1A4404F0800372
:107BD000846A1A4304F400531A430A60436A042275
:107BE00002EA154203F010031A444A60CA6922F4FB
:107BF0000062CA610121466580F85110304670BDAF
:107C00002DE9F04F87B00446006843F60041C4F206
:107C1000000100278842CDE90577CDE90377029777
:107C200034D043F60001C4F20001884240F0AB803A
:107C3000002043F630010190C4F202010A6942F4C7
:107C400080420A610A6902F480420192019A01901D
:107C50000A6842F002020A60096801F0020101911B
:107C600001994FF4604102910221CDE903100520F2
:107C7000069040F60000C4F202000591A0F5806075
:107C800002A9FEF75BFA07B0BDE8F08F43F63000BB
:107C90000197C4F20200016940F6000B41F4004173
:107CA00001610169C4F2020B01F4004101910199E3
:107CB0000197016802AE41F00401016000684FF0D5
:107CC000020A00F00400019001984FF4A0500290C5
:107CD00001254FF0060858463146CDE903A7059522
:107CE000CDF81880FEF72AFA4FF40069CDF8188015
:107CF00046F2100858463146CDE9029ACDE90455BE
:107D0000C4F20208FEF71AFA41F23425C2F2000565
:107D10004FF4806B4FF4005A4FF400362846C5E903
:107D20000087C5E90277C5E904B9C5E906A7C5E931
:107D30000867FDF7B9FF002818BFFCF79DFEE56452
:107D4000AC6341F2942508F17800C2F200050021ED
:107D5000402285E807002846C5E9031BC5E9059AC6
:107D6000E961C5E90861FDF79FFF002818BFFCF72E
:107D700083FE332000210022A564AC63FEF75AFB8A
:107D80003320FEF745FB07B0BDE8F08F2DE9F04149
:107D900082B0044690F85100012818D100294FF014
:107DA000010018BF002A02D102B0BDE8F08160686E
:107DB0001D461746B0F5827F02D1A06800284ED03C
:107DC0000E46FEF799FA94F85010012903D10220CB
:107DD00002B0BDE8F0818046012084F85000042004
:107DE000002184F851006165A663A787E7872163B6
:107DF000A186E186A2682068B2F5004F2164616423
:107E000007D1016821F040010160016821F480413F
:107E100001600168490603D4016841F04001016036
:107E2000E168E08F39B3002849D06F1C0AE000BF39
:107E3000C068A16B21F8020BA163E08F0138E087D5
:107E4000E08FE0B320688168C907F1D1FEF754FAEA
:107E5000002FF5D0A0EB0800A842F1D325E00420C4
:107E600084F8510020460A463B46009500F054F93C
:107E700002B0BDE8F08110B36F1C0AE0007BA16B7B
:107E80000870A06B0130A063E08F0138E087E08FBD
:107E9000A8B120688168C907F0D1FEF72DFA002F3C
:107EA000F5D0A0EB0800A842F1D3012084F85100DE
:107EB000002084F85000032002B0BDE8F081204685
:107EC0002946424602F08EFB00281CBF2020606538
:107ED000012084F85100002084F85000606D0028D3
:107EE00018BF012002B0BDE8F0810000704700001B
:107EF000704700002DE9F04184B01D4616460F463C
:107F00000446FEF7F9F994F8511001290DD1804685
:107F1000002F4FF0010018BF002E02D104B0BDE8C1
:107F2000F08194F85000012803D1022004B0BDE88C
:107F3000F081012084F850000320002184F85100D2
:107F400061652763A686E686A163A187E187A068AD
:107F50002164B0F5004F2068616407D1016821F009
:107F600040010160016841F48041016001684906F7
:107F700003D4016841F0400101606168731EE2684A
:107F8000B1FA81F1B3FA83F349095B09B2F5006FE5
:107F900041EA030123D131B137F8021BC1602763E5
:107FA000E08E0138E086E08E002846D06E1C09E0A5
:107FB000216B31F8022BC2602163E08E0138E0862C
:107FC000E08ED0B3206881688907F1D4FEF794F978
:107FD000002EF5D0A0EB0800A842F1D323E039B180
:107FE00039780173206B01302063E08E0138E08620
:107FF000E08E10B36E1C0AE0216B09780173206BD0
:1080000001302063E08E0138E086E08EA8B1206860
:1080100081688907F0D4FEF76FF9002EF5D0A0EB48
:108020000800A842F1D3012084F85100002084F810
:108030005000032004B0BDE8F08120460221012257
:108040002B46CDF8008002F0F9FAE0B1606D40F007
:108050002000606520206065A06838B9002002908B
:108060002068C1680291806802900298012084F81B
:108070005100002084F85000606D002818BF0120D6
:1080800004B0BDE8F08140F22000C2F200000068B8
:1080900049F68171C1F25E61A0FB0101480D4FF408
:1080A0007A71484303906068B0F5827F0AD1204618
:1080B000802100222B46CDF8008002F0BFFA002874
:1080C000C4D1C9E703980028C6D0039801380390AB
:1080D000206880680006BFD503980028BCD00398AC
:1080E00001380390206880680006B5D50398002801
:1080F000B2D0039801380390206880680006ABD5A1
:1081000003980028A8D0039801380390206880685D
:108110000006D7D4A0E700002DE9F04383B01E4647
:1081200015460F460446FEF7E7F894F851108146CD
:10813000012908D1002F4FF0010018BF002D0ED1EA
:1081400003B0BDE8F0836068B0F5827F0DD10429EB
:108150004FF00200F4D1A1680029EBD0F0E7002E27
:10816000EED094F85000012803D1022003B0BDE8FE
:10817000F083012084F8500094F851000021042875
:108180001CBF052084F851006165A563E687A687BA
:108190002763E6862068A686216461640168490633
:1081A00003D4016841F0400101606168731EE26818
:1081B000B1FA81F1B3FA83F3DDF8288049095B094C
:1081C000B2F5006F41EA030137D131B137F8021B34
:1081D000C1602763E08E0138E086012608F10105C1
:1081E000E08E10B9E08F00286CD020688168890784
:1081F0000CD5E18E51B1012E08D1216B002631F84A
:10820000022BC2602163E18E0139E1868168C907D2
:108210000AD0E18F41B1C068A16B012621F8020BA1
:10822000A163E08F0138E087FEF766F8002DD7D014
:10823000A0EB09004045D3D33AE039B13978017356
:10824000206B01302063E08E0138E086012608F1C2
:10825000010500BFE08E08B9E08F98B320688168FF
:1082600089070ED5E18E61B1012E0AD1216B00265E
:1082700009780173216B206801312163E18E013996
:10828000E1868168C9070BD0E18F49B1C068A16B55
:1082900001260870A06B0130A063E08F0138E087F1
:1082A000FEF72AF8002DD5D0A0EB09004045D1D328
:1082B000012084F85100002084F85000032003B00E
:1082C000BDE8F0832046022101224346CDF800900C
:1082D00002F0B4F960B1606D40F0200060652020CC
:1082E0006065002084F85000012003B0BDE8F083F1
:1082F00040F22000C2F20000006849F68171C1F22C
:108300005E61A0FB0101480D4FF47A714843029071
:108310006068B0F5827F0AD1204680210022434662
:10832000CDF8009002F08AF90028D4D123E0029819
:1083300008B30298013802902068806800061AD5B8
:108340000298C0B102980138029020688068000647
:1083500011D5029878B1029801380290206880689F
:10836000000608D5029830B10298013802902068C2
:1083700080680006DBD4A06838B90020019020682E
:10838000C1680191806801900198012084F8510032
:10839000002084F85000606D002818BF012003B051
:1083A000BDE8F08370B590F85150012D07D1002938
:1083B0004FF0010C18BF002A0DD1604670BD446813
:1083C000B4F5827F0DD1042D4FF0020CF5D18568F4
:1083D000002DECD0F1E7002BEFD090F85050012D9C
:1083E00001D1022070BD012580F8505090F8515005
:1083F0000024042D1CBF052580F8515044650163FD
:108400008386C38682638387C387C0E9104490F85C
:1084100051104AF265434AF26D46C0F60003C0F6B9
:1084200000060568D0F84CC0042908BF1E464AF271
:1084300075414AF2E143C0F60001C0F6000308BFEF
:108440000B464AF24541C0F60001CCE90F36CCE9B3
:108450001314C38F064605F10C016046FDF7C8FCF6
:1084600038B1706D40F010007065012086F8504002
:1084700070BD3568316BB06C6B6805F10C0243F070
:1084800001036B60C0E90F44C0E91344F38EFDF7AC
:10849000AFFC40B1706D40F010007065002086F8B0
:1084A0005000012070BD306835460168490603D48C
:1084B000016841F0400101604FF0000C85F850C0A8
:1084C000416841F020014160416841F00201416092
:1084D000604670BD41F6B011C2F20001884218BF7B
:1084E0007047B0B50024C4F2020420464FF40041A6
:1084F0000122FDF7FBFE40F61445C2F20005287884
:10850000022821D0012821D10220287020464FF4D2
:1085100000410022FDF7EAFE41F6B01040F2622170
:1085200041F6C832C2F20000C2F20001C2F20002FB
:108530000123FFF737FF48B120464FF400410122E5
:10854000FDF7D4FE002000E003202870BDE8B04015
:108550007047000070470000411E0020B0EB116F13
:108560001CBF012070474EF21002CEF20002516093
:108570004EF62351CEF20001F0230B7007219060DC
:1085800011607047704700007047000090F83C2071
:10859000012A04BF02207047B0B501F108053CCDA7
:1085A000D1E900CE23F47C5322F470521A432EF406
:1085B000F0431A432CF4E0431A4324F4C0431A4313
:1085C0002A43C96922F48042036811435964002197
:1085D00080F83C100020B0BD90F83C20012A4FF0FC
:1085E000020252D010B580F83D200268D2F804E0B3
:1085F000D2F808C00C682EF07003234341F2FF74D8
:10860000C4F20004A24253600DDC40F2FF73C4F2D6
:1086100000039A4215DCB2F1804F29D040F20043AA
:10862000C4F2000322E040F2FF33C4F201039A4295
:1086300012DC41F60003C4F200039A4218D0002372
:1086400012E040F60003C4F200039A4210D040F654
:108650000043C4F2000309E044F20003C4F2010342
:108660009A4205D040F20043C4F201039A4204D179
:1086700049682CF08003194391600121002280F8A1
:108680003D1080F83C20BDE81040104670470000C7
:10869000A1B1042904D0082914BF4522442200E0D6
:1086A0004322825C012A11D10222082910D0042918
:1086B00014BF80F8452080F843200BE090F842205A
:1086C000012A03D1022280F8422003E001207047F2
:1086D00080F84420006801F00F010422036A02FAC6
:1086E00001F123EA01020262026A11430162416C54
:1086F00041F2FF72C4F2000241F400419042416431
:108700000DDC40F2FF71C4F20001884215DCB0F1CB
:10871000804F29D040F20041C4F2000122E040F233
:10872000FF31C4F20101884212DC41F60001C4F2BB
:108730000001884218D0002112E040F60001C4F286
:108740000001884210D040F60041C4F2000109E067
:1087500044F20001C4F20101884205D040F2004118
:10876000C4F20101884206D1816801F0070106299F
:1087700004BF00207047016841F001010160002042
:108780007047000010B5026801F00F0E4FF0040CA6
:10879000146A0CFA0EF324EA03031362136A1362D9
:1087A000146A41F211131C420AD1D2F820C040F2DF
:1087B00044441CEA040F03D1546C24F40044546470
:1087C000146A1C4204D1136A40F24444234212D07A
:1087D000082916D0042909D000294FF0010114BF3F
:1087E00080F8451080F84210002010BD012180F86B
:1087F0004310002010BD136823F001031360082903
:10880000E8D1012180F84410002010BD002804BFE9
:108810000120704710B5044690F83D0028B90020AB
:1088200084F83C00204600F01FF8022084F83D0048
:108830002068211D02F010F8012084F8460084F819
:108840003E0084F83F0084F8400084F8410084F83A
:10885000420084F8430084F8440084F8450084F81A
:108860003D00002010BD00002DE9F04F83B004460C
:10887000006840F20041C4F20101884256D040F63F
:108880000001C4F2000188424DD1002643F64000A9
:108890000296C4F20200016841F2F42541F004019D
:1088A0000160006846F2580100F00400029002984E
:1088B000C2F20005C4F202014FF4806B4FF48059FC
:1088C0004FF4804A28464FF080674FF0400885E813
:1088D0008201C5E9036BC5E9059AC5E907666E62C1
:1088E000FDF7E2F9002818BFFCF7C6F846F2580079
:1088F000A562AC63C4F2020041F254356030C2F2AA
:10890000000585E881012846C5E9036BC5E9059A9C
:10891000C5E907666E62FDF7C7F9002818BFFCF7C6
:10892000ABF8E562AC6303B0BDE8F08F00200190C6
:1089300043F64000C4F202004168002241F0020107
:10894000416040680A2100F00200019001982C204B
:10895000FDF770FD2C2003B0BDE8F04FFDF758BDCA
:1089600090F83D1001291CBF01207047022180F8BA
:108970003D10006841F2FF72C168C4F200029042EB
:1089800041F00101C1600DDC40F2FF71C4F2000151
:10899000884215DCB0F1804F29D040F20041C4F28A
:1089A000000122E040F2FF31C4F20101884212DCF2
:1089B00041F60001C4F20001884218D0002112E003
:1089C00040F60001C4F20001884210D040F6004198
:1089D000C4F2000109E044F20001C4F2010188423E
:1089E00005D040F20041C4F20101884206D18168FD
:1089F00001F00701062904BF00207047016841F01B
:108A0000010101600020704790F83C20012A4FF0DE
:108A100002026BD080B580F83D20D0F800C04FF640
:108A20007772DCF8083023EA0202CCF808200B68E1
:108A30004F2B28DC1F2B44DD202B45D0302B43D07F
:108A4000402B40F0AC80D1F804E0C968DCF820305D
:108A5000DCF8202022F00102CCF82020DCF81820DD
:108A600022F0F00242EA011123F00A0242EA0E0269
:108A7000CCF81810CCF82020DCF8081041F04701A1
:108A800021F0300127E06F2B32DDB3F5005F73D0AA
:108A9000B3F5805F21D0702B40F08180D1E901E3F4
:108AA000C968DCF8082043EA0E0322F47F4243EA57
:108AB00001211143CCF80810DCF8081041F07701CF
:108AC00009E00BB1102B6AD1DCF8081021F070011D
:108AD000194341F00701CCF808100022012180F869
:108AE0003D10002180F83C10BDE8804010467047E2
:108AF000502B21D0602B52D1D1F804E0C968DCF8AA
:108B00002030DCF8202022F01002CCF82020DCF805
:108B1000182022F4704242EA013123F0A00242EA16
:108B20000E12CCF81810CCF82020DCF8081041F018
:108B3000670121F01001CEE7D1F804E0C968DCF844
:108B40002030DCF8202022F00102CCF82020DCF8D4
:108B5000182022F0F00242EA011123F00A0242EA50
:108B60000E02CCF81810CCF82020DCF8081041F0E8
:108B7000570121F02001AEE7D1E901E3C968DCF833
:108B8000082043EA0E0322F47F4243EA0121114305
:108B9000CCF80810DCF8081041F480419BE7012272
:108BA0009CE70000704700007047000070B5044665
:108BB0000068C5680669B10716D515F0020113D023
:108BC0006FF002010161012121778069800703D0E4
:108BD0002046FFF7E9FF05E0204600F00DF92046AA
:108BE00000F046FA00202077700718D515F0040031
:108BF00015D020686FF0040101610221217780699E
:108C000010F4407F03D02046FFF7CEFF05E020465A
:108C100000F0F2F8204600F02BFA00202077300711
:108C200017D515F0080014D020686FF00801016115
:108C300004212177C069800703D02046FFF7B4FFE5
:108C400005E0204600F0D8F8204600F011FA002098
:108C50002077F00618D515F0100015D020686FF0B9
:108C60001001016108212177C06910F4407F03D011
:108C70002046FFF799FF05E0204600F0BDF82046AA
:108C800000F0F6F900202077F00718BF15F001007A
:108C900002D1300609D412E020686FF001010161B1
:108CA000204600F0DFFB300609D515F0800006D025
:108CB00020686FF0800101612046FFF763FC7006B9
:108CC00009D515F0400006D020686FF04001016121
:108CD000204600F0F7FBB00658BF70BD15F020002D
:108CE00008D021686FF0200220460A61BDE870407C
:108CF000FFF74ABC70BD00002DE9F04186B0006866
:108D000040F20041C4F2010100268842CDE9046628
:108D1000CDE90266019621D040F60001C4F20001BF
:108D2000884265D1002043F630010090C4F2020170
:108D30000A6842F002020A60096801F0020100912B
:108D400000994FF4C07101910221CDE90210CDE9E3
:108D5000040140F20040C4F2020046E043F6300055
:108D60000096C4F20200016840F2004441F00101A3
:108D700001600168C4F2020401F001010091009950
:108D80000096016801AD41F00201016001684FF0F9
:108D9000020801F002010091009900960168032782
:108DA00041F0040101600068294600F004000090D1
:108DB000009880200190A4F58060CDE90286049699
:108DC0000597FDF7BBF920462946CDE90178CDE9A5
:108DD00003660597FDF7B2F94FF4E070CDE901089D
:108DE00004F58060CDE90366059701A9FDF7A6F9B2
:108DF00006B0BDE8F08100007047000090F83C30FC
:108E0000012B04BF022070474FEAB202032A00F28E
:108E1000FD802DE9F043DFE802F002AF3D7D0368FD
:108E200040F200461C6A1A6A24F0020422F0010291
:108E30001A621A46D3F804C052F818EF8F6843F448
:108E40008065C4F20106B54244EA070405D1CF6843
:108E500024F00C0427F004073C430F68B54206D108
:108E6000D1E905582CF440762E4346EA080C2EF042
:108E700073063743C3F804C09F614F6809695F6395
:108E80001C629F6947F008079F619F6927F00407EC
:108E90009F61B0E0036840F200481C6A1A6A24F43B
:108EA000007422F480721A621A46D3F804C052F891
:108EB0001CEF8F6843F48065C4F20108454544EA1D
:108EC000072408D1CF6840F2FF463F0224F44064F3
:108ED00027EA06063443D1F80090454506D1D1E98A
:108EE00005562CF440572E4347EA061C2EF0730714
:108EF00047EA0907C3F804C0DF614F680969DF6307
:108F00001C62DF6947F00807DF61DF6927F00407AB
:108F1000DF6170E0036840F20045D3F820C01A6AB0
:108F200043F4806722F480521A621A465C6852F851
:108F30001C8FD1F800E08E68C4F20105AF4204D165
:108F40004D6924F4804444EA85142CF4005747EA20
:108F5000063728F4E64646EA0E265C60DE614E6877
:108F600009691E641F62DF6947F40067DF61DF691A
:108F700027F48067DF613DE0036840F200481C6A27
:108F80001A6A24F0200422F010021A621A46D3F85A
:108F900004C052F818EF8F6843F48065C4F20108EA
:108FA000454544EA071407D1CF686FF0400624F026
:108FB000C00406EA07163443D1F80090454506D1AF
:108FC000D1E905562CF440672E4347EA860C2EF46F
:108FD000E64747EA0927C3F804C09F614F6809695B
:108FE0009F631C629F6947F400679F619F6927F434
:108FF00080679F6109021368194311600021BDE871
:10900000F043002280F83C20084670470121F8E731
:10901000002804BF0120704710B5044690F83D00B9
:1090200028B9002084F83C00204600F01FF80220F8
:1090300084F83D002068211D01F00EFC012084F819
:10904000460084F83E0084F83F0084F8400084F82D
:10905000410084F8420084F8430084F8440084F816
:10906000450084F83D00002010BD0000704700005E
:109070007047000070470000A1B1042904D00829FE
:1090800014BF4122402200E03F22825C012A11D11C
:109090000222082910D0042914BF80F8412080F84A
:1090A0003F200BE090F83E20012A03D1022280F8F5
:1090B0003E2003E00120704780F84020006801F066
:1090C0001F010122036A02FA01F123EA010202628E
:1090D000026A114341F2FF72C4F20002904201623F
:1090E0000BDC40F2FF71C4F20001884213DCB0F1E6
:1090F000804F35D040F2004115E040F2FF31C4F21C
:109100000101884214DC41F60001C4F200018842EA
:1091100026D0002114E040F60001C4F2000188428C
:109120001ED040F60041C4F20001884218D01EE073
:1091300044F20001C4F20101884211D040F2004122
:10914000C4F20101884212D1416C40F2004340F464
:109150008062C4F2010341F400419A42416406D1A5
:10916000816801F00701062904BF002070470168EB
:1091700041F00101016000207047000070B5A1B10D
:109180004125082908BF4025042908BF3F25455D22
:10919000022D04BF022070BD08290ED0042914BF7F
:1091A00000F1410500F13F0509E0054615F83E4F85
:1091B000022C04BF022070BD01E000F140052D78B3
:1091C000012D40F09B80002A4FF0010C18BF002BAE
:1091D00001D1604670BD022541B1082909D004299A
:1091E00014BF80F8415080F83F5004E080F83E50B2
:1091F00001E080F840504FEAB105032DE9D80E4652
:10920000DFE805F002602241456A4AF68514C0F69F
:109210000004EC63456A4AF6ED14C0F600042C64C1
:10922000456A4AF625240168C0F60004EC64054648
:10923000406A01F1340C11466246FCF7D9FD002862
:109240005CD14FF400715DE0C56A4AF68514C0F642
:109250000004EC63C56A4AF6ED14C0F600042C6401
:10926000C56A4AF625240168C0F60004EC64054688
:10927000C06A01F13C0C11466246FCF7B9FDE8BB3F
:109280004FF400613EE0056B4AF68514C0F6000419
:10929000EC63056B4AF6ED14C0F600042C64056B14
:1092A0004AF625240168C0F60004EC640546006B0C
:1092B00001F1400C11466246FCF79AFDF0B94FF4FB
:1092C00080511FE0856A4AF68514C0F60004EC63FD
:1092D000856A4AF6ED14C0F600042C64856A4AF6E5
:1092E00025240168C0F60004EC640546806A01F19B
:1092F000380C11466246FCF77BFD08B1012070BDB9
:109300004FF480612868C2681143C16006F01F01F4
:109310000122036A02FA01F123EA01020262026AEF
:10932000114341F2FF72C4F20002904201620BDC71
:1093300040F2FF71C4F20001884213DCB0F1804FAB
:1093400035D040F2004115E040F2FF31C4F2010196
:10935000884214DC41F60001C4F20001884226D0A4
:10936000002114E040F60001C4F2000188421ED042
:1093700040F60041C4F20001884218D01CE044F2DB
:109380000001C4F20101884211D040F20041C4F250
:109390000101884210D1416C40F2004340F48062E8
:1093A000C4F2010341F400419A42416404D181684E
:1093B00001F00701062903D0016841F001010160B5
:1093C0004FF0000C604670BD10B5026801F01F0E32
:1093D0004FF0010C146A0CFA0EF324EA0303136233
:1093E00040F20043D2F820C042F48064C4F201038A
:1093F0009C42C2F820C00DD1136A41F211142342DD
:1094000008D1136A40F24444234203D1536C23F43D
:1094100000435364136A41F21114234204D1136AC6
:1094200040F24444234212D0082916D0042909D01E
:1094300000294FF0010114BF80F8411080F83E1060
:10944000002010BD012180F83F10002010BD1368DE
:1094500023F0010313600829E8D1012180F84010AE
:10946000002010BD016840F20040C4F201008142BA
:1094700000D070470068C00648BF7047B0B5FCF721
:1094800041FF40F6E824C2F20004206005F03AFDF6
:10949000FCF738FF40F6E025C2F200052968401AC3
:1094A00040F6DC21C2F200010860FCF72BFF2168C6
:1094B0002860401A40F6E421C2F200010860BDE8CD
:1094C000B0407047704700007047000070470000D0
:1094D000B0B582B001680A68CC684B6902F02F050C
:1094E000202D04F0200505D125B102B0BDE8B04023
:1094F00001F0A2BC5FEA027C1EBF03F0010E04F47F
:10950000907313EB0E0340D1036BD50618D5012BD6
:1095100016D114F0100313D0002201920A680192B0
:109520004A680192019A4969490649D4818DC28DE0
:10953000C38D002B18BF914240F0F98102B0B0BD3D
:1095400013062CD514F0800329D090F84120212A4D
:10955000F4D18268B2F5805F03D10269002A00F07D
:109560006982026A531C036212784A60C28C013A13
:109570001304C284E2D1C86820F08000C860C868C3
:1095800040F04000C86002B0B0BDD30718BF14F46B
:10959000807340F0D780530700F1DA80DFE0520695
:1095A000CCD514F04002C9D0CA6822F04002CA608B
:1095B000202180F8411002B0BDE8B04000F080BB2F
:1095C000C26B11684B68858D99B2002900F0B0809C
:1095D000A94280F0AD80C385D169B1F5807F00F0EC
:1095E000A080016851E8031F026821F4807142E8FD
:1095F0000313DBB1016851E8031F026821F4807195
:1096000042E8031393B1016851E8031F026821F493
:10961000807142E803134BB1016851E8031F0268EF
:1096200021F4807142E80313002BDAD1016851E87C
:10963000051F026821F0010142E80513BBB3016870
:1096400051E8051F026821F0010142E8051373B3D8
:10965000016851E8051F026821F0010142E8051385
:109660002BB3016851E8051F026821F0010142E8AF
:109670000513002BDAD11AE0016851E8051F0268D2
:1096800021F0400142E80513DBB1016851E8051FF4
:10969000026821F0400142E8051393B1016851E8E6
:1096A000051F026821F0400142E805134BB1016833
:1096B00051E8051F026821F0400142E80513002B24
:1096C000DAD1202180F8421000210163016851E8BD
:1096D000031F026821F0100142E80313DBB10168A7
:1096E00051E8031F026821F0100142E8031393B10F
:1096F000016851E8031F026821F0100142E80313DA
:109700004BB1016851E8031F026821F0100142E8E3
:109710000313002BDAD1C16B04460846FCF794F919
:10972000204602214163818DC28D891A89B277E179
:109730008D427FF403AFD269B2F5807F7FF4FEAE35
:1097400002226CE1436C43F001034364530706D5E6
:10975000BEF1000F03D0436C43F002034364930750
:1097600006D5BEF1000F03D0436C43F004034364FD
:10977000BCF1000F06D55EEA050303D0436C43F04D
:1097800008034364436C002B3FF4D8AE920605D522
:1097900025B1044601F050FB216820464969426C1E
:1097A00001F0400102F00802891800F0B98000BF02
:1097B000016851E8031F026821F4907142E8031325
:1097C000BBB3016851E8031F026821F4907142E8BD
:1097D000031373B3016851E8031F026821F4907109
:1097E00042E803132BB3016851E8031F026821F418
:1097F000907142E80313002BDAD11AE0016851E8B6
:10980000051F026821F0010142E80513DBB1016880
:1098100051E8051F026821F0010142E8051393B1E8
:10982000016851E8051F026821F0010142E80513B3
:109830004BB1016851E8051F026821F0010142E8BF
:109840000513002BDAD1016B012924D1016851E8FD
:10985000031F026821F0100142E80313DBB1016825
:1098600051E8031F026821F0100142E8031393B18D
:10987000016851E8031F026821F0100142E8031358
:109880004BB1016851E8031F026821F0100142E862
:109890000313002BDAD1202180F84210002101634C
:1098A00001684969490640F1C080016851E8051F17
:1098B000026821F0400142E80513DBB1016851E87C
:1098C000051F026821F0400142E8051393B10168C9
:1098D00051E8051F026821F0400142E805134BB131
:1098E000016851E8051F026821F0400142E80513B4
:1098F000002BDAD1C16B002900F097804AF6812253
:10990000C0F60002044608460A65FCF7DDF80028A8
:109910003FF414AEE06B016D02B0BDE8B040084703
:109920000446FFF7D3FD0020606402B0B0BD891A81
:10993000026852E8032F036822F4907243E803257B
:10994000BDB3026852E8032F036822F4907243E823
:10995000032575B3026852E8032F036822F490725E
:1099600043E803252DB3026852E8032F036822F46D
:10997000907243E80325002DDAD11AE0026852E81C
:10998000052F036822F0010243E80525DDB10268D6
:1099900052E8052F036822F0010243E8052595B13E
:1099A000026852E8052F036822F0010243E805250A
:1099B0004DB1026852E8052F036822F0010243E826
:1099C0000525002DDAD1202280F8422000220263F2
:1099D000026852E8032F036822F0100243E80325CF
:1099E000DDB1026852E8032F036822F0100243E859
:1099F000032595B1026852E8032F036822F0100294
:109A000043E803254DB1026852E8032F036822F0B2
:109A1000100243E80325002DDAD1022289B2426305
:109A200002B0BDE8B040FFF74FBD02B0BDE8B040A6
:109A3000FFF74CBD026A32F8023B6FF35F234B60C5
:109A4000026293E5002804BF0120704710B5044668
:109A500090F8410028B9002084F84000204600F02A
:109A600021F8242084F841002068C16821F40051C5
:109A7000C160204601F05EFA2068016921F490413E
:109A80000161416921F02A014161C16841F400513D
:109A9000C16000202021606484F8411084F84210E5
:109AA000606310BD2DE9F04387B0044641F2000029
:109AB0002168C4F20100002681420696CDE90466C1
:109AC0000396029602D007B0BDE8F08343F630015A
:109AD0000196C4F202014A6946F2884842F0100237
:109AE0004A614A6900F5704002F010020192019A41
:109AF00001960A68C4F2020842F001020A6009688D
:109B000001F00101019101994FF4C061029102211C
:109B1000CDE90316032105910721069102A9FCF75F
:109B20000DFB41F2144508F13000C2F200054FF080
:109B300000674021C5E9000705F108004FF480697E
:109B400080E842022846C5E90566C5E907666E62F7
:109B5000FCF7AAF8002818BFFAF78EFFA563AC63DC
:109B600041F2B435C2F200050020C5E90200C5E9A2
:109B70000490C5E90600C5E908002846C5E9008744
:109B8000FCF792F8002818BFFAF776FF252000218D
:109B90000022E563AC63FCF74DFC2520FCF738FCA4
:109BA00007B0BDE8F083000090F84230202B1CBFC6
:109BB0000220704700294FF0010318BF002A01D18D
:109BC000184670470023036301F024BA006841F28D
:109BD0000001C4F20101884218BF704740F6D0204E
:109BE000C2F2000008F022BB70470000B0B590F848
:109BF0004140202C1CBF0220B0BD13460246002964
:109C00004FF0010018BF002B00D1B0BD4FF0000C89
:109C1000212011629384D384C2F844C082F84100A9
:109C200014681546906B4AF6815E4AF63162C0F6BA
:109C3000000EC0F60002C0E90FE24AF68D22C0F61F
:109C40000002C0E9132C221DFCF7D2F830B110201D
:109C50006864202085F841000120B0BD28682946AD
:109C60006FF04002026000BF086850E8050F0A6804
:109C700040F0800042E80503FBB1086850E8050F9A
:109C80000A6840F0800042E80503B3B1086850E874
:109C9000050F0A6840F0800042E805036BB10868D0
:109CA00050E8050F0A6840F0800042E80503002BE9
:109CB0004FF0000008BFB0BDD6E70020B0BD0000E7
:109CC0007047000070470000FEE70000B0B584B0A8
:109CD00041F2B800C2F2000042F2000C4FF0005313
:109CE0004FF060610024C4F2010C4FF48032012572
:109CF000C0E90A1303210394047680F82040C1616F
:109D000080F83050C0E900C2C0E90244C0E90455FF
:109D1000FBF744F8002818BFFAF7AEFE0D20CDE996
:109D2000000541F2B800C2F2000069460294FAF759
:109D300021FF002818BFFAF79FFE002000900220A4
:109D4000019041F2B800C2F200006946FAF712FF32
:109D5000002818BFFAF790FE012000900320019020
:109D600041F2B800C2F200006946FAF703FF00288A
:109D700018BFFAF781FE04B0B0BD0000B0B584B0E2
:109D800041F2001001210024C2F20000C0F600716F
:109D900042F2001CC0E90A140421C4F2010C4FF481
:109DA00080324FF000730125C16100F10801039476
:109DB000047680F8204080F83050C0E900C238C1F5
:109DC0004561FAF7EBFF002818BFFAF755FE0A20A5
:109DD000CDE9000541F20010C2F20000694602948C
:109DE000FAF7C8FE002818BFFAF746FE0B200090CD
:109DF0000220019041F20010C2F200006946FAF719
:109E0000B9FE002818BFFAF737FE0C200090032097
:109E1000019041F20010C2F200006946FAF7AAFE72
:109E2000002818BFFAF728FE0F20009004200190A8
:109E300041F20010C2F200006946FAF79BFE0028CA
:109E400018BFFAF719FE04B0B0BD000080B541F2AA
:109E50004C1046F60001C2F20000C4F200010322D9
:109E6000002380E80E0000F10C014FF4002C4FF4A9
:109E7000401E81E8085083618383FBF751FC002872
:109E800008BF80BDBDE88040FAF7F6BD80B582B05E
:109E9000002043F630010190C4F202010A6842F446
:109EA00080020A600A6802F480020192019A00901E
:109EB0000868002240F4001008600868002100F4DF
:109EC0000010009000980B20FCF7B4FA0B20FCF770
:109ED0009FFA0E2000210022FCF7ACFA0E20FCF7BE
:109EE00097FA102000210022FCF7A4FA1020FCF7BA
:109EF0008FFA2F2000210022FCF79CFA2F20FCF77C
:109F000087FA382000210022FCF794FA3820FCF769
:109F10007FFA3A2000210022FCF78CFA3A20FCF765
:109F200077FA442000210022FCF784FA4420FCF751
:109F30006FFA462000210022FCF77CFA462002B08E
:109F4000BDE88040FCF764BA2DE9F04F87B00026E9
:109F500043F630000696CDE90466CDE90266019627
:109F6000C4F20200016840F2004441F004010160C3
:109F70000168C4F2020401F0040101910199019603
:109F8000016804F5806A41F08001016001680022E7
:109F900001F0800101910199019601684FF400558B
:109FA00041F001010160016801F001010191019995
:109FB0000196016841F002010160016801F00201AF
:109FC000019101990196016841F008010160006862
:109FD0004FF4005100F00800019001985046FCF742
:109FE00085F9204640F60801002240F6080BFCF7F0
:109FF0007DF920464FF4805101220127FCF776F9C4
:10A00000A4F5806840464FF400410122FCF76EF948
:10A0100004F50069484604210022FCF767F9CDE900
:10A02000025702AD50462946CDE90466FCF786F892
:10A0300020462946CDE902B7CDE90466FCF77EF853
:10A040004FF48050CDE9020720462946CDE9047738
:10A05000FCF774F84FF40040CDE90207404629466A
:10A06000CDE90477FCF76AF80420CDE902074846F9
:10A070002946CDE90466FCF761F807B0BDE8F08F2A
:10A08000B0B541F6581043F60001C2F20000C4F228
:10A0900000014FF48272002380E80E0000F10C01F1
:10A0A0004FF0020C4FF0010E4FF40074382581E898
:10A0B00008500A21C0E90645C0E90833C0E90A3161
:10A0C000FDF746FD002808BFB0BDBDE8B040FAF777
:10A0D000D3BC000070B541F6B01043F60041C2F2A7
:10A0E0000000C4F200014FF4827200234FF4006CB0
:10A0F0004FF0020E012480E80E5000F114014FF4DD
:10A100000075202670C10A21C0E90833C0E90A3170
:10A11000FDF71EFD002808BF70BDBDE87040FAF7CE
:10A12000ABBC000010B58EB041F6082040F600022E
:10A130000021C2F20000C4F2000268230D91CDE9B3
:10A140000B110991CDE90711CDE90511CDE90311F5
:10A15000CDE90111C0E90021C0E90213016181616B
:10A16000FEF754FB002818BFFAF786FC4FF4805026
:10A170000A9041F60820C2F200000AA9FEF744FC4A
:10A18000002818BFFAF778FC41F60820C2F2000058
:10A19000FEF73EFF002818BFFAF76EFC41F60820D4
:10A1A0000024C2F2000008A9CDE90844FEF714FA21
:10A1B000002818BFFAF760FC6020CDE9010441F6E1
:10A1C0000820C2F2000001A9042203940594FEF7BE
:10A1D00015FE002818BFFAF74FFC41F60820C2F21E
:10A1E000000001A90822FEF709FE002818BFFAF7AF
:10A1F00043FC41F60820C2F20000FEF77DFD0EB0E0
:10A2000010BD000010B596B041F6502040F200425B
:10A210000021C2F20000C4F2010280241591CDE9B0
:10A2200013111191CDE90F11CDE90D11CDE90B11EC
:10A23000CDE90911CDE90711CDE90511CDE90311EA
:10A24000CDE9011101234FF0200C40F6330E80E8D8
:10A250000C50C0E904118461FEF7D8FA002818BF39
:10A26000FAF70AFC4FF48050129041F65020C2F2E7
:10A27000000012A9FEF7C8FB002818BFFAF7FCFB84
:10A2800041F65020C2F20000FEF7C2FE002818BFBF
:10A29000FAF7F2FB702010908020119041F65020C8
:10A2A000C2F2000010A9FEF797F9002818BFFAF7CC
:10A2B000E3FB602009900020CDE90A00CDE90C0005
:10A2C000CDE90E0041F65020C2F2000009A900229B
:10A2D000FEF794FD002818BFFAF7CEFB41F6502098
:10A2E000C2F2000009A90422FEF788FD002818BF69
:10A2F000FAF7C2FB41F65020C2F2000009A9082279
:10A30000FEF77CFD002818BFFAF7B6FB7020099015
:10A3100041F65020C2F2000009A90C22FEF76EFDA2
:10A32000002818BFFAF7A8FB00200421CDE901009E
:10A330000390CDE904104FF40051089041F65020ED
:10A340000691C2F2000001A9FEF720F9002818BF0B
:10A35000FAF792FB41F65020C2F20000FEF7CCFC67
:10A3600016B010BD80B541F6982041F20001C2F24E
:10A370000000C4F2010100234FF00C0C4FF4E13255
:10A3800080E80E00C0E90333C0E905C3C361FFF7ED
:10A3900059FB002808BF80BDBDE88040FAF76CBBC0
:10A3A00080B540F6DC5040F20401C2F20000C2F277
:10A3B0000001002201F074FB002818BFFAF75CFBD3
:10A3C00040F6DC5040F22401C2F20000C2F200016B
:10A3D00001F0D2FD002818BFFAF74EFB40F6DC5022
:10A3E00040F2C001C2F20000C2F2000101F06CF8BC
:10A3F000002818BFFAF740FB40F6DC50C2F200001C
:10A4000001F0E4FD002808BF80BDBDE88040FAF7F8
:10A4100033BB0000FEE70000FEE7000041F274409D
:10A42000C2F20000FCF7E4B97047000041F6B0103A
:10A43000C2F20000FDF700BB806B0021C187C1861E
:10A44000FDF7F8BA806B01684A6822F003024A609F
:10A45000416D41F010014165012180F85110FDF777
:10A46000E9BA0000806BFDF743BD0000806BFEF78A
:10A4700071B80000B0B5846B0546FBF73DFF296855
:10A480000968C90527D402462068A168436823F0FB
:10A490002003436031B96168B1F5827F02D16FF06A
:10A4A000030101E06FF0010143681940416020465B
:10A4B000642100F097F800281CBF20206065002070
:10A4C000E087012084F85100606D20B12046BDE88E
:10A4D000B040FDF7AFBA2046BDE8B040FDF706BD7D
:10A4E000B0B582B0846B0546FBF706FF29680968A2
:10A4F000C90528D40546206801224168642321F05B
:10A500002001416020460221009500F097F800B339
:10A51000606D40F020006065606D40F02000606577
:10A520002068416821F0030141600020E086E08757
:10A53000012084F85100606D28B1204602B0BDE8CA
:10A54000B040FDF777BA204602B0BDE8B040FDF755
:10A55000C1BF40F22000C2F20000006849F68171DC
:10A56000C1F25E61A0FB0101480D4FF47A714843CE
:10A5700001906068B0F5827F0AD1204680210022D8
:10A580006423009500F05AF80028C1D1C8E700BF45
:10A5900001980028C4D00198013801902068806893
:10A5A0000006BDD501980028BAD001980138019065
:10A5B000206880680006B3D501980028B0D00198C3
:10A5C00001380190206880680006A9D5019800280C
:10A5D000A6D0019801380190206880680006D7D481
:10A5E0009EE70000B0B582B0044640680B46B0F567
:10A5F000827F0ED1A068B0F5004F02D0B0F5806F19
:10A600000BD12168B0F5806F0D6825F040050D6015
:10A6100003D120460121009202E0009220468021D1
:10A620000022002500F00AF820B1606D032540F0FB
:10A6300020006065284602B0B0BD00002DE9F0475B
:10A6400082B00A9C984615460E468146FBF754FE9A
:10A65000201A00EB0804FBF74FFE40F22001C2F283
:10A6600000010968C1F3CB3161430191D9F80010B1
:10A6700089683140891BB1FA81F14909A94203D1A6
:10A68000002002B0BDE8F087824608F101070CE027
:10A69000019801380190D9F8000080683040801B93
:10A6A000B0FA80F04009A842EAD0002FF3D0FBF7BF
:10A6B00023FEA0EB0A00A04204D201980028E7D1B3
:10A6C0000024E8E7D9E900014268B1F5827F22F071
:10A6D000E00242600BD1D9F80810B1F5004F02D06A
:10A6E000B1F5806F03D1016821F040010160D9F814
:10A6F0002810B1F5005F07D1016821F40051016015
:10A70000016841F400510160012089F851000020E6
:10A7100089F85000032002B0BDE8F08770470000C0
:10A72000FBF708BE70B592B006AC20463021F9F7B1
:10A7300091FD002543F640000595CDE90355CDE98F
:10A7400001550095C4F202000168022641F08051D3
:10A750000160006800F080500090009847F200000F
:10A760000095C4F20000016841F480410160006876
:10A7700000F4804000900098012006904FF4803053
:10A7800007904FF480000D9019200E904FF4A870A0
:10A79000CDE90F060720119020460C96FCF792FF9A
:10A7A00018B172B6022007F0DFFA0F20CDE90106DA
:10A7B0004FF4A05004904FF48050059001A805215B
:10A7C0000395FCF76DFE18B172B6022007F0CCFAC3
:10A7D00012B070BD4EF68850CEF20000016841F410
:10A7E000700101607047000010B541F63154C2F2AB
:10A7F0000004207802281ED0012814D0002818BF99
:10A8000010BD03F063FF05F00BF9D8B103F020FD94
:10A8100006F00EF904F03EFE03F036FA04F0B2F949
:10A820000120207010BD03F029FD06F037F9BDE8C6
:10A83000104007F055B8072004F0B2FBBDE8104007
:10A8400007F084BA0220207010BD000041F65020AD
:10A85000C2F20000FEF7AAB9B0B540F6FF3E0568A7
:10A86000C4F2000E40F2004C7045C4F2010C0FDC43
:10A87000B0F1804F19D040F20043C4F20003984277
:10A8800013D040F60003C4F2000398420DD011E04B
:10A8900040F60043C4F20003984206D0604504D05D
:10A8A0000023C4F20103984204D14B6825F07002E2
:10A8B00043EA020541F6FF73C4F2000398420FDC3D
:10A8C000704521DCB0F1804F41D040F20043C4F22A
:10A8D000000398423BD040F60003C4F2000334E08A
:10A8E00043F6FF73C4F2010398421EDC42F20003F8
:10A8F000C4F2000398422AD00023C4F20103984214
:10A9000025D0604523D027E040F60043C4F2000381
:10A9100098421CD041F60003C4F20003984216D0BE
:10A9200041F60043C4F200030FE044F20003C4F216
:10A93000010398420BD044F60003C4F2010398428D
:10A9400005D044F20043C4F20103984204D1CB681D
:10A9500025F4407243EA02050A688C684B69C462B8
:10A9600040F480648262644504BF0969016302683F
:10A9700025F0800142F00402194302600122426185
:10A980000160B0BD10B5846B616A814211D0A16ACB
:10A99000814216D0E16A81421BD0216B81421FD1D6
:10A9A000C06908210028217704BF012084F84100F4
:10A9B00016E0C16901200029207708BF84F83E0015
:10A9C0000EE0C0690221217750B9012084F83F00D0
:10A9D00006E0C0690421217710B9012084F8400005
:10A9E0002046FEF745FB0020207710BD10B5846B94
:10A9F000616A81420AD0A16A814209D0E16A81423A
:10AA000008D0216B814207D1082004E0012002E038
:10AA1000022000E0042020772046FEF72BFB0020D8
:10AA2000207710BD10B5846B616A81420CD0A16A99
:10AA300081420ED0E16A814211D0216B814214D053
:10AA4000012084F83D0015E00120207784F83E00C5
:10AA500010E002202077012084F83F000AE0042063
:10AA60002077012084F8400004E0082020770120AE
:10AA700084F841002046FEF795F80020207710BDAD
:10AA8000806B0021C185FEF721BD0000806B01684D
:10AA90004A6990F84130212B2DD112F080022AD042
:10AAA0000021C184016851E8031F026821F0C00140
:10AAB00042E80313DBB1016851E8031F026821F08B
:10AAC000C00142E8031393B1016851E8031F026813
:10AAD00021F0C00142E803134BB1016851E8031FA4
:10AAE000026821F0C00142E80313002BDAD12021D3
:10AAF00080F841100168496990F84220222A40F00C
:10AB00007D8011F0400179D00021C185016851E8B4
:10AB1000031F026821F4907142E80313BBB301687C
:10AB200051E8031F026821F4907142E8031373B3E4
:10AB3000016851E8031F026821F4907142E8031391
:10AB40002BB3016851E8031F026821F4907142E8B9
:10AB50000313002BDAD11AE0016851E8051F0268DF
:10AB600021F0010142E80513DBB1016851E8051F3E
:10AB7000026821F0010142E8051393B1016851E830
:10AB8000051F026821F0010142E805134BB101687D
:10AB900051E8051F026821F0010142E80513002B6E
:10ABA000DAD1016B012924D1016851E8031F026841
:10ABB00021F0100142E80313DBB1016851E8031FE3
:10ABC000026821F0100142E8031393B1016851E8D3
:10ABD000031F026821F0100142E803134BB1016822
:10ABE00051E8031F026821F0100142E80313002B13
:10ABF000DAD1202180F8421000210163416C41F03C
:10AC000010014164FEF762BC0168806B0968C905E8
:10AC100000F19F800021C185016851E8031F02688F
:10AC200021F4807142E80313E3B1016851E8031F86
:10AC3000026821F4807142E803139BB1016851E876
:10AC4000031F026821F4807142E8031353B10168C5
:10AC500051E8031F026821F4807142E80313002BBE
:10AC6000DAD100BF016851E8051F026821F0010137
:10AC700042E80513BBB3016851E8051F026821F0E3
:10AC8000010142E8051373B3016851E8051F02682A
:10AC900021F0010142E805132BB3016851E8051FBB
:10ACA000026821F0010142E80513002BDAD11AE015
:10ACB000016851E8051F026821F0400142E80513D0
:10ACC000DBB1016851E8051F026821F0400142E84C
:10ACD000051393B1016851E8051F026821F0400196
:10ACE00042E805134BB1016851E8051F026821F0E5
:10ACF000400142E80513002BDAD1202180F84210F0
:10AD0000016B012925D100BF016851E8031F0268CA
:10AD100021F0100142E80313DBB1016851E8031F81
:10AD2000026821F0100142E8031393B1016851E871
:10AD3000031F026821F0100142E803134BB10168C0
:10AD400051E8031F026821F0100142E80313002BB1
:10AD5000DAD100214163016B012918BFFEF736BF2C
:10AD6000818DFEF7B1BB0000806B01214163016B57
:10AD7000012918BFFEF738BF818D4908FEF7A4BB33
:10AD80000168806B0968C90548BFFEF799BF0021BB
:10AD9000C18400BF016851E8051F026821F08001ED
:10ADA00042E8051383B3016851E8051F026821F0EA
:10ADB000800142E805133BB3016851E8051F0268B2
:10ADC00021F0800142E80513F3B1016851E8051F45
:10ADD000026821F0800142E80513002BDAD113E06C
:10ADE000016851E8031F026841F0400142E8031383
:10ADF000002B08BF7047016851E8031F026841F04B
:10AE0000400142E8031393B1016851E8031F02684F
:10AE100041F0400142E803134BB1016851E8031FC0
:10AE2000026841F0400142E80313002BD8D170477B
:10AE3000806BFEF747BF000081B090F842102229D6
:10AE400020D183680246B3F5805F08D152F8281FED
:10AE500052F8183C002B61D003685B6809E052F897
:10AE6000281F13B90369002BF6D003685B6803F051
:10AE70007F030B70116801311160C18D01390A0423
:10AE8000C18501D001B070470168CA6822F0200274
:10AE9000CA60CA6822F48072CA604A6922F001025C
:10AEA0004A61202180F8421000214163026B012A8F
:10AEB0003CD10163016851E8031F026821F01001D1
:10AEC00042E80313DBB1016851E8031F026821F077
:10AED000100142E8031393B1016851E8031F0268AF
:10AEE00021F0100142E803134BB1016851E8031F40
:10AEF000026821F0100142E80313002BDAD1016847
:10AF00000A68D20606D5002200920A6800924968B3
:10AF100000910099818D01B0FEF7D6BA026852689F
:10AF20006FF35F2221F8022B8162A6E701B0FEF7E2
:10AF30004DBE0000B0B50446006804F108030ECB16
:10AF40000569194325F440552A4302616269E369A2
:10AF50001143C268194349F20C639A431143C1601B
:10AF60004169A26921F4407141F20043114340F468
:10AF70008062C4F201039A42416102D1FCF75AFB9C
:10AF800001E0FCF743FBE1694FF69C756368192209
:10AF9000C0F6FF75B1F5004FA0FB02011CD15A00AD
:10AFA000DB0FF9F70DF948F21F51C5F2EB11A0FBC9
:10AFB00001235A0905F1805302FB0300322303EBFE
:10AFC000C000A0FB01014FF4F87000EA111000EB83
:10AFD0000210C1F3421118E09A009B0FF9F7F0F844
:10AFE00048F21F51C5F2EB11A0FB01235A0902FBE5
:10AFF0000500322303EB0010A0FB0101F02000EA62
:10B00000511000EB0210C1F343110844216888601D
:10B01000B0BD0000F0B581B0134600270446816240
:10B0200083854764222084F84200E06B4AF6094594
:10B030004AF669560A462168C0F60005C0F60006C1
:10B04000C0E90F564AF68D26C0F600060431C0E965
:10B050001367FAF7CDFE38B110206064202084F821
:10B060004200012001B0F0BD009720680168009106
:10B07000406800900098206930B300BF206850E815
:10B08000030F216840F4807041E80302E2B12068B8
:10B0900050E8030F216840F4807041E803029AB140
:10B0A000206850E8030F216840F4807041E80302F3
:10B0B00052B1206850E8030F216840F4807041E8E5
:10B0C0000302002ADAD100BF206850E8050F21688A
:10B0D00040F0010041E80502BAB3206850E8050FCE
:10B0E000216840F0010041E8050272B3206850E891
:10B0F000050F216840F0010041E805022AB32068ED
:10B1000050E8050F216840F0010041E80502002ADF
:10B11000DAD11AE0206850E8050F216840F04000BD
:10B1200041E80502DAB1206850E8050F216840F0D7
:10B13000400041E8050292B1206850E8050F2168FF
:10B1400040F0400041E805024AB1206850E8050F90
:10B15000216840F0400041E80502002ADAD10020D1
:10B1600001B0F0BD41F69820C2F20000FEF7B0B980
:10B17000D0F8D42200EB820CDCF8C032002B04BFE4
:10B1800003207047B0B501F00F0404EB840200EB1C
:10B19000820E5EF8142F5AB1D0F8C85204EBC404E2
:10B1A00005EB8404E469B2FBF4F505FB142292B1CB
:10B1B0000020C3F81402DCF8C422D2F810C0BCF19D
:10B1C000000F08BFB0BDD3F808020A4603F50471AA
:10B1D000E0470020B0BD00220023CEF8002000F0A0
:10B1E000ADFE0020B0BD0000B0B5D0F8D42200EB19
:10B1F0008202D2F8C05295B1044600F037FDD4F86F
:10B20000D412C5F80C0204EB8101D1F8C412D5F8B0
:10B210000402CA6805F5037190470020B0BD032001
:10B22000B0BD000070B58121044600F061FC00252E
:10B230002046012184F8375000F05AFC2046822134
:10B2400084F8775100F054FCD4F8D40204F5307639
:10B2500056F8201084F84B50656489B104EB8000E7
:10B26000D0F8C40240688047D4F8D40256F82000D1
:10B2700001F028F9D4F8D40246F82050C4F8BC52A2
:10B28000002070BD10B5D0F8D41200EB8100D0F8CA
:10B29000C04284B1D0F8C41259B194F80002FF281A
:10B2A00007D08B6894F8012221469847FF2084F844
:10B2B0000002002010BD032010BD0000014640F236
:10B2C000A0000A22C2F200000A807047F0B581B0E7
:10B2D00040F25C07C2F2000704463846822100F0C3
:10B2E00013FB06463846012100F00EFB05463846A2
:10B2F000812100F009FB002E1CBF1021B171002D2F
:10B300001CBF4021A98000281CBF4021818043210F
:10B3100040F25C00C2F20000218001B0F0BD0000EC
:10B32000F0B581B040F25C07C2F20007044638462F
:10B33000822100F0E9FA06463846012100F0E4FADD
:10B3400005463846812100F0DFFA002E1CBF10218F
:10B35000B171002D1CBF4FF40071A98000281CBFE3
:10B360004FF400718180432140F25C00C2F2000082
:10B37000218001B0F0BD0000F0B581B040F25C0763
:10B38000C2F2000704463846822100F0BDFA0646A4
:10B390003846012100F0B8FA05463846812100F010
:10B3A000B3FA002E1CBF1021B171002D1CBF40212B
:10B3B000A98000281CBF40218180432140F25C000D
:10B3C000C2F20000218001B0F0BD00002DE9F04183
:10B3D00004464FF4077001F077F800284FD04FF47F
:10B3E00007710546F8F736FFD4F8D402402704EB7E
:10B3F0008000C0F8C052207CC4F8BC52002808BFAE
:10B400004FF400772046812102223B46022600F0BD
:10B41000ABFC4FF001082046012102223B4684F894
:10B42000378000F0A1FC10206064204682210322B6
:10B43000082384F8778100F097FCD4F8D402002721
:10B44000C5F8047204EB8000D0F8C40284F84B8085
:10B4500000688047C5F81472C5F81872D5F8042240
:10B4600052B1207C01210028204614BF40234FF414
:10B47000007300F08DFC00263046BDE8F081D4F862
:10B48000D402002104EB8000C0F8C0120220BDE805
:10B49000F0810000D0F8D41200EB8101D1F8C01285
:10B4A000002904BF0320704780B590F810C0D1F880
:10B4B000042240230121BCF1000F08BF4FF40073A8
:10B4C00000F066FC002080BD00290FBF0320D0F8EB
:10B4D000D42200EB8200C0F8C41218BF00207047CD
:10B4E000D0F8D42200EB8200D0F8C00200280EBFB2
:10B4F0000320C0F80412002070470000D0F8D432B6
:10B5000000EB8300D0F8C00200280FBF0320C0F872
:10B510000812C0F81022002070470000F0B581B07A
:10B52000D0F8D42200EB8203D3F8C0420022002CD2
:10B530008DF80320ADF8002054D00D7815F060028E
:10B5400014D0202A4CD1CA881AB36DB2B5F1FF3F8E
:10B5500027DD4978402A84F80012214628BF40227E
:10B5600084F8012200F08EF800243CE04A780B2A8F
:10B5700036D80024DFE802F006373434343434346B
:10B580003434253090F89C22032A29D169460222BE
:10B590001EE0D3F8C402002283684878002498474C
:10B5A00021E0D3F8C43206469D684B780F46184612
:10B5B0002146A847FA883046072A28BF0722214695
:10B5C00006E090F89C22032A0AD10DF10301012222
:10B5D00000F074F8002406E090F89C22032A02D0C0
:10B5E00000F044F80324204601B0F0BDD0F8D41296
:10B5F00000EB8101D1F8C022002A04BF032070476C
:10B60000D2F8141200294FF0010101D0084670470A
:10B6100080B5C2F81412D2F81032D2F80822812173
:10B62000836200F08BFC0021BDE880400846704733
:10B6300080B5D0F8B82252689047002818BF032080
:10B6400080BD0000002070470020704780B5134681
:10B650000A46002100F09CFB002080BD80B5134607
:10B660000A46002100F06AFC002080BD10B5802150
:10B67000044600F031FC20460021BDE8104000F0F7
:10B680002BBC000080B513460A460321C0F8941273
:10B690000021C0F86421C0E9553300F079FB002097
:10B6A00080BD000080B50521C0F894120021002261
:10B6B000002300F06DFB002080BD000080B5134624
:10B6C0000A460221C0F8941200214262C0E9053303
:10B6D00000F034FC002080BD80B50421C0F8941235
:10B6E00000210022002300F029FC002080BD000082
:10B6F00010B540F22034C2F200040A4602A02146EE
:10B7000000F044F9204610BD43444320436F6E6669
:10B710006967000040F2AC001222C2F200000A8009
:10B720007047000010B540F22034C2F200040A460F
:10B7300002A0214600F02AF9204610BD43444320D0
:10B74000496E7465726661636500000040F2D40062
:10B750000422C2F200000A807047000010B540F2D7
:10B760002034C2F200040A4602A0214600F00EF97D
:10B77000204610BD7778640010B540F22034C2F244
:10B7800000040A4602A0214600F000F9204610BD40
:10B790005844722D5000000047F61020C1F6FF708B
:10B7A000026883684FF01A0C9B18A1F800C000F0E3
:10B7B000A680B0B54FF0370C1A0F0CEB1371406830
:10B7C000B3F1204F38BF02F1300140F2D802C2F28B
:10B7D0000002917019014FF0000E0CEB117582F808
:10B7E00003E0C3F30364B1F1204F38BF04F1300527
:10B7F000190215710CEB117582F805E0C3F30354BF
:10B80000B1F1204F38BF04F13005190395710CEBED
:10B81000117582F807E0C3F30344B1F1204F38BF3C
:10B8200004F13005190415720CEB117582F809E06A
:10B83000C3F30334B1F1204F38BF04F130051905CB
:10B8400095720CEB117582F80BE0C3F30324B1F190
:10B85000204F38BF04F1300519061573C3F30314E4
:10B860000CEB1175B1F1204F4FEA037103F00F0398
:10B8700082F80DE038BF04F1300503F13704957309
:10B8800082F80FE0B1F1204F38BF03F13004010F0F
:10B890000CEB1073147482F811E0B0F1204F38BF34
:10B8A00001F1300301010CEB1174937482F813E081
:10B8B000C0F30363B1F1204F38BF03F1300401023C
:10B8C0001475C0F303530CEB1174B1F1204F4FEA20
:10B8D000003182F815E038BF03F130040CEB11732E
:10B8E000947582F817E0C0F30340B1F1204F38BFE0
:10B8F00000F13003137682F819E0BDE8B04040F261
:10B90000D800C2F200007047B0F802C003789C452E
:10B910009CBF0020704780B508E000BF82788A4253
:10B9200008BF80BD73449AB262452DD290F800E002
:10B9300070444278052A02D182788A4225D0734425
:10B940009AB2624520D290F800E070444278052A0D
:10B9500002D182788A4218D073449AB2624513D2D7
:10B9600090F800E070444278052A02D182788A4239
:10B970000BD073449AB2624506D290F800E070444E
:10B980004278052ACAD0CDE7002080BD002808BF34
:10B99000704710B50378A3B100F1020E4FF0000C10
:10B9A000734600BF13F8014C9CB11C78A4B15C78BD
:10B9B000ACB19C780CF1040C002C03F10403F1D120
:10B9C0000FE04FF0000C5FFA8CF3022404EB43030A
:10B9D0000CE04CF0010C04E04CF0020C01E04CF0E7
:10B9E000030C5FFA8CF33F2B3BD980231380032297
:10B9F0000B704A7003788BB3023002224FF0000CB8
:10BA0000D4B251FA82FE0B558EF801C010F8013CF9
:10BA100023B3941C5FFA84FE51FA84F401F80E30CB
:10BA200084F801C00378CBB1141D5FFA84FE51FA8B
:10BA300084F401F80E3084F801C0437873B1941D8A
:10BA40005FFA84FE51FA84F401F80E3084F801C0E4
:10BA500083780832002B00F10400D1D1BDE81040FA
:10BA600070474FF0000C00BF1EF8013C73B19EF808
:10BA7000003073B19EF8013073B19EF802300CF1C2
:10BA8000040C002B0EF1040EEED19CE74CF0010CDF
:10BA900099E74CF0020C96E74CF0030C93E700009A
:10BAA000002804BF032070470023C0F8B832C0F854
:10BAB000C4320029C0F8D03218BFC0F8B412012136
:10BAC00080F89C12027000F0D5B8000080B5D0F864
:10BAD000C802FAF7A1FD40F20032C100C0F2013203
:10BAE00022FA01F1032888BF0321C8B280BD0000FB
:10BAF00080B5D0F8C802FAF767FD40F20032C10005
:10BB0000C0F2013222FA01F1032888BF0321C8B232
:10BB100080BD0000B0B581B190F89C22032A51D1BC
:10BB2000D0F8B8225269002A4CD00023C0F8D43291
:10BB30009047002808BF0020B0BDD0F89412022919
:10BB400039D18169038C99420ED9CA1A416A82613E
:10BB5000194441620446FFF781FD2046002100227E
:10BB6000002300F015F925E00FD142698A420CD379
:10BB7000D0F898128A4208D20021002204460025FB
:10BB8000FFF76CFDC4F89852E7E790F89C12032980
:10BB900009D1D0F8B812C96829B10022C0F8D4225E
:10BBA0000446884720468021044600F095F9204647
:10BBB000FFF778FD204690F8A01200291CBF002155
:10BBC00080F8A0120020B0BD10B579B190F89C2289
:10BBD000032A22D1D0F8B8229269F2B10023C0F82A
:10BBE000D4329047002808BF002010BDD0F894122E
:10BBF000032912D1D0F85811B0F8602191420ED922
:10BC00008B1AD0F86411C0F858311144C0F864118F
:10BC1000934288BF1A46FFF719FD002010BD90F827
:10BC20009C12032909D1D0F8B812096929B1002260
:10BC3000C0F8D422044688472046FFF74DFD002077
:10BC400010BD000000207047012180F89C12D0F840
:10BC5000B812002904BF0020704780B54A680179F6
:10BC60009047002818BF032080BD0000D0F8C8020C
:10BC7000FAF702BD017809B10020704710B541F212
:10BC80007441C2F20001C1F8E004C0F8C8124FF0DC
:10BC9000A0400860042008714FF40070C8800220A2
:10BCA000C1F809000020C8810846FBF70DFA0028FA
:10BCB00018BFF8F7E1FE41F27444C2F200042046D6
:10BCC0008021FAF7F5FB204600214022FAF7F4FB29
:10BCD000204601218022FAF7EFFBBDE8104000204A
:10BCE00070470000D0F8C80201F07F034AB203EBAE
:10BCF000C30301EBC10100EB830300EB810000F201
:10BD00005620002A48BF03F1160000787047000053
:10BD1000D0F8D42200EB8202D2F8B822002A04BF65
:10BD20000320704790F89C32032B05D1126A1AB198
:10BD300080B59047002080BD00207047D0F8D42205
:10BD400000EB8202D2F8B822002A04BF0320704719
:10BD500090F89C32032B05D1526A1AB180B59047F6
:10BD6000002080BD0020704780B59446D0F8C802FE
:10BD70001A466346FAF78AFC40F20032C100C0F26C
:10BD8000013222FA01F1032888BF0321C8B280BD25
:10BD900080B5D0F8C802FAF7B3FC40F20032C10017
:10BDA000C0F2013222FA01F1032888BF0321C8B290
:10BDB00080BD0000F0B581B00126002580F89C62AE
:10BDC000C0F8945204464560D0F8B802C4F8A452B2
:10BDD00084F8A05240B1426832B120460021904719
:10BDE0000546002818BF03252046002100224023D5
:10BDF0004027FFF7B9FF204680210022402384F826
:10BE00006361A4F86071FFF7AFFF84F823602846F0
:10BE1000278401B0F0BD000090F89C12042904BFF3
:10BE200090F89D1280F89C120020704790F89C12A8
:10BE3000032908D1D0F8B81229B1C96919B180B560
:10BE40008847BDE88040002070470000024600207F
:10BE50001174704780B5D0F8C802FBF7CBFA40F2F6
:10BE60000032C100C0F2013222FA01F1032888BF7A
:10BE70000321C8B280BD0000B0B500F2AA24054677
:10BE8000204600F06DF80121C5F8941295F8AA1229
:10BE9000B5F8B03201F01F02022AC5F898320ED070
:10BEA000012A06D08AB928462146BDE8B04000F0F4
:10BEB0008FB828462146BDE8B04000F0C7BA2846F2
:10BEC0002146BDE8B04000F01DBA01F080012846CF
:10BED000BDE8B040AFF3008080B5D0F8C802FAF7F3
:10BEE00031FC40F20032C100C0F2013222FA01F10D
:10BEF000032888BF0321C8B280BD000080B5D0F8F8
:10BF0000C802FBF793FA40F20032C100C0F20132DE
:10BF100022FA01F1032888BF0321C8B280BD0000C6
:10BF2000014690F89C02042204281CBF91F89C0250
:10BF300081F89D02002081F89C22704780B5D0F8DE
:10BF4000C802FAF737FC40F20032C100C0F20132F9
:10BF500022FA01F1032888BF0321C8B280BD000086
:10BF60000A7802704A7842704A8842808A888280C1
:10BF7000C988C1807047000010B582B00446002017
:10BF8000ADF80600B1B1D4F8D42204F52E70C4F88F
:10BF9000B81250F82200C16A21B10DF1060088479D
:10BFA000C4F8D002D4F8D8020130C4F8D802002076
:10BFB00002B010BD032002B010BD0000D0F8B822BE
:10BFC000002A04BF0020704712681047FFF796BF91
:10BFD00070B582B00A7812F060020FD0402A02D009
:10BFE000202A40F0C580D0F8D42200EB8202D2F89B
:10BFF000B822926802B0BDE8704010474A78092A1A
:10C0000000F2B680DFE802F0052CB44FB45877B4E4
:10C010001A3C90F89C22013A022A00F2A980C988B1
:10C02000022940F0A580D0F8A4120322002908BFFD
:10C030000122014641F80C2F02224CE1C988012956
:10C0400040F0968090F89C124A1E022A80F08B8065
:10C050000024014641F8084F0122FFF72FFB90E032
:10C0600090F89C22013A022A00F28280498800243A
:10C07000012940F08680C0F8A442FFF72DFB80E044
:10C08000498840F21D35C2F2000511F0FE0F2970FB
:10C0900047D080210446FFF71FFF20460021FFF70D
:10C0A0001BFF03246DE04A88022A58D0012A5FD181
:10C0B0000121C0F8A41215E18A88002A58D1CA8843
:10C0C000002A55D14D887F2D52D890F89C12032913
:10C0D0004ED0E9B280F89E520446FFF7BBFE2046E0
:10C0E0002646FFF7F9FA002D14BF0220012086F83A
:10C0F0009C02002445E04A884FF0FF3303EB1223F3
:10C100000026062BADF8066000F2E980DFE803F0B8
:10C1100004493CE7E75865000D46D0F8B4120A68B8
:10C12000C8E090F89C22032A66D0022A40F088805A
:10C130000A0600F0D78001F00102C9B2426005464C
:10C14000FFF73CFF002800F0988004462846802135
:10C15000FFF7C2FE28460021FFF7BEFE6CE04979DA
:10C1600080F8A012BEE0032902D1011D0122B2E035
:10C1700080210446FFF7B0FE204600210024FFF78F
:10C18000ABFE204602B070BDD2B2052A00F2A780F5
:10C19000DFE802F003877F837B8BD0F8B4225268FC
:10C1A00086E00D46017C0446D0F8B80200290CBF99
:10C1B000816AC16A0DF1060088470146022019E034
:10C1C000027C002A40F08B800446D0F8B8020D466D
:10C1D000416B0DF10600884771E0027C002A7ED198
:10C1E0000446D0F8B8020D46016B0DF106008847F1
:10C1F00001460720487063E00A062FD0426801F02C
:10C2000001018A426ED0D1B20446FFF711FA2978B3
:10C21000204661602546FFF7D1FE002870D0044615
:10C2200028468021FFF758FE28460021FFF754FEDC
:10C2300029792846FFF7FCF9022085F89C02A0E73F
:10C2400080210446FFF748FE20460021FFF744FE08
:10C2500029782046FFF7ECF9032492E7022201F047
:10C26000010180F89C224160002105460024FFF76F
:10C27000DFF92846FFF730FA83E72846FFF72CFA64
:10C28000032085F89C0200247BE7D0F8B422526991
:10C290000EE0D0F8B422D2680AE0D0F8B4221269D5
:10C2A00006E0D0F8B422926802E0D0F8B422926995
:10C2B000AAB10D460446007C0DF1060190470146E7
:10C2C000EA8872B1BDF8063083B1934238BF1A468E
:10C2D000ADF806202046FFF7F1F9002451E70446A7
:10C2E00005E02046FFF7F8F900244AE720468021C0
:10C2F000FFF7F2FD20460021FFF7EEFD002440E7A6
:10C300002846EFE770B50A780D46097912F0600209
:10C31000044609D0402A01D0202A42D12046FFF706
:10C3200091F9D0B1002070BD687888B3012821D080
:10C33000032836D194F89C0203281FD1688838B9A5
:10C3400011F07F0004D0E88810B92046FFF7C4FD43
:10C350002046FFF7C1F9002070BDD4F8B80282680A
:10C360000020002AC4F8D402DCD020462946BDE8CB
:10C370007040104794F89C0203281CD0022810D16A
:10C3800048060ED02046FFF7A7FD204680210EE08C
:10C3900094F89C0203281ED0022808BF5FEA41607F
:10C3A00044D020468021FFF797FD20460021FFF76B
:10C3B00093FD002070BD68880028B3D10E46480662
:10C3C00003D020463146FFF781FB2046FFF784F972
:10C3D00020463146A3E701F00F0000EB80008029E2
:10C3E00004EB80002CBF90F8230090F86301002834
:10C3F000D7D001F07F0000EB800004EB800000F15B
:10C40000140501EB810004EB8000802938BF00F5A2
:10C41000AA75480605D02046FFF764FC08B1012044
:10C4200000E0002005F10E01A87309E008064FF0B6
:10C43000140058BF4FF4AA702118002001F80E0F05
:10C4400020460222FFF73AF9002070BDB0B50A7805
:10C4500012F0600218BF402A10D190F89C22013AD5
:10C46000022A0DD88A8812F0FE0F09D10C46D1B2EB
:10C470000546FFF7E9F870B10320B0BD202AECD0E3
:10C4800080210446FFF728FD204600210024FFF705
:10C4900023FD2046B0BDD5F8B8128A68002AEBD03B
:10C4A00000212846C5F8D41221469047E188044669
:10C4B000002908BF002CECD12846FFF70DF9002019
:10C4C000B0BD00007047000040F2A030C2F2000092
:10C4D0007047000010B50A784B78D0F81CE802F0DD
:10C4E0000F04012B4FEA421C17D10123A34043EA5A
:10C4F0000E03C0F81C386044D0F800391B0427D460
:10C500008B6800F51060097904686FF3DF2343EA54
:10C51000814144EA8252114315E04FF48032A24037
:10C5200042EA0E02C0F81C286044D0F8002B120426
:10C530000ED48A6800F5306009796FF3DF22036852
:10C5400042EA8141194341F0805141F400410160C8
:10C55000002010BD0146D0F8000940F2FF72904360
:10C56000C1F80009D1F8040840F480720020C1F835
:10C570000428704782B002F47F42B2F5807F60D118
:10C58000826B4FF6BF7322F480328263C268CFF6AB
:10C59000BD731A40C260029BC268DBB222F4401233
:10C5A000012BC26003D1C26842F48012C260002233
:10C5B0000092009A01320092009AB2F1706F00F27C
:10C5C000B9800269002A21D4009A01320092009AAF
:10C5D000B2F1706F00F2AE800269002A16D4009AA0
:10C5E00001320092009AB2F1706F00F2A3800269EA
:10C5F000002A0BD4009A01320092009AB2F1706FB7
:10C6000000F298800269B2F1FF3FD2DC0A2200BF3B
:10C610000092009A002A5ED0009A013A0092009A95
:10C62000002A58D0009A013A0092009A002A52D06B
:10C63000009A013A0092009A002A4CD0009A013ADE
:10C64000E6E7C26842F04002C26000220192019A0D
:10C6500001320192019AB2F1706F00F29D8002697D
:10C66000002A20D4019A01320192019AB2F1706F2E
:10C6700000F292800269002A15D4019A01320192D7
:10C68000019AB2F1706F00F287800269002A0AD421
:10C69000019A01320192019AB2F1706F7CD802695D
:10C6A000B2F1FF3FD3DC0A220192019A002A44D062
:10C6B000019A013A0192019A002A3ED0019A013A68
:10C6C0000192019ACAB3019A013A0192019AA2B366
:10C6D000019A013AE8E7026942F001020261009A18
:10C6E00001320092009AB2F1706F23D80269D2072A
:10C6F0001DD0009A01320092009AB2F1706F19D8E1
:10C700000269D20713D0009A01320092009AB2F166
:10C71000706F0FD80269D20709D0009A01320092D7
:10C72000009AB2F1706F05D80269D207D7D14FF0E5
:10C73000000C3CE04FF0030C39E0026942F00102CA
:10C740000261019A01320192019AB2F1706F23D80D
:10C750000269D2071DD0019A01320192019AB2F109
:10C76000706F19D80269D20713D0019A0132019271
:10C77000019AB2F1706F0FD80269D20709D0019AFD
:10C7800001320192019AB2F1706F05D80269D207A5
:10C79000D7D14FF0000C01E04FF0030C826B13F483
:10C7A0007F4F14BF22F4803242F48032826301F45E
:10C7B0007F01B1F5803F07D1816841F006018160BA
:10C7C000816841F020018160604602B0704700003E
:10C7D00010B54A7891F800E047F6000CCEF6334CDD
:10C7E000012A4FEA4E1226D10244D2F8001902F56E
:10C7F0001063B1F1FF3F4FF0010407DC196841F00D
:10C8000000611960196841F0804119600EF00F0154
:10C81000D0F83C2804FA01F18A43C0F83C28D0F84B
:10C820001C2822EA0101C0F81C18186800EA0C0153
:10C830000020196010BD811801F53063D1F8001B8C
:10C840000CF1707CB1F1FF3F4FF48034DEDCD5E7B2
:10C850000146D0F8000E20F00300C1F8000ED1F818
:10C86000040820F002020020C1F8042870470000EC
:10C870000146D0F8000E20F00300C1F8000ED1F8F8
:10C88000040840F002020020C1F8042870470000AC
:10C890002DE9F04F86B0C3F3074516468E460021BA
:10C8A000C0F80411C0F80811C0F80C11C0F810113C
:10C8B000C0F81411C0F81811C0F81C11C0F82011EC
:10C8C000C0F82411C0F82811C0F82C11C0F830119C
:10C8D000C0F83411C0F83811C0F83C113DB1816B7B
:10C8E00021F400118163816B41F4002110E0D0F844
:10C8F000041841F00201C0F80418816B41F40011E2
:10C900008163816B21F400218163816B21F480219B
:10C9100006F47F4281630021B2F5807FC0F8001EDB
:10C9200007D1D0F80028B1EB1E6F07D1C0F800285E
:10C9300008E0D0F8001841F0030101E042F00101E5
:10C94000C0F8001800210491049901310491049960
:10C95000B1F1706F51D8016900291ED404990131D9
:10C9600004910499B1F1706F47D80169002914D47A
:10C970000499013104910499B1F1706F3DD80169B6
:10C9800000290AD40499013104910499B1F1706F1E
:10C9900033D80169B1F1FF3FD6DC002104914FF497
:10C9A000846101610499013104910499B1F1706FBE
:10C9B00023D8016989061DD5049901310491049990
:10C9C000B1F1706F19D80169890613D50499013145
:10C9D00004910499B1F1706F0FD80169890609D5E6
:10C9E0000499013104910499B1F1706F05D801697E
:10C9F0008906D7D44FF0000A01E04FF0010A002168
:10CA000005910599013105910599B1F1706F4ED8E5
:10CA1000016900291ED40599013105910599B1F1EB
:10CA2000706F44D80169002914D40599013105912A
:10CA30000599B1F1706F3AD8016900290AD40599B6
:10CA4000013105910599B1F1706F30D80169B1F1EB
:10CA5000FF3FD6DC002105911021016105990131CC
:10CA600005910599B1F1706F21D80169C90620D5EA
:10CA70000599013105910599B1F1706F17D80169D8
:10CA8000C90616D50599013105910599B1F1706F67
:10CA90000DD80169C9060CD5059901310591059993
:10CAA000B1F1706F03D80169C906D7D401E04FF026
:10CAB000010A5FFA8EF94FF00008B9F1000FC0F8D3
:10CAC0001088C0F81488C0F81C8800F00E81CDF8DA
:10CAD0000CA0CDE9015ED0F800194FF0006404EA23
:10CAE00011114FF67F35B9F1010BC0F80019C0F8EC
:10CAF0001089C0F8085975D0A9F1020103290BF07B
:10CB0000030A04D20121BAF1000F41D16AE0009674
:10CB10002BF0030700F5186600234FF0904C4FF6FA
:10CB20007F324FF0000E00BF56F8601C0EF1040E6D
:10CB30000CEAE17146F8601C46F8503C46F8582C67
:10CB400056F8401C77450CEAE17146F8401C46F85F
:10CB5000303C46F8382C56F8201C0CEAE17146F8B7
:10CB6000201C46F8103C46F8182C31680CEAE1719C
:10CB700031603361B26006F18006D5D1009E0EF1BE
:10CB800001014FF67F354FF00064BAF1000F29D054
:10CB900000F510634F01B446DE594FF0904202EAAF
:10CBA000E67603EB4111DE51664600274FF67F33F0
:10CBB000BAF1010F0F618B6014D00E6ABAF1020F47
:10CBC00002EAE67266460A620F638B620AD00A6C5A
:10CBD0004FF0904303EAE2720A6400220A654FF6BE
:10CBE0007F328A64D0F8001BBBF1000F04EA1111F8
:10CBF000C0F8001B4FF00001C0F8101BC0F8085B24
:10CC0000DDE9015EDDF80CA06FD0A9F10201032976
:10CC10000BF0030C04D20121BCF1000F3BD164E006
:10CC2000A94600962BF0030500F5386600234FF067
:10CC300090474FF67F32002156F8604C043107EAE6
:10CC4000E47446F8604C46F8503C46F8582C56F8C8
:10CC5000404C8D4207EAE47446F8404C46F8303CBC
:10CC600046F8382C56F8204C07EAE47446F8204C75
:10CC700046F8103C46F8182C346807EAE47434602F
:10CC80003361B26006F18006D6D1009E01314D4677
:10CC9000BCF1000F29D000F530634F013446DE5956
:10CCA0004FF0904202EAE67603EB4111DE51264650
:10CCB00000274FF67F33BCF1010F0F618B6014D05A
:10CCC0000E6ABCF1020F02EAE67226460A620F63A0
:10CCD0008B620AD00A6C4FF0904303EAE2720A6456
:10CCE00000220A654FF67F328A64D0F810181EF4CD
:10CCF0007F0F21F48071C0F810186FF08041C0F8E8
:10CD00001880416103D1816941F01001816181691D
:10CD100043F60002C8F23C02114316F47F0F816112
:10CD200003D0816941F008018161012D05D181693C
:10CD300041F0804141F004018161504606B0BDE8F8
:10CD4000F08F00000146806820F0010200208A6018
:10CD500070470000D0F840C043F20B03C4F6547390
:10CD60009C4503D3D0F8003B002B1ED40023C0F811
:10CD7000103BD0F8103B012943F40023C0F8103BCE
:10CD8000D0F8103B43F01803C0F8103BD0F8103B2C
:10CD900043F0C043C0F8103B07D1C0F8142BD0F8C3
:10CDA000001B41F08021C0F8001B002070470000EC
:10CDB0004A780B78012A4FEA431210440DD1D0F87B
:10CDC000002922F40012C0F80029097901F0FE01BF
:10CDD000022913D100F510600CE0D0F8002B22F4EA
:10CDE0000012C0F8002B097901F0FE01022905D1DB
:10CDF00000F53060016841F080510160002070470B
:10CE00000A784B785101012B084406D1D0F800195B
:10CE1000002900F5106106D50AE0D0F8001B0029B2
:10CE200000F5306104D41AB1086820F08040086031
:10CE3000086840F4001200200A607047F0B54B7893
:10CE4000002591F800C04FF6FF76CFF6F875012B5C
:10CE5000CEF207062AD10C6900EB4C1EDEF81079E1
:10CE6000002C0EF510634BD03D401D611D69BCF1D7
:10CE7000000F05EA06051D618E686FD0A519013DFA
:10CE8000B5FBF6F50026C1F6F8761F6906EAC54639
:10CE90003E431E610E79012E6CD11E6926F0C046FC
:10CEA0001E614FF0C04606EA457560E000EB4C138A
:10CEB000D3F8107B4FF6FF742F40C3F8107BD3F8E4
:10CEC000107BC0F207043740C3F8107B8D680E69F1
:10CED000BCF1000F03F530631DD006B37719013F95
:10CEE000B7FBF5F740F2000CBEB26E430E62C1F61E
:10CEF000F87C1D690CEAC7472F4326401F6115E0E7
:10CF000007EA06041C611C6944F400241C611C69C6
:10CF10002540002433E0002E18BF0D610D621F690B
:10CF200005EA040637431F614FF400261F69012AF2
:10CF300047EA06071F6103D1CA68002A18BF5A6171
:10CF40000979012931D1D0F808081968C0054FF0D6
:10CF5000805058BF4FF00050084325E0B44204D938
:10CF60000E614FF40025344601E04FF400251E69A0
:10CF700035431D6125461E696FF3DF453543012AA0
:10CF80001D6119D1CA69002A18BFCEF81429097980
:10CF900001290AD1D0F80818DEF80009C9054CBFEC
:10CFA00040F0805040F0005018604FF00441186885
:10CFB000084318600020F0BD00F510634FEA4C16DE
:10CFC0009F5947F004479F510F79012F3AD1D0F86C
:10CFD0000878F558FF054FF0805758BF4FF00057BD
:10CFE0002F43002AF750E5D1A2B2002AE2D0D61C86
:10CFF0004FF0FF33C96803EB960300F580504FEA0A
:10D000000C32032BC6F381030ED3B70827F00306B7
:10D010000F68043E17504F6817508F681750CF683D
:10D0200001F110011750F3D1002BC3D00F68012B71
:10D030008750BFD04F68022B8750BBD08968815082
:10D040000020F0BD002CB5D00CF00F01012202FA37
:10D0500001F100F63403AAE781B0002200924A7879
:10D060000978012A4FEA41113AD100F5106250586F
:10D07000B0F1FF3F3ADC885842F2107340F0006094
:10D080008850885840F080408850009801300090C7
:10D090000098984262D85058B0F1FF3F26DC0098C3
:10D0A000013000900098984258D85058B0F1FF3F96
:10D0B0001CDC009801300090009898424ED85058DF
:10D0C000B0F1FF3F12DC00980130009000989842C8
:10D0D00044D85058B0F1FF3F4FF00000D5DD3BE0A1
:10D0E00000F530625058B0F1FF3F02DD002001B082
:10D0F0007047885842F2107340F00060885088589A
:10D1000040F080408850009801300090009898428C
:10D1100024D85058B0F1FF3FE8DC0098013000906F
:10D12000009898421AD85058B0F1FF3FDEDC0098C2
:10D13000013000900098984210D85058B0F1FF3F4D
:10D14000D4DC0098013000900098984206D85058DE
:10D1500000284FF00000D6D401B07047012001B084
:10D16000704700000146806840F0010200208A609C
:10D170007047000081B000220092009A01320092B4
:10D18000009AB2F1706F51D80269002A1ED4009A39
:10D1900001320092009AB2F1706F47D80269002AFA
:10D1A00014D4009A01320092009AB2F1706F3DD807
:10D1B0000269002A0AD4009A01320092009AB2F160
:10D1C000706F33D80269B2F1FF3FD6DC89010022CB
:10D1D0002031009201610099013100910099B1F173
:10D1E000706F23D8016989061DD50099013100911E
:10D1F0000099B1F1706F19D80169890613D50099AA
:10D20000013100910099B1F1706F0FD80169890661
:10D2100009D50099013100910099B1F1706F05D8DD
:10D2200001698906D7D4002001B07047032001B0FE
:10D2300070470000D0F8080800F0060180074FF0A2
:10D24000020058BF0F20002908BF084670470000A1
:10D25000406900F001007047D0F81818D0F81C0899
:10D26000084080B270470000D0F81818D0F81C08A9
:10D270000840000C70470000D0F810C8D0F83438CF
:10D2800001F00F0223FA02F2D20100EB4110D2B2F8
:10D29000D0F8080942EA0C010840704700EB411140
:10D2A000D1F8081BD0F8140808407047416980691C
:10D2B0000840704710B5930802F0030E2BD05A1E99
:10D2C000032A03F0030C0FD323F003034FF480521F
:10D2D0008458043B0C6084584C6084588C6084589B
:10D2E000CC6001F11001F3D1BCF1000F13D04FF469
:10D2F000805284580B46BCF1010F43F8044B04D113
:10D300001946BEF1000F09D11DE08258BCF1020F91
:10D310004A601AD10831BEF1000F14D04FF4805288
:10D3200080580A46BEF1010F02F8010B04BF1046F7
:10D3300010BD020ABEF1020F4A7004BF881C10BD66
:10D34000000C88700331084610BD4FF4805282589B
:10D350008A600C31BEF1000FE0D1F4E7B0B50446AD
:10D36000C06820F0C040E06091B1012926D1E0689A
:10D37000002540F00050E0600A20F8F789FD606960
:10D38000C00705F10A0014D1BE2D0546F4D310E004
:10D39000E068002540F08040E06000BF0A20F8F718
:10D3A00077FD6069C00705F10A0002D0BE2D054671
:10D3B000F4D3C838B0FA80F04009B0BD0120B0BD48
:10D3C0000246D0F8000801F07F0120F4FE60C2F8A8
:10D3D0000008D2F8000840EA01110020C2F8001845
:10D3E00070470000022A02465CD145F24030CFF679
:10D3F000277043F200530844C0F20C03984202D253
:10D400004FF4705050E041F64060CFF61B7044F28C
:10D4100040230844C0F20F03984202D24FF46050F8
:10D4200042E0A1F5740044F68073A0F51050C0F2FC
:10D430001203984202D24FF4505035E0A1F18370AC
:10D440004DF22063A0F5E740C0F21303984202D2E8
:10D450004FF4405028E04BF26060CFF6E5604EF2AA
:10D4600060330844C0F21603984202D24FF43050A1
:10D470001AE04DF20030CFF6CE6047F24073084418
:10D48000C0F21B03984202D24FF420500CE045F644
:10D49000C030CFF6B36049F2C0130844C0F2210394
:10D4A00098420AD24FF41050D16821F47051D160E3
:10D4B000D16801430020D1607047A1F1B77047F2F5
:10D4C0002053A0F55850C0F23803984202D24FF4CE
:10D4D0000050E9E745F2E040CFF6596049F6E043F5
:10D4E0000144C0F241034FF4C050994238BF4FF499
:10D4F000E050D9E710B5DDF808C0BCF1000F2CD121
:10D500005BB303F1030E4FF0FF3303EB9E0300F513
:10D5100080541203032BCEF3810C0FD34FEA9E03EA
:10D5200023F003030868043B1051486810518868D1
:10D530001051C86801F110011051F3D1BCF1000F76
:10D540000BD00868BCF1010FA05006D04868BCF1B0
:10D55000020FA0501CBF8868A050002010BD000022
:10D56000FEE700004EF60C50BFF34F8FCEF20000E6
:10D570000168042201F4E061C0F2FA521143016033
:10D58000BFF34F8F00BF00BF00BF00BFFAE700002E
:10D5900070B540F67C35C2F20005687801280CD1E0
:10D5A000A87822283EDD232800F07A80F42800F0B5
:10D5B0007380F52840F03F815DE0EA78511E05292F
:10D5C0003AD2A8780238232800F23581DFE810F03B
:10D5D0002400780033013301330133013301330177
:10D5E000330133013301330133013301330133019B
:10D5F000330133013301330133013301330133018B
:10D600003301330133013301330133013301960018
:10D610002F00A20033018C00696811F8010B02F0A1
:10D62000B5FA08E1212847D0222840F00481686833
:10D63000007801F0B9FBFEE0082AC2D0002A40F0D1
:10D64000FA80A978302940F3B180A1F1F0020E2AC6
:10D6500000F2CE80DFE812F01300D700DB00D30029
:10D6600020000F00E400DF00E700EF00EF00EF0014
:10D67000EF00EF00F200042001F092FCDBE040F24A
:10D680001C21C2F200010A78002A00F0E58040F275
:10D690001C30C2F200009BE0032001F081FCCAE0D4
:10D6A000686805F10C040078214604F071F9204601
:10D6B000042100F049FDBEE0686801F0B7FBBAE064
:10D6C00068680078FF286AD005F10C0405F10802AB
:10D6D000214602F04FF86978A8782A7A02296FD19A
:10D6E000214604F037FDA6E0D5F804C0032902F076
:10D6F000030E85F88C2020D2002235E068680022D5
:10D70000016841F6F050C2F20000C0E9001201F0D9
:10D710008DFB90E0686805F10C044078214604F028
:10D7200037F96A780421A878022A297221464FF035
:10D73000040246D104F00EFD7DE002F07C030CF102
:10D7400001040022A01810F8011CAE1886F88D10F4
:10D75000A15C043286F88E104178934286F88F10CF
:10D76000807886F89000EDD1BEF1000F63D01CF8F0
:10D770000200A918BEF1010F81F88D005BD0501C8A
:10D780001CF800102844BEF1020F80F88D1052D012
:10D79000901C1CF80010284480F88D104BE041F6D6
:10D7A000B130C2F200000121017044E0012912D021
:10D7B000042913D0252904BF002085F88C003AE005
:10D7C000214604F013FCB0BB40F21C20C2F2000062
:10D7D000002101702FE001F0C9FF26E002F0C6F938
:10D7E0006FF00F01002818BF6FF0010129731EE0D0
:10D7F000312920D100F072FB80BBF02016E002201E
:10D8000001F0CEFB17E0012001F0CAFB13E0062077
:10D8100001F0C6FB0FE041F6E020C2F20000C2E7D3
:10D8200003F03AFA07E001F023FEFE2028730120FE
:10D83000287201F011FD0020287070BD41F63050B3
:10D84000C2F200000021017040F21C20C2F2000070
:10D85000017085F88C10EEE70870ECE7FE20287365
:10D860000120287201F0F8FCFFF77CFE70B541F64C
:10D870003056C2F20006307840F67C35C2F2000520
:10D88000F021A97080B105F10C01002004F080F8AE
:10D8900005F11001012004F07BF805F114010220CC
:10D8A00004F076F80C200EE005F10C042046F6F7A3
:10D8B000DCFC204419A12F22F6F7B3FC2046F6F732
:10D8C000D4FC012131706978AB780229287205F106
:10D8D0000C01C2B2184602D104F03CFC08E004F08E
:10D8E00085FB28B940F21C20C2F200000021017023
:10D8F00040F21C30C2F2000001780131CAB20B2A9A
:10D90000017038BF70BD40F21C20C2F2000000213F
:10D910000170317085F88C1070BD00BF5844722DB5
:10D92000502C4F5F56312E305F3236303330332C2F
:10D930007869616F77616E672C313030412C3230FD
:10D940002D3330562C3930C2B04300002DE9F04160
:10D9500040F67C35C2F200052C78F8F7CDFC34B1E6
:10D9600040F6D821C2F200010860BDE8F08141F61E
:10D97000B136C2F20006317840F6EC24C2F200045F
:10D980000129206021D140F6F024C2F20004216870
:10D99000401A0228E9D341F6B037C2F200073878BE
:10D9A00005F10D0105F1080201F0E4FE38782A7A4C
:10D9B00069782873A878013202292A7205F10C01CE
:10D9C000D2B232D104F0C6FB38E041F6E027C2F211
:10D9D00000073978012913D140F6F026C2F200067B
:10D9E0003168401A0228C0D305F10C0405F1080182
:10D9F000204601F079FD00287CD0002038708CE0B2
:10DA000040F21C21C2F20001097829B340F6D82661
:10DA1000C2F200063168411AB1F5FA7F41D9FFF729
:10DA200025FF20683060BDE8F08104F0DFFA28B9F6
:10DA300040F21C20C2F20000002101703878013051
:10DA4000C1B22E29387002BF002038703070F8F74C
:10DA500053FC2060BDE8F08195F88C1000293FF45C
:10DA600084AF40F6F021C2F200010A68821A022A4D
:10DA700038BFBDE8F0818C260C240860A8194078D6
:10DA8000291903F085FF95F88C10A6F18B0001365B
:10DA900004348842F2D305F10C00BDE8F04104F0F3
:10DAA00047BC40F6F028C2F20008D8F80010401A2F
:10DAB0000328FFF45AAF95F88C0000283FF455AFC7
:10DAC00025208C260C27A870A8194078E91903F0A6
:10DAD0005FFF95F88C00A6F18B0101360437814277
:10DAE000F2D38000287201F0B7FB2068C8F800006C
:10DAF000BDE8F0816978A8782A7A022903D1214605
:10DB000004F028FB09E0214604F070FA28B940F23D
:10DB10001C20C2F2000000210170F8F7EDFB30601C
:10DB2000BDE8F0819FED221A9FED222A20EE010A26
:10DB3000B5EE001A30EE010ABDEEC01A11EE100A61
:10DB4000B5EE400AF1EE10FAB8BF013801EE100A46
:10DB5000B8EEC11A30EE410A20EE020ABDEEC01A3C
:10DB60009FED152A11EE100A002130EE021AB1EBDA
:10DB7000502F42F6EC511CBF0020B0EE410AC0F617
:10DB8000010101EE100A01EB8001B8EE411A30EEFE
:10DB9000410A91ED001A91ED012AB7EE003A33EEF9
:10DBA000403A23EE011A20EE020A31EE000A7047D5
:10DBB00083F9223E00000044000000C49FED201ABB
:10DBC0009FED202A20EE010ABDEEC01A11EE100AC8
:10DBD000B5EE400AF1EE10FAB8BF013801EE100AB6
:10DBE000B8EEC11A30EE410A20EE020ABDEEC01AAC
:10DBF0009FED152A11EE100A002130EE021AB1EB4A
:10DC0000502F42F6EC511CBF0020B0EE410AC0F686
:10DC1000010101EE100A01EB8001B8EE411A30EE6D
:10DC2000410A91ED001A91ED012AB7EE003A33EE68
:10DC3000403A23EE011A20EE020A31EE000A704744
:10DC400083F9223E00000044000000C410B5F8F73C
:10DC500053FB41F6AC44C2F200042168401A642828
:10DC600038BF10BDF8F748FB034641F2001040F6FC
:10DC70003A51C2F20000C2F2000104222360BDE862
:10DC80001040F7F7E9B9000010B541F65024C2F290
:10DC900000042046FAF764FE20460C21FBF7ECF95D
:10DCA00041F2B80040F63451C2F20000C2F2000165
:10DCB0000322F7F7D1F941F2001040F63A51C2F2CF
:10DCC0000000C2F200010422F7F7C6F9206840F60E
:10DCD0000201016440F6A05040F69451C2F20000E7
:10DCE000C2F20001052203F0F9F840F6B85040F600
:10DCF000AC51C2F20000C2F20001052203F0EEF8BE
:10DD000040F6D05040F6C451C2F20000C2F2000109
:10DD10000522BDE8104003F0E1B80000F0B581B085
:10DD200040F63457C2F200070D463988064640F6E1
:10DD3000A050C2F20000144602F0B6FF7988388085
:10DD400040F6B850C2F2000002F0AEFFB988788009
:10DD500040F6D050C2F2000002F0A6FF39889FEDD5
:10DD6000281A00EE101A40F64051C2F20001B8EE37
:10DD7000400A91ED002A798820EE010A30EE420A2D
:10DD800002EE101A40F64451C2F20001B8EE422AE7
:10DD900091ED003A22EE012AB88032EE432A03EEDA
:10DDA000100A40F64850B8EE433AC2F2000090ED37
:10DDB000004A23EE011A9FED133AB5EE400A31EE08
:10DDC000441AF1EE10FAB0EE434AB5EE402AC8BF4D
:10DDD000B0EE404AF1EE10FAB0EE430AB5EE401A4A
:10DDE000C8BFB0EE420AF1EE10FAC8BFB0EE413A39
:10DDF00086ED004A85ED000A84ED003A01B0F0BDE1
:10DE00004108043D0000000080B540F68D5CC2F280
:10DE1000000C9CF800E0BEF1020F23D0BEF1010F10
:10DE200011D0BEF1000F2CD140F63A51C2F20001E0
:10DE3000097843F2F052C0F60102515C01700120F2
:10DE40008CF8000080BD40F63A50C2F200004078E5
:10DE500043F2F052C0F60102105C087002208CF808
:10DE6000000080BD40F63A50C2F20000807843F2D4
:10DE7000F051C0F60101085C107003208CF800001E
:10DE800080BD0078097812780844104400EE100A2A
:10DE9000B8EEC00AB0EE081A80EE010A00208CF835
:10DEA000000083ED000A80BD40F63A51C2F2000145
:10DEB000C9789FED051A00EE101AB8EE400A20EE60
:10DEC000010A80ED000A70473A07543E41F650219E
:10DED000C2F20001096808647047000010B586B0FE
:10DEE000F8F714F900200190022005900B20039010
:10DEF0000120049001A86946F7F7DEFF20B1F8F78A
:10DF000091F8002006B010BD002145F27862C0F6FD
:10DF10000E01C1F2342202200023F8F78DF80446E6
:10DF2000F8F780F8B4FA84F0400906B010BD00009C
:10DF300010B592B040F64843C2F20003684603F1C0
:10DF40001001442251F8044B043A40F8044BF9D133
:10DF50000FCB01F0F7FE0928044608BF00F036FD9C
:10DF6000A4F10900B0FA80F0400912B010BD000021
:10DF7000F0B593B040F2FC16C2F2000630604001EA
:10DF8000002780B271710E21CDE900074FF6E070D5
:10DF900041F24C140591012102900620C2F20004C6
:10DFA000CDE9071103906946204606970497F7F7D5
:10DFB0007FF9B0FA80F040F64C554009C2F20005F6
:10DFC00028702046F7F7D4FC002841F24C10C2F22A
:10DFD00000004FF0020118BF2F70F7F70BF900286F
:10DFE0001CBF00202870707960B140F2702106F1EA
:10DFF0000800C2F20001402203F060FC032804BFC5
:10E0000000202870306842F6EA51CDE90A0000206D
:10E01000CDE90C000120C0F601010E90F520097831
:10E020008DF83C0041F24C108DF84410C2F2000013
:10E030000AA911AA10ABF7F7F1F841F24C14C2F299
:10E04000000400281CBF0220287000BF2046F7F7FC
:10E0500031FA0328FAD313B0F0BD00002DE9F047E0
:10E0600040F2FC10C2F2000041F6A94500F108049C
:10E07000C2F200052046294603F0E0FB002818BF45
:10E08000BDE8F08740F6CA2741F6A84641F6A04809
:10E09000C2F20007C2F20006C2F200084FF0000907
:10E0A0004FF0010A0BE000BFE52804BF87F800A08D
:10E0B00086F800902046294603F0C0FBA8B93978BD
:10E0C00028780129F0D13178072906D85E2807D1B0
:10E0D000404600F00DF886F8009087F80090E9E7D8
:10E0E0004A1C327008F80100E4E7BDE8F087000040
:10E0F00040F67C32C2F200021378002B18BF704742
:10E10000013907291BD8DFE801F004101A091A1A8F
:10E110001A16007890700020D07010E040F2214173
:10E12000518000215060416009E010F8011B91709E
:10E130000121D17002E040F621015180506040F28F
:10E1400001101080FFF724BA10B58AB00A4640F2D9
:10E15000FC11C2F200010B6801460020CDE903006A
:10E16000F520CDE9013305928DF8180012B108A809
:10E17000F6F757F841F24C10C2F2000001A908AAC4
:10E1800007ABF7F74BF828B140F64C50C2F200004D
:10E190000221017041F24C14C2F200042046F7F74C
:10E1A00089F90328FAD301200AB010BDF0B58BB06D
:10E1B00041F24C14C2F20004064620460D46F7F721
:10E1C00005FC0E2040F2FC1706900120C2F2000769
:10E1D000CDE9080070017D71002580B2CDE901050F
:10E1E0004FF6E07003900620049001A920463E609F
:10E1F00007950595F7F75CF8B0FA80F040F64C56B5
:10E200004009C2F2000630702046F7F7B1FB002843
:10E2100041F24C10C2F200004FF0020118BF3570FD
:10E22000F6F7E8FF00281CBF00203070787960B155
:10E2300040F2702107F10800C2F20001402203F011
:10E240003DFB032804BF002030700BB0F0BD000080
:10E2500080B540F69C40C2F2000041780069002978
:10E2600018BF0121FFF784FE03F04EFF40F21C208F
:10E27000C2F200000021017080BD000080B5FFF7F0
:10E2800065FBBDE88040FFF7E9BE000041F6E420F1
:10E29000C2F2000090F8201090ED091A30EE600AEA
:10E2A000C9B190ED033A90ED0A2A20EE033A33EE1D
:10E2B000011AB4EE421AF1EE10FA80ED091A06DCEA
:10E2C000B1EE422AB4EE421AF1EE10FA03DAB0EEE1
:10E2D000421A80ED092A90ED063A90ED074A90ED3A
:10E2E0000B2A21EE041A23EE000A30EE010AB4EEE6
:10E2F000420A0121F1EE10FA80ED0C0A80F820109C
:10E3000007DCB1EE422AB4EE420AF1EE10FAA8BFE1
:10E3100070470021B0EE420A80ED0C2A80F82010F0
:10E32000704700002DE9F04F81B040F61449C2F269
:10E33000000999F80000002800F0D880032840F078
:10E34000FA80F7F7D9FF41F6C631C2F200010B8817
:10E3500041F6C831C2F200010988DCB2C1F385027E
:10E3600042EA841B00EE10BA9FED741A40F61C4A74
:10E37000B8EE400AC2F2000A20EE010A9AED001A35
:10E3800040F62C4C30EE411A40F6304E9FED6C3A80
:10E39000C2F2000CB0EEC12AC2F2000EDCF800702E
:10E3A00040F61848DEF80050B4EE432AC2F20008E6
:10E3B000F1EE10FA88ED000A0ADD4FF0FF36B5EEF7
:10E3C000401AF1EE10FAB8BF01263544CEF80050DD
:10E3D00001EE105A9FED5B2AB8EEC11A21EE021A27
:10E3E00040F6204640F6244531EE001AC2F20006FF
:10E3F000B842C2F2000586ED001A14D0C71B95ED95
:10E40000002A03EE107A9FED504AB8EE433A31EEFF
:10E41000422A23EE043A82EE032A40F62847C2F24B
:10E42000000787ED002A8F078AED000A85ED001AA4
:10E43000CCF800003DD4C8B29E0103EBD013B2B2B9
:10E4400003EB540303EB522303EB922303EBD2239E
:10E4500003EB12328D0802EBD00240F64C5C2A44EA
:10E46000C2F2000C02EB10129CF8017002EB501289
:10E4700002EB901041F6EC53002F04BF03278CF8F9
:10E48000017000EB16200122C2F2000380EA5B302B
:10E4900022EA010193F90060484006F10A01C00731
:10E4A00018BFC6FA52F1C8B26428197019D90221EE
:10E4B0001AE040F64C50C2F200000021417040F6D4
:10E4C0002840C2F2000089F80010C8F80010CAF80D
:10E4D0000010316029600160CEF8001001B0BDE885
:10E4E000F08F022F02D103218CF801100024C4F216
:10E4F0000204012089F8000020464FF40041002268
:10E500000025F7F7F3FE41F6B01040F2602141F626
:10E51000C632C2F20000C2F20001C2F200020123C0
:10E52000F9F740FF38B120464FF400410122F7F7D8
:10E53000DDFE89F8005001B0BDE8F08FDB0FC9396E
:10E54000DB0F4940DB0FC9406F12833A2DE9F047DA
:10E5500084B040F20044C4F20204804620464FF4E6
:10E5600080510022F7F7C2FE41F658160620C2F28B
:10E5700000068DF8040001A9304601224FF47A7399
:10E58000F9F7B8FC20464FF480510122F7F7AEFEB0
:10E590004FF005090DF1050A0DF1060520464FF46F
:10E5A00080510022F7F7A2FE3046514601224FF477
:10E5B0007A738DF80590F9F79DFC304629460122C3
:10E5C0004FF47A73F9F7E2FBBDF8067020464FF47A
:10E5D00080510122F7F78AFEF807DFD120464FF479
:10E5E00080510022F7F782FE41F658162020C2F231
:10E5F00000068DF809000DF10901304601224FF4A3
:10E600007A73F9F777FC4FEA18408DF80A000DF19C
:10E610000A01304601224FF47A73F9F76BFC4FEA96
:10E6200018208DF80B000DF10B01304601224FF43C
:10E630007A73F9F75FFC03A9304601224FF47A732D
:10E640008DF80C80F9F756FC20464FF480510122DA
:10E65000F7F74CFE4FF005080DF10D090DF10E070F
:10E6600020464FF480510022F7F740FE30464946DD
:10E6700001224FF47A738DF80D80F9F73BFC304698
:10E68000394601224FF47A73F9F780FBBDF80E503A
:10E6900020464FF480510122F7F728FEE807DFD12A
:10E6A00004B0BDE8F087000070B504460844000BD4
:10E6B000A0EB1430002586B22046FFF747FF013556
:10E6C000A8B2B04204F58054F6D970BDF0B583B05D
:10E6D00040F20044C4F2020420464FF4805100226C
:10E6E000F7F704FE0A20F7F7D3FB41F658159F20F1
:10E6F000C2F200058DF805000DF105012846012242
:10E700004FF47A73F9F7F6FB0DF106012846012262
:10E710004FF47A73F9F73AFB9DF8067002A9284680
:10E7200001224FF47A73F9F731FB9DF808600DF17F
:10E730000A01284601224FF47A73F9F727FBEF2FDD
:10E740000ED1F0B240280BD19DF80A00C0B21828B3
:10E7500006D140F64C50C2F20000012181700AE05F
:10E7600040F6CB20C2F200000178042903D8013121
:10E770000170FFF7ABFF20464FF480510122F7F7FD
:10E78000B5FD03B0F0BD00002DE9F04782B040F2C6
:10E790000048C4F2020815460C46814640464FF434
:10E7A00080510022F7F7A2FD03208DF8020041F608
:10E7B0005810C2F200000DF1020101224FF47A73E9
:10E7C000F9F798FB824630B140F64C50C2F2000097
:10E7D0000221817039E041F65817200CC2F200077F
:10E7E0008DF803000DF10301384601224FF47A73CE
:10E7F000F9F780FB200A8DF8040001A938460122B0
:10E800004FF47A73F9F776FB0DF1050138460122D2
:10E810004FF47A738DF80540F9F76CFBADB141F612
:10E820005814A9F10106C2F200040DF1060700BF59
:10E830002046394601224FF47A73F9F7A7FA9DF87A
:10E840000600013D06F8010FF2D1BAFA8AF0440938
:10E8500040464FF480510122F7F748FD204602B0B0
:10E86000BDE8F0872DE9F04784B040F2004AC4F2D9
:10E87000020A16460F46804650464FF48051002249
:10E88000F7F734FD41F658150620C2F200058DF861
:10E8900007000DF10701284601224FF47A73F9F7BA
:10E8A00029FB50464FF480510122F7F71FFD5046D7
:10E8B0004FF480510022F7F719FD022402A92846DF
:10E8C00001224FF47A738DF80840F9F713FB814663
:10E8D00058B140F64C50C2F20000847050464FF4DC
:10E8E00080510122F7F702FD6AE041F65815380C15
:10E8F000C2F200058DF809000DF109012846012238
:10E900004FF47A73F9F7F6FA380A8DF80A000DF128
:10E910000A01284601224FF47A73F9F7EBFA0DF158
:10E920000B01284601224FF47A738DF80B70F9F72A
:10E93000E1FAA6B141F65815A8F10104C2F20005AA
:10E9400003AF00BF14F8010F39468DF80C002846BC
:10E9500001224FF47A73F9F7CDFA013EF2D1504615
:10E960004FF480510122F7F7C1FC41F658164FF0E1
:10E970000508C2F200060DF10D070DF10E0500BFEE
:10E9800050464FF480510022F7F7B0FC304639462C
:10E9900001224FF47A738DF80D80F9F7ABFA304607
:10E9A000294601224FF47A73F9F7F0F9BDF80E40C9
:10E9B00050464FF480510122F7F798FCE007DFD171
:10E9C000B9FA89F0400904B0BDE8F0872DE9F047B5
:10E9D000A2B040F2F824C2F200042046FFF764FA25
:10E9E00040F69C45C2F20005287A697A4FF0FF3262
:10E9F00095ED090A95ED0A1A95ED0B2A95ED0C3A5D
:10EA000095ED0D4A95ED0E5A95ED0F6A002808BF59
:10EA1000012284F8202084F821102068276A10EE53
:10EA2000101A11EE102A12EE103A84ED010A84ED4C
:10EA3000021A84ED032A84ED043A84ED054A84ED3C
:10EA4000065A84ED076A04978DED003A8DED014A70
:10EA50008DED025A8DED036A02F070FB01F068F94A
:10EA600094ED000A9FED351A684680EE010A05F123
:10EA70001001882251F8043B043A40F8043BF9D1D4
:10EA800095E80F0000F066FD94ED000A03F054F8DD
:10EA900005F188036F790FCB009703F06BF940F60F
:10EAA000484AC2F2000A50465421F5F7D3FB00F061
:10EAB000EBFD02F009FE40F64046C2F20006707817
:10EAC0000AF15007022804D0012807D10AF14800B2
:10EAD00000E0384690ED000A03F056F995F8028000
:10EAE00095F80490AC79ED7950465421F5F7B2FBD6
:10EAF00000F0CAFD02F0E8FD7078022803D001287A
:10EB000005D10AF1480797ED000A03F03DF900200E
:10EB1000012C3470F07105D0002C14BF40F20110AC
:10EB2000012001E04FF48070A6F80500757086F8AA
:10EB3000029086F8038022B0BDE8F087D7B3DD3FAE
:10EB400010B540F64844C2F2000420465421F5F7BF
:10EB500081FB00F099FD02F0B7FD40F64040C2F2A3
:10EB600000004078022805D0012818BF10BD04F12C
:10EB7000480001E004F1500090ED000ABDE81040AB
:10EB800003F002B940F22820C2F2000000214170D7
:10EB9000FFF71CBF70B52DED088B84B040F64045E3
:10EBA000C2F20005E87940F64844C2F20004E0B140
:10EBB00094ED0C0A9FED791A94ED0B2A9FED788A5B
:10EBC00020EE010A30EE020AF0EE480A03F058FF88
:10EBD000B5EE400A30EE081AF1EE10FAB8BFB0EE0A
:10EBE000410A84ED0B0A84ED050A2878022835D005
:10EBF00001282DD0002840F0C5806878002800F05A
:10EC0000888002282FD141F6E426C2F20006307A2D
:10EC100070B196ED050A01A803F0DEF89DED010A3A
:10EC2000D4ED140A84ED130A01F070FE84ED110A8C
:10EC3000F079002864D06878012859D196ED040A4B
:10EC400001A803F0C9F89DED010A84ED110A51E015
:10EC50006878012834D000285BD093E068780028D9
:10EC600057D00228CFD0012840F08C8041F6E4260E
:10EC7000C2F20006F07900284BD096ED040A01A8F4
:10EC800003F0AAF89DED010AD4ED120A84ED110AF1
:10EC900002F088FDE87884ED070AD0B3F079C0B3BC
:10ECA00094ED120AB3EE0E1AB4EE410AF1EE10FA28
:10ECB0002BDD94ED0D0AD4ED0E0A03F07DFB26E06A
:10ECC00041F6E425C2F20005E87970B195ED040A39
:10ECD00001A803F081F89DED010AD4ED120A84ED3C
:10ECE000110A02F05FFD84ED070AA879C0B909E0B6
:10ECF00094ED110AD4ED120A02F054FD84ED070AD6
:10ED0000B07968B994ED0D8A1EE09FED260A84ED76
:10ED1000080A41F6E420C2F2000080790028F1D010
:10ED200094ED070AD4ED090AFFF7B0FA94ED081A3A
:10ED3000D4ED0A0A84ED0E0AB0EE410A00F0C4FCDC
:10ED4000B0EE408A84ED0D0A94ED059A94ED0EBA6A
:10ED5000B0EE490AFEF732FFB0EE40AAB0EE490A23
:10ED6000FEF7E0FE2BEE0A1A28EE002A32EE411AD8
:10ED700084ED0F1A2BEE000A28EE0A1A31EE000A73
:10ED800084ED100A94ED0F0AD4ED100A02F0E4FEAF
:10ED900002F0A8FC04B0BDEC088B70BD17B7513869
:10EDA000DB0FC9400000000010B5044640F64840A3
:10EDB000C2F200005421F5F74DFA40F64040C2F28D
:10EDC0000000447010BD000070B540F64845C2F226
:10EDD0000005044628465421F5F73CFA00F054FC9F
:10EDE00002F072FC40F64046C2F20006707802283B
:10EDF00004D0012808D105F1480001E005F15000D8
:10EE000090ED000A02F0C0FF0020012C3470F07178
:10EE100007D0002C14BF40F201100120A6F8050015
:10EE200070BD4FF48070A6F8050070BDB0B540F617
:10EE30004044C2F200046178022913D001290BD0AA
:10EE4000002918BFB0BD016840F64842C2F2000276
:10EE5000D16140681062B0BD90ED000ABDE8B040DD
:10EE600002F0B2BF90ED000A054602F0ADFFA178B6
:10EE700029B195ED010ABDE8B04002F09DBFB0BDDB
:10EE800040F64840C2F2000080ED0F0AC0ED100AC3
:10EE90007047000010B52DED048B40F64840C2F2DB
:10EEA000000090ED120A9FED158AB0EEC09AB4EE04
:10EEB000489AF1EE10FA17DB40F64044C2F2000423
:10EEC000607801280AD040F64840C2F20000542180
:10EED000F5F7C0F99FED0A0A01206070BEEE001A36
:10EEE00020EE010A02F070FF0020B4EE489AF1EE25
:10EEF00010FAB8BF0120BDEC048B10BDCDCCCC3DC9
:10EF00000000000010B500F057F840F22824C2F2CB
:10EF1000000460780138062837D8DFE800F0042ABA
:10EF20001621122E3700207818B9F5F777FD012049
:10EF30002070FEF7FDFF20B1607807281CBF042079
:10EF40006070BDE81040FFF725BE01202070FFF77C
:10EF5000F7FDF5F763FD6078072816D0052013E06C
:10EF600000202070F5F7FAFC607807280DD0022009
:10EF70000AE0FFF7E5FD002006E0FFF78BFF20B178
:10EF80006078072801D00720607010BD2078002825
:10EF900008BF10BD00202070BDE81040F5F7DEBCB2
:10EFA00040F22821C2F2000120B14A78072A18BF96
:10EFB000487070474870704770B52DED088B00F0B1
:10EFC000C3F840F2F825C2F200052846FEF76CFFB0
:10EFD00040F64844C2F20004211D04F10802204614
:10EFE000FEF79CFE02F0A2FD06282ED801218140EA
:10EFF00011F00C0F1ED111F0300F10D1012101FAC8
:10F0000000F010F0420F20D094ED011A94ED022A86
:10F0100031EE020AB1EE411AB1EE422A1BE094ED44
:10F02000002A94ED013AB1EE420AB1EE431A32EEF3
:10F03000032A10E094ED001A94ED022AB1EE410A81
:10F0400031EE021AB1EE422A05E094ED000A94ED89
:10F05000011A94ED022A40F64046C2F200069FEDE6
:10F06000383A707931EE421A21EE031A002884ED05
:10F07000030A84ED041A50D0FFF754F900F098F811
:10F0800095F8210095ED012A01EE100AB8EE411A1B
:10F0900095F920009FED2B8A84ED060A20EE010AE7
:10F0A00030EE420A01EE100AF0EE480AB8EEC19ABC
:10F0B00003F0E6FCB5EE400A30EE081AF1EE10FA65
:10F0C000B8BFB0EE410A20EE098A94ED03AA94ED90
:10F0D00004BAB0EE480A84ED058AFEF76FFDB0EE83
:10F0E000409AB0EE480AFEF71DFD2BEE091A2AEEF3
:10F0F000002A32EE011A2BEE000A2AEE092A30EE1F
:10F10000420A84ED090A84ED0A1A00F059F884EDE8
:10F11000140A00F05DF884ED120AB07968B194ED3C
:10F12000031AD4ED041A94ED0F0AD4ED100A02F07C
:10F130003FF801F0F5FF84ED120ABDEC088B70BDBD
:10F140003ACD133FDB0FC94041F6E420C2F2000084
:10F150000278C3780132D1B24FF0000C9942A0F886
:10F1600006C080F808C0027038BF70474278037943
:10F170000132D1B280F800C04FF0010C994280F802
:10F1800006C0427013D380B58178437901314FF0C6
:10F19000000ECAB280F801E080F807C09A42817080
:10F1A00022BF80F802E001210172BDE88040704773
:10F1B00040F61840C2F2000090ED000A70470000CF
:10F1C00040F62040C2F2000090ED000A70470000B7
:10F1D00040F62840C2F2000090ED000A704700009F
:10F1E00041F62450C2F20000C1889FED061A00EEDD
:10F1F000101AB8EE400A90ED002A20EE010A80EEC7
:10F20000020A7047D7B3DD3F41F62450C2F2000036
:10F2100001899FED061A00EE101AB8EE400A90ED33
:10F22000002A20EE010A80EE020A7047D7B3DD3FC4
:10F2300041F62450C2F2000041899FED061A00EE0B
:10F24000101AB8EE400A90ED002A20EE010A80EE76
:10F25000020A7047D7B3DD3F40F67C31C2F20001AD
:10F260004B7888780A7A022B02D10C3102F072BFF7
:10F2700080B50C3102F0BAFE0028BDE8804018BF0E
:10F28000704740F21C20C2F200000021017070475C
:10F290002DE9F0410D460446F7F72EF840F6CC274D
:10F2A000C2F20007396841F24818401AB0F57A7F77
:10F2B000C2F2000836D340F20046032CC4F2020624
:10F2C00007D8DFE804F00902020D30460821F7F7FD
:10F2D00005F8032D0BD91FE030460821002202E07B
:10F2E000304608210122F7F701F8032D14D8DFE892
:10F2F00005F00802020D06F500600421F6F7EEFFA6
:10F300000AE006F500600421002203E006F5006033
:10F3100004210122F6F7EAFFF6F7EEFF386000203D
:10F3200088F80000F6F7E8FF3968401AB0F5FA7F70
:10F3300019D398F80000002818BFBDE8F081022D0D
:10F3400040F20045C4F2020504D105F50060042135
:10F35000F6F7C4FF022C03D128460821F6F7BEFFBA
:10F36000012088F80000BDE8F081000010B540F2EF
:10F37000B420C2F20000007940F2BC24C2F20004C2
:10F380002070F6F7B9FF4BF27321C4F2E751A0FBEE
:10F390000101880B40F22821C2F200014968607027
:10F3A000086840F6505CC2F2000C0368DCF8040008
:10F3B0008A68C4E90230106892ED110A2061506831
:10F3C00092ED121A6061D2E90930D2F808E02362A6
:10F3D000136AE0616362D069C4F818E0A06248680B
:10F3E0009FED142A4178007861719CF80810207113
:10F3F000A1709CF80900DCF8381092ED143A21EE67
:10F40000021A20EE020A9FED0C2A92ED134AE070D8
:10F410000878497823EE023A24EE022A84ED0B1A8A
:10F4200084ED0C0A84ED0D3A84ED0E2AA071E17191
:10F4300010BD00BFEBC91841E12E654210B540F286
:10F44000B424C2F20004216840F2BC20C2F20000E1
:10F450003C22FFF707FA2079216801302071C0B201
:10F460003C3109284FF0000038BF0120216010BD59
:10F4700010B54FF480304FF407714FF48034FFF72C
:10F4800013F940F2B420C2F20000002101710460BF
:10F4900010BD000070B540F2B425C2F20005002096
:10F4A00040F2BC2428714FF48036C2F2000400BF41
:10F4B000C0B2C0EB001046EA800120463C22FFF7B4
:10F4C00063F921782879814204D1481CC1B2082906
:10F4D0002871EDD9C0B2C0EB00104FF4803141EA81
:10F4E0008000286070BD00002DE9F04141F6C4376E
:10F4F000C2F200073A780C46082A23D840F2BC260C
:10F500000546C2EB02104FF48031C2F2000641EA18
:10F51000800130463C224FF03C08FFF735F9307847
:10F520003978884211D1013040F2BC2184F8008042
:10F530003870C2F2000128463C22F4F772FE002027
:10F54000BDE8F0810020207000E00020387001202C
:10F55000BDE8F08184B0F0B581B02DED028B0DF1E6
:10F56000200C8CE80F009DF82A109DF82B2041F606
:10F57000E42401EE101A9FED432AC2F20004002099
:10F58000B8EE411AC4E90000A060E170227121EEDA
:10F59000021A02EE102ADDE91C125FFA83FCB8EEB3
:10F5A000422A03EE10CAC4E91B12DDE91A1221EE49
:10F5B000022AB8EE433A84ED2F0A9DED184A9DEDDC
:10F5C000195AC4E90A00206384ED0A0A84ED0B0A83
:10F5D000C4E91100E06484ED110A84ED120A9DED86
:10F5E000210A1EAF22EE033AC4E90800C4E90F0065
:10F5F000C4E91D00C4E91F00C4F88400C4E9141262
:10F60000C4E91600C4E91800A066E0CF9DED228A87
:10F6100004F194002821637184ED031A84ED042A17
:10F6200084ED053A84ED064A84ED075A84ED0D4ACF
:10F6300084ED0E5A84ED1F0A84ED200A84ED180A29
:10F6400084ED190AF4F706FE04F18800E0C04CF6D8
:10F65000CD40C3F64C60C4F8B000B2EE040ADDE958
:10F66000230128EE000A84ED288A84ED2D8A84ED9A
:10F670002B0AC4E93001BDEC028B01B0BDE8F040BB
:10F6800004B0704717B7513841F6E420C2F20000C9
:10F6900000210164C16480F83C104162016380F87C
:10F6A00020108167C0F8841080F87410C1658166ED
:10F6B00080F85810C0E92611C0E92911C0F8B81027
:10F6C00080F894107047000041F6E420C2F2000078
:10F6D00090F83C1090ED101A30EE600AC9B190ED30
:10F6E000033A90ED112A20EE033A33EE011AB4EEFC
:10F6F000421AF1EE10FA80ED101A06DCB1EE422A41
:10F70000B4EE421AF1EE10FA03DAB0EE421A80EDCE
:10F71000102A90ED0D3A90ED0E4A90ED122A21EE4E
:10F72000041A23EE000A30EE010AB4EE420A012167
:10F73000F1EE10FA80ED130A80F83C1007DCB1EE10
:10F74000422AB4EE420AF1EE10FAA8BF7047002137
:10F75000B0EE420A80ED132A80F83C10704700009A
:10F7600040F64041C2F20001C87170470020FEF728
:10F77000EDBE00002D2800F24F81DFE810F02E00D2
:10F78000B5009D00A9007800D400E500AF00F700A7
:10F790008B00F10072008500E0006600A3005900B4
:10F7A000C100EB001F01CE00DA0013012C0197000D
:10F7B000910044014D00320138010001BB000601F7
:10F7C0006C005300410047003B003E0119017E00E0
:10F7D000C700250134005F000C0140F69C40C2F2D6
:10F7E00000008079C7E040F69C40C2F20000D0F8EB
:10F7F0008C000DE140F69C40C2F20000406F07E132
:10F8000040F69C40C2F20000C06E01E140F69C4010
:10F81000C2F20000006FFBE040F69C40C2F2000024
:10F82000C06CF5E040F69C40C2F20000806EEFE054
:10F8300040F69C40C2F20000006AE9E040F69C40BD
:10F84000C2F20000D0F89000E2E040F69C40C2F224
:10F8500000008069DCE040F69C40C2F20000406E8F
:10F86000D6E040F69C40C2F20000007B83E040F608
:10F870009C40C2F20000C0787DE040F69C40C2F29D
:10F880000000D0F88000C3E040F69C40C2F20000C7
:10F890000069BDE040F69C40C2F20000807A6AE058
:10F8A00040F69C40C2F20000406CB1E040F69C4043
:10F8B000C2F20000006CABE040F69C40C2F20000D7
:10F8C000407858E040F69C40C2F20000C0699FE0DA
:10F8D00040F69C40C2F2000080784CE040F69C402C
:10F8E000C2F20000007A46E040F69C40C2F20000FE
:10F8F000C07940E040F69C40C2F20000C06D87E055
:10F9000040F69C40C2F20000406A81E040F69C4014
:10F91000C2F20000D0F884007AE040F69C40C2F2C7
:10F920000000006B74E040F69C40C2F200000079D9
:10F9300021E040F69C40C2F20000406B68E044F2D7
:10F940000000C4F29C6063E040F69C40C2F20000FC
:10F95000407910E040F69C40C2F20000806A57E017
:10F9600040F69C40C2F20000C07A04E040F69C40A1
:10F97000C2F20000407A087001201070704740F613
:10F980009C40C2F20000806D42E040F69C40C2F212
:10F990000000006E3CE040F69C40C2F20000D0F84F
:10F9A000940035E040F69C40C2F20000806B2FE0EE
:10F9B00040F69C40C2F20000C06F29E040F69C4037
:10F9C000C2F20000C06A23E040F69C40C2F2000090
:10F9D000D0F888001CE040F69C40C2F20000C06BEA
:10F9E00016E040F69C40C2F20000006D10E040F6C8
:10F9F0009C40C2F20000406D0AE040F69C40C2F21A
:10FA00000000806F04E040F69C40C2F20000806C71
:10FA100008600420107070470020107070470000CC
:10FA20002DE9F04140F69C44C2F20004204600213A
:10FA30009822FEF7A9FE002800F09680217801297F
:10FA400008BFBDE8F0810022C4F80520C4F80120F9
:10FA500040F20E12C0F20452C4F8092044F200022F
:10FA60000121C4F29C62217044F2000340F2000CB8
:10FA700041F2C25E4CF238154AF68206C4E904121D
:10FA800004F11801C4F29C53C4F27A4CC3F6E86E38
:10FA9000C3F6B245C3F2FB7681E80C5041F26F2207
:10FAA000C4E90A56C3F6832241F26F234CF6CD46D1
:10FAB00004F1380EC3F60323C3F64C6600254CF65A
:10FAC000CD418EE84C000022C4F22025C3F64C51F3
:10FAD000C4F24002C4E91151E56400234DF20A75F5
:10FAE00040F2000E47F2840742F68928226504F1AD
:10FAF0005C02C4F2A013C3F6A335C4F2F01EC4F234
:10FB00005127CCF2DA4882E8224042F689214FF0B0
:10FB10007C566365C4E91A78C4F2DA414CF6CD42EA
:10FB200049F69A134CF6CD4704F1700E4DF20A7C5B
:10FB3000A665C3F6CC52C3F69973C3F68C7700263C
:10FB400000258EE88E000021C3F6234CC4F2C8269F
:10FB5000C4F24825C4F24831C4E90CCCC4E920778A
:10FB6000C4E92265C4E9241CBDE8F08180B5002009
:10FB70009821FEF799FD40F69C40C2F2000000215A
:10FB80009822BDE88040FEF76DBE000010B540F63B
:10FB90009C442D28C2F2000400F2BA80DFE800F095
:10FBA000176B688E5E87585B7B6E973F38B8B8B826
:10FBB000B8A77E81A491264FAA294C2F612CB0AD05
:10FBC00035528455B63294B3228A1E1A3B640878A3
:10FBD000A0719DE00868C4F88C0099E00868C4F83A
:10FBE000880095E00868C4F8800091E00868A06388
:10FBF0008EE0086860648BE00868606588E00868EB
:10FC0000E06485E00868606782E0086820667FE05D
:10FC1000086820617CE00868C4F8900078E0087803
:10FC200094ED070A01EE100AB8EE411A80EE010ABF
:10FC3000207384ED080A6BE00868A06468E0086837
:10FC4000E06365E00868606662E00868E0665FE0BF
:10FC5000087860715CE00878207259E00878E070FC
:10FC600056E00868206553E00868C4F894004FE047
:10FC7000087860704CE00878E07149E008789FED02
:10FC80002B1A00EE100AB8EE400A81EE000AA072AC
:10FC900084ED060A3CE00878607239E00868A062EA
:10FCA00036E00868E06233E00868A06630E0087873
:10FCB00020712DE00868C4F8840029E00878A0705D
:10FCC00026E00868606323E00868A06720E0087801
:10FCD00094ED060A01EE100AB8EE411A80EE010A10
:10FCE000E07284ED070A13E00868206310E00868FA
:10FCF00060620DE0086820640AE00868E06507E0DB
:10FD00000868A06504E00868E06701E0086820670B
:10FD100000F08EFE61782069002918BF0121FEF7EE
:10FD200045FABDE81040FEF72DBF00BF00409C46DD
:10FD300080B541F66450C2F200008421F4F78AFADB
:10FD400080BD000084B02DE9F04381B02DED048B1F
:10FD500041F664590DF1300CC2F200098CE807003D
:10FD600099F800000DF1300808280F9300F28685FD
:10FD7000DFE810F009008E01A000BC003800DE01B1
:10FD8000F0013001160200200026FFF71DF80020C8
:10FD9000FFF70AF8484640F8146F4FF08041C9F861
:10FDA0001810FFF743F801200127FFF7D9FC9FED5A
:10FDB000F28AB0EE480A01F0DBFC41F6B045C2F22F
:10FDC000000501202F8101F0E5FCB0EE480A01F0AA
:10FDD000D9FC6E60C9E90166C9F80C6089F8007049
:10FDE00000F04CBDD9F808004BF68361C2F6A07153
:10FDF000484340F6E8314FEA7000C0F2FA218842E9
:10FE000005D899F8380080F0010089F8380099F891
:10FE1000380099F83910B6EE009A0028B0EE490A79
:10FE20004FF028009FEDD48ABEEE001A08BFB0EE56
:10FE3000410A002908BF24204844F0EE480A80ED1A
:10FE4000000AFFF71DF8D9F8080099F8391098ED65
:10FE5000030A98ED041A98ED0F2A98ED103A41F62E
:10FE6000B43C421C0029C2F2000CC9F8082000F082
:10FE700020839FEDC20AB4EE403AF1EE10FA40F34F
:10FE8000468341F6B0409CED000AC2F2000090EDBE
:10FE9000092A31EE400A80EE022A9FEDB90AB4EE3B
:10FEA000402AF1EE10FA40F35D8309F1580309F19D
:10FEB00054004AE341F6AC30C2F2000098ED120A59
:10FEC00090ED001A30EE411AB0EEC12AB6EE001ADB
:10FED000B4EE412AF1EE10FA40F3888180ED000A79
:10FEE0000020C9F80800022000F0D5BCD9F80400B1
:10FEF00040F640510130C0F203018842C9F80400C5
:10FF000006D940F20110A9F88000032089F8820088
:10FF100041F6B832C2F2000298ED032A92ED000ACF
:10FF20009FED983A32EE400AB0EEC00AD9F8083098
:10FF3000B4EE430A002098ED0F1AF1EE10FAB8BFA4
:10FF4000581C44F6BC5300219842C9F8080082EDC1
:10FF5000002A40F287819FED8C0A99ED0C3A99EDC9
:10FF60000D4A22EE002A21EE001A44F6216132EEFB
:10FF7000032A31EE041A884289ED0C2A89ED0D1A04
:10FF8000C0F07C8481EE021AB2EE042A41F6B04041
:10FF9000C2F20000B4EE421AF1EE10FA80ED031A3C
:10FFA00006DD40F20130A9F88000032089F88200C4
:10FFB000B4EE401AF1EE10FA06DA40F20120A9F888
:10FFC0008000032089F882000020C9E90100042094
:10FFD00000F052BC99F8740098ED120A002800F065
:10FFE0008882B0EEC01AB0EE002AB4EE421AF1EEEA
:10FFF00010FAC0F2438441F6B04099ED192AC2F2DA
:020000040801F1
:10000000000090ED093A30EE422A82EE032AD9F838
:10001000081098ED094A99ED1E3A99ED1F5A0131E1
:1000200034EE054A6429C9F8081089ED1F4A32EEFA
:10003000033A89ED1E3A0DD8B9EE045A30EE055A4E
:10004000B0EEC55AB7EE006AB4EE465AF1EE10FAB9
:1000500080F2148405EE101AB8EE456A83EE065A53
:1000600090ED063A24EE033A83EE063AB1EE044AE6
:10007000B0EEC56AB4EE446AF1EE10FA80F2648321
:1000800041F26F21C3F683219FED405AC1617BE3AA
:10009000D9F8040041F681210130C0F206018842FE
:1000A000C9F8040006D340F20110A9F8800001202D
:1000B00089F8820098ED051A99ED040A9FED342A1B
:1000C00031EE400AB4EE420AF1EE10FA80F2CD8031
:1000D000D9F8080049F6DC3101308842C9F8080037
:1000E00040F2BB8241F6B041C2F200019FED260A08
:1000F00091ED012A21EE000A30EE020A81ED010A9B
:1001000049F64041884289ED041AC0F0B78301F0F6
:1001100039FB00200025FFF723FB4FF080414846C4
:1001200040F8141FC9F81850FEF780FE0220A3E320
:1001300098ED060A99ED192AB0EE001A30EE420A3F
:10014000B0EEC00AB4EE410AF1EE10FA40F393802B
:100150000520A0E398ED060A99ED191A30EE410A40
:10016000B0EEC00AB7EE001AB4EE410AF1EE10FA92
:1001700040F3128106208EE300000000CDCCCC3E7F
:10018000000048429A99993E0AD7233C6F12833A5D
:100190000AD7A33BCDCCCC3D0000C842CDCCCCBED1
:1001A00040F69C46C2F20006B079FEF70DFEF079EB
:1001B000FEF7FAFD41F6B040C2F2000001894FF6A9
:1001C000FF72891AB1FA81F149093172416800F16F
:1001D0000C07D0E90654006A06F1240CF0630920EC
:1001E0008CCF8CE88E00C6E90D5445E3B0EEC00A12
:1001F000B4EE410AF1EE10FA80F20A82D9F8081042
:100200000020C9F80C00481C49F641418842C9F851
:100210000800C0F0338399F80100B3EE041A0130EE
:1002200000EE100AB8EEC00A30EE000AB4EE410A41
:10023000F1EE10FA06DD40F20150A9F8800002202C
:1002400089F8820041F6B040C2F20000018901291C
:1002500040F028834FF0FF3101814FF0FF3001F073
:1002600099FA3AE3C9E90C1108E30020C9F808003B
:1002700089ED041A02E3D9F8080098ED120A411C2E
:1002800041F6B040C2F2000090ED133AB0EEC01A51
:10029000B0EEC30A1FED413A31EE422AB4EE432AD2
:1002A00041F6BC32F1EE10FAC2F20002C9F80810B1
:1002B00080ED130A19DA92ED002A30EE422AB4EEEC
:1002C000432AF1EE10FA10DA80EE011A41F6C03737
:1002D000C2F20007D9F80C3097ED002A0133C9F8B3
:1002E0000C3031EE021A87ED001A48F2A063C0F21A
:1002F00001039942C0F0BA81D9F80C300121142BC6
:100300004FF001022ED341F6C032C2F2000200EEDD
:10031000103A92ED001AB8EE400A81EE000AB7EEEC
:10032000001AB4EE410AF1EE10FA82ED000A06DB83
:10033000B3EE001AB4EE410AF1EE10FA06DD40F217
:100340000162A9F88020052289F88220B6EE001A01
:1003500030EE010ABDEEC00A007810EE102A90427D
:1003600007D00722052089F8801089F8812089F8B4
:1003700082000120FEF718FD00200025FFF7F0F9AC
:100380000021C4F22011484640F82C1FFEF74EFD14
:10039000C9E9015506206FE2D9F8040040F6405142
:1003A0000130C0F203018842C9F8040006D940F2C6
:1003B0000110A9F88000032089F8820041F6B040BE
:1003C000C2F2000090ED100A90ED0F1A20EE000A24
:1003D00021EE011A31EE000AB1EEC02A017898ED43
:1003E000121A00EE101AB8EE400A21EE001AB0EE12
:1003F000C13A1FED971AB6EE004AB4EE413AD9F869
:100400000830F1EE10FA4FF00001C8BF591CB4EEED
:10041000442AF1EE10FA44F6BB534FF00002D8BF65
:1004200011469942C9F8081040F2238199ED1B4A00
:1004300099ED1C5A44F6206232EE042A33EE053A56
:10044000914289ED1B2A89ED1C3AC0F0178282EE99
:10045000012A83EE011A82EE011AB2EE042AB4EEEA
:10046000421A21EE000AF1EE10FA80ED051A80ED35
:10047000060A06DD40F20130A9F88000062089F85E
:1004800082001FEDBF0AB4EE401AF1EE10FA06DA50
:1004900040F20120A9F88000062089F8820000259A
:1004A000484640F82C5FFEF7C1FCC9E9015507201A
:1004B000E2E11FEDCE1AB4EE412AF1EE10FA40F35C
:1004C000DB8041F6B0409CED001AC2F2000090EDD6
:1004D000092A30EE411A81EE022A1FEDD71AB4EE36
:1004E000412AF1EE10FA3BDD09F1480309F144001D
:1004F0002DE01FEDD81AB0EEC00AB4EE410AF1EEBD
:1005000010FABCBF012089F874000720C3E11FED79
:10051000DD0AB4EE403AF1EE10FA23DA41F6B040CB
:100520009CED000AC2F2000090ED092A31EE400A6B
:1005300080EE022A9FEDF10AB4EE402AF1EE10FAA5
:1005400010DA09F1600309F15C00B0EE410A90EDA8
:10055000001A1F6832EE011A80ED001A781C18602C
:10056000B0EE401A4EF6602082428CED001AC0F0C8
:100570008581002900F0A180D9F84860D9F8503071
:10058000D9F85820132E4FF000014FF00007D9F88A
:1005900060C088BF0121132B88BF0127002039408C
:1005A000132A4FF0000788BF0127BCF1130F88BF43
:1005B0000120002900EA070008BF002806D140F208
:1005C0000117A9F88070042789F8827000297DD06E
:1005D00000EE106A99ED111AB8EE400A99ED132A4F
:1005E00081EE000A01EE103AB8EE411A82EE011ACD
:1005F0000028B0EEC00AB0EEC11A30EE010A20EEBB
:10060000090A89EE000A00F0ED80B0EE408A60E051
:10061000D9F80C0044F6216101308842C9F80C0079
:10062000C0F02C8103200325FEF7BEFBDFEDB10AED
:10063000B6EE000AFEF724FC00260020C9E9016698
:1006400089F80050FEF7B0FB484640F8146FC9F82F
:100650001860FEF7EBFB08200EE141F6B040C2F255
:1006600000000021416089ED041A07E182ED000AD3
:1006700004E1C9E91B2201E19FED9F1AB4EE412A72
:10068000F1EE10FABFF66CAF41F6B0409CED001AE7
:10069000C2F2000090ED092A30EE411A81EE022AE2
:1006A0009FED961AB4EE412AF1EE10FABFF658AF5C
:1006B00009F1500309F14C0049E7012089F839009C
:1006C0000020C9F80800CCF80000D7E0002800F0AE
:1006D000928000EE102A99ED151AB8EE400A99EDB5
:1006E000172A81EE000A01EE10CAB8EE411A82EE16
:1006F000011A0029B0EEC00AB0EEC11A30EE010AAC
:1007000020EE090A89EE001A73D038EE010A9FED37
:100710007C2A20EE090A38EE411AB0EEC11A20EE0A
:10072000022A41F6B040B4EE421AC2F20000F1EEE5
:1007300010FA80ED040A66DD40F20140A9F880005D
:10074000042089F882005EE083EE055A9FED656A19
:10075000B4EE465AF1EE10FA80ED075A06DA40F28E
:100760000121A9F88010072189F882109FED5E6AA7
:10077000B4EE465AF1EE10FA06DD40F20131A9F866
:100780008010072189F88210B0EEC22AB7EE006A05
:10079000B4EE462AF1EE10FA16DAB4EE441AF1EE8F
:1007A00010FA11DD9FED521A25EE011A33EE011AEF
:1007B00081EE000A9FED4B1AB4EE410AF1EE10FAF9
:1007C000B8BF9FED4A0A01E09FED480A80ED080A94
:1007D0000025484640F82C5FFEF728FBC9E9015583
:1007E000082049E041F6B040C2F2000080ED040A62
:1007F00009E0B0EE418A41F6B040C2F2000080ED5F
:10080000048AB0EE480A9FED3F1AB4EE410AF1EEB9
:1008100010FA01DA022007E09FED341AB4EE410A23
:10082000F1EE10FA08DD0320012189F8810004208F
:1008300089F8801089F882000220FEF7C5FA0020AE
:100840000025FEF7B1FA4FF08041484640F8141FEA
:10085000C9F81850FEF7EAFA01200126FEF780FFDA
:100860009FED290A00F07CFF41F6B040C2F2000083
:100870000670C9E90155052089F80000D8F848102C
:1008800099F88000C9F8641000281ABF092089F877
:10089000000099F80000BDEC048B01B0BDE8F04306
:1008A00004B0704701250581012000F073FF99F81D
:1008B00001000021013089F8010055FA80F000EEB6
:1008C000100AB8EEC00A30EE000A09F1140089EDF2
:1008D000050AC9F81810FEF7A9FA0020C9F808009F
:1008E000CCE700BF17B7D1380AD7233C6F12833A41
:1008F000CDCCCCBD00000000CDCCCCBE000048C2A9
:100900009A99993EACC527370000484341F6E42048
:10091000C2F2000090ED311A90ED303AB4EE401A78
:1009200090ED052AF1EE10FAB8BFB0EE410AB4EE30
:10093000430A90F89410F1EE10FAB8BFB0EE430AF3
:1009400030EE601AD1B190ED274A21EE023A90EDD7
:10095000280A33EE043AB4EE403AF1EE10FA80ED94
:10096000273A02DD80ED270A08E0B1EE400AB4EE36
:10097000403AF1EE10FAB8BF80ED270A90ED260A52
:1009800090ED2C4A31EE400A80EE022A90ED2A3A90
:10099000B7EE005A35EE445A90ED2B0A25EE033A95
:1009A00024EE022A32EE032AB4EE402AF1EE10FAC7
:1009B00080ED292A06DCB1EE400AB4EE402AF1EEC1
:1009C00010FA03DAB0EE402A80ED290A90ED220AEF
:1009D00090ED233A90ED274A90ED245A23EE043A05
:1009E00020EE010A80ED2A2A30EE030A25EE022AC3
:1009F00032EE000A90ED2D2A0121B4EE420AF1EE0A
:100A000010FA80ED2E0A80F8941006DCB1EE422A2E
:100A1000B4EE420AF1EE10FA06DA0021B0EE420A14
:100A200080ED2E2A80F8941080ED261A7047000081
:100A300010B540F65050C2F20000002101738160F1
:100A400040F69C41C2F2000101F1640E9EE80C5098
:100A500000F1100484E80C1091ED1D0A9FED0E1AB0
:100A600001F1780CC0F81CE09CE80C10D1F884105F
:100A700040F21C2E40F64C5420EE010AC2F2000E49
:100A8000C2F2000480ED080A42628362C0F82CC002
:100A9000C0E90C1E846310BD00007A4410B5FDF758
:100AA000D5F840F65054C2F20004611CA21C231D6C
:100AB0002046FDF7A9F9A07A00B110BDD4F838C0DE
:100AC00040F228229CF80200C2F2000201280FBF67
:100AD000002101212172A172136993F8800058B19D
:100AE00093F881000421072808BF0321012808BFCB
:100AF000022121720121A172526894ED092A106825
:100B00009FED620A90ED001A22EE003AB4EE413AEF
:100B1000F1EE10FA08DBB3EE043A83EE022AB4EEEB
:100B2000412AF1EE10FA09DD0620B4EE401A012147
:100B3000F1EE10FAC8BF05202072A17293689FEDF4
:100B4000540A93ED001AB4EE401AF1EE10FA0DDCDF
:100B500093ED011AB4EE401AF1EE10FA06DC93EDB3
:100B6000021AB4EE401AF1EE10FA76DD07200121E8
:100B70002072A1729CF80000012809D0022803D03D
:100B8000032805D0082100E0092121720121A1726A
:100B900094ED010A9FED3F1AB4EE410AF1EE10FA0E
:100BA000C2BF01206072E07294ED051A94ED0B2A29
:100BB00093ED120A21EE023AB4EE403AF1EE10FA49
:100BC00008DBB1EE411A81EE021AB4EE401AF1EEE2
:100BD00010FA03DD022060720120E0725268507842
:100BE000022819D194ED072A94ED0C1A93ED140AFA
:100BF00022EE012AB4EE402AF1EE10FA08DB94ED61
:100C0000062A82EE011AB4EE401AF1EE10FA03DD64
:100C1000032060720120E072107828B99CF801006E
:100C200040F00202032A0ED119B9E07A002808BF69
:100C300010BDFEF79BFB0720FEF7B2F9FEF7FEFBA7
:100C40000120207310BD0122E2720422022808BF95
:100C5000052262720029E8D0EBE794ED041A94EDC6
:100C60000A2A93ED090A21EE023AB4EE403AF1EE77
:100C700010FAFFF67BAFB1EE411A81EE021AB4EE24
:100C8000401AF1EE10FA7FF775AF6FE700000842E7
:100C90000000C8420000A04240F65050C2F20000DE
:100CA00000218160FDF76EBF2DE9F04F03AF83B0E7
:100CB00090F80490072202EB890222F00702ADEBC4
:100CC000020AD5464379D0F800E05E1CB6FBF9F580
:100CD0002EF8131005FB1961B9F1000F417100F0F6
:100CE000CB80B9F1040F09F0030C01D2002119E007
:100CF00009F0FC08AEF10206AAF10405002100BFCC
:100D000036F8084F0AEB810336F8060C68600EEBE4
:100D10004100428880880431C3E90120884545F8B4
:100D2000104FEDD1BCF1000F13D03EF81100BCF113
:100D3000010F4AF821000CD0481C3EF81020BCF1ED
:100D4000020F4AF8202004D0881C3EF810104AF800
:100D50002010B9F1010F00F08F80A9F1010E47F8C2
:100D6000149CC9F1000B4FF00009F0460AE000BFE7
:100D7000C8076ED109F10109A8F10108F1450BF18D
:100D8000010B66D0F14564D0DAF80050002401214F
:100D90000AEB84025668631CB5421BDC0BEB040CA7
:100DA0001CF10200E4D09568A01CAE4217DC1CF1D7
:100DB0000303DDD0D3689D4215DC1CF10400D7D0BD
:100DC0001569221DAB4212DC0BEB02000130144608
:100DD000DED1CDE72046294635461C460AE031469D
:100DE0000446184606E0033429461D4602E0E01C8E
:100DF000194614460BEB04034AF82050581C4AF8D5
:100E00002410B7D00AEB84025568A94217DD981C5C
:100E1000C2E90051AED09568A94212DDD81CC2E9E2
:100E20000151A7D0D568E01CA9420CDD0433C2E90A
:100E300002519FD015690434A942DBDC04E001347F
:100E400002E0023400E0044644454FF000019FD127
:100E500090E757F8149CB9F1030F0DD3A9F10200E4
:100E6000A9F10301032900F0030C10D20020012294
:100E7000BCF1000F21D100E00020A9F1020190FB9C
:100E8000F1F0A7F10C0480B2A546BDE8F08F20F088
:100E900003020020002300BF0AEB8306D6E90154B9
:100EA000D6E9031628442044084404339A423044C7
:100EB000F2D15A1CBCF1000FDFD05AF82210BCF15D
:100EC000010F0844D9D00AEB82025168BCF1020F2D
:100ED00008441CBF91680844CFE7000080B50B466A
:100EE000016000210271417151001846F3F7B2F917
:100EF00080BD00002DE9F0410C460546F5F7FCF9F0
:100F000041F6CC37C2F200073969401A0A2838BFC7
:100F1000BDE8F0812E0CF5F7EFF93988AAB29142BD
:100F2000386109D17888864206D1BA88A3B29A423C
:100F300002D106460D4601E03D60BC80B87942F61C
:100F4000DC41C0F601010A5CA9B240F20213514330
:100F5000C0F20113A1FB031506FB02F1A1FB036123
:100F6000A6B27243A2FB03233A89EDB29542DCB2EA
:100F700006D17A89CBB2934202D1BA89944222D067
:100F800061F3174500202946224600F021F841F67A
:100F9000E036C2F2000606F160006021F3F75AF96C
:100FA00041F60828C2F200084046042132463023A8
:100FB000F8F7E4F84046082132463023F8F7DEF827
:100FC000B879BD60BC810130B871BDE8F081000026
:100FD000012888BF70472DE9F0430B024FF046030C
:100FE00000EB400E41F6E03558BF2323C2F2000566
:100FF0004FEA4E1405EB4E102B514B024FF0460EAC
:1010000058BF4FF0230E8D024FF0460858BF4FF0E7
:101010002308CC024FF0460958BF4FF023090B03B9
:101020004FF0460358BF23234E034FF0460658BFE8
:1010300023268F034FF0460758BF2327CD034FF0D9
:10104000460558BF23250C064FF0460458BF2324FD
:10105000C0E901E8C0E903934B064FF0460EC0E932
:101060000567C0E9075458BF4FF0230E8F064FF0B5
:10107000460858BF4FF02308CE064FF0460658BF2B
:1010800023260D074FF0460558BF23254C074FF088
:10109000460458BF23248B074FF0460358BF232331
:1010A000C9074FF0460108BF232117064FF0460736
:1010B00058BF2327C0E90F1751064FF04601C0E97A
:1010C00009E8C0E90B65C0E90D4358BF2321930629
:1010D0004FF0460358BF2323D7064FF0460758BFAB
:1010E000232716074FF0460658BF232655074FF013
:1010F000460558BF232594074FF0460458BF2324C4
:10110000D2074FF0460C00F1440208BF4FF0230C09
:101110008AC2C0E91465C0E9164CBDE8F0437047C7
:1011200041F6B040C2F20000017890ED130A01EEE2
:10113000101AB8EE411A80EE010A7047F0B581B07E
:101140000A9D41F6B044DDE908ECDDE906612F0AAD
:10115000C2F200046DB225814BF21775A062002027
:101160002770C3F6510504F10C07C4E9061EC4E953
:10117000150004F12C0025214CC7C4E908C5F3F77C
:1011800069F800200027C4F270104CF6CD41C4F27B
:101190007A47C3F6CC5100220023C4E9187004F149
:1011A0006800C4F2C822C4F2FA330EC001B0F0BD28
:1011B00070B52DED0A8B41F6B046C2F2000696F8E6
:1011C0005000002800F0978196ED035A96ED092A09
:1011D00096ED043A25EE024AB7EE009A34EE033A51
:1011E00089EE034A96ED163A9FEDCF6A9FEDCFAA9E
:1011F00033EE063AB4EE493AF1EE10FAC8BFB0EE5B
:10120000493AB5EE403AF1EE10FAC8BFB0EE43AA43
:1012100096ED0B3AF0EE002A31EE437A2AEE046A9C
:1012200096ED0C4AB4EE627AB8EE008A86ED16AA04
:1012300071EEC41AF1EE10FAC8BFB0EE627AB4EEE5
:10124000487AF1EE10FAB0EE481AF4EE621AC8BF0E
:10125000B0EE471AF1EE10FAC8BFF0EE621AF4EEE3
:10126000481A25EE037AF1EE10FAC8BFB0EE618A93
:1012700030EE470A96ED0D7A40F6344025EE045ADA
:10128000C2F2000030EEC55A26EE077AD0ED000A11
:10129000D6ED0E1A40F6384127EE027AC2F200016E
:1012A00020EE060A26EE055A30EEC77A26EE216AAF
:1012B000D1ED000A26EE026ADFEDF41A30EEC66ABE
:1012C000DFEDF30AB4EE617AF1EE10FAC8BFB0EECA
:1012D000617AB4EE607AF0EE602AF1EE10FAC8BFDF
:1012E000F0EE472AB4EE616A32EE800AC0ED002AC1
:1012F000F1EE10FAC8BFB0EE616AB4EE606A22EE99
:10130000000A9FEDE4BAF1EE10FAC8BFF0EE460A0B
:1013100030EE855A33EE000A9FEDDF3A22EE052AC1
:10132000B4EE4B0AC1ED000A34EE022AF1EE10FAD7
:10133000C8BFB0EE4B0AB4EE430AF1EE10FAB0EEBD
:10134000434AB4EE4B2AC8BFB0EE404AF1EE10FA61
:10135000C8BFB0EE4B2AB4EE432A11EE100AF1EEEC
:1013600010FAC8BFB0EE423A86ED0B4A86ED0C3A51
:10137000F3F70AF99FEDC20B54EC105B2A462346A3
:10138000F3F793F8F3F713F90CEE100A18EE100ABE
:10139000F3F7FAF82A462346F3F787F8F3F707F945
:1013A00096ED1A0A08EE100A8CEE000A01F0C0FB56
:1013B00096ED1A1A88EE011AB0EE408AB0EE410A94
:1013C00001F0B6FB96ED191ABAEE044A2AEE011A9C
:1013D00028EE013A20EE010AB2EE041AB4EE413AC8
:1013E00096ED092AF1EE10FAC8BFB0EE413AB4EE1C
:1013F000443AF1EE10FAB0EE445AB4EE410AC8BFD6
:10140000B0EE435AF1EE10FAC8BFB0EE410AB4EEA6
:10141000440AF1EE10FAC8BFB0EE404A9FED9F0AB1
:101420009FED9FCA2AEE000A30EE0B0A20EE0C0A4E
:1014300020EE020A86ED0D5A86ED0E4A01F02AFAD8
:101440009FED981A39EE400A9FED972AB4EE410AB3
:10145000F1EE10FAC8BFB0EE410AB4EE420AF1EE66
:1014600010FAC8BFB0EE402A96ED0D1A96ED0F4A5D
:1014700039EE420A96ED0E3A96ED105A21EE021A16
:1014800020EE044A74EE010A22EE031A20EE050A49
:101490009FED86BA30EE010AB0EEE01AB4EE4B1AB8
:1014A000F1EE10FAC6ED0F0A86ED100A40DAB0EE42
:1014B000C01AB4EE4B1AF1EE10FA39DA40F63C409D
:1014C00096ED131A9FED7D2AC2F2000090ED000AFE
:1014D00021EE021A9FED7A2A96ED093A20EE020AD1
:1014E00096ED114A30EE010A80ED000A20EE030A63
:1014F00030EE040A40E0716D86ED0B1A9FED621A22
:1015000000200131C6ED0C1AC6E90D00F06330640D
:10151000B1F5FA6F716522BF012186F85010B065F0
:101520007064B0EE410AA4E06F12833A000000003C
:1015300001F05AF896ED111A9FED5D2A30EE410A3E
:1015400030EE0C3AB4EE420AF1EE10FAC8BFB0EE3B
:10155000430A9FED582A9FED583A30EE022AB4EE26
:10156000430AF1EE10FAB8BFB0EE420AB6EE002A16
:1015700020EE020A30EE010A9FED4E8AF0EE480A94
:1015800001F07EFA30EE081AB5EE400AF1EE10FADC
:10159000B8BFB0EE410A96ED121A9FED452A30EE23
:1015A000411AB4EE421AF1EE10FA86ED110A1BDD73
:1015B00031EE0C1AB4EE421AF1EE10FA14DD31EEEF
:1015C0000C1AB4EE421AF1EE10FA0DDD31EE0C1ADF
:1015D000B4EE421AF1EE10FA06DD31EE0C1AB4EE5A
:1015E000421AF1EE10FAE3DC9FED332AB4EE421A10
:1015F000F1EE10FA17DA31EE081AB4EE421AF1EEF3
:1016000010FA10DA31EE081AB4EE421AF1EE10FABE
:1016100009DA31EE081AB4EE421AF1EE10FA02DAE3
:1016200031EE081AE2E796ED092A96ED133A81EEBB
:10163000021A96ED1C2AB1EE424AB4EE421AF1EEBD
:1016400010FAB4EE441AC8BFB0EE421A9FED1D2A3C
:10165000F1EE10FA2AEE022A32EE0B2AB8BFB0EEF3
:10166000441A39EE424A22EE011A24EE032A32EEDF
:10167000011A86ED120A86ED131ABDEC0A8B70BDB5
:10168000D07B6308000049400000000000007A445D
:1016900000007AC400004842000048C20000C8426E
:1016A000DB0FC9C0A4707D3F0AD7233CCDCCCC3D15
:1016B000DB0F4940DB0FC940DB0F49C0CDCC4C3DAF
:1016C0003333733FCDCCCC3E80B541F6B040C2F24F
:1016D00000000021C0E915112C302521F2F7BAFDD8
:1016E00080BD000041F62450C2F200004179072974
:1016F0000DD801228A4012F0120F0CD112F0240FE3
:1017000007D1012202FA01F111F0810F0ED14289B5
:1017100002E0028900E0C28840F67931C2F200019D
:101720000978292A0DD3012900D1704740F6793074
:10173000C2F200000121017040F6010080B2FCF706
:10174000C5BB032908BF7047C08840F679312838E7
:10175000C2F20001032280B20A70FCF7B7BB00009E
:1017600040F64840C2F2000080ED0C0A70470000CD
:1017700040F64840C2F200000021016380ED0B0AF0
:101780007047000040F2F820C2F2000080ED010A2C
:101790007047000040F2F821C2F2000181F82000F9
:1017A0007047000041F6E420C2F2000090F8741087
:1017B00090ED1E1A30EE600AC9B190ED043A90ED3A
:1017C0001F2A20EE033A33EE011AB4EE421AF1EE6C
:1017D00010FA80ED1E1A06DCB1EE422AB4EE421A6F
:1017E000F1EE10FA03DAB0EE421A80ED1E2A90ED07
:1017F0001B3A90ED1C4A90ED202A21EE041A23EEAC
:10180000000A30EE010AB4EE420A0121F1EE10FAAC
:1018100080ED210A80F8741007DCB1EE422AB4EEA4
:10182000420AF1EE10FAA8BF70470021B0EE420A5A
:1018300080ED212A80F8741070470000002804BF52
:1018400003207047B0F80AC0BCF1000F04BF0220AB
:10185000704729B102688388D25C0A70B0F80AC068
:10186000818803890131B1FBF3F202FB13118180FE
:10187000ACF10101418100207047000000284FF0C9
:10188000030218BF002901D110467047428903891D
:101890009A4202D101221046704709780268C38833
:1018A000D154C18802890131B1FBF2F303FB12115B
:1018B0004289C180511C41810020704703460028A5
:1018C0004FF0030018BF002900D17047002A08BF5D
:1018D00070470020C3E900101A815881704700004A
:1018E00080B540F22820C2F20000407807280DD8C9
:1018F000A321C140C90709D015A11DA251F820108C
:1019000052F8202008681188FFF7F4FA40F650508A
:10191000C2F20000806B40F2003C01784078CA00BF
:1019200004294FF00001C0F2021C4FF0000338BF41
:101930002CFA02F14FEAC00E0CF57F02042838BFE2
:1019400022FA0EF3C8B2D9B2BDE88040FDF7A0BCC0
:10195000C42C0108D02C0108D02C0108D02C01087F
:10196000D02C0108CA2C0108D02C0108D62C010863
:10197000C82C0108D42C0108D42C0108D42C01084F
:10198000D42C0108CE2C0108D42C0108DA2C010833
:1019900010B5142888BF10BDDFE800F00B72536348
:1019A0003D8B9A69B54CAC3443912B5A2279A3BE36
:1019B00082000C4600F0D2F940F6D421C2F20001B8
:1019C000087040F2282040F65052C2F20000C2F2E5
:1019D00000024078128948704A800868206010BD73
:1019E00040F22820C2F2000040688068406C086025
:1019F00010BD40F22820C2F2000040688068006AF2
:101A0000086010BD40F22820C2F2000040688068E3
:101A1000406A086010BD0C46FDF7F6FB84ED000A35
:101A200010BD40F22820C2F2000040688068806A41
:101A3000086010BD40F22820C2F2000040688068B3
:101A400022E040F22820C2F200004068006860E016
:101A500040F22820C2F2000040688068806C086074
:101A600010BD0C46FDF7BCFB84ED000A10BD40F232
:101A70002820C2F2000040688068406B086010BDFA
:101A800040F65050C2F200004068086010BD40F2BD
:101A90002820C2F20000406880684069086010BDDC
:101AA00040F22820C2F2000040688068C06C0860E4
:101AB00010BD0C46FDF7BCFB84ED000A10BD40F2E2
:101AC0002820C2F2000040688068C069086010BD2C
:101AD00040F22820C2F2000040688068806B0860F5
:101AE00010BD40F22820C2F2000040688068806982
:101AF000086010BD40F22820C2F2000040688068F3
:101B00008068086010BD40F22820C2F200004068E2
:101B100080680068086010BD40F22820C2F2000012
:101B200040688068006D086010BD000041F62450D8
:101B3000C2F20000407970479FED061A41F624502A
:101B400081EE000AC2F200000021C0E9011180ED1F
:101B5000000A704731396345B0B52DED028B9FED1A
:101B6000781AB0EE608A20EE010A10EE100AF2F741
:101B70000BFD044618EE100A0D46F2F705FD9FED29
:101B80006E0B53EC102BF2F71EFC22462B46F2F79D
:101B900073FBF2F70CFD00EE100A0021B5EE408A4F
:101BA00030EE082AF1EE10FAC8BF0121B5EE400A66
:101BB000F1EE10FAC8BF0231B5EE402AF1EE10FA8C
:101BC000B8BF043141F62450B1EE423AC2F20000EF
:101BD000DFE801F004141D0B2F3826049FED590A8D
:101BE00000214171B0EE401A34E090ED002A01214D
:101BF000417122EE001A22EE080A2BE090ED003A25
:101C00000221417123EE401A22EE030A22E090EDF8
:101C1000000A0621417122EE001A20EE480A19E05E
:101C200090ED002A052122EE031A22EE000A4171EE
:101C300010E090ED002A0421417122EE481A22EEB4
:101C4000400A07E090ED000A0321417120EE081AD6
:101C500020EE030A9FED3C2A30EE013AB4EE423A00
:101C6000F1EE10FA0CDD21EE021A81EE031A20EEDD
:101C7000023A30EE010A83EE000A9FED323A07E0A5
:101C800032EE413A33EE403AB6EE004A23EE043AE1
:101C900032EE432A32EE413A9FED2A1A33EE405A91
:101CA000B0EE410AB0EE414ADFE801F02B04121910
:101CB0000B1E2500B0EE421AB0EE430AB0EE454AC4
:101CC0001FE0B0EE451AB0EE430AB0EE424A18E00B
:101CD000B0EE431AB0EE420AB0EE454A11E0B0EE63
:101CE000451AB0EE420A0AE0B0EE431AB0EE450AD9
:101CF000B0EE424A05E0B0EE421AB0EE450AB0EE50
:101D0000434A41F65023BDEEC00AC2F20003BDEEC5
:101D1000C11A10EE102ABDEEC40A1B6811EE101A8B
:101D200010EE105AC18002814581D9639A635D63C8
:101D3000BDEC028BB0BD00BF000000000000E0BFA2
:101D4000D7B35D3F000000000030034542F6DC5190
:101D5000C0F6010108688988FFF7CCB841F6315018
:101D6000C2F200000078704741F63151C2F2000122
:101D70000870704780B541F63C5EC2F2000EDDF897
:101D800008C08EE80F1080BD41F65050C2F200002E
:101D900080ED000A41F65450C2F2000080ED000AC6
:101DA00041F65850C2F200000021016041F65C503B
:101DB000C2F200000160704741F65850C2F20000C4
:101DC00080ED000A7047000041F65050C2F200005A
:101DD00080ED000A7047000010B541F63C54C2F295
:101DE000000441F65053217CC2F2000393ED001A27
:101DF0000022C0E900228260C1B341F6585E41F67C
:101E0000545CC2F2000EC2F2000C9EED004A94ED4A
:101E1000015A9CED002A24EE043A75EE050AC3EE41
:101E2000201A31EE423A9FED636A9FED637AB5EE78
:101E3000403AF1EE10FAC8BF0122B0EEC33AB4EE58
:101E4000465AF0EE473AB8BF013A02EE902AF1EE58
:101E500010FAC8BFF0EE613AB4EE633AF1EE10FA50
:101E6000F8EEE21A05DD94ED007A0BE080ED001A41
:101E70009CE063EE200AF5EE400AF1EE10FA01DB79
:101E8000B1EEE07A27EE217A012937EE447A1AD1B1
:101E900025EE005AB0EEC76AB4EE456AF1EE10FACC
:101EA0000EDD0021B5EE407AF1EE10FAC8BF012137
:101EB000B8BF013906EE101AB8EEC66A25EE067AEA
:101EC00034EE074A44E0DFED3C0AB4EE460A87EE02
:101ED000007AF1EE10FAC8BFF0EE470AB1EE456A9B
:101EE000F4EE450A41F65C51F1EE10FAF4EE460AC2
:101EF000C8BFF0EE450AC2F20001F1EE10FAB8BF19
:101F0000F0EE460A91ED005A94ED026A30EEC57A81
:101F100026EE006AF0EEC70AF4EE460AF1EE10FA79
:101F20000EDD0022B5EE407AF1EE10FAC8BF0122B4
:101F3000B8BF013A07EE102AB8EEC77A26EE077A44
:101F400035EE075A81ED005A25EE005A35EE044A67
:101F500024EE000A30EE020A94ED032A8CED000A0A
:101F600080ED000A9FED150AB5EE402A8EED004A7D
:101F700080ED014AF1EE10FAC8BFB0EE420AB4EEAD
:101F8000403AF1EE10FA4FF0000110DCB0EEC42A36
:101F9000B4EE402AF1EE10FA09DC41F65C52C2F2CE
:101FA00000028CED001ACEF80010116001210172C0
:101FB00010BD00BFBD378635000000006F12833AA8
:101FC00040F67C3CC2F2000C9CF80030002B18BF9D
:101FD000704740F20133ACF800308CF802008CF806
:101FE0000320CCF80410FBF7D3BA0000002A04BF8A
:101FF000002070472DE9F04381B0042A02F0030C61
:1020000006D200264FF00009BCF1000F1ED12AE0D5
:1020100002F0FC07C7F1000E01F101084FF00009C2
:102020006FF0030408EB0403DE781D795F794E44FA
:102030009B79354404343D440EEB0406043603EB2F
:102040000509EFD1261DBCF1000F0CD08D5DBCF150
:10205000010FA94407D00E447578BCF1020FA944C2
:102060001CBFB378994440F27715C2F20005EC1C0E
:1020700068702046AA701646F2F7D3F809F00100FE
:1020800085F88300A05595F88400A1194870701D4B
:10209000C4B228462146F2F745FC41F66056C2F22A
:1020A000000618B33078052823D80130307040F28C
:1020B0007710C2F200002146F2F734FCE0B140F2A2
:1020C0007715C2F2000500BF31780027062938BF16
:1020D000012705294FF0000010D8481C3070284611
:1020E0002146F2F71FFC0028EED106E0012001276F
:1020F00004E00027012001E00127002000213170C9
:10210000384001B0BDE8F083B0B540F2C054C2F22F
:102110000004601C8321F2F79DF840F24565C2F28D
:102120000005681C8321F2F795F855202870AA2332
:10213000207041F6982040F6D02185F88430C2F214
:102140000000C2F20001012284F88430BDE8B040F2
:10215000F7F72ABD002A08BF70472DE9F04740F283
:1021600045688146C2F20008042A02F0030C88F890
:10217000010088F8022005D200270023BCF1000FDF
:102180001ED12AE002F0FC03C3F1000E01F1010AA6
:1021900000236FF0030500BF0AEB0504E078277900
:1021A000667918440435A47938440EEB05033044AD
:1021B000043304EB0003EFD12F1DBCF1000F0CD052
:1021C000CE5DBCF1010F334407D00F447E78BCF1E3
:1021D000020F33441CBFB878034403F0010008F138
:1021E000030588F8830028461646F2F71AF898F88F
:1021F000000040F6F427C2F200073870F81C2946A8
:10220000324687F80190BE70F2F70BF8B8F88330C9
:10221000701DF519C2B241F69820C2F2000039468D
:10222000A5F80330BDE8F047F7F7E0BCB0B540F6DD
:10223000D855C2F2000504462878227801280FD12B
:1022400040F2C053C2F2000393F8840082421CD1D2
:1022500058789A78D91C00F055F80020287047E08B
:1022600040F24560C2F200000078824240D1012075
:10227000287040F2B020C2F200000021017040F648
:102280007A30C2F20000018032E040F2B02CC2F29B
:10229000000C9CF80010012902D019B95A7024E0F2
:1022A0009A7022E093F802E00EF1020088420AD907
:1022B000C818427040F67A32C2F2000220781388C1
:1022C0001844108011E00AD140F67A30C2F20000C2
:1022D000058883F8832005F00102028005E00EF1F5
:1022E000030088423CBF00202870481C8CF8000086
:1022F00041F69820C2F2000021460122BDE8B0401C
:10230000F7F752BC40F67C3CC2F2000C9CF800305F
:10231000002B18BF704740F20123ACF800308CF856
:1023200002008CF80320CCF80410FBF731B9000050
:10233000A1F1090212F1080F38BF7047026840F698
:10234000F42CC2F2000C0129CCF8002020D0426805
:102350000229CCF804201BD082680329CCF808207D
:1023600016D0C2680429CCF80C2011D002690529C6
:10237000CCF810200CD042690629CCF8142007D0E4
:1023800082690729CCF818201CBFC069CCF81C0052
:1023900080B5042000EB81004FF0FF4EC2B241F641
:1023A00098200B46C2F2000061464CF823E0BDE8DD
:1023B0008040F7F71BBC000020EEA01A20EE000AB8
:1023C00030EE010AB1EEC00A41F6E420C2F200008C
:1023D00090ED2F1A31EE400AB5EE400AF1EE10FAF8
:1023E000C4BF9FED240A704790F8581090ED171A5B
:1023F000C9B190ED043A90ED182A20EE033A33EE7D
:10240000011AB4EE421AF1EE10FA80ED171A06DC4A
:10241000B1EE422AB4EE421AF1EE10FA03DAB0EE4F
:10242000421A80ED172A90ED143A90ED154A90ED7E
:10243000192A21EE041A23EE000A30EE010AB4EE46
:10244000420A0121F1EE10FA80ED1A0A80F85810C4
:1024500007DCB1EE422AB4EE420AF1EE10FAA8BF50
:1024600070470021B0EE420A80ED1A2A80F8581019
:10247000704700BF000000004EF6085044F2000113
:10248000CEF20000C0F60001016062B6F3F760FF13
:10249000F8F748F9F7F758FDF7F7F8FCF7F7F0FD0C
:1024A000F7F740FEF7F712FCF7F768FCF7F7CEFCFA
:1024B000F7F710FEF7F756FFF7F7A4FEF7F770FFF0
:1024C00041F6385441F63455C2F20004C2F2000518
:1024D000F8F78AF9F3F716FF2168401A2860F3F736
:1024E00011FF2060F4E7000000284FF0000218BF41
:1024F000002901D1104670472DE9F04140F2F20861
:10250000C2F20008037898F80060B34254D10B7807
:1025100098F88450034413F8016CAE424CD113F880
:1025200002EC88F883E00978062908D34E1F0639A3
:10253000032906F0030C07D20026032516E000212C
:10254000714527D0002238E026F00305002600243C
:102550000119CB780F794A79334489793B441A447D
:102560000434A54202EB0106F2D1E51CBCF1000FD8
:102570000CD0445DBCF1010F264407D005446C78B3
:10258000BCF1020F26441CBFA9780E4406F00101DD
:102590007145D7D18578447808F10306C11C3046CF
:1025A0002A4688F8014088F80250F1F73AFE2046A2
:1025B00031462A46FFF704FD0122BDE8F0411046EE
:1025C00070474100080218BF04200A0E18BF40F0EF
:1025D00001004FF07F4232EA010108BF40F00200E3
:1025E000012808BF0520704770B54FF068422DEDF7
:1025F000048BF0EE408A18EE900AB0EE608A18EE76
:10260000101A02EB4003B3F1654F3CBF02EB4102ED
:10261000B2F1654F7DD200BFC0F3C753C1F3C752BB
:102620009A1A1B2A09DD10F0004F14BF9FED830A90
:102630009FED830ABDEC048B70BD12F11A0F36DAE0
:1026400011F0004F09D010F0004F0CBF9FED7D0A34
:102650009FED7D0ABDEC048B70BD88EE889A19EE63
:10266000100AFFF7AEFF042808BF00F0E9FA18EEE1
:10267000900AFFF7A6FF054618EE100AFFF7A1FF24
:10268000044619EE100AFFF79CFF042D18BF052D14
:1026900008D1042C18BF052C04D1002804BF022047
:1026A00000F0E6FAB0EE490ABDEC048B70BD4200C2
:1026B000B2EB410F3AD910F0004F19BFDFED630ABA
:1026C0009FED630ADFED630A9FED630AB0EE481ADF
:1026D0000A46B1EE688A80F00041F0EE418A104669
:1026E0000A1A5200B2F1807F34D2484010F0004FF5
:1026F000DFED5A1A9FED5A2A1DBFBEEE001A70EE8A
:10270000E10A30EE420AB6EE001A08BF70EEA10AE6
:1027100000E040E008BF30EE020AB0EE682A01EEA9
:10272000482A08EE818AC2EE081A15E011F0004F1F
:1027300004BF9FED4C0AF0EE400AD1D010F0004FDC
:1027400019BFDFED490A9FED490ADFED490A9FED08
:10275000490AC5E7C8EE881A21EEA11A9FED462A5C
:10276000DFED462A41EE022A9FED452A01EE222A9C
:10277000DFED442A41EE022A9FED432ABDEC048B93
:1027800001EE222A21EE811A01EE020A30EE210A20
:1027900030EE200A70BD4FF07F42B2EB400F28BFF1
:1027A000B2EB410F09D2F0EE480AB0EE680ABDEC78
:1027B000048BBDE8704000F030BA40EA01035B00D2
:1027C00008BF41F0FF410BD0B2EB400F08BFB2EBA6
:1027D000410F08D120F0804008EE900A21F080419E
:1027E00008EE101A18E7B2EB400F12BF5FEA410380
:1027F00040F0FF4001F000413FF40EAFB2EB410F5B
:1028000012BF5FEA400200F0004041F0FF413FF498
:1028100003AF4A0092EA40033FF5FEAE002AACBF88
:102820009FED1A0A9FED1A0A68EE808A28EE008A48
:1028300018EE900A18EE101AEEE60000DB0FC9BF82
:10284000DB0FC93FDB0F4940DB0F49C00000C9BFA8
:1028500022AAFDB90000C93F22AAFD390060ED3E61
:10286000C30ACE3700000000000049C022AA7DBA8A
:102870000000494022AA7D3A2DAD65BD8FB8D53DF7
:102880000FB511BE61C84C3EA8AAAABE0000804F79
:102890000000802F10B510EE104A4FF01940694922
:1028A000002200EB44002DED028B884257D8DFED6B
:1028B000660A14F0004F60EE200A14BFBEEE001A44
:1028C000B6EE001A71EE200AFDEEE00A10EE900A54
:1028D00000EE900AF8EEE00A9FED5C1A00EEC10AE5
:1028E0009FED5B1A00EEC10ADFED5A0A9FED5A1AFE
:1028F00000EE201ADFED590A40EE010A9FED581A4A
:10290000584B00F0030100EE201A21EE000A7B4430
:1029100003EB8103D3ED000A534B7B4403EB8103AC
:1029200093ED001A514B41EE000A7B4403EB810109
:10293000801091ED000A70EE800AEABB00EE100AEA
:10294000B8EEC01ADFED4A1A9FED4A0ABDEC028BC1
:1029500001EE210ABCEEC00A20EE200A10BD4FF0A5
:10296000FF40A0431DD04FF0CE40B0EB440F81BFDD
:10297000F7EE000A30EE200ABDEC028B10BD3E4897
:10298000B0EB440F28BF012291D2022000F070F971
:1029900014F0004F15D0BDEC028BBDE8104000F0E4
:1029A0004FB914F5000F02BF9FED340ABDEC028B46
:1029B00010BDBDEC028B00E009E0BDE8104000F066
:1029C00029B9BDEC028BBDE8104000F031B900EB35
:1029D000D07359104FF07E5202EBC15100EE101A25
:1029E000A0EB630002EBC05060EE200A00EE100A7C
:1029F00020EE208A18EE100A88B118EE100AB0F105
:102A0000FF4F15D018EE100AFFF7DBFD042808BFB2
:102A100000F016F9B0EE480ABDEC028B10BD0220A2
:102A200000F026F9BDEC028BBDE8104000F008B9BB
:102A3000022000F01DF9BDEC028BBDE8104000F053
:102A4000F7B800000000501E3BAAB8400070313EAD
:102A5000F4FD053712BB2A3D12BB2A3EFFFFFF3EA5
:102A6000FFFF7F3F7A0300007E0300004E0300005B
:102A70000000004B00007E4E0000A085000000001A
:102A800010B52DED028BF0EE408A18EE900AB0EEF4
:102A9000608A20F00040C0F1FF40C00F07D118EE5F
:102AA000100A20F00040C0F1FF40C00F2BD018EEFC
:102AB000101A18EE900AF1F7FEFD00EE100A10EE63
:102AC000100A6FEAD05010F0FF0F04BFBDEC028B6C
:102AD00010BD18EE900A00F0004110EE100A00F050
:102AE0000040814204BFBDEC028B10BD18EE101AED
:102AF00010EE100ABDEC028B61F31E0000EE900A8E
:102B000030EE600A10BD18EE900A4FF07F41B1EB35
:102B1000400F1CBF18EE100A5FEA4000C7D1012029
:102B200000F0A6F8BDEC028BBDE8104000F078B8CC
:102B300010B510EE104A2DED028B4FF07F40B0EE35
:102B4000C08AB0EB440F55D318EE101A2C4A9142AC
:102B500020DD18EE101AB0EB410F1BD318EE101A3F
:102B6000284AF7EE008A914207DD18EE101AB0EB02
:102B7000410F28BFB0EE680A35D238EE080AFFF7D9
:102B800089FE70EE280AB0EE001A81EE200A38EEB7
:102B9000C00A28E018EE101AB1F1665F0FDA18EEDD
:102BA000101AB0EB410F0AD318EE100AFFF709FD17
:102BB000042808BF00F044F8B0EE480A13E028EEFD
:102BC000080ADFED110ADFED111A9FED111A40EE30
:102BD000210A60EE800A30EE010A80EE801AB0EE23
:102BE000480A08EE010A002CB8BFB1EE400ABDEC5D
:102BF000028B10BDBDEC028BBDE8104000F00AB89E
:102C0000549F0C3FB32C1041C6E252BFB2117BBBA4
:102C10001A2A1E4030EE000A704730EE200A704734
:102C2000DFED020A80EEA00A7047000000000000FD
:102C30009FED020A20EE000A7047000000000070BD
:102C40009FED020A20EE000A70470000000000100D
:102C500002E008C8121F08C1002AFAD17047704765
:102C6000002001E001C1121F002AFBD170470000C3
:102C70000149086070470000000000200000803F0C
:102C80000030983F0000B53F0040D73F00000000F3
:102C9000320A7E397F661E395B991F390000803FFA
:102CA000F037983FF304B53FFD44D73F00000000E4
:102CB00000000000010203040607080900000000EC
:102CC0000102030400000000FF000000FF000000FC
:102CD000FF000000DC00FF00000000008083868908
:102CE0008C8F9295989B9EA2A5A7AAADB0B3B6B9BA
:102CF000BCBEC1C4C6C9CBCED0D3D5D7DADCDEE0EA
:102D0000E2E4E6E8EAEBEDEEF0F1F3F4F5F6F7F8DD
:102D1000F9FAFAFBFCFCFDFDFDFEFEFEFEFEFEFEEA
:102D2000FDFDFDFCFCFBFAFAF9F8F7F6F5F4F3F11A
:102D3000F0EEEDEBEAE8E6E4E2E0DEDCDAD7D5D36C
:102D4000D0CECBC9C6C4C1BEBCB9B6B3B0ADAAA7BC
:102D5000A5A29E9B9895928F8C898683807C79769C
:102D600073706D6A6764615D5A5855524F4C49469D
:102D700043413E3B393634312F2C2A282523211F4D
:102D80001D1B1917151412110F0E0C0B0A09080739
:102D9000060505040303020202010101010101010C
:102DA0000202020303040505060708090A0B0C0EBC
:102DB0000F1112141517191B1D1F212325282A2C4A
:102DC0002F313436393B3E414346494C4F525558DA
:102DD0005A5D6164676A6D707376797CFF00FF00ED
:102DE000FF000006101600061016FE00000000008E
:102DF000920E493CB10AC93C2BC3163D2EFB483DFF
:102E0000752B7B3D04A9963D80B6AF3D36BDC83DD0
:102E10002FBCE13D73B2FA3D87CF093E8340163E99
:102E2000B5AB223EA2102F3ECF6E3B3EC2C5473E01
:102E30000115543E135C603E7F9A6C3ECCCF783EC9
:102E4000C07D823E938E883E229A8E3E32A0943E72
:102E500086A09A3EE59AA03E128FA63ED47CAC3E58
:102E6000EF63B23E2A44B83E491DBE3E15EFC33E55
:102E700053B9C93ECA7BCF3E4136D53E80E8DA3EE3
:102E80004F92E03E7533E63EBBCBEB3EEA5AF13E55
:102E9000CBE0F63E275DFC3EE4E7003F3D9C033F70
:102EA000824B063F9BF5083F6B9A0B3FDA390E3F8A
:102EB000CDD3103F2A68133FD9F6153FC07F183F86
:102EC000C6021B3FD17F1D3FCBF61F3F9967223FB4
:102ED00025D2243F5636273F1594293F4AEB2B3FF6
:102EE000DE3B2E3FBB85303FC9C8323FF304353F40
:102EF000233A373F4268393F3B8F3B3FF9AE3D3F76
:102F000067C73F3F70D8413F01E2433F03E4453F7D
:102F100065DE473F12D1493FF8BB4B3F029F4D3F13
:102F2000207A4F3F3D4D513F4918533F31DB543FCD
:102F3000E595563F5348583F6AF2593F1A945B3F14
:102F4000532D5D3F05BE5E3F2146603F97C5613F03
:102F50005A3C633F59AA643F880F663FD86B673F6E
:102F60003CBF683FA7096A3F0C4B6B3F5E836C3FD9
:102F700093B26D3F9ED86E3F73F56F3F0809713F66
:102F80005213723F4714733FDD0B743F0BFA743FCB
:102F9000C6DE753F07BA763FC58B773FF853783F5B
:102FA0009812793F9DC7793F02737A3FBE147B3FE9
:102FB000CDAC7B3F283B7C3FC9BF7C3FAC3A7D3FDB
:102FC000CCAB7D3F23137E3FB0707E3F6DC47E3F10
:102FD000580E7F3F6D4E7F3FAB847F3F0FB17F3FE9
:102FE00097D37F3F43EC7F3F11FB7F3F0000803F43
:102FF00011FB7F3F43EC7F3F97D37F3F0FB17F3F74
:10300000AB847F3F6D4E7F3F580E7F3F6DC47E3F48
:10301000B0707E3F23137E3FCCAB7D3FAC3A7D3F0B
:10302000C9BF7C3F283B7C3FCDAC7B3FBE147B3F80
:1030300002737A3F9DC7793F9812793FF853783FE2
:10304000C58B773F07BA763FC6DE753F0BFA743FF4
:10305000DD0B743F4714733F5213723F0809713FF1
:1030600073F56F3F9ED86E3F93B26D3F5E836C3FAA
:103070000C4B6B3FA7096A3F3CBF683FD86B673F6B
:10308000880F663F59AA643F5A3C633F97C5613F2A
:103090002146603F05BE5E3F532D5D3F1A945B3F66
:1030A0006AF2593F5348583FE595563F31DB543F4C
:1030B0004918533F3D4D513F207A4F3F029F4D3FAE
:1030C000F8BB4B3F12D1493F65DE473F03E4453F24
:1030D00001E2433F70D8413F67C73F3FF9AE3D3FF4
:1030E0003B8F3B3F4268393F233A373FF304353F3C
:1030F000C9C8323FBB85303FDE3B2E3F4AEB2B3FFA
:103100001594293F5636273F25D2243F9967223F01
:10311000CBF61F3FD17F1D3FC6021B3FC07F183F2C
:10312000D9F6153F2A68133FCDD3103FDA390E3F49
:103130006B9A0B3F9BF5083F824B063F3D9C033F3C
:10314000E4E7003F275DFC3ECBE0F63EEA5AF13E65
:10315000BBCBEB3E7533E63E4F92E03E80E8DA3E75
:103160004136D53ECA7BCF3E53B9C93E15EFC33E6B
:10317000491DBE3E2A44B83EEF63B23ED47CAC3E0D
:10318000128FA63EE59AA03E86A09A3E32A0943EBB
:10319000229A8E3E938E883EC07D823ECCCF783E72
:1031A0007F9A6C3E135C603E0115543EC2C5473E9B
:1031B000CF6E3B3EA2102F3EB5AB223E8340163E63
:1031C00087CF093E73B2FA3D2FBCE13D36BDC83D05
:1031D00080B6AF3D04A9963D752B7B3D2EFB483D47
:1031E0002BC3163DB10AC93C920E493C00000000B9
:1031F000920E49BCB10AC9BC2BC316BD2EFB48BDFB
:10320000752B7BBD04A996BD80B6AFBD36BDC8BDCC
:103210002FBCE1BD73B2FABD87CF09BE834016BE95
:10322000B5AB22BEA2102FBECF6E3BBEC2C547BEFD
:10323000011554BE135C60BE7F9A6CBECCCF78BEC5
:10324000C07D82BE938E88BE229A8EBE32A094BE6E
:1032500086A09ABEE59AA0BE128FA6BED47CACBE54
:10326000EF63B2BE2A44B8BE491DBEBE15EFC3BE51
:1032700053B9C9BECA7BCFBE4136D5BE80E8DABEDF
:103280004F92E0BE7533E6BEBBCBEBBEEA5AF1BE51
:10329000CBE0F6BE275DFCBEE4E700BF3D9C03BF6C
:1032A000824B06BF9BF508BF6B9A0BBFDA390EBF86
:1032B000CDD310BF2A6813BFD9F615BFC07F18BF82
:1032C000C6021BBFD17F1DBFCBF61FBF996722BFB0
:1032D00025D224BF563627BF159429BF4AEB2BBFF2
:1032E000DE3B2EBFBB8530BFC9C832BFF30435BF3C
:1032F000233A37BF426839BF3B8F3BBFF9AE3DBF72
:1033000067C73FBF70D841BF01E243BF03E445BF79
:1033100065DE47BF12D149BFF8BB4BBF029F4DBF0F
:10332000207A4FBF3D4D51BF491853BF31DB54BFC9
:10333000E59556BF534858BF6AF259BF1A945BBF10
:10334000532D5DBF05BE5EBF214660BF97C561BFFF
:103350005A3C63BF59AA64BF880F66BFD86B67BF6A
:103360003CBF68BFA7096ABF0C4B6BBF5E836CBFD5
:1033700093B26DBF9ED86EBF73F56FBF080971BF62
:10338000521372BF471473BFDD0B74BF0BFA74BFC7
:10339000C6DE75BF07BA76BFC58B77BFF85378BF57
:1033A000981279BF9DC779BF02737ABFBE147BBFE5
:1033B000CDAC7BBF283B7CBFC9BF7CBFAC3A7DBFD7
:1033C000CCAB7DBF23137EBFB0707EBF6DC47EBF0C
:1033D000580E7FBF6D4E7FBFAB847FBF0FB17FBFE5
:1033E00097D37FBF43EC7FBF11FB7FBF000080BF3F
:1033F00011FB7FBF43EC7FBF97D37FBF0FB17FBF70
:10340000AB847FBF6D4E7FBF580E7FBF6DC47EBF44
:10341000B0707EBF23137EBFCCAB7DBFAC3A7DBF07
:10342000C9BF7CBF283B7CBFCDAC7BBFBE147BBF7C
:1034300002737ABF9DC779BF981279BFF85378BFDE
:10344000C58B77BF07BA76BFC6DE75BF0BFA74BFF0
:10345000DD0B74BF471473BF521372BF080971BFED
:1034600073F56FBF9ED86EBF93B26DBF5E836CBFA6
:103470000C4B6BBFA7096ABF3CBF68BFD86B67BF67
:10348000880F66BF59AA64BF5A3C63BF97C561BF26
:10349000214660BF05BE5EBF532D5DBF1A945BBF62
:1034A0006AF259BF534858BFE59556BF31DB54BF48
:1034B000491853BF3D4D51BF207A4FBF029F4DBFAA
:1034C000F8BB4BBF12D149BF65DE47BF03E445BF20
:1034D00001E243BF70D841BF67C73FBFF9AE3DBFF0
:1034E0003B8F3BBF426839BF233A37BFF30435BF38
:1034F000C9C832BFBB8530BFDE3B2EBF4AEB2BBFF6
:10350000159429BF563627BF25D224BF996722BFFD
:10351000CBF61FBFD17F1DBFC6021BBFC07F18BF28
:10352000D9F615BF2A6813BFCDD310BFDA390EBF45
:103530006B9A0BBF9BF508BF824B06BF3D9C03BF38
:10354000E4E700BF275DFCBECBE0F6BEEA5AF1BE61
:10355000BBCBEBBE7533E6BE4F92E0BE80E8DABE71
:103560004136D5BECA7BCFBE53B9C9BE15EFC3BE67
:10357000491DBEBE2A44B8BEEF63B2BED47CACBE09
:10358000128FA6BEE59AA0BE86A09ABE32A094BEB7
:10359000229A8EBE938E88BEC07D82BECCCF78BE6E
:1035A0007F9A6CBE135C60BE011554BEC2C547BE97
:1035B000CF6E3BBEA2102FBEB5AB22BE834016BE5F
:1035C00087CF09BE73B2FABD2FBCE1BD36BDC8BD01
:1035D00080B6AFBD04A996BD752B7BBD2EFB48BD43
:1035E0002BC316BDB10AC9BC920E49BC00000080B5
:1035F0007D7D7D7D7D7D7D7D7D7D7D7D7D7D7D7DFB
:103600007D7D7D7D7D7D7D7D7D7D7D7D7D7D7D7DEA
:103610007D7D787673706E6C6B6966646362605FE3
:103620005D5C5A595857565554535251504F4E4E4F
:103630004D4C4B4A4948484746454544444342421D
:103640004140403F3F3E3E3D3D3C3C3B3B3A3A39AA
:10365000393838373737363635353534343433330F
:1036600032323231313030302F2F2F2E2E2D2D2D62
:103670002C2C2C2B2B2B2A2A2A29292928282827AD
:1036800027272626262625252524242423232322EE
:103690002222222121212020201F1F1F1F1E1E1E2B
:1036A0001D1D1D1D1C1C1C1C1B1B1B1A1A1A1A1964
:1036B000191918181818171717161616161515159C
:1036C00015141414131313131212121211111110D2
:1036D0001010100F0F0F0E0E0E0E0D0D0D0C0C0C0A
:1036E0000C0B0B0B0B0A0A0909080706060500005C
:1036F000103701080000002070020000F4470008A5
:103700001838010870020020881F0000602C010892
:10371000512F15B700084DB700085DB7000879B7FD
:103720002E0899B70008F1B6000825B700082E2426
:10373000F400CDB3000825B200081DB55208DD85A0
:10374000B2000871B10008E9B100082F21B30008E8
:10375000CDB2000879B30008BDB23D0809024300AC
:10376000020100C03209042E0102020100052400FA
:1037700010010524012901042402020524064F0139
:103780000705820308001009040100020A36070534
:10379000010240460705810240450A0600024340F7
:1037A000012D12010002020200408304415736023B
:1037B000010203012FD1480008CD480008C9480084
:1037C00008FD480C190821490008040309041A03DC
:1037D00002843A03840D3A720DD3E55E5DF802006F
:1037E00020400C0020480C0020597D0B00207C0B51
:1037F00000202F10020020E41A0020B01C002064DA
:103800001D061120241D002002100146FF83FF84A5
:0838100001821000000000001D
:040000050800418925
:00000001FF
