:020000040800F2
:10400000382800209D410008D5AE0008DDA7000833
:10401000D1AE0008B54A0008E5E300080000000042
:10402000000000000000000000000000BDB2000819
:10403000094C000800000000E5AE0008C1B200080D
:10404000B7410008B7410008B7410008B741000870
:10405000B7410008B7410008B7410008B741000860
:10406000B7410008B7410008B7410008B54B000848
:10407000B7410008B7410008C14B0008B74100082C
:10408000CD4B0008B7410008B7410008B741000810
:10409000B7410008B7410008B7410008B741000820
:1040A000B7410008B7410008B7410008B741000810
:1040B000B7410008B7410008B7410008B741000800
:1040C000B7410008B7410008B7410008B7410008F0
:1040D000B7410008E1BB0008B7410008B74100083C
:1040E000B7410008B7410008B7410008B7410008D0
:1040F000F5B30008B7410008B7410008B741000810
:10410000B7410008B7410008B7410008E9AE000810
:10411000B7410008B7410008B7410008B74100089F
:10412000D94B0008B7410008E54B0008B74100082B
:10413000B74100080000000000000000B74100087F
:10414000B94A0008B7410008B7410008D9AE0008D5
:10415000F14B0008B7410008FD4B0008B7410008CB
:10416000B7410008B7410008B7410008B74100084F
:10417000B7410008B741000800000000000000003F
:10418000B7410008B7410008DFF80CD000F0C6FACC
:1041900000480047D93201083828002006488047E7
:1041A00006480047FEE7FEE7FEE7FEE7FEE7FEE71C
:1041B000FEE7FEE7FEE7FEE775B300088941000869
:1041C0002DE9F05F0546002092469B46884606464C
:1041D000814640241BE0284641464746224600F0DF
:1041E000BDF953465A46C01A914110D3114618469C
:1041F000224600F0A4F92D1A67EB01084F4622462B
:104200000120002100F09BF917EB00094E41201E10
:10421000A4F10104DFDC484631462A464346BDE8A6
:10422000F09F40EA01039B0703D009E008C9121F71
:1042300008C0042AFAD203E011F8013B00F8013B60
:10424000521EF9D27047D2B201E000F8012B491E8C
:10425000FBD270470022F6E710B513460A46044623
:104260001946FFF7F0FF204610BD421C10F8011B55
:104270000029FBD1801A70472DE9FE4F804681EA64
:104280000300C00F0C46009021F0004123F00045D0
:10429000B8EB0200A94105D24046214690461C4693
:1042A0000B46024623F00040104347D0270DC7F3CA
:1042B0000A00C3F30A510290401A019040286BDAB9
:1042C000C3F3130040F4801B0098924620B10023F2
:1042D000D2EB030A63EB0B0B01985946C0F1400285
:1042E000504600F02CF906460D4650465946019AB4
:1042F00000F044F910EB08006141002487EA1152F4
:1043000084EAE7731A4340D0009A62B3019A012A03
:104310004FEA075215DC001B61EB02014FF000422F
:1043200002EA0752CDE90042001C41F580113246F5
:104330002B4600F0A4F903B0BDE8F08F40462146BB
:10434000F9E7001B61EB0201001C41F58013001826
:104350005B412018A2F5001747EB030140EAD57036
:10436000B6196D4111E06D084FEA360645EAC07591
:104370004FEA0752001B61EB0201001C41F580115E
:1043800049084FEA30000019514132462B4603B02C
:10439000BDE8F04F00F064B900980122400000230E
:1043A000D0EB020263EBE073009821464FEAE07421
:1043B000B8EB000061EB0401E9E783F000435BE741
:1043C00081F0004158E72DE9FE4F81EA030404F033
:1043D000004421F0004100944FF0000B23F0004313
:1043E00050EA01045ED052EA03045BD0C3F30A54DE
:1043F000C1F30A552C44A4F2F3340194A0FB0254F7
:10440000C1F3130141F48011C3F3130343F4801388
:1044100001FB024400FB034E840A970A44EA8154DC
:1044200047EA8357A4FB076802958D0A05FB0785B9
:104430004FEA932C04FB0C542705029D4FEA0658C3
:1044400047EA1637B5EB08056EEB070C870E920EA0
:1044500047EA811742EA8312A7FB0201B6EB0B0180
:1044600064EB00042B0D43EA0C335E1844EB1C5044
:10447000DA465146E7FB0201C5F313044FEA0B335A
:1044800043EA14534FEA0432019C43EA0603A4F1C1
:104490000C040294009CCDE900B400F0F0F803B0E5
:1044A000BDE8F08F00200146F9E730B5041E71F138
:1044B000000404DB4FF00044404264EB0101141E91
:1044C00073F1000405DB1C464FF00043524263EBDE
:1044D0000403101A8B4101D2012030BD002030BDF1
:1044E00000F0004230F000400AD0C10D01F56071CB
:1044F000C0F3160042EA0151C20840071143704759
:1045000000200146704701F0004330B421F0004123
:1045100050EA010206D00A0DA2F56072C1F3130140
:10452000002A02DC30BC00207047440F44EAC1047A
:10453000C100E01830BC00EBC25000F031B8202AB6
:1045400004DB203A00FA02F1002070479140C2F1EA
:10455000200320FA03F3194390407047202A04DB1C
:10456000203A21FA02F00021704721FA02F3D040EC
:10457000C2F120029140084319467047202A06DB09
:10458000CB17203A41FA02F043EAE07306E041FA21
:1045900002F3D040C2F1200291400843194670470F
:1045A0000029A8BF7047401C490008BF20F0010047
:1045B000704710B4B0FA80FC00FA0CF050EA010425
:1045C00004BF10BC704749B1CCF1200421FA04F4B7
:1045D00011FA0CF118BF012121430843A3EB0C0190
:1045E000CB1D4FEA00614FEA102042BF002010BCF3
:1045F000704700EBC35010440029A4BF10BC7047A3
:10460000401C490008BF20F0010010BC7047F0B406
:1046100000F0004221F0004120F00040CE0DC30D1B
:10462000C1F3160141F40001C0F316004C421546D7
:1046300040F40000761E09E010EB440002D582F041
:10464000004240428842F7D840005B1EB342F9DA8C
:1046500018B1F0BC0021FFF7ACBF2846F0BC704792
:1046600010B5141E73F1000408DA401C41F100017A
:1046700092185B411A4301D120F0010010BD2DE9D1
:10468000F04D92469B4611B1B1FA81F202E0B0FAC8
:1046900080F220329046FFF752FF04460F4640EA70
:1046A0000A0041EA0B0153465A46084313D011460B
:1046B00053EA010019D0C8F140025046FFF74EFFFF
:1046C00005460E46504659464246FFF738FF084316
:1046D00005D0012004E020463946BDE8F08D0020D9
:1046E000054346EAE0762C4337430A986305E40A1B
:1046F000A0EB08000022FD0A44EA47540A3002D524
:1047000000200146E9E7010510196941DDE9084586
:1047100000196941BDE8F04DA2E700001CB5094849
:104720000090094801900546009C06E0E06840F0D2
:10473000010394E8070098471034AC42F6D3FFF722
:1047400027FD000084430108A443010830B58C18FC
:1047500010F8012B12F00F0301D110F8013B1209E0
:1047600006D110F8012B03E010F8015B01F8015BA2
:104770005B1EF9D101E001F8013B521EFBD1A142C1
:10478000E6D3002030BD00000146806B036C026C54
:1047900013F0500F08D0D20648BF00F08DBB806BDD
:1047A000C26C0846104700BF42F400710164016802
:1047B0008A6812F0405F01D000F07ABB027E002AC6
:1047C000FAD1CA6A12F4700F02D08A685205F3D483
:1047D0004A6822F020024A60016C21F48071016471
:1047E000016CC90448BF00F063BB016C41F00101DA
:1047F000016400F05DBB0000806B40210164416CEE
:1048000041F00401416400F057BB0000806B00F0F0
:1048100051BB00002DE9F04381B040F2584EC2F286
:10482000000E9EF90D304FF04B08B3F1FF3FC8BFAB
:104830004FF023085A064FF04B0258BF23229C0624
:104840004FF04B0458BF2324DD064FF04B0558BFF3
:1048500023251E074FF04B0658BF23265F074FF056
:104860004B0758BF232798074FF04B0041F6E45100
:1048700058BF2320DB07C2F200014FF04B0308BFF3
:104880002323C1E906039EF80C00C1E9008201F16F
:104890000802F0C242B2B2F1FF3F4FF04B089EF85F
:1048A0000E30C8BF4FF0230844064FF04B0958BFE5
:1048B0004FF0230985064FF04B0558BF2325C60648
:1048C0004FF04B0658BF232607074FF04B0758BF42
:1048D000232742074FF04B0258BF232284074FF093
:1048E0004B0458BF2324C0074FF04B0008BF2320C0
:1048F000C1E9088901F12808C86358B288E8E000D6
:10490000B0F1FF3F4FF04B08C1E90D24C8BF4FF095
:1049100023085A064FF04B0258BF23229C064FF043
:104920004B0458BF2324DD064FF04B0558BF232509
:104930001E074FF04B0658BF23265F074FF04B076B
:1049400058BF232798074FF04B0058BF2320DB07A1
:104950004FF04B0308BF232388659EF91000C1E97F
:10496000108201F14802B0F1FF3F4FF04B08F0C256
:10497000CB65C8BF4FF0230843064FF04B0358BF29
:10498000232384064FF04B0458BF2324C5064FF061
:104990004B0558BF232506074FF04B0658BF23266B
:1049A00047074FF04B0758BF232782074FF04B02B2
:1049B00058BF2322C0074FF04B0008BF23208A674F
:1049C0009EF90F20C1E9188301F16803B2F1FF3F9E
:1049D0004FF04B08F0C3C867C8BF4FF02308530619
:1049E0004FF04B0358BF232394064FF04B0458BF9E
:1049F0002324D5064FF04B0558BF232516074FF04B
:104A00004B0658BF232657074FF04B0758BF2327A5
:104A100090074FF04B0058BF2320D2074FF04B02B6
:104A200008BF2322C1F898009EF91100C1E9208334
:104A300001F18803B0F1FF3F4FF04B0EF0C3C1F816
:104A40009C20C8BF4FF0230E43064FF04B0358BFC6
:104A5000232387064FF04B0758BF2327C6064FF086
:104A60004B0658BF232605074FF04B0558BF23259B
:104A700044074FF04B0458BF232482074FF04B02EA
:104A80004FF04B0C58BF2322C00708BF4FF0230C38
:104A9000C1E928E3C1E92A76C1E92C54C1E92E2CE9
:104AA00001F1C0004FF4C871FFF7D4FB01B0BDE8BD
:104AB000F0830000FEE7000041F24030C2F2000047
:104AC00000F0A4BD002070470020704710B540F6EC
:104AD000D474C2F2000440F6E621C2F2000120467E
:104AE000002207F049FA40F6E601C2F20001204632
:104AF00007F034FA002010BDB0B504460EF020FCDB
:104B000040F6D475C2F200052846214607F026FA81
:104B1000284607F0FDF90020B0BD000000207047D6
:104B200040F6D472C2F20002D2F8BC22D2F814329B
:104B3000002B1CBF0120704710B540F6D474C2F2A0
:104B400000040A460146204607F016FA2046BDE852
:104B5000104007F095BA000010B540F20040C4F2D2
:104B600002004FF400610022002401F099FC40F2A1
:104B70006430C2F20000047241F6E434C2F2000470
:104B80002046002104F0ACFF2046042104F0A8FFD9
:104B90002046082104F0A4FF2046002104F058F923
:104BA0002046042104F054F920460821BDE81040B5
:104BB00004F04EB941F22840C2F2000001F048B8BA
:104BC00041F2E840C2F2000001F042B841F28840F0
:104BD000C2F2000001F03CB841F26830C2F20000BD
:104BE00001F036B841F2C830C2F2000001F030B82E
:104BF00041F24850C2F2000001F02AB841F2A85038
:104C0000C2F2000001F024B87047000010B540F275
:104C10000040C4F202004FF400610122012401F0BF
:104C20003FFC40F26430C2F20000047241F6E4340A
:104C3000C2F200042046002104F08CFD204604212D
:104C400004F088FD2046082104F084FD2046002160
:104C500004F07EF82046042104F07AF8204608216A
:104C6000BDE8104004F074B872B602200DF0FABF2F
:104C7000F0B581B040F28C27044643F60C46C2F2F0
:104C800000070020C4F20206F86101F00FFC316851
:104C9000C9031BD43068C0071CBF012030603068D6
:104CA00010F0F20F30D03068C00631D43068800682
:104CB00037D4306840063DD43068000643D43068AD
:104CC000800749D4012001B0F0BD00BFC4B1054642
:104CD000601C10D13068C003DCD53068C00344BF0D
:104CE00030685FEAC030D5D53068C003F2D4D1E770
:104CF0003068C003CED501F0D9FB401BA042F7D9E4
:104D0000032001B0F0BD00BF002001B0F0BD00BF26
:104D1000F86940F01000F8611020306030688006BB
:104D2000C7D5F86940F00800F8612020306030688D
:104D30004006C1D5F86940F00400F86140203060B9
:104D400030680006BBD5F86940F00200F8618020A9
:104D5000306030688007B5D5F86940F02000F86110
:104D600002203060012001B0F0BD000070B581B0BC
:104D70000022009290F83C20012A03D1022001B0C9
:104D800070BD00BFD1F800E00122BEF10A0F1FFA8A
:104D90008EFC80F83C2009D34FEA4C02036812FADB
:104DA0008EF2A2F11E0403F10C0204E003680EEB84
:104DB0004E0403F1100207251668A54026EA0505F2
:104DC00015608D68166805FA04F434431460496868
:104DD000062907D801EB81014A1F194651F8345FB3
:104DE0000FE000BF0C2901EB810105D8A1F12302DE
:104DF000194651F8305F04E0A1F14102194651F81B
:104E00002C5F1F24944025EA04040C600CFA02F283
:104E10000C6842F2043CC4F2010C2243ACF541742C
:104E2000A3420A603ED1BEF1120F07D1DCF8001098
:104E300041F48001CCF8001034E000BF2EF00101F5
:104E400010292FD1DCF80010BEF1100F41F4000141
:104E5000CCF8001026D140F22801C2F20001096806
:104E60004DF68362C4F21B32A1FB0212910C01EBDE
:104E70008101490000910099A1B100990139009187
:104E8000009979B1009901390091009951B10099C7
:104E900001390091009929B10099013900910099D7
:104EA0000029EAD1002180F83C10002001B070BD3B
:104EB000704700007047000070470000002804BFE2
:104EC0000120704710B5016C00293DD0016CC90666
:104ED00045D4016C41F202129143023142F2043294
:104EE0000164C4F20102116821F4403111601368B9
:104EF00090E812102343D0F810E013604A680124B0
:104F000022F480724A604A68C0F6007442EA0E22B7
:104F10004A604A6822F040724A604A6842EA0C02DB
:104F20004A608A6822F400628A60C2688B681A4309
:104F30008A60826A8B68A24223F070638B608B6800
:104F400010D123F0405216E0044600F065F82046E8
:104F50000021616484F83C10016CC906B9D50121B7
:104F600053E000BF1A438A608A6822F040528A6088
:104F7000C26A8B681A438A608A6822F002028A60D9
:104F80008A68037E90F8204042EA43028A604A68B9
:104F900084B142F400624A604A684EF2000322F48F
:104FA00060424A60426ACFF6FF734C6803EB4232BC
:104FB000224301E022F400624A60CA6A40F2000C17
:104FC00022F47002CA62C3694269CFF6F07CCC6AEF
:104FD0000CEB03532343CB628B6823F400738B6089
:104FE00090F830308C6844EA43238B608B6823F45C
:104FF00080638B608B6843EA82228A60002141646F
:10500000026C012363F301020264002280F83C2059
:10501000BDE8104008467047F0B587B00446006808
:1050200042F20011C4F2010100268842CDE9056672
:10503000CDE90366029647D042F20001C4F20101B5
:10504000884240F0878043F630000196C4F20200A7
:10505000416941F480714161416901F480710191BC
:1050600001990196016841F001010160006802A9FF
:1050700000F0010001900198072002900320CDE983
:1050800003060020C4F2020001F032F941F2683553
:1050900046F21040C2F20005C4F202004FF48061F3
:1050A000C5E9000605F110004FF400624FF400530B
:1050B0004FF4807C80E80E104FF40030C5E90266A2
:1050C000C5E908063DE000BF43F630000196C4F292
:1050D00002004169032741F400714161416901F413
:1050E0000071019101990196016841F0010101608F
:1050F000006802A900F00100019001987820029058
:105100000020C4F20200CDE9037601F0F1F846F286
:105110001040C4F2020041F2C8353030C2F200053E
:105120004FF000714FF4806285E843000420C5E928
:105130000362C5E90566EE61C5E90860C5E90A765E
:105140002E63284600F066FE002818BFFFF78CFD8E
:10515000A563AC6307B0F0BDB0B582B00023019386
:1051600090F83C30012B03D1022002B0B0BD00BF4B
:105170008E460123016880F83C308B689446DB073B
:1051800029D18B684DF6836443F001038B6040F2B4
:105190002803C2F200031B68C4F21B34A3FB0434CF
:1051A000A30C03EB43030193019BA3B1019B013BC0
:1051B0000193019B7BB1019B013B0193019B53B187
:1051C000019B013B0193019B2BB1019B013B01938F
:1051D000019B002BEAD18B68DB0503D58B6823F498
:1051E00080738B608C68036CE4070BD143F0100173
:1051F000016400F14401002001220B681A430A6097
:1052000002B0B0BD40F20174A34303F580730364A0
:105210004B685B0504D5036C012464F30D33036410
:10522000046C0023E4044FF0000444BF446C24F0F9
:105230000604446480F83C30836B44F2897444F67D
:105240000D02C0F60004C0F60002C3E90F4244F2AA
:10525000F972C0F60002DA646FF022020A604A684E
:1052600042F2043442F080624A608A68054642F4A1
:1052700080728A604C31184672466346C4F201045B
:1052800000F07AFE22682968D20605D0A4F54172A2
:10529000914225D002B0B0BD42F20002C4F2010238
:1052A000914215D042F20022C4F2010291420CD088
:1052B00042F20012C4F201029142EBD12268D206FE
:1052C00006D0A4F582729142E4D12268D206E1D4DC
:1052D00051F8082F12F0405FDCD14FF080428CE78C
:1052E0004FF60451CFF6FF71615811F0405FD1D1F4
:1052F000A4F53F714FF080427FE7000090F8202036
:10530000013A012A08D8006800F11402002013684D
:1053100019431160704700BF00F1240201204FF4CF
:1053200080211368194311607047000010B590F890
:1053300020E0D0F800C0AEF1010EBEF1010FDCF8A4
:1053400008E011D81EF0E05F18D0CEF30164012010
:10535000A04018608B68DBB1D1F804E0C86840EA6F
:10536000CE0040EA030E17E000F1240301204FF4C1
:1053700080211A681143196010BD00BF00F1240399
:1053800001204FF400111A681143196010BD00BFCD
:105390000868CB6843EA405E0CF5C07000EB04136C
:1053A000240140F804E00C69184640F8044F097DD8
:1053B000012903D1016841F4807101605068012125
:1053C000D8601068986000201A681143196010BDF9
:1053D00090F82020013A012A30D8B0B546F200609A
:1053E000C4F20000026842F001020260026822F486
:1053F0007C520260D1F814E0CC694A6A0368012C3F
:1054000043EA022202600EF01F024FF0010303FA8A
:1054100002F2C3696FEA020C23EA0203C36113D0EC
:105420002CBBC36803EA0C03C360CB688C8844EAD6
:10543000034300EBCE0423640B4611E0416A41F4C0
:105440008021416201207047C3681343C3600B6829
:105450008C8844EA034300EBCE04236401F10C037F
:105460008C681B8843EA044300EBCE046364436802
:105470008D6943EA0204D1F810E0096A002D08BFE3
:1054800003EA0C0444604369BEF1000F43EA0204DE
:1054900008BF03EA0C040129446102D1C169114328
:1054A000C161016821F0010101600020B0BD000070
:1054B00070470000B0B590F82040013C012C7DD829
:1054C000D0F800C000290CBFDCF80C40DCF810401C
:1054D000A4077DD00CF5D8754FEA011C55F80C4097
:1054E00014F00404946055F80CE005EB011C19BF9E
:1054F0004FEADE0555604FEA5E551560DCF8005056
:10550000E64605F00205D5605EF8044F24075ABF51
:10551000DEF8004004F00F0408241461DEF80040B7
:105520000029C4F307249461DEF800504FEA1545C2
:105530005561DCF808201A70026802EB0112D2F8FB
:10554000B8214FEA12225A70026802EB0112D2F817
:10555000B8214FEA12429A70026802EB0112D2F8A7
:10556000B8214FEA1262DA70026802EB0112D2F837
:10557000BC211A71026802EB0112D2F8BC214FEA79
:1055800012225A71026802EB0112D2F8BC214FEAD2
:1055900012429A71026802EB0112D2F8BC214FEA62
:1055A0001262DA7100680CBF00F10C0100F1100109
:1055B000002020220B681A430A60B0BD00F12401CC
:1055C00001204FF480220B681A430A60B0BD00BF6F
:1055D00000F1240101204FF400120B681A430A6005
:1055E000B0BD000090F820100139012984BF0020CF
:1055F00070470068816882688068C1F38061C2F387
:10560000C0621144C0F30070084470472DE9F04FA8
:1056100081B0044600684669D0F804908768D0F8E5
:105620000CB0D0F810A0D0F81880F10704D10025F4
:1056300030071DD424E000BFF90710D00121BA07BC
:10564000816009D4780700F1AF80380700F1B68097
:10565000204600F095FA02E0204600F093FA00257B
:10566000F80500F18780F80300F1B180300707D515
:105670001BF0100004D0206845F400751021C160B3
:10568000700708D51BF0080005D020680821C1600C
:10569000204600F0C9F9B00706D52068C068800729
:1056A00002D0204600F0C2F9700607D51AF01000AB
:1056B00004D0206845F4806510210161B00608D54A
:1056C0001AF0080005D0206808210161204600F08A
:1056D000F3F9F00606D520680069800702D020465D
:1056E00000F0ECF9B00308D519F0100005D02068DF
:1056F00010214160204600F0E3F9F00308D519F0CD
:10570000080005D0206808214160204600F044FAD6
:10571000300440F19B805FEA497040F1948006F4C8
:10572000807008EA102028435FEA8871014648BF6C
:1057300041F00201B20558BF01465FEA48700D46CC
:1057400048BF45F00405700558BF0D46300540F1CF
:105750007A8018F0700000F0768010380009052873
:105760006CD8DFE800F003655D61596945F0080514
:1057700064E000BF20684FF48071BA0581600BD4EB
:10578000780515D438051DD4204600F0FDF9F8033E
:105790007FF56CAF1BE000BF204600F0F7F9F8037F
:1057A0007FF564AF13E000BF4FF4006558E700BF1A
:1057B00005F50055F8037FF559AF08E04FF4805523
:1057C0004EE700BF05F58045F8037FF54FAF206831
:1057D0004FF48031BA0381600AD4780310D43803BF
:1057E00014D4204600F0D4F930073FF541AF47E725
:1057F000204600F0CFF930073FF53AAF40E700BF51
:1058000005F5004530073FF533AF39E705F580353D
:1058100030073FF52DAF33E745F080050EE000BFC0
:1058200045F020050AE000BF45F0400506E000BF56
:1058300045F0100502E000BF45F4807520688169DD
:1058400021F07001816120680421416055B1606AD6
:1058500040EA05012046616201B0BDE8F04FFFF764
:1058600027BE00BF01B0BDE8F08F0000002804BFD4
:1058700001207047B0B5044690F8200010B92046CA
:1058800000F06EF82068016841F00101016000F04D
:105890000DFE054620684168C90705D100F006FEE7
:1058A000401B0B28F6D310E0016821F002010160D3
:1058B00000F0FCFD054600BF2068416889070DD552
:1058C00000F0F4FD401B0B28F6D3606A052140F47C
:1058D00000306062012084F82010B0BD217E026893
:1058E000012922F0800208BF80320260617E0268D6
:1058F000012922F0400208BF40320260A17E026806
:10590000012922F0200208BF20320260E17E0268F5
:10591000012922F0100218BF10320260217F0268B4
:10592000012922F0080208BF08320260617F026884
:10593000012922F0040208BF04320260D4E901C246
:10594000D4E9033561691A432A431143ACF10102DA
:105950001143C16100200121606284F82010B0BDB4
:105960002DE9F04387B040F20044C4F2020400681D
:10597000A4F5CE3100268842CDE90566CDE903665F
:10598000029603D007B0BDE8F08300BF43F64000A5
:105990000196C4F20200016802AD41F0806101602D
:1059A00001684FF0020801F08061019101990196B0
:1059B00001684FF0030941F0007101600168092797
:1059C00001F0007101910199019650F8101C41F00D
:1059D000020140F8101C50F8100C294600F002009B
:1059E0000190019820200290012004902046CDF8DB
:1059F0000C80CDF81490069700F07AFC4020CDE999
:105A0000020820462946CDE90469069700F070FC9B
:105A100040200221032200F0E5FD402000F0D0FDEF
:105A200007B0BDE8F083000070470000F0B589B012
:105A300007AC6A4600212346FFF73CFD40F20426EE
:105A4000C2F2000610B1307905301EE000983168CE
:105A5000884217D1707928B306F10805B11D284690
:105A60000CF042FE049848B1002700BFE119284617
:105A70000CF03AFE049801378742F7D3F11D28460F
:105A80000CF032FE3079A8B10138C1B23071032078
:105A9000312988BF022040F23821C2F2000108708B
:105AA00009B0F0BD9DF8101007A809F019FD307974
:105AB0000028E9D10320EEE770470000704700009E
:105AC00070470000B0B5044690F8200001281DD1B1
:105AD000022084F820002068016821F001010160A3
:105AE00000F0E4FC054600BF20684068C00713D002
:105AF00000F0DCFC401B0B28F6D3606A40F4003059
:105B00006062052084F820000120B0BD606A40F486
:105B1000002060620120B0BD00206062B0BD0000C6
:105B2000B0B5044690F82000022819D12068016819
:105B300041F00101016000F0B9FC054620684168B0
:105B4000C90713D100F0B2FC401B0B28F6D3606AE2
:105B500040F400306062052084F820000120B0BDD0
:105B6000606A40F4801060620120B0BD016821F0DD
:105B700002010160012084F820000020B0BD000077
:105B80007047000070470000704700007047000039
:105B900070470000704700007047000070B5866DC8
:105BA000044600F083FC94F83510022928D10546FC
:105BB0002068216C026822F016020260426922F01D
:105BC0008002426109B9A16C19B1016821F0080194
:105BD0000160016821F00101016000BF20680068D8
:105BE000C00715D000F062FC401B0628F6D3202029
:105BF0006065032084F83500002184F8341070BDFE
:105C0000802060650120002184F8341070BD00BF41
:105C1000E06D3F2101FA00F0B060012084F835000A
:105C20000020002184F8341070BD000090F8351079
:105C3000022909D1052180F835100068016821F09A
:105C400001010160002070478021416501207047FB
:105C5000F0B581B00021009140F22801C2F20001AC
:105C60000B68D0E9166148F2B51537680822C1F60D
:105C70004E358A403A42A3FB05350CD003681C68B8
:105C8000640708D51C6824F004041C60B260426DEF
:105C900042F00102426501228A403A4208D003687C
:105CA0005B691B0604D5B260426D42F00202426598
:105CB00004228A403A4208D003681B689B0704D537
:105CC000B260426D42F00402426510228A403A42BC
:105CD00019D001680B681B0715D5B2600B680A68FC
:105CE0005B0309D4D20509D40A6822F008020A60CD
:105CF000016C29B907E000BF110341D4016C11B157
:105D0000044688472046C26D202101FA02F33B4237
:105D100043D001680F68FF063FD5B36090F8357037
:105D20000B68052F1CD123F016030B604B6923F081
:105D300080034B61036C0BB9836C1BB10B6823F0C0
:105D400008030B603F219140B160012180F83510BC
:105D5000016D0022002980F8342054D158E000BFA2
:105D60000A685B0310D4D20512D40A6822F010022C
:105D70000A60012180F83510002180F8341007E016
:105D8000816C0029BCD1BEE7110301D4416C00E055
:105D9000C16B11B1044688472046416DC1B3416DC6
:105DA000C9072ED0052180F835100168AA0A0B68B2
:105DB00023F001030B60009B0133934200931AD838
:105DC0000B68DB0717D0009B01339342009312D876
:105DD0000B68DB070FD0009B0133934200930AD876
:105DE0000B68DB0707D0009B01339342009302D876
:105DF0000B68DB07DFD1012180F83510002180F826
:105E00003410C16C21B101B0BDE8F040084700BFBB
:105E100001B0F0BD2DE9F041044600F047FBECB1C4
:105E20000546022084F835000020216884F83400FB
:105E3000086820F00100086021680868C00711D0D8
:105E400000F034FB401B0528F6D90325202303204E
:105E5000636584F83550BDE8F08100BF0120BDE8DE
:105E6000F08100BF086848F23F02CFF21002D4E987
:105E7000013500EA020C04F10C0898E8C10143EA7C
:105E80000C032B431843D4E9072E30433843104307
:105E9000626A40EA0E00042A40EA08031CD1206B23
:105EA000D4E90A2E40EA0E00184308604869BEF1A2
:105EB000000F20F0030040EA020040F0040C11D073
:105EC000B8F5005F36D0B8F1000F45D1022A46D0B0
:105ED000012A3BD032B942E00B60486920F007004C
:105EE00040EA020C01F0F8004AF6AB221038CAF67C
:105EF000AA22A0FB02231A0943F66033C1F814C09A
:105F0000C0F601039A5C40F2FF335F284FF03F0078
:105F100021EA030100FA02F088BF0431C4E9161235
:105F20008860002301250020636584F83550BDE8B2
:105F3000F08100BF032AD5D8012540230120DFE8E6
:105F400002F0030E030500BF82E700BFAEF1C07090
:105F5000B0FA80F0400904E0032A04D3C2D1CEF3A2
:105F600000600028BED0012540230120636584F82D
:105F70003550BDE8F081000090F834C0BCF1010F4D
:105F800004BF0220704770B54FF0010C80F834C098
:105F9000D0F858E090F835C0BCF1010F38D14FF07F
:105FA000020C80F835C04FF0000CC0F854C0D0F897
:105FB00000C08468056CC06DDCF80060402C26F4DD
:105FC0008026CCF80060CCF804300B4604BF1346A2
:105FD0000A463F2101FA00F0CCF80830CCF80C203A
:105FE000CEF80800DCF8000040F01600CCF8000005
:105FF0002DB1DCF8000040F00800CCF80000DCF81F
:10600000000040F00100CCF80000002070BD00BF8F
:10601000002180F83410022070BD0000B0B50446A5
:1060200000F044FA054640F20400C2F20000007895
:10603000611C18BF044400BF00F038FA401BA042A6
:10604000FAD3B0BD2DE9F04381B040F28C28C2F202
:10605000000898F81820012A04D1022001B0BDE8F8
:10606000F08300BF0546012088F818004CF250303C
:106070008946FEF7FDFD28B1002188F8181001B00F
:10608000BDE8F0834FF0FF30C9F80000286843F600
:1060900010470128C4F202071CD1286939680002A0
:1060A00021F440713960396880B241F004013960EF
:1060B0003968084340F4803038604CF25030FEF7C5
:1060C000D7FD396821F00401396057F8101C8905A3
:1060D0003BD452E0D5E902603044864230D2F00031
:1060E000841C00BF28694FF44072C1B2032939688B
:1060F0004FEA002021F440713960396838BF82B21C
:1061000041EA02003860386820F07800386038686A
:1061100020433860386840F4803038604CF25030AA
:10612000FEF7A6FD3968002821F07A01396047D1D1
:10613000D5E9020101360844864204F10804D1D3AE
:10614000002057F8101C890517D557F8101C21F4AA
:10615000007147F8101C57F8101C41F4006147F813
:10616000101C57F8101C21F4006147F8101C57F858
:10617000101C41F4007147F8101C57F8101C490519
:106180007FF57AAF57F8101C21F4806147F8101C96
:1061900057F8101C41F4805147F8101C57F8101C98
:1061A00021F4805147F8101C57F8101C41F480610D
:1061B00047F8101C002188F8181001B0BDE8F083E2
:1061C000C9F8006057F8101C8905BED4D5E7000057
:1061D00043F61041C4F20201086840F0004200207A
:1061E0000A6070472DE9F04140F28C24C2F20004AD
:1061F000277E012F04BF0220BDE8F0810546012063
:1062000020764CF2503098460F461646FEF730FD89
:1062100020B100212176BDE8F08100BF2A46022D81
:1062200043F61045C4F202051ED0012A3146384615
:106230000CD03ABB2A6822F440722A602A682A608D
:106240002A6842F001022A6001702CE02A6822F4D8
:1062500040722A602A6842F480722A602A6842F0FA
:1062600001022A6001801EE0286820F44070286046
:10627000286840F400702860286840F00100286019
:106280003E6010E02A6822F440722A602A6842F4D4
:1062900040722A602A6842F001022A600160BFF35E
:1062A0006F8FC0F804804CF25030FEF7E1FC296893
:1062B00021F00101296000212176BDE8F081000074
:1062C00043F60440C4F20200C168B1F1FF3FC4BF0D
:1062D0000020704740F22311C4F26751016048F674
:1062E000AB11CCF6EF510160C068C00F70470000E1
:1062F0002DE9F04F83B000F1200200F13E4741F656
:106300000045009207F1FF77C4F2020508224FEA28
:10631000B726A84208BF072200254FF000084FF01B
:106320000009072E38BF4FEAB72201920AE000BFEA
:1063300009F1010908F10208B9F1100F05F104058E
:1063400000F0A2800F68012202FA09FE17EA0E0A85
:10635000EED0D1F804C003220CF003077E1E02FA2F
:1063600008F4012E6FEA040B12D88468CE6804EAA0
:106370000B0406FA08F634438460446824EA0E06E7
:10638000CCF3001404FA09F42643466004E000BF8D
:10639000032F01D103271EE0C6688C6806EA0B06AE
:1063A00004FA08F42643022FC66014D16FF00302EA
:1063B000009E02EA590756F807C005F01C040F2298
:1063C0000B69A2402CEA0202A3401A43F251D1F811
:1063D00004C00CF00307026807FA08F302EA0B0294
:1063E0001A431CF4403F0260A2D0002243F644034B
:1063F0000292C4F202031A6843F6004442F4804257
:106400001A601A68C4F2010402F480420292029AED
:1064100029F003024FF6084C2244CFF6FF7C52F8D5
:106420000C3005F00C070F26BE40B343019E06FA60
:1064300007F73B4342F80C30A2684B6842EA0A0770
:1064400043F60C4CDE0258BF22EA0A07A760C4F2EA
:10645000010CDCF800209E0242EA0A0758BF22EA3B
:106460000A07CCF8007062689E0342EA0A0758BF28
:1064700022EA0A0767602268DB0342EA0A0758BF7C
:1064800022EA0A07276053E703B0BDE8F08F000057
:10649000426902EA0103914341EA03418161704785
:1064A000002A08BF090481617047000041F6E050EE
:1064B000C2F200000068704780B582B0FFF7F6FFB7
:1064C0004EF21401CEF200010A6849680132511AF5
:1064D000019101994FF47A735943B1FBF2F100FB3A
:1064E000031002B080BD000040F2040041F6E0510C
:1064F000C2F20000C2F2000100780A68104408608D
:106500007047000080B543F60040C4F20200016805
:1065100041F400710160016841F48061016001682B
:1065200041F480710160032000F088F8032000F03E
:1065300005F800F027F8002080BD000070B540F29B
:106540000406C2F2000640F228013278C2F20001CD
:106550004FF47A730968B3FBF2F20446B1FBF2F12F
:10656000084602F057FB0F2C4FF0010508D838B948
:106570004FF0FF3021460022002500F033F8746010
:10658000284670BD82B0002043F640010190C4F25D
:1065900002014A6842F480424A604A6802F480423A
:1065A0000192019A0090086840F0805008600868E5
:1065B00000F0805000900098052002B000F03EB836
:1065C000002848BF704700F01F01012202FA01F1C4
:1065D0001C2202EAD0004EF20012CEF200028150DC
:1065E0007047000010B54EF60C5CCEF2000CDCF8E3
:1065F0000030C3F3022E8EF00704042C28BF0424BD
:10660000BEF103034FF0FF3E0EFA04F438BF00233F
:10661000A14399400EFA03F39A43114300F00F028D
:1066200000F160430901043A03F564436244002821
:1066300048BF02F10C03197010BD00004EF60C515A
:10664000CEF200010A684FF6FF031A4060F30A22F7
:1066500042F0806040F0FD700860704770470000B5
:1066600002680020516270472DE9F041D0F80080A7
:10667000D8F8243091B1D8F82870B1F1010C03EBAF
:1066800017414FD05FFA8CF708F58273042F0CF096
:10669000030E0BD2002700242BE000BF43EA024187
:1066A0000020C8F82810BDE8F08100BF0CF0FC0500
:1066B00008F1F406002400BF56F8107F44F00200F1
:1066C00001EB174144F00107FFB253F82770C0B245
:1066D00053F8200001EB174101EB104044F0030197
:1066E000C9B253F821100434E7B2AF4200EB1141B4
:1066F000E2D1BEF1000F15D053F82700BEF1010F13
:1067000001EB10410ED0601CC0B253F82000BEF166
:10671000020F01EB104105D0A01CC0B253F82000BD
:1067200001EB104141EA024008EB8C01C1F8040181
:106730000020BDE8F0810000D0F8E00405F0DCBFE7
:1067400001EBC102D0F8E03400EB8200026A184687
:1067500005F036BF01EBC102D0F8E03400EB820057
:10676000D0F86022184605F089BF0000D0F8E00498
:1067700005F0C4BF10B501F00F0E0A464FFA81FCB8
:106780000EEBCE0100EB810303F51571BCF1000F98
:1067900048BF03F1140190F89434D209012B4A70D8
:1067A00081F800E004BF022010BD0268012380F8D8
:1067B00094340446104606F0ABFD002084F894049F
:1067C00010BD0000037901F00F029A4284BF01203E
:1067D000704710B502EBC20300EB83034FFA81FC54
:1067E0008E4603F51571BCF1000F48BF03F114018B
:1067F0004FEADE134B7090F894344FF0000C012BED
:1068000081F802C00A7004BF022010BD0268012393
:1068100080F894340446104607F06EF8002084F89F
:10682000940410BD01F00F0101EBC10100EB8100E8
:10683000D0F868027047000010B54FFA81FE01F0F1
:106840000F0CBEF1000F6FF3DF220CEBCC010DD467
:1068500000EB810E00240EF515718EF855428EF86E
:1068600054C2CEF85C228EF8583209E000EB810168
:1068700001F814CF01244C708A600B71A1F81AC082
:10688000022B04BF00224A7190F89424012A04BF0D
:10689000022010BD0268012380F89434044610469B
:1068A00006F0A8FB002084F8940410BD10B501F098
:1068B0000F0E0EEBCE0100EB81044FF0000CC4F87C
:1068C00068C284F855C290F806C004F51571C4F882
:1068D0006022C4F86432BCF1010F84F854E208BFAE
:1068E000CA610068624607F051F8002010BD000040
:1068F000B0B5027901F00F0494424FF001022CD898
:1069000001EBC10300EB83034FFA81FC03F5157320
:1069100004EBC405C90900EB8505BCF1000F48BFB5
:1069200005F11403597090F894149A7001291C70A1
:1069300004BF0220B0BD0168054680F894240846D3
:10694000194607F003F82CB92868A97905F29C428A
:1069500006F0A4FF002285F894241046B0BD000084
:1069600001F00F0C0CEBCC0100EB810101F814CF0E
:106970004FF0000C0B618379C1F814C04FF0010C8B
:10698000CA60012B81F801C008BFCA6180B50068E8
:106990001A4606F0FBFF002080BD00002DE9F04FF5
:1069A00087B005688246284607F00CFA10B107B098
:1069B000BDE8F08FDAF8000007F032FA0028F6D0D0
:1069C000D5F80808C0F30D21DAF80000CAF8D4148D
:1069D00007F026FA0146DAF80000890703D5416975
:1069E00001F00201416105F50061049107F018FA18
:1069F0000146DAF80000C906059535D5816921F010
:106A0000100181612C6A04F00F0000EBC0000AEB5A
:106A10008001C4F34340062801F5157512D0022801
:106A20001BD147F6F07014EA000616D0E968340965
:106A30000598224607F0F8F9E86800EB1610E860C0
:106A400008E000BF05980AF29C41082207F0ECF923
:106A5000C4F30A14686920446861DAF800008169A7
:106A600041F010018161059D07F0DAF9000340F162
:106A7000F180DAF8000007F0B1F9002800F0EA80B0
:106A800006460AF29C404FF4306800244FF0000B99
:106A9000069019E005EB080002218160B80642BFAC
:106AA00005EB080020218160B80442BF05EB080017
:106AB0004FF4005181600BF1010B760808F12008BA
:106AC00004F1240400F0C680F007F4D0DAF80000E6
:106AD0005FFA8BF9494607F09BF90746C00760D07B
:106AE00005EB080001218160DAF8000008EB0001E5
:106AF000036C8A689AF80650012D25D1150733D406
:106B0000950600F19F8043F20B05C4F65475AB4225
:106B1000059D02D312F4004230D10AEB0402D2F8F0
:106B2000743209696FF3DF41A3EB0101C2F8681207
:106B30009CBBD2F86432002B00F08A80D2F860024D
:106B40000844C2F8600228E043F20B05C4F654750D
:106B5000FF35AB4218D1059D10040FD4900644BFF9
:106B60002020886019E000BF43F20B00C4F6547087
:106B7000059D834215D312F4004012D04FF400401B
:106B8000886038070FD43DE0059D34B9DAF8641207
:106B900019B90021069A06F081FE50464946FFF7D2
:106BA000D9FD38072ED505EB080008218160DAF8F9
:106BB000000043F20B02056C40448168C4F6547235
:106BC00095420BD311F4004108D04FF4004181608D
:106BD000504600F019FD059D0AE000BF504600F048
:106BE00013FD43F20B00C4F654708542059D09D392
:106BF0009AF80600012805D1DAF80000069A01216A
:106C000006F04CFEF80642BF05EB0800102181603B
:106C1000B8077FF543AF6869000604D50499486852
:106C200040F4806048600AEB040090F85712012994
:106C30007FF430AF002180F857125046494600F0EB
:106C400031FB27E720208860059D3807ABD4D9E7C2
:106C500001219FE7DAF80000CDF818A007F0E0F86E
:106C6000400340F1D3800698006807F0AFF8002891
:106C700000F0CC800646069805F5106900F1140175
:106C800000F29C40002703910190CDF8089004E0A9
:106C9000760807F1010700F0B980F007F8D00698F0
:106CA0005FFA87FA0068514607F0A0F80446C0076B
:106CB00026D0049A07F00F00516B012303FA00F06D
:106CC00021EA0000506309EB471083600698807941
:106CD000012811D1039907EBC70001EB8000D0E92F
:106CE00002121144C1603FB9006928B90698019A9F
:106CF0000068012106F0D2FD06985146FFF720FDFD
:106D0000200742BF09EB471008218160E00642BF1F
:106D100009EB471010218160600642BF09EB471064
:106D200040218160A00716D52846394606F0DCFFD1
:106D3000039907EBC70001EB800010F8031F01293E
:106D400005D1002101700698514600F0A7FA09EB21
:106D500047100221816020069AD5039907EBC700EE
:106D600001EB8008D8E90420824291D30699D8F833
:106D700008300C68111A994238BF0B4604EB4711D2
:106D8000D1F818C903F1030E1FFA8CF3B3EB9E0F71
:106D90002DD301F5106900BFD8F81020824224D904
:106DA000101A069AD8E902B19579584538BF83463A
:106DB0001FFA8BF3204652460095059D07F0DCFA3A
:106DC000D8F80C00D8F814105844C8F80C0001EB9F
:106DD0000B00C8F81400D9F818100BF1030289B29F
:106DE000B1EB920FD8D2D8F81020DDF8089082428B
:106DF0003FF64EAF07F00F00D4F83418012202FA24
:106E000000F021EA0000C4F8340841E7DDF81890EA
:106E1000D9F8000007F004F8002821D4D9F80000C0
:106E200006F0FEFF00053AD4D9F8000006F0F8FF9E
:106E3000C00445D50499486820F001004860D9F89D
:106E40000000102106F050FF99F80400010600F040
:106E5000EC80C1B2042900F0030035D200219AE091
:106E60000499486820F00100486099F8CC04012892
:106E700008D1002089F8CC0448460021FFF7EEFB3A
:106E800003E000BF484600F0A3FBD9F800004169C9
:106E900001F00041416106F0C3FF0005C4D504982C
:106EA0008068C00702D0484600F0D6FBD9F8000041
:106EB000416901F40061416106F0B2FFC004B9D438
:106EC000D9F80000DDE000BF6FF0600202EA411275
:106ED00000234FF67F370021EE18C6F80879D6F860
:106EE0000059803325F40015C6F80059C6F8087B10
:106EF000D6F8005B9A4225F40015C6F8005BD6F878
:106F0000005B01F1040145F00065C6F8005BC6F8BE
:106F10002879D6F8205925F40015C6F82059C6F866
:106F2000287BD6F8205B25F40015C6F8205BD6F840
:106F3000205B45F00065C6F8205BC6F84879D6F8B6
:106F4000405925F40015C6F84059C6F8487BD6F8D4
:106F5000405B25F40015C6F8405BD6F8405B45F071
:106F60000065C6F8405BC6F86879D6F8605925F424
:106F70000015C6F86059C6F8687BD6F8605B25F442
:106F80000015C6F8605BD6F8605B45F00065C6F892
:106F9000605B059DA0D1002847D005F5106202EB8B
:106FA00041134FF67F374E019F609559059B25F49D
:106FB000001503F53063955103EB4115AF609D5902
:106FC000012825F400159D519D5945F000659D51FE
:106FD0002BD04E1C02EB46147501A760545903EBED
:106FE000461624F400145451B7605F59022827F460
:106FF00000175F515F5947F000675F5115D0881C3B
:1070000002EB40174FF67F364101BE60575803EB45
:10701000401027F4001757508660585820F400108D
:107020005850585840F000605850049F8421F86927
:10703000442240F00110F86199F80F0000284FF049
:107040000B0008BF142108BF42F22B007B5808BF79
:10705000102218437850B85840F00B00B8503868E8
:1070600009F29C4220F4FE603860D9F8000099F8DB
:10707000061006F013FCD9F80000416901F48051B4
:10708000416106F0CDFE0146D9F8000089041AD509
:1070900005F0F2FFD9F8000006F086FED9F80040AE
:1070A00089F8070000F0A4FB99F807200146204664
:1070B00007F0D6F8484600F075FAD9F800004169A3
:1070C00001F40051416106F0ABFE000706D4D9F887
:1070D000000006F0A5FE00060DD437E0484600F09B
:1070E0007BFAD9F80000416901F00801416106F01E
:1070F00097FE00062AD50599886920F080008861EE
:1071000099F80400022821D309F5157409F1140532
:10711000012640F27B2704E00136864207F124076E
:1071200014D219F807100129F6D106F00F0000EB70
:10713000C0023006D9F8000005EB820158BF04EB0D
:10714000820106F041FD99F80400E5E7D9F8000056
:1071500006F066FEC0024BD4D9F8000006F060FECF
:10716000059D80027CD599F80410022926D305F5E7
:107170003260013909F51F72012304E02030013922
:1071800002F124021AD007681678012EF6D1B7F161
:10719000FF3FF3DCD9F8D46486EA1747FF07EDD147
:1071A00002F8013CAF6947F08007AF616F693F06A5
:1071B000E4D40499486840F400704860D9F80000AD
:1071C000416901F40011416106F02AFE40004DD5ED
:1071D0004846FFF7B1FAD9F80000416901F0804153
:1071E000416106F01DFE40077FF5E1AB45E000BFC1
:1071F00099F80400022827D3059909F1140401F530
:10720000126509F13B064FF00108012706E000BFB7
:1072100001372035874206F1240615D22968727895
:10722000012AF5D1B1F1FF3FF2DC07F00F0000EBCE
:10723000C001D9F8000004EB810186F8008006F057
:10724000C3FC99F80400E3E7D9F80000416901F4B0
:107250008011416106F0E4FD059D80023FF583AF9A
:10726000D9F8000006F0DCFD4000B1D4D9F80000E8
:1072700006F0D6FD40077FF59AABD9F800004468C8
:10728000610704D54846FFF771FAD9F80000416854
:107290002143416007B0BDE8F08F0000D0F8E00462
:1072A00005F090BAD0F8E00405F0A2BA002804BFB7
:1072B00001207047F0B581B00446056890F8950448
:1072C00028B9002084F89404204600F027F9032010
:1072D000B5F1A04F84F8950404BF0020A071206888
:1072E00006F0D4FA94E80F00267C009605F0D4FE50
:1072F000002840F000812068002106F0EBFD002806
:1073000040F0F98094F804E0BEF1000F00F0EC804A
:107310000EF0030CBEF1040F4FF0000240D30EF04C
:10732000FC03A4F190000321012500BFCE1E80F8CC
:10733000A460A0F8BE608E1E80F8C860A0F8E2606D
:107340004E1E80F8EC60A0F8066180F81011A0F8DD
:107350002A110E1D013180F8A55080F8A820C0E93F
:107360002B22C0F8B42080F8C95080F8CC20C0E9A6
:107370003422C0F8D82080F8ED5080F8F020C0E921
:107380003D22C0F8FC2080F8115180F81421C0E99A
:107390004622C0F82021903099423146C6D1F21ED3
:1073A000BCF1000F31D004F1140002EBC20100EB7C
:1073B0008105012300F821200021BCF1010F6B7031
:1073C0006A832971C5E9021129611ED0551C05EB9C
:1073D000C50600EB8607BCF1020F7B7000F8265053
:1073E0007D833971C7E9021139610ED0911C01EB1F
:1073F000C10200EB8203012500F8221000205D701D
:1074000059831871C3E902001861BEF1000F6BD0F7
:10741000BEF1040F4FF0000236D30EF0FC00032142
:10742000234600BFCF1E83F854728F1E83F87872F4
:107430004F1E83F8C0120D1D013183F8552283F8C9
:107440005822C3E99722C3F8642283F8792283F88B
:107450007C22C3E9A022C3F8882283F89D2283F806
:107460009C7283F8A022C3E9A922C3F8AC2283F856
:10747000C12283F8C422C3E9B222C3F8D0229033D8
:1074800081422946CED1EA1EBCF1000F2CD004F572
:10749000157002EBC20300EB83070021BCF1010F62
:1074A000797000F823203971C7E9021139611BD0C6
:1074B000531C03EBC30700EB8706BCF1020F71708E
:1074C00000F827303171C6E9021131610CD0911CEE
:1074D00001EBC10200EB820300275F7000F822106D
:1074E0001F71C3E902771F6194E80F00277C0097A2
:1074F00005F070FF30B1022084F89504012001B03E
:10750000F0BD00BF00206074012084F8950420685D
:1075100005F050FF002001B0F0BD0000B0B586B00E
:1075200000680024B0F1A04F0594CDE90344029413
:10753000019401D006B0B0BD43F630050094C4F20A
:107540000205286801A940F001002860286800F0C1
:107550000100009000984FF4C05001900220CDE946
:107560000204032004900A2005900020C4F20200C7
:10757000FEF7BEFE6868032140F08000686000945A
:107580006869032240F480406861686900F48040C3
:10759000009000984320FFF725F84320FFF710F8EC
:1075A00006B0B0BD10B50446C07928B1022801D09C
:1075B000FDF75AFB012100E00021D4F8E00405F0BA
:1075C0009FF9D4F8E004BDE8104005F04DB9000083
:1075D000D0F8E00405F07AB9D0F8E00405F080B9FD
:1075E00090F89424012A04BF0220704710B50122AC
:1075F00080F89424417402680446104606F01EFE8A
:10760000002084F8940410BDD0F8E02400F29C41DE
:10761000104605F08BB9000010B5044690F89404AC
:10762000012804BF022010BD2068012184F89414B1
:10763000C168490606D5617B012903D1816B41F4FC
:107640008031816306F048FB206805F0A3FE00202E
:1076500084F8940410BD000010B50446D0F8E0048E
:1076600005F0BAF92068D0F8001E41F00101C0F819
:10767000001EE07A002808BF10BD4EF61050CEF272
:107680000000016841F00601016010BD002804BF40
:10769000012070472DE9F04143F60808C4F20208C2
:1076A0000446D8F8F8030D4600F00700884207D2D8
:1076B00088F8F853D8F8F80300F00700A84277D10B
:1076C0002068810717D5410705D5D8F8001041F487
:1076D000E051C8F80010010705D5D8F8001041F4B2
:1076E0006041C8F80010D8F80010A26821F0F0013D
:1076F0001143C8F80010C00740D1D8F8F80300F0D3
:107700000700A84207D988F8F853D8F8F80300F022
:107710000700A8424CD12068410707D5D8F80010CF
:10772000E26821F4E0511143C8F80010000708D5C1
:10773000D8F80000216920F4604040EAC100C8F890
:10774000000000F083F8D8F8001043F60832C1F3C7
:107750000311C0F60102515C40F2280220FA01F147
:1077600040F20800C2F200000068C2F2000211609C
:10777000FEF7E4FE0020BDE8F08100BF6068811ED6
:10778000022907D258F8081C89015CBF0120BDE816
:10779000F08111E0012807D158F8081C89035CBF6B
:1077A0000120BDE8F08107E058F8081C890703D4E0
:1077B0000120BDE8F08100BFD8F8001021F00301DE
:1077C0000843C8F80000FEF771FE064641F288370C
:1077D000D8F80000616800F00C00B0EB810F8CD08D
:1077E000FEF764FE801BB842F2D90320BDE8F081A9
:1077F00040F22800C2F200000068704740F2280002
:1078000043F60801C2F20000C4F2020100680968F0
:1078100043F61832C1F38221C0F60102515CC84020
:107820007047000040F2280043F60801C2F2000051
:10783000C4F202010068096843F61832C1F342310C
:10784000C0F60102515CC8407047000010B543F615
:107850000404C4F20204606800F00C0008280BD095
:10786000042819BF42F20040C0F2F40047F640007D
:10787000C0F27D1010BD00BF206821682368490256
:1078800047F64001C0F27D1100F03F02C3F38810BB
:107890005CBF42F20041C0F2F401A1FB00010023F1
:1078A000FCF78EFC21680222C1F3014102EB410189
:1078B000B0FBF1F010BD0000002804BF01207047AC
:1078C0002DE9F04182B00446007843F60006C00777
:1078D000C4F202060CD0B06800F00C00042840F09E
:1078E00081803068800303D56068002800F06881DB
:1078F000207880071BD5B06810F00C0F09D0B06855
:1079000000F00C00082840F087807068400200F109
:1079100083803068800703D5E068012840F05081FB
:107920003068216920F0F80040EAC100306020781A
:10793000000713D4207840072AD4A569002D00F051
:107940003A81B06800F00C00082840F0A580012DB5
:1079500040F00E81012002B0BDE8F081606900288E
:1079600000F082800020C4F247200121C0F8801E70
:10797000FEF79CFD054600BF706F8007DAD4FEF766
:1079800095FD401B0228F7D9032002B0BDE8F08125
:10799000306C5FEAC0080AD400200190306C40F0DF
:1079A00080503064306C00F080500190019847F2B4
:1079B0000007C4F200073868C00547D4386840F4AF
:1079C00080703860FEF772FD054600BF3868C0055C
:1079D0003CD4FEF76BFD401B0228F7D9032002B010
:1079E000BDE8F081B06800F00C00082803D1706891
:1079F00040023FF576AF61683068B1F5803F07D04F
:107A0000B1F5A02F40F09A8040F4802030603068BB
:107A100040F4803030609AE0E068002840F20000D6
:107A2000C4F247205CD001210160FEF73FFD05460E
:107A3000306880073FF574AFFEF738FD401B022821
:107A4000F6D9032002B0BDE8F08100BFA168306F15
:107A5000012905D0052955D140F004003067306F69
:107A600040F00100306756E00020C4F247200021BA
:107A7000C0F8801EFEF71AFD054600BF706F800734
:107A80007FF558AFFEF712FD401B0228F6D9032000
:107A900002B0BDE8F08100BF0027C4F247270020F4
:107AA0003866FEF703FD022D05460DD130688001D2
:107AB00040F18A80FEF7FAFC401B02284FF00300D9
:107AC000F4D902B0BDE8F0813068800173D5FEF7CB
:107AD000EDFC401B02284FF00300F5D9F1E700BF91
:107AE00000210160FEF7E2FC054600BF3068800718
:107AF0007FF51DAFFEF7DAFC401B02284FF00300B4
:107B0000F4D9DEE720F001003067306F002920F063
:107B1000040030677AD0FEF7C9FC054641F2883789
:107B2000306F800700F18480FEF7C0FC401BB84234
:107B3000F6D9032002B0BDE8F08100BF20F4803008
:107B400030603068002920F4802030607AD0FEF761
:107B5000ADFC0546306880033FF5CAAEFEF7A6FCD3
:107B6000401B6428F6D9032002B0BDE8F08100BFB5
:107B70007068E16900F480028A4221D1216A00F034
:107B80003F028A421CD147F6C071626A0140B1EBE4
:107B9000821F15D1A16A4FF6FF73C903994300F400
:107BA0004032A1F580318A420AD1E16A00F070606A
:107BB000B0EB016F04D1002002B0BDE8F08100BF3E
:107BC000012002B0BDE8F08104F11C052FCD08436F
:107BD00040EA8210D9034FF6FF729143A1F580313C
:107BE00040EA05600843706001203866FEF75EFCDD
:107BF000044600BF30688001DDD4FEF757FC001B4F
:107C000002284FF00300F5D95BE700BFFEF74EFCFA
:107C1000054641F2883700BF306F800708D5FEF770
:107C200045FC401BB8424FF00300F5D949E700BFBF
:107C3000B8F1000F3FF581AE306C20F08050306419
:107C40007BE600BFFEF732FC054600BF30688003CC
:107C50007FF54EAEFEF72AFC401B64284FF0030070
:107C6000F4D92EE710B584B040F22801C2F2000129
:107C7000096841F6F112C0F27652A1FB0212510AD4
:107C800064225143029102990446039101684868B5
:107C900020F0200048604868000607D44868400685
:107CA00037D44868800768D49CE000BF4AF69170DA
:107CB000C0F600006064039810B303980138039085
:107CC00094F8510007281FD00398C8B103980138D1
:107CD000039094F85100072816D0039880B10398B8
:107CE0000138039094F8510007280DD0039838B15B
:107CF00003980138039094F851000728DBD103E082
:107D0000606D40F04000606502980390486840064E
:107D1000C7D54AF6F560C0F600002064039818B392
:107D200003980138039094F85100072820D0039855
:107D3000D0B103980138039094F85100072817D068
:107D4000039888B103980138039094F851000728EC
:107D50000ED0039840B103980138039094F8510075
:107D60000728DBD104E000BF606D40F04000606593
:107D7000029803904868800734D5A06C90B3002126
:107D80000165FDF70BFF00281CBF402060652168DE
:107D9000486820F0020048600398F8B10398013861
:107DA0000390886880071DD40398B8B10398013800
:107DB00003908868800715D4039878B10398013838
:107DC0000390886880070DD4039838B10398013870
:107DD000039088688007DFD504E000BF606D40F045
:107DE000400060654868C00712D0E06C80B1002197
:107DF0000165FDF7D3FE00281CBF402060652168A7
:107E0000086820F040000860486820F001004860E1
:107E10000023E387E386606D4FF0010C40284FF0AC
:107E200001001CBF636500200193CA6801928A6843
:107E30000192019A019389680191019984F851C0D6
:107E400004B010BD41F64431C2F20001884218BFAF
:107E5000704710B582B00020C4F202004FF4004118
:107E60000122FEF71DFB41F64434C2F20004204615
:107E700000F01EF8012805D041F64430C2F200009F
:107E8000FFF7F0FE002001902168CA6801928A681D
:107E90000192019A009089680091009940F21C417A
:107EA000C2F200010876086202B0BDE810407047D7
:107EB00090F8510070470000B0B582B001684A6880
:107EC0008B6803F04105012D08D112F0400505D063
:107ED000016C02B0BDE8B040084700BF9D0707D560
:107EE00012F0800504D0416C02B0BDE8B0400847F4
:107EF00013F4B07F18BF12F0200501D102B0B0BD5D
:107F00005D0618D590F85150032D09D1002001903D
:107F1000C868019088680190019802B0B0BD00BFA8
:107F2000456D45F00405456500250195CD68019531
:107F30008D680195019D9D0604D4DB0511D4436D28
:107F4000DBB9DBE7456D45F0010545650025019589
:107F50008D6801950D6825F040050D60019DDB05DC
:107F6000EDD5436D43F008034365002301938B680F
:107F70000193019B436D002BC0D04B68920723F007
:107F8000E0034B604FF0010380F8513026D04A687F
:107F90004AF6AD7422F003024A60C16CC0F60004D8
:107FA00059B1054608460C65FDF740FE01462846D6
:107FB00019B1416D41F040014165816C00299DD0AE
:107FC0000C6504460846FDF731FE002896D0606D2A
:107FD00040F04000606502B0B0BD00BF02B0BDE837
:107FE000B040FFF72FBF000070B528B1416A29B13A
:107FF00000210161142106E0012070BD4168B1F546
:10800000827F02D01C21002242500026866290F816
:10801000511029B980F85060054600F03DF8284617
:10802000022180F8511090E82E0002F482720C6850
:1080300003F4044324F040040C601A4405F4006384
:1080400005691A4405F0020345691A4405F0010365
:108050008569C4691A4405F400731A4404F03803AE
:10806000046A1A4404F08003846A1A4304F4005337
:108070001A430A60436A042202EA154203F010031D
:108080001A444A60CA6922F40062CA610121466545
:1080900080F85110304670BD2DE9F04F87B004468E
:1080A000006843F60041C4F2000100278842CDE990
:1080B0000577CDE90377029734D043F60001C4F287
:1080C0000001884240F0AB80002043F6300101906F
:1080D000C4F202010A6942F480420A610A6902F4A8
:1080E00080420192019A01900A6842F002020A60FD
:1080F000096801F00201019101994FF46041029178
:108100000221CDE903100520069040F60000C4F2DC
:1081100002000591A0F5806002A9FEF7E9F807B01A
:10812000BDE8F08F43F630000197C4F20200016908
:1081300040F6000B41F4004101610169C4F2020BF9
:1081400001F40041019101990197016802AE41F0EB
:108150000401016000684FF0020A00F00400019081
:1081600001984FF4A050029001254FF006085846A0
:108170003146CDE903A70595CDF81880FEF7B8F88C
:108180004FF40069CDF8188046F210085846314681
:10819000CDE9029ACDE90455C4F20208FEF7A8F829
:1081A00041F22845C2F200054FF4806B4FF4005AAB
:1081B0004FF400362846C5E90087C5E90277C5E9CE
:1081C00004B9C5E906A7C5E90867FDF723FE00283D
:1081D00018BFFCF749FDE564AC6341F2884508F13E
:1081E0007800C2F200050021402285E807002846F9
:1081F000C5E9031BC5E9059AE961C5E90861FDF711
:1082000009FE002818BFFCF72FFD332002210222AF
:10821000A564AC63FEF7E6F93320FEF7D1F907B0A9
:10822000BDE8F08F2DE9F04182B0044690F851008E
:1082300001281AD100294FF0010018BF002A03D1EC
:1082400002B0BDE8F08100BF60681D461746B0F57A
:10825000827F03D1A068002800F0BC800E46FEF7A4
:1082600025F994F85010012904D1022002B0BDE88C
:10827000F08100BF8046012084F8500004200021D6
:1082800084F851006165A663A787E7872163A1860B
:10829000E186A2682068B2F5004F2164616437D09E
:1082A000016849063FD5E168E08F002943D00028E6
:1082B0007AD0681C0BD11AE0C068A16B21F8020BC0
:1082C000A163E08F0138E087E08F00286CD0206840
:1082D0008168C907F0D1FEF7E9F8A0EB0800A842D1
:1082E000F2D342E0FEF7E2F8E08F00285CD020688D
:1082F0008168C907F6D0C068A16B21F8020BA163A1
:10830000E08F0138E087E08F0028F0D14CE000BF1B
:10831000016821F040010160016821F480410160A1
:1083200001684906BFD4016841F040010160E1687D
:10833000E08F0029BBD1B8B3681C0CD124E000BF8A
:10834000007BA16B0870A06B0130A063E08F013847
:10835000E087E08F40B320688168C907F0D1FEF75D
:10836000A5F8A0EB0800A842F3D3012084F851003F
:10837000002084F85000032002B0BDE8F08100BF67
:10838000FEF794F8E08F78B120688168C907F7D0CC
:10839000007BA16B0870A06B0130A063E08F0138F7
:1083A000E087E08F0028EFD16068B0F5827F0ED1C2
:1083B000A068B0F5004F02D0B0F5806F16D12168EB
:1083C000B0F5806F0A6822F040020A600ED12046A4
:1083D00001210DE0042084F8510020460A463B4666
:1083E000009500F061F902B0BDE8F08120468021DF
:1083F00000222B46CDF8008002F0CEFE28B1606D41
:1084000040F02000606520206065012084F8510064
:10841000002084F85000606D002818BF012002B0D1
:10842000BDE8F08170470000704700002DE9F04181
:1084300084B01D4616460F460446FEF737F894F8FA
:10844000511001290ED18046002F4FF0010018BFB6
:10845000002E03D104B0BDE8F08100BF94F85000B5
:10846000012803D1022004B0BDE8F081012084F886
:1084700050000320002184F8510061652763A6861F
:10848000E686A163A187E187A0682164B0F5004F6B
:108490002068616407D1016821F040010160016832
:1084A00041F4804101600168490603D4016841F04C
:1084B000400101606168731EE268B1FA81F1B3FAAC
:1084C00083F349095B09B2F5006F41EA030139D131
:1084D00031B137F8021BC1602763E08E0138E086B6
:1084E000E08E002870D0681C0BD11AE0216B31F8A7
:1084F000022BC2602163E08E0138E086E08E002806
:1085000062D0206881688907F0D4FDF7CFFFA0EB27
:108510000800A842F2D338E0FDF7C8FFE08E00283B
:1085200052D0206881688907F6D5216B31F8022B7B
:10853000C2602163E08E0138E086E08E0028F0D131
:1085400042E000BF39B139780173206B01302063FC
:10855000E08E0138E086E08EB0B3681C0BD123E0DA
:10856000216B09780173206B01302063E08E0138A4
:10857000E086E08E40B3206881688907F0D4FDF77B
:1085800095FFA0EB0800A842F3D3012084F8510026
:10859000002084F85000032004B0BDE8F08100BF43
:1085A000FDF784FFE08E78B1206881688907F7D5F0
:1085B000216B09780173206B01302063E08E013854
:1085C000E086E08E0028EFD12046022101222B46D2
:1085D000CDF8008002F0E0FDE0B1606D40F02000D9
:1085E000606520206065A06838B90020029020688E
:1085F000C1680291806802900298012084F85100BD
:10860000002084F85000606D002818BF012004B0DD
:10861000BDE8F08140F22800C2F20000006849F68F
:108620008171C1F25E61A0FB0101480D4FF47A71C6
:10863000484303906068B0F5827F0BD120468021CB
:1086400000222B46CDF8008002F0A6FD0028C4D100
:10865000C9E700BF03980028C5D0039801380390EC
:10866000206880680006BED503980028BBD0039818
:1086700001380390206880680006B4D5039800286C
:10868000B1D0039801380390206880680006AAD50D
:1086900003980028A7D003980138039020688068C9
:1086A0000006D7D49FE700002DE9F04383B01E46B3
:1086B00015460F460446FDF7F9FE94F85110814621
:1086C000012909D1002F4FF0010018BF002D0FD153
:1086D00003B0BDE8F08300BF6068B0F5827F0DD1C4
:1086E00004294FF00200F3D1A1680029EAD0EFE796
:1086F000002EEDD094F85000012803D1022003B0E1
:10870000BDE8F083012084F8500094F85100002166
:1087100004281CBF052084F851006165A563E68725
:10872000A6872763E6862068A686216461640168BF
:10873000490603D4016841F0400101606168731E7D
:10874000E268B1FA81F1B3FA83F3DDF828804909D0
:108750005B09B2F5006F41EA030165D131B137F829
:10876000021BC1602763E08E0138E086012518F105
:10877000010032D102E000BFFDF798FEE08E18B98B
:10878000E08F002800F0B8802068816889070CD548
:10879000E18E51B1012D08D1216B002531F8022B5A
:1087A000C2602163E18E0139E1868168C907E3D0A7
:1087B000E18F0029E0D0C068A16B012521F8020BF0
:1087C000A163E08F0138E087D6E700BFFDF76EFEBA
:1087D000A0EB0900404580F0A580E08E18B9E08F3D
:1087E000002800F089802068816889070CD5E18E17
:1087F00051B1012D08D1216B002531F8022BC26047
:108800002163E18E0139E1868168C907DED0E18FFD
:108810000029DBD0C068A16B012521F8020BA16300
:10882000E08F0138E087D1E739B139780173206BE7
:1088300001302063E08E0138E086012518F1010047
:1088400032D101E0FDF732FEE08E10B9E08F002852
:1088500052D02068816889070ED5E18E61B1012D63
:108860000AD1216B002509780173216B2068013141
:108870002163E18E0139E1868168C907E2D0E18F89
:108880000029DFD0C068A16B01250870A06B013002
:10889000A063E08F0138E087D4E700BFFDF706FE54
:1088A000A0EB090040453DD2E08E08B9E08F18B337
:1088B0002068816889070ED5E18E61B1012D0AD14A
:1088C000216B002509780173216B20680131216338
:1088D000E18E0139E1868168C907DFD0E18F002987
:1088E000DCD0C068A16B01250870A06B0130A063CB
:1088F000E08F0138E087D1E720460221012243467C
:10890000CDF8009002F048FCB0B1606D40F020005E
:10891000606520206065002084F85000012003B0CD
:10892000BDE8F083012084F85100002084F8500055
:10893000032003B0BDE8F08340F22800C2F200003B
:10894000006849F68171C1F25E61A0FB0101480D2A
:108950004FF47A71484302906068B0F5827F0BD182
:108960002046802100224346CDF8009002F014FCFE
:108970000028CAD124E000BF029808B30298013849
:1089800002902068806800061AD50298C0B102984B
:108990000138029020688068000611D5029878B1ED
:1089A00002980138029020688068000608D5029875
:1089B00030B1029801380290206880680006DBD44C
:1089C000A06838B9002001902068C16801918068D2
:1089D00001900198012084F85100002084F8500093
:1089E000606D002818BF012003B0BDE8F0830000CF
:1089F00070B590F85150012D08D100294FF0010CAD
:108A000018BF002A0ED1604670BD00BF4468B4F59F
:108A1000827F0DD1042D4FF0020CF4D18568002D1A
:108A2000EBD0F0E7002BEED090F85050012D01D1A3
:108A3000022070BD012580F8505090F8515000245C
:108A4000042D1CBF052580F85150446501638386C1
:108A5000C38682638387C387C0E9104490F85110AE
:108A60004AF6D9734AF6E176C0F60003C0F600066E
:108A70000568D0F84CC0042908BF1E464AF6E971C3
:108A80004BF29503C0F60001C0F6000308BF0B4689
:108A90004AF6B971C0F60001CCE90F36CCE91314DF
:108AA000C38F064605F10C016046FDF765FA38B143
:108AB000706D40F010007065012086F8504070BD68
:108AC0003568316BB06C6B6805F10C0243F0010343
:108AD0006B60C0E90F44C0E91344F38EFDF74CFA14
:108AE00040B1706D40F010007065002086F85000B5
:108AF000012070BD306835460168490603D401681D
:108B000041F0400101604FF0000C85F850C0416811
:108B100041F020014160416841F00201416060463E
:108B200070BD000041F64431C2F20001884218BF16
:108B3000704770B582B00024C4F2020420464FF49E
:108B400000410122FDF7ACFC40F21C45C2F20005D9
:108B5000287E012846D10220287641F64430C2F210
:108B60000000FFF7A5F9012814D120464FF4004179
:108B70000022FDF795FC41F6443040F2AE2105F1AC
:108B80000802C2F20000C2F2000102230226FFF72F
:108B90002FFFB8B320464FF400410122FDF780FCBF
:108BA00041F64434C2F200042046FFF781F901285F
:108BB00005D041F64430C2F20000FFF753F8002020
:108BC00001902168CA6801928A680192019A019015
:108BD0008968019101992876286202B0BDE8704049
:108BE000704700BF287E0228F7D172B6A888E880B7
:108BF0002889688162B60320287602B0BDE87040FB
:108C0000704700BF2E7602B0BDE87040704700008C
:108C100070470000411E0020B0EB116F1CBF012007
:108C200070474EF21002CEF2000251604EF6235110
:108C3000CEF20001F0230B700721906011607047A5
:108C4000704700007047000090F83C20012A04BFE4
:108C500002207047B0B501F108053CCDD1E900CE46
:108C600023F47C5322F470521A432EF4F0431A4337
:108C70002CF4E0431A4324F4C0431A432A43C9693D
:108C800022F48042036811435964002180F83C10AB
:108C90000020B0BD90F83C20012A4FF0020254D0D1
:108CA00010B580F83D200268D2F804E0D2F808C080
:108CB0000C682EF07003234341F2FF74C4F20004E9
:108CC000A24253600EDC40F2FF73C4F200039A42EA
:108CD00016DCB2F1804F2BD040F20043C4F2000307
:108CE00024E000BF40F2FF33C4F201039A4213DCD8
:108CF00041F60003C4F200039A4219D0002313E0A6
:108D000040F60003C4F200039A4211D040F600433B
:108D1000C4F200030AE000BF44F20003C4F20103FE
:108D20009A4205D040F20043C4F201039A4204D1B2
:108D300049682CF08003194391600121002280F8DA
:108D40003D1080F83C20BDE8104010467047000000
:108D5000C1B1042908D0082914BF45224422825CED
:108D6000012A05D016E000BF4322825C012A11D1FE
:108D70000222082910D0042914BF80F8452080F869
:108D800043200BE090F84220012A03D1022280F810
:108D9000422003E00120704780F84420006801F081
:108DA0000F010422036A02FA01F123EA01020262BE
:108DB000026A11430162416C41F2FF72C4F2000287
:108DC00041F40041904241640EDC40F2FF71C4F274
:108DD0000001884216DCB0F1804F2BD040F20041F8
:108DE000C4F2000124E000BF40F2FF31C4F20101EF
:108DF000884213DC41F60001C4F20001884219D018
:108E0000002113E040F60001C4F20001884211D0B5
:108E100040F60041C4F200010AE000BF44F2000144
:108E2000C4F20101884205D040F20041C4F20101C0
:108E3000884206D1816801F00701062904BF00209D
:108E40007047016841F00101016000207047000097
:108E500010B5026801F00F0E4FF0040C146A0CFA02
:108E60000EF324EA03031362136A1362146A41F2D5
:108E700011131C4206D1D2F820C040F244441CEA2F
:108E8000040F0DD0146A1C4211D1136A40F24444FD
:108E900023420CD1136823F00103136007E000BFE5
:108EA000546C24F400445464146A1C42EDD0082924
:108EB00012D004290AD000294FF0010114BF80F814
:108EC000451080F84210002010BD00BF012180F83D
:108ED0004310002010BD00BF012180F84410002085
:108EE00010BD0000002804BF0120704710B50446E3
:108EF00090F83D0028B9002084F83C00204600F09E
:108F00001FF8022084F83D002068211D02F078FA45
:108F1000012084F8460084F83E0084F83F0084F87D
:108F2000400084F8410084F8420084F8430084F84B
:108F3000440084F8450084F83D00002010BD000086
:108F40002DE9F04182B0016840F20042C4F2010212
:108F500091423DD040F60002C4F20002914233D16A
:108F60008046002043F640010190C4F202010A68E5
:108F700041F2E84442F004020A600968C2F20004C7
:108F800001F004010191019946F25801C4F2020175
:108F90004FF08062402384E80E0004F10C014FF48E
:108FA00080654FF480564FF48047E1C1C4E9070063
:108FB00060622046FCF72EFF002818BFFBF754FE26
:108FC000C8F82840C4F8388002B0BDE8F08100BF7E
:108FD0000020009043F64000C4F2020041680022E5
:108FE00041F0020141604068002100F00200009061
:108FF00000982C20FDF7F6FA2C2002B0BDE8F041D5
:10900000FDF7DEBA90F83D1001291CBF0120704722
:10901000022180F83D10006841F2FF72C168C4F27D
:109020000002904241F00101C1600DDC40F2FF718D
:10903000C4F20001884215DCB0F1804F2AD040F222
:109040000041C4F2000123E040F2FF31C4F201010B
:10905000884213DC41F60001C4F20001884219D0B5
:10906000002113E040F60001C4F20001884211D053
:1090700040F60041C4F200010AE000BF44F20001E2
:10908000C4F20101884205D040F20041C4F201015E
:10909000884206D1816801F00701062904BF00203B
:1090A0007047016841F00101016000207047000035
:1090B00090F83C20012A4FF002026CD080B580F875
:1090C0003D20D0F800C04FF67772DCF8083023EA74
:1090D0000202CCF808200B684F2B29DC1F2B45DD42
:1090E000202B46D0302B44D0402B40F0AF80D1F81D
:1090F00004E0C968DCF82030DCF8202022F001020E
:10910000CCF82020DCF8182022F0F00242EA01110D
:1091100023F00A0242EA0E02CCF81810CCF8202004
:10912000DCF8081041F0470121F0300128E000BFD1
:109130006F2B33DDB3F5005F74D0B3F5805F21D0C2
:10914000702B40F08380D1E901E3C968DCF8082086
:1091500043EA0E0322F47F4243EA01211143CCF893
:109160000810DCF8081041F0770109E00BB1102B72
:109170006CD1DCF8081021F07001194341F00701AF
:10918000CCF808100022012180F83D10002180F861
:109190003C10BDE880401046704700BF502B21D0E6
:1091A000602B53D1D1F804E0C968DCF82030DCF83A
:1091B000202022F01002CCF82020DCF8182022F425
:1091C000704242EA013123F0A00242EA0E12CCF8CA
:1091D0001810CCF82020DCF8081041F0670121F0CD
:1091E0001001CDE7D1F804E0C968DCF82030DCF8E4
:1091F000202022F00102CCF82020DCF8182022F0F8
:10920000F00242EA011123F00A0242EA0E02CCF80F
:109210001810CCF82020DCF8081041F0570121F09C
:109220002001ADE7D1E901E3C968DCF8082043EA91
:109230000E0322F47F4243EA01211143CCF80810C7
:10924000DCF8081041F480419AE700BF01229AE758
:10925000704700007047000070B504460068C5689C
:109260000669B10716D515F0020113D06FF002019F
:109270000161012121778069800703D02046FFF733
:10928000E9FF05E0204600F00FF9204600F04EFA15
:1092900000202077700719D515F0040016D020683B
:1092A0006FF00401016102212177806910F4407F91
:1092B00004D02046FFF7CEFF06E000BF204600F0B6
:1092C000F3F8204600F032FA00202077300717D557
:1092D00015F0080014D020686FF008010161042126
:1092E0002177C069800703D02046FFF7B3FF05E070
:1092F000204600F0D9F8204600F018FA0020207728
:10930000F00619D515F0100016D020686FF0100186
:10931000016108212177C06910F4407F04D0204604
:10932000FFF798FF06E000BF204600F0BDF820469A
:1093300000F0FCF900202077F00718BF15F00100BD
:1093400002D1300609D412E020686FF001010161FA
:10935000204600F079FC300609D515F0800006D0D3
:1093600020686FF0800101612046FFF769FC7006FC
:1093700009D515F0400006D020686FF0400101616A
:10938000204600F085FCB00658BF70BD15F02000E7
:1093900008D021686FF0200220460A61BDE87040C5
:1093A000FFF750BC70BD00002DE9F04186B00068A9
:1093B00040F20041C4F2010100268842CDE9046672
:1093C000CDE90266019621D040F60001C4F2000109
:1093D000884265D1002043F630010090C4F20201BA
:1093E0000A6842F002020A60096801F00201009175
:1093F0000099802101910221CDE90210CDE90401FB
:1094000040F20040C4F2020047E000BF43F63000E3
:109410000096C4F20200016840F2004441F00101EC
:1094200001600168C4F2020401F001010091009999
:109430000096016801AD41F00201016001684FF042
:10944000020801F0020100910099009601680327CB
:1094500041F0040101600068294600F0040000901A
:10946000009880200190A4F58060CDE902860496E2
:109470000597FCF73DFF20462946CDE90178CDE967
:1094800003660597FCF734FF4FF4E070CDE901085F
:1094900004F58060CDE90366059701A9FCF728FF74
:1094A00006B0BDE8F08100007047000090F83C3045
:1094B000012B04BF022070474FEAB202032A00F2D8
:1094C000FF802DE9F043DFE802F003B13F7F00BFEA
:1094D000036840F200461C6A1A6A24F0020422F073
:1094E00001021A621A46D3F804C052F818EF8F68C6
:1094F00043F48065C4F20106B54244EA070405D18D
:10950000CF6824F00C0427F004073C430F68B542F1
:1095100006D1D1E905582CF440762E4346EA080CD2
:109520002EF073063743C3F804C09F614F68096982
:109530005F631C629F6947F008079F619F6927F07E
:1095400004079F61B1E000BF036840F200481C6A55
:109550001A6A24F4007422F480721A621A46D3F84C
:1095600004C052F81CEF8F6843F48065C4F2010810
:10957000454544EA072408D1CF6840F2FF463F0240
:1095800024F4406427EA06063443D1F800904545A8
:1095900006D1D1E905562CF440572E4347EA061C64
:1095A0002EF0730747EA0907C3F804C0DF614F686C
:1095B0000969DF631C62DF6947F00807DF61DF6963
:1095C00027F00407DF6170E0036840F20045D3F83C
:1095D00020C01A6A43F4806722F480521A621A4645
:1095E0005C6852F81C8FD1F800E08E68C4F2010567
:1095F000AF4204D14D6924F4804444EA85142CF42C
:10960000005747EA063728F4E64646EA0E265C602D
:10961000DE614E6809691E641F62DF6947F40067F6
:10962000DF61DF6927F48067DF613DE0036840F2B6
:1096300000481C6A1A6A24F0200422F010021A6200
:109640001A46D3F804C052F818EF8F6843F48065C7
:10965000C4F20108454544EA071407D1CF686FF00A
:10966000400624F0C00406EA07163443D1F80090FF
:10967000454506D1D1E905562CF440672E4347EA0B
:10968000860C2EF4E64747EA0927C3F804C09F6119
:109690004F6809699F631C629F6947F400679F6177
:1096A0009F6927F480679F6109021368194311605D
:1096B0000021BDE8F043002280F83C2008467047B6
:1096C0000121002280F83C2008467047002804BF92
:1096D0000120704710B5044690F83D0028B90020DD
:1096E00084F83C00204600F01FF8022084F83D007A
:1096F0002068211D01F084FE012084F8460084F8D2
:109700003E0084F83F0084F8400084F8410084F86B
:10971000420084F8430084F8440084F8450084F84B
:109720003D00002010BD00007047000041F69C3253
:10973000C2F2000201681268914218BF704740F2FD
:109740001822C2F2000201230421137000F01EBA95
:1097500070470000C1B1042908D0082914BF412274
:109760004022825C012A05D016E000BF3F22825CC5
:10977000012A11D10222082910D0042914BF80F82F
:10978000412080F83F200BE090F83E20012A03D1D1
:10979000022280F83E2003E00120704780F840203C
:1097A000006801F01F010122036A02FA01F123EAB5
:1097B00001020262026A114341F2FF72C4F2000226
:1097C000904201620CDC40F2FF71C4F20001884259
:1097D00014DCB0F1804F37D040F2004116E000BFFA
:1097E00040F2FF31C4F20101884215DC41F600016C
:1097F000C4F20001884227D0002115E040F60001A4
:10980000C4F2000188421FD040F60041C4F20001BA
:10981000884219D01FE000BF44F20001C4F20101E8
:10982000884211D040F20041C4F20101884212D1B5
:10983000416C40F2004340F48062C4F2010341F401
:1098400000419A42416406D1816801F0070106296E
:1098500004BF00207047016841F001010160002051
:109860007047000070B5B9B14125082908BF4025EF
:10987000042908BF3F25455D022D04BF022070BDAD
:1098800008291BD0042914BF00F1410500F13F0550
:109890002D78012D0AD016E0054615F83E4F022C12
:1098A00004BF022070BD2D78012D0CD1002A4FF08D
:1098B000010C18BF002B09D1604670BD00F14005B6
:1098C0002D78012DF2D0012070BD00BF022569B1B5
:1098D000082913D0042914BF80F8415080F83F5064
:1098E0004FEAB105032D0FD9E6E700BF80F83E50DF
:1098F0004FEAB105032D07D9DEE700BF80F84050DD
:109900004FEAB105032DD7D80E46DFE805F0036511
:10991000234300BF456A4BF23D54C0F60004EC639C
:10992000456A4BF2A954C0F600042C64456A4BF218
:10993000E1540168C0F60004EC640546406A01F198
:10994000340C11466246FCF717FB0028BBD14FF4DC
:10995000007161E0C56A4BF23D54C0F60004EC634F
:10996000C56A4BF2A954C0F600042C64C56A4BF2D8
:10997000E1540168C0F60004EC640546C06A01F1D8
:109980003C0C11466246FCF7F7FA00289BD14FF4D5
:10999000006141E0056B4BF23D54C0F60004EC63FE
:1099A000056B4BF2A954C0F600042C64056B4BF216
:1099B000E1540168C0F60004EC640546006B01F157
:1099C000400C11466246FCF7D7FA00287FF47BAFC3
:1099D0004FF4805120E000BF856A4BF23D54C0F641
:1099E0000004EC63856A4BF2A954C0F600042C64B1
:1099F000856A4BF2E1540168C0F60004EC64054648
:109A0000806A01F1380C11466246FCF7B5FA00286D
:109A10007FF459AF4FF480612868C2681143C16078
:109A200006F01F010122036A02FA01F123EA010292
:109A30000262026A114341F2FF72C4F200029042D4
:109A400001620BDC40F2FF71C4F20001884213DCBA
:109A5000B0F1804F36D040F2004115E040F2FF31C6
:109A6000C4F20101884215DC41F60001C4F2000194
:109A7000884227D0002115E040F60001C4F2000121
:109A800088421FD040F60041C4F20001884219D03C
:109A90001DE000BF44F20001C4F20101884211D070
:109AA00040F20041C4F20101884210D1416C40F201
:109AB000004340F48062C4F2010341F400419A4241
:109AC000416404D1816801F00701062903D00168CF
:109AD00041F0010101604FF0000C604670BD0000D4
:109AE00010B5026801F01F0E4FF0010C146A0CFA59
:109AF0000EF324EA0303136240F20043D2F820C0BD
:109B000042F48064C4F201039C42C2F820C009D12F
:109B1000136A41F21114234204D1136A40F24444FF
:109B200023420FD0136A41F21114234213D1136A56
:109B300040F2444423420ED1136823F00103136022
:109B400009E000BF536C23F400435364136A41F2ED
:109B500011142342EBD0082912D004290AD000297D
:109B60004FF0010114BF80F8411080F83E10002032
:109B700010BD00BF012180F83F10002010BD00BFC4
:109B8000012180F84010002010BD000070B504468F
:109B90004FEAB10003284FF0010652D80D4643F6B4
:109BA00050312268C0F6010151F82010D36804EB4F
:109BB00080001940D160406AFCF738F8206805F051
:109BC0001F01026A06FA01F122EA0101016240F274
:109BD0000043016A40F48062C4F201039A420162C8
:109BE0000DD1016A41F21112114208D1016A40F20D
:109BF0004442114203D1416C21F400414164016AA5
:109C000041F21112114208D1016A40F2444211425C
:109C100003D1016821F0010101600120082D0DD060
:109C2000042D07D0002D14BF84F8410084F83E00B5
:109C300006E000BF84F83F0002E000BF84F8400067
:109C40000026304670BD0000016840F20040C4F2BA
:109C50000100814200D070470068C00648BF7047CD
:109C600010B5FCF729FC40F22C34C2F2000420604D
:109C700006F07CFBFCF720FC6168401AE060FCF712
:109C80001BFC21686060401AA060BDE8104070476E
:109C9000704700007047000070470000B0B582B008
:109CA00001680A68CC684B6902F02F05202D04F08A
:109CB000200505D125B102B0BDE8B04001F09CBE41
:109CC0005FEA027C1EBF03F0010E04F4907313EBF5
:109CD0000E0341D1036BD50618D5012B16D114F014
:109CE000100313D0002201920A6801924A6801927F
:109CF000019A496949064BD4818DC28DC38D002BD1
:109D000018BF914240F0068202B0B0BD13062DD5B7
:109D100014F080032AD090F84120212AF4D18268DF
:109D2000B2F5805F03D10269002A00F07982026AED
:109D3000531C036212784A60C28C013A1304C28435
:109D4000E2D1C86820F08000C860C86840F04000D8
:109D5000C86002B0B0BD00BFD30718BF14F4807351
:109D600040F0E280530700F1E580EAE05206CBD5EF
:109D700014F04002C8D0CA6822F04002CA60202114
:109D800080F8411002B0BDE8B04000F03DBC00BF1B
:109D9000C26B11684B68858D99B2002900F0B480C0
:109DA000A94280F0B180C385D169B1F5807F00F010
:109DB000A080016851E8031F026821F4807142E825
:109DC0000313DBB1016851E8031F026821F48071BD
:109DD00042E8031393B1016851E8031F026821F4BC
:109DE000807142E803134BB1016851E8031F026818
:109DF00021F4807142E80313002BDAD1016851E8A5
:109E0000051F026821F0010142E80513BBB3016898
:109E100051E8051F026821F0010142E8051373B300
:109E2000016851E8051F026821F0010142E80513AD
:109E30002BB3016851E8051F026821F0010142E8D7
:109E40000513002BDAD11AE0016851E8051F0268FA
:109E500021F0400142E80513DBB1016851E8051F1C
:109E6000026821F0400142E8051393B1016851E80E
:109E7000051F026821F0400142E805134BB101685B
:109E800051E8051F026821F0400142E80513002B4C
:109E9000DAD1202180F8421000210163016851E8E5
:109EA000031F026821F0100142E80313DBB10168CF
:109EB00051E8031F026821F0100142E8031393B137
:109EC000016851E8031F026821F0100142E8031302
:109ED0004BB1016851E8031F026821F0100142E80C
:109EE0000313002BDAD1C16B04460846FBF756FE7C
:109EF000204602214163818DC28D891A89B202B048
:109F0000BDE8B040FFF7C6BE8D427FF4FDAED2691A
:109F1000B2F5807F7FF4F8AE0222426302B0BDE862
:109F2000B040FFF7B7BE00BF436C43F0010343648A
:109F3000530706D5BEF1000F03D0436C43F0020374
:109F40004364930706D5BEF1000F03D0436C43F082
:109F500004034364BCF1000F06D55EEA050303D099
:109F6000436C43F008034364436C002B3FF4CCAED6
:109F7000920605D525B1044601F03EFD2168204634
:109F80004969426C01F0400102F00802891800F0B2
:109F9000B98000BF016851E8031F026821F4907185
:109FA00042E80313BBB3016851E8031F026821F4C0
:109FB000907142E8031373B3016851E8031F02680C
:109FC00021F4907142E803132BB3016851E8031F99
:109FD000026821F4907142E80313002BDAD11AE0F1
:109FE000016851E8051F026821F0010142E80513EC
:109FF000DBB1016851E8051F026821F0010142E868
:10A00000051393B1016851E8051F026821F00101B1
:10A0100042E805134BB1016851E8051F026821F0C1
:10A02000010142E80513002BDAD1016B012924D18B
:10A03000016851E8031F026821F0100142E8031390
:10A04000DBB1016851E8031F026821F0100142E80A
:10A05000031393B1016851E8031F026821F0100156
:10A0600042E803134BB1016851E8031F026821F075
:10A07000100142E80313002BDAD1202180F84210AE
:10A080000021016301684969490640F1C380016804
:10A0900051E8051F026821F0400142E80513DBB1D9
:10A0A000016851E8051F026821F0400142E80513EC
:10A0B00093B1016851E8051F026821F0400142E8B0
:10A0C00005134BB1016851E8051F026821F04001FA
:10A0D00042E80513002BDAD1C16B002900F09A8009
:10A0E0004BF24162C0F60002044608460A65FBF7DF
:10A0F0009DFD00283FF408AEE06B016D02B0BDE8A5
:10A10000B04008470446FFF7C7FD0020606402B076
:10A11000B0BD00BF891A00BF026852E8032F036870
:10A1200022F4907243E80325BDB3026852E8032F7E
:10A13000036822F4907243E8032575B3026852E87D
:10A14000032F036822F4907243E803252DB30268BD
:10A1500052E8032F036822F4907243E80325002D90
:10A16000DAD11AE0026852E8052F036822F00102F2
:10A1700043E80525DDB1026852E8052F036822F0A7
:10A18000010243E8052595B1026852E8052F0368EE
:10A1900022F0010243E805254DB1026852E8052F7F
:10A1A000036822F0010243E80525002DDAD12022C0
:10A1B00080F8422000220263026852E8032F0368FD
:10A1C00022F0100243E80325DDB1026852E8032FB4
:10A1D000036822F0100243E8032595B1026852E8B3
:10A1E000032F036822F0100243E803254DB10268F3
:10A1F00052E8032F036822F0100243E80325002DE4
:10A20000DAD1022289B2426302B0BDE8B040FFF762
:10A2100041BD00BF02B0BDE8B040FFF73DBD00BF8B
:10A22000026A32F8023B6FF35F234B60026283E500
:10A23000002804BF0120704710B5044690F8410083
:10A2400028B9002084F84000204600F021F824209E
:10A2500084F841002068C16821F40051C1602046A3
:10A2600001F04AFC2068016921F4904101614169D3
:10A2700021F02A014161C16841F40051C160002010
:10A280002021606484F8411084F84210606310BD9E
:10A290002DE9F04387B0044641F200002168C4F282
:10A2A0000100002681420696CDE9046603960296D7
:10A2B00002D007B0BDE8F08343F630010196C4F246
:10A2C00002014A6946F2884842F010024A614A692E
:10A2D00000F5704002F010020192019A01960A689E
:10A2E000C4F2020842F001020A60096801F00101AB
:10A2F000019101994FF4C06102910221CDE9031649
:10A30000032105910721069102A9FBF7F1FF41F214
:10A31000A85508F13000C2F200054FF00067402157
:10A32000C5E9000705F108004FF4806980E84202A2
:10A330002846C5E90566C5E907666E62FBF76AFD52
:10A34000002818BFFAF790FCA563AC6341F24855AA
:10A35000C2F200050020C5E90200C5E90490C5E984
:10A360000600C5E908002846C5E90087FBF752FD4D
:10A37000002818BFFAF778FC252003210022E563A6
:10A38000AC63FCF72FF92520FCF71AF907B0BDE8FC
:10A39000F083000070B582B090F84250202D0BD1B0
:10A3A00013460A460146002A4FF0010018BF002B51
:10A3B00006D102B070BD00BF022002B070BD00BF68
:10A3C000002622200E638A628B854E6481F842004B
:10A3D0000C680D46C86B4BF2C97C4BF62911C0F6D0
:10A3E000000CC0F60001C0E90FC14BF24D61C0F690
:10A3F0000001C0E91316211DFBF7BEFD40B110207E
:10A400006864202085F84200012002B070BD00BFC2
:10A4100001962868294602680192406801900198D7
:10A42000286928B3086850E8030F0A6840F4807070
:10A4300042E80303E3B1086850E8030F0A6840F4F8
:10A44000807042E803039BB1086850E8030F0A6874
:10A4500040F4807042E8030353B1086850E8030FEA
:10A460000A6840F4807042E80303002BDAD100BF91
:10A47000086850E8050F0A6840F0010042E805034B
:10A48000DBB3086850E8050F0A6840F0010042E8B5
:10A49000050393B3086850E8050F0A6840F001000F
:10A4A00042E805034BB3086850E8050F0A6840F01E
:10A4B000010042E80503002BDAD11EE0086850E8ED
:10A4C000050F0A6840F0400042E80503FBB1086848
:10A4D00050E8050F0A6840F0400042E80503B3B1B8
:10A4E000086850E8050F0A6840F0400042E805039C
:10A4F000002B4FF000003FF45CAF086850E8050FF8
:10A500000A6840F0400042E80503002BD6D1002045
:10A5100002B070BD006841F20001C4F2010188423E
:10A5200018BF704740F6E740C2F2000008F0D8BDFF
:10A5300070470000B0B590F84140202C1CBF0220AD
:10A54000B0BD1346024600294FF0010018BF002B92
:10A5500000D1B0BD4FF0000C212011629384D38450
:10A56000C2F844C082F8410014681546906B4BF65F
:10A57000411E4BF6F112C0F6000EC0F60002C0E913
:10A580000FE24BF24D62C0F60002C0E9132C221D0F
:10A59000FBF7F2FC30B110206864202085F8410000
:10A5A0000120B0BD286829466FF04002026000BF5C
:10A5B000086850E8050F0A6840F0800042E805038B
:10A5C00003B3086850E8050F0A6840F0800042E8CD
:10A5D0000503BBB1086850E8050F0A6840F0800029
:10A5E00042E8050373B1086850E8050F0A6840F0B7
:10A5F000800042E80503002B4FF0000008BFB0BD0B
:10A60000D6E700BF0020B0BD7047000070470000D3
:10A6100040F27432C2F20002012100234FF07E505A
:10A620001171117043F66C31C2E9020302F13C0072
:10A63000C0F60101C2E9083393621361536104F06B
:10A640007BBE000070B52DED048B82B040F27436F5
:10A65000C2F200060C460546F068317896ED022AF3
:10A6600001300129F06001D114281AD3B5EE402A37
:10A67000F1EE10FA0FDDB0EE608AB0EE409AFBF713
:10A680001BFF716BB0EE490A411AB16396ED022AC5
:10A69000F0EE480A70630020B1EE422AF06086EDC9
:10A6A000022A96ED043A96ED054A96ED081A30EE28
:10A6B000433A30EEC44A23EE023A24EE022A86EDF3
:10A6C000040A01A86946B0EE410AC6ED050A86ED06
:10A6D000063A86ED072A04F0A7FB9DED010A9DEDE1
:10A6E000001A20EE002A21EE013A33EE422AB8EE9B
:10A6F000003A20EE030A20EE010A96ED061A96EDC6
:10A70000073A21EE000A22EE032A9FED2E1A30EEC0
:10A71000020AB2EE0E2A9FED2C8A96ED0A4A20EE2E
:10A72000011A20EE020A20EE080A9FED282A30EED8
:10A73000040A9FED273AB4EE420AF1EE10FAC8BFC0
:10A74000B0EE420AB4EE430AF1EE10FAC8BFB0EE22
:10A75000403A31EE030A06F13C0086ED090A86ED27
:10A760000A3A04F0FDFD96ED090A96ED081A20EE6E
:10A77000080A9FED188A30EE010AF0EE480A09F047
:10A78000ADF8B5EE400A30EE081AF1EE10FAB8BF97
:10A79000B0EE410A86ED080A96ED020A9FED0E1A08
:10A7A0009DED002A20EE010A20EE021A9DED012AFD
:10A7B00085ED001A20EE020A84ED000A02B0BDEC1D
:10A7C000048B70BDCDCC4C3F17B7513800007A4494
:10A7D00000007AC40000B4439A99993EFEE7000055
:10A7E000B0B584B041F2B020C2F2000042F2000CD9
:10A7F0004FF000534FF060610024C4F2010C4FF49D
:10A8000080320125C0E90A1303210394047680F8FD
:10A810002040C16180F83050C0E900C2C0E9024464
:10A82000C0E90454FAF74AFB002818BFFAF71CFAEB
:10A8300041F2B020C2F200006946CDE90045029421
:10A84000FAF794FA002818BFFAF70EFA01200090E0
:10A8500041F2B0200224C2F2000069460194FAF7E6
:10A8600085FA002818BFFAF7FFF90320019041F29A
:10A87000B020C2F2000069460094FAF777FA002887
:10A8800018BFFAF7F1F904B0B0BD000070B584B09C
:10A8900041F2F82001260024C2F2000042F2001129
:10A8A000C0F60076C4F201010125C0E90A6404265D
:10A8B00003944FF480324FF00073047680F8204008
:10A8C000C66180F8305080E83E004561FAF7F6FA3C
:10A8D000002818BFFAF7C8F941F2F820C2F20000C8
:10A8E0006946CDE900650294FAF740FA002818BFDE
:10A8F000FAF7BAF9052000900220019041F2F82001
:10A90000C2F200006946FAF731FA002818BFFAF7D8
:10A91000ABF90620009041F2F8200324C2F20000B7
:10A9200069460194FAF722FA002818BFFAF79CF951
:10A930000420019041F2F820C2F200006946009420
:10A94000FAF714FA002818BFFAF78EF904B070BDB0
:10A9500080B541F2403046F60001C2F20000C4F278
:10A9600000010322002380E80E0000F10C014FF4E7
:10A97000002C4FF4401E81E8085083618383FAF76E
:10A9800075FF002808BF80BDBDE88040FAF76CB9AC
:10A9900080B582B0002043F630010190C4F202017C
:10A9A0000A6842F480020A600A6802F48002019296
:10A9B000019A00900868002240F4001008600868BE
:10A9C000022100F40010009000980B20FBF70AFE13
:10A9D0000B20FBF7F5FD0E2000210022FBF702FE05
:10A9E0000E20FBF7EDFD102002210222FBF7FAFDFD
:10A9F0001020FBF7E5FD382001210022FBF7F2FDD6
:10AA00003820FBF7DDFD3A2000210022FBF7EAFDAC
:10AA10003A20FBF7D5FD442003210122FBF7E2FD9C
:10AA20004420FBF7CDFD462003210222FBF7DAFD8F
:10AA3000462002B0BDE88040FBF7C2BD2DE9F04FD3
:10AA400087B0002543F630000695CDE90455CDE9E1
:10AA500002550195C4F20200016840F2004441F041
:10AA6000800101600168C4F2020401F080010191DB
:10AA7000019901950168002241F00101016001681E
:10AA800040F6080701F00101019101990195016863
:10AA900041F002010160016801F002010191019998
:10AAA0000195016841F004010160016801F00401B1
:10AAB000019101990195016841F008010160006868
:10AAC00040F6080100F00800019001982046FBF7CD
:10AAD000E7FC20464FF4805101220126FBF7E0FC01
:10AAE000A4F5806840464FF4004101224FF4004B2A
:10AAF000FBF7D6FC04F500694846042100224FF01C
:10AB0000040AFBF7CDFCCDE9027602AF20463946B8
:10AB1000CDE90455FBF7ECFB4FF48050CDE902067C
:10AB200020463946CDE90466FBF7E2FB404639464C
:10AB3000CDE902B6CDE90466FBF7DAFB48463946B3
:10AB4000CDE902A6CDE90455FBF7D2FB07B0BDE87D
:10AB5000F08F0000B0B541F6EC2043F60001C2F2E0
:10AB60000000C4F200014FF48272002380E80E005E
:10AB700000F10C014FF0020C4FF0010E4FF4007485
:10AB8000382581E808500A21C0E90645C0E90833A4
:10AB9000C0E90A31FDF728FA002808BFB0BDBDE8BA
:10ABA000B040FAF761B8000070B541F6443043F6A2
:10ABB0000041C2F20000C4F200014FF4827200238F
:10ABC0004FF4006C4FF0020E012480E80E5000F1AB
:10ABD00014014FF40075202670C10A21C0E9083322
:10ABE000C0E90A31FDF700FA002808BF70BDBDE8D2
:10ABF0007040FAF739B8000010B58EB041F69C30BD
:10AC000040F600020021C2F20000C4F200026823F4
:10AC10000D91CDE90B110991CDE90711CDE9051190
:10AC2000CDE90311CDE90111C0E90021C0E902130A
:10AC300001618161FEF756F9002818BFFAF714F890
:10AC40004FF480500A9041F69C30C2F200000AA9ED
:10AC5000FEF72EFA002818BFFAF706F841F69C30E6
:10AC6000C2F20000FEF732FD002818BFF9F7FCFF22
:10AC700041F69C300024C2F2000008A9CDE9084446
:10AC8000FEF708F8002818BFF9F7EEFF6020CDE9BD
:10AC9000010441F69C30C2F2000001A90422039491
:10ACA0000594FEF703FC002818BFF9F7DDFF41F615
:10ACB0009C30C2F20000FEF777FB0EB010BD000022
:10ACC00010B596B041F6E43040F200420021C2F2E5
:10ACD0000000C4F2010280241591CDE913111191F5
:10ACE000CDE90F11CDE90D11CDE90B11CDE9091118
:10ACF000CDE90711CDE90511CDE90311CDE9011128
:10AD000001234FF0200C40F6330E80E80C50C0E9D0
:10AD100004118461FEF7E6F8002818BFF9F7A4FFD4
:10AD20004FF48050129041F6E430C2F2000012A9B4
:10AD3000FEF7BEF9002818BFF9F796FF41F6E43098
:10AD4000C2F20000FEF7C2FC002818BFF9F78CFF22
:10AD5000702010908020119041F6E430C2F2000083
:10AD600010A9FDF797FF002818BFF9F77DFF6020B5
:10AD700009900020CDE90A00CDE90C00CDE90E00D4
:10AD800041F6E430C2F2000009A90022FEF78EFB72
:10AD9000002818BFF9F768FF41F6E430C2F200005E
:10ADA00009A90422FEF782FB002818BFF9F75CFF0F
:10ADB00041F6E430C2F2000009A90822FEF776FB52
:10ADC000002818BFF9F750FF7020099041F6E430D1
:10ADD000C2F2000009A90C22FEF768FB002818BF88
:10ADE000F9F742FF00200421CDE901000390CDE9ED
:10ADF00004104FF40051089041F6E4300691C2F27D
:10AE0000000001A9FDF720FF002818BFF9F72CFF6B
:10AE100041F6E430C2F20000FEF7C6FA16B010BDEB
:10AE200080B541F62C4041F20001C2F20000C4F2AC
:10AE3000010100234FF00C0C4FF4E13280E80E00CA
:10AE4000C0E90333C0E905C3C361FFF7F1F9002886
:10AE500008BF80BDBDE88040F9F706BF80B540F669
:10AE6000D47040F20C01C2F20000C2F200010022D4
:10AE700001F06CFB002818BFF9F7F6FE40F6D4701D
:10AE800040F22C01C2F20000C2F2000101F0D0FD3C
:10AE9000002818BFF9F7E8FE40F6D47040F2C80168
:10AEA000C2F20000C2F2000101F04CF8002818BF05
:10AEB000F9F7DAFE40F6D470C2F2000001F0E2FDCC
:10AEC000002808BF80BDBDE88040F9F7CDBE000076
:10AED000FEE70000FEE7000041F20860C2F2000059
:10AEE000FBF75CBD7047000041F64430C2F2000041
:10AEF000FCF7E2BF82B00021019140F22801C2F2CA
:10AF00000001096841F6F112C0F27652A1FB02126B
:10AF1000510A642251430091009919B300990139F3
:10AF2000009101688A68920721D40099D1B10099F3
:10AF30000139009101688A68920718D4009989B193
:10AF400000990139009101688A6892070FD400992D
:10AF500041B100990139009101688A689207DBD5F7
:10AF600005E000BF0168426D42F0400242650A6898
:10AF700022F040020A604A6822F0E0024A60C96892
:10AF800001910199072180F8511002B0704700002B
:10AF900001684A6822F080024A600A6822F0400292
:10AFA0000A60072180F8511070470000806B002173
:10AFB000C187C186FCF746BF806B01684A6822F0F2
:10AFC00003024A60416D41F010014165012180F8A2
:10AFD0005110FCF737BF0000806BFDF725BA000069
:10AFE000806BFDF715BE0000B0B582B0846B0546DE
:10AFF000FBF75CFA29680968C90545D484462068CE
:10B00000A168426822F02002426049B96268B2F544
:10B01000827F05D1416821F00301416018E000BF43
:10B02000426822F0010242606268B2F5827F0CD170
:10B03000B1F5004F02D0B1F5806F09D10268B1F5CA
:10B04000806F22F04002026002D12046012101E01F
:10B050002046802100226423CDF800C000F09CF837
:10B0600028B1606D40F02000606520206065002000
:10B07000E087012084F85100606D28B1204602B0BD
:10B08000BDE8B040FCF7DEBE204602B0BDE8B040EF
:10B09000FDF7C8B9B0B582B0846B0546FBF706FA78
:10B0A00029680968C90529D4054620680122416834
:10B0B000642321F02001416020460221009500F028
:10B0C0006BF808B3606D40F020006065606D40F083
:10B0D000200060652068416821F003014160002084
:10B0E000E086E087012084F85100606D30B1204691
:10B0F00002B0BDE8B040FCF7A5BE00BF204602B0DC
:10B10000BDE8B040FDF70EBD40F22800C2F20000DD
:10B11000006849F68171C1F25E61A0FB0101480D32
:10B120004FF47A71484301906068B0F5827F09D18D
:10B130002046802100226423009500F02DF800288D
:10B14000C0D1C7E701980028C4D001980138019008
:10B15000206880680006BDD501980028BAD0019803
:10B1600001380190206880680006B3D50198002856
:10B17000B0D0019801380190206880680006A9D5F8
:10B1800001980028A6D001980138019020688068B5
:10B190000006D7D49EE700002DE9F04381B0089C5B
:10B1A000984615460E468146FBF780F9201A00EBBB
:10B1B0000804FBF77BF940F22801C2F2000109689C
:10B1C000C1F3CB3161430091D9F800108A68324055
:10B1D000921BB2FA82F25209AA4203D1002001B0B6
:10B1E000BDE8F083074618F101000ED130E000BF42
:10B1F000009801380090D9F8000080683040801B2A
:10B20000B0FA80F04009A842E8D0FBF74FF9C01B24
:10B21000A04227D200980028EAD10024EBE700BF23
:10B2200088683040801BB0FA80F04009A842D5D031
:10B2300088683040801BB0FA80F04009A842CDD029
:10B2400088683040801BB0FA80F04009A842C5D021
:10B2500088683040801BB0FA80F04009A842DFD1F6
:10B26000BCE700BFD9E900014268B1F5827F22F056
:10B27000E00242600BD1D9F80810B1F5004F02D0BE
:10B28000B1F5806F03D1016821F040010160D9F868
:10B290002810B1F5005F07D1016821F40051016069
:10B2A000016841F400510160012089F8510000203B
:10B2B00089F85000032001B0BDE8F083704700001A
:10B2C000FBF712B970B592B006AC20463021F8F702
:10B2D000C1FF002543F640000595CDE90355CDE9B2
:10B2E00001550095C4F202000168022641F0805128
:10B2F0000160006800F080500090009847F2000064
:10B300000095C4F20000016841F4804101600068CA
:10B3100000F4804000900098012006904FF48030A7
:10B3200007904FF480000D9019200E904FF4A870F4
:10B33000CDE90F060720119020460C96FCF7BCFAC9
:10B3400018B172B6022007F08DFC0F20CDE901067E
:10B350004FF4A05004904FF48050059001A80521AF
:10B360000395FCF793F918B172B6022007F07AFC46
:10B3700012B070BD4EF68850CEF20000016841F464
:10B38000700101607047000010B541F69C54C2F294
:10B3900000042078022821D0012815D0002818BFE9
:10B3A00010BD04F0D1FB06F09BFAF8B104F05AF995
:10B3B00006F0DAFC05F09CFA03F0E2FD04F03CFE36
:10B3C0000120207010BD00BF04F06AF904F060F99C
:10B3D00006F0ECFCBDE8104007F0BAB9072005F014
:10B3E00017F8BDE8104007F02DBC00BF0220207008
:10B3F00010BD000041F6E430C2F20000FDF72CBFA2
:10B40000B0B540F6FF3E0568C4F2000E40F2004CB5
:10B410007045C4F2010C25DCB0F1804F2FD040F212
:10B420000043C4F20003984229D040F60003C4F25E
:10B430000003984223D041F6FF73C4F20003984200
:10B4400028DC70453ADCB0F1804F5BD040F200431D
:10B45000C4F20003984255D040F60003C4F2000342
:10B460004EE000BF40F60043C4F20003984206D00D
:10B47000604504D00023C4F201039842DBD14B683D
:10B4800025F0700243EA020541F6FF73C4F200039F
:10B490009842D6DD43F6FF73C4F2010398421FDCE5
:10B4A00042F20003C4F2000398422BD00023C4F2FE
:10B4B0000103984226D0604524D028E040F600439E
:10B4C000C4F2000398421DD041F60003C4F2000309
:10B4D000984217D041F60043C4F2000310E000BFC9
:10B4E00044F20003C4F2010398420BD044F6000377
:10B4F000C4F20103984205D044F20043C4F20103B0
:10B50000984204D1CB6825F4407243EA02050A68E8
:10B510008C684B69C46240F480648262644504BFF5
:10B5200009690163026825F0800142F004021943B1
:10B530000260012242610160B0BD000010B5846B61
:10B54000616A814212D0A16A814217D0E16A8142C8
:10B550001CD0216B814220D1C069082100282177AD
:10B5600004BF012084F8410017E000BFC169012039
:10B570000029207708BF84F83E000EE0C069022150
:10B58000217750B9012084F83F0006E0C06904210A
:10B59000217710B9012084F840002046FEF7C6F854
:10B5A0000020207710BD000010B5846B616A8142D5
:10B5B0000AD0A16A814209D0E16A814208D0216B98
:10B5C000814207D1082004E0012002E0022000E0CF
:10B5D000042020772046FEF7BBF80020207710BD1E
:10B5E00010B5846B616A81420CD0A16A81420FD090
:10B5F000E16A814212D0216B814215D0012084F88A
:10B600003D0016E00120207784F83E0011E000BFE5
:10B6100002202077012084F83F000AE004202077F0
:10B62000012084F8400004E008202077012084F8FD
:10B6300041002046FDF70CFE0020207710BD0000E1
:10B64000806B0021C185FEF727BB0000806B01687D
:10B650004A6990F84130212B2DD112F080022AD076
:10B660000021C184016851E8031F026821F0C00174
:10B6700042E80313DBB1016851E8031F026821F0BF
:10B68000C00142E8031393B1016851E8031F026847
:10B6900021F0C00142E803134BB1016851E8031FD8
:10B6A000026821F0C00142E80313002BDAD1202107
:10B6B00080F841100168496990F84220222A40F040
:10B6C0007D8011F0400179D00021C185016851E8E9
:10B6D000031F026821F4907142E80313BBB30168B1
:10B6E00051E8031F026821F4907142E8031373B319
:10B6F000016851E8031F026821F4907142E80313C6
:10B700002BB3016851E8031F026821F4907142E8ED
:10B710000313002BDAD11AE0016851E8051F026813
:10B7200021F0010142E80513DBB1016851E8051F72
:10B73000026821F0010142E8051393B1016851E864
:10B74000051F026821F0010142E805134BB10168B1
:10B7500051E8051F026821F0010142E80513002BA2
:10B76000DAD1016B012924D1016851E8031F026875
:10B7700021F0100142E80313DBB1016851E8031F17
:10B78000026821F0100142E8031393B1016851E807
:10B79000031F026821F0100142E803134BB1016856
:10B7A00051E8031F026821F0100142E80313002B47
:10B7B000DAD1202180F8421000210163416C41F070
:10B7C00010014164FEF768BA0168806B0968C90519
:10B7D00000F19F800021C185016851E8031F0268C4
:10B7E00021F4807142E80313E3B1016851E8031FBB
:10B7F000026821F4807142E803139BB1016851E8AB
:10B80000031F026821F4807142E8031353B10168F9
:10B8100051E8031F026821F4807142E80313002BF2
:10B82000DAD100BF016851E8051F026821F001016B
:10B8300042E80513BBB3016851E8051F026821F017
:10B84000010142E8051373B3016851E8051F02685E
:10B8500021F0010142E805132BB3016851E8051FEF
:10B86000026821F0010142E80513002BDAD11AE049
:10B87000016851E8051F026821F0400142E8051304
:10B88000DBB1016851E8051F026821F0400142E880
:10B89000051393B1016851E8051F026821F04001CA
:10B8A00042E805134BB1016851E8051F026821F019
:10B8B000400142E80513002BDAD1202180F8421024
:10B8C000016B012925D100BF016851E8031F0268FF
:10B8D00021F0100142E80313DBB1016851E8031FB6
:10B8E000026821F0100142E8031393B1016851E8A6
:10B8F000031F026821F0100142E803134BB10168F5
:10B9000051E8031F026821F0100142E80313002BE5
:10B91000DAD100214163016B012918BFFEF7FABD9E
:10B92000818DFEF7B7B90000806B01214163016B87
:10B93000012918BFFEF7FCBD818D4908FEF7AAB9A1
:10B940000168806B0968C90548BFFEF75DBE00212C
:10B95000C18400BF016851E8051F026821F0800121
:10B9600042E8051383B3016851E8051F026821F01E
:10B97000800142E805133BB3016851E8051F0268E6
:10B9800021F0800142E80513F3B1016851E8051F79
:10B99000026821F0800142E80513002BDAD113E0A0
:10B9A000016851E8031F026841F0400142E80313B7
:10B9B000002B08BF7047016851E8031F026841F07F
:10B9C000400142E8031393B1016851E8031F026884
:10B9D00041F0400142E803134BB1016851E8031FF5
:10B9E000026841F0400142E80313002BD8D17047B0
:10B9F000806BFEF70BBE000081B090F84210222948
:10BA000021D183680246B3F5805F09D152F8281F1F
:10BA100052F8183C002B63D003685B680AE000BF53
:10BA200052F8281F13B90369002BF5D003685B682F
:10BA300003F07F030B70116801311160C18D013972
:10BA40000A04C18502D001B0704700BF0168CA680E
:10BA500022F02002CA60CA6822F48072CA604A6971
:10BA600022F001024A61202180F842100021416346
:10BA7000026B012A3CD10163016851E8031F02688F
:10BA800021F0100142E80313DBB1016851E8031F04
:10BA9000026821F0100142E8031393B1016851E8F4
:10BAA000031F026821F0100142E803134BB1016843
:10BAB00051E8031F026821F0100142E80313002B34
:10BAC000DAD101680A68D20606D5002200920A6817
:10BAD0000092496800910099818D01B0FEF7DAB8B3
:10BAE000026852686FF35F2221F8022B8162A5E79A
:10BAF00001B0FEF70FBD0000B0B50446006804F1C8
:10BB000008030ECB0569194325F440552A43026109
:10BB10006269E3691143C268194349F20C639A43AD
:10BB20001143C1604169A26921F4407141F20043AF
:10BB3000114340F48062C4F201039A42416103D18F
:10BB4000FBF770FE02E000BFFBF758FEE1694FF61D
:10BB50009C7563681922C0F6FF75B1F5004FA0FB14
:10BB600002011FD15A00DB0FF8F72AFB48F21F51E0
:10BB7000C5F2EB11A0FB01235A0905F1805302FB2A
:10BB80000300322303EBC000A0FB01014FF4F87067
:10BB900000EA111000EB0210C1F3421108442168C1
:10BBA0008860B0BD9A009B0FF8F70AFB48F21F515E
:10BBB000C5F2EB11A0FB01235A0902FB0500322359
:10BBC00003EB0010A0FB0101F02000EA511000EB94
:10BBD0000210C1F34311084421688860B0BD000021
:10BBE00041F62C40C2F20000FEF758B8D0F8D4223B
:10BBF00000EB820CDCF8C032002B04BF032070473E
:10BC0000B0B501F00F0404EB840200EB820E5EF885
:10BC1000142F5AB1D0F8C85204EBC40405EB8404C5
:10BC2000E469B2FBF4F505FB14229AB10020C3F8D5
:10BC30001402DCF8C422D2F810C0BCF1000F08BF17
:10BC4000B0BDD3F808020A4603F50471E0470020AE
:10BC5000B0BD00BF00220023CEF8002000F0CAFED5
:10BC60000020B0BDB0B5D0F8D42200EB8202D2F8EB
:10BC7000C0529DB1044600F053FDD4F8D412C5F86B
:10BC80000C0204EB8101D1F8C412D5F80402CA6891
:10BC900005F5037190470020B0BD00BF0320B0BD83
:10BCA00070B58121044600F079FC00252046012171
:10BCB00084F8375000F072FC2046822184F87751D6
:10BCC00000F06CFCD4F8D40204F5307656F820105D
:10BCD00084F84B50656489B104EB8000D0F8C4024D
:10BCE00040688047D4F8D40256F8200001F07AF971
:10BCF000D4F8D40246F82050C4F8BC52002070BDDD
:10BD000010B5D0F8D41200EB8100D0F8C0428CB14D
:10BD1000D0F8C41259B194F80002FF2807D08B68FC
:10BD200094F8012221469847FF2084F80002002061
:10BD300010BD00BF032010BD014640F2A8000A223A
:10BD4000C2F200000A807047F0B581B040F264078B
:10BD5000C2F2000704463846822100F01FFB064667
:10BD60003846012100F01AFB05463846812100F0D3
:10BD700015FB002E1CBF1021B171002D1CBF4021EE
:10BD8000A98000281CBF40218180432140F264002B
:10BD9000C2F20000218001B0F0BD0000F0B581B01A
:10BDA00040F26407C2F2000704463846822100F0E0
:10BDB000F5FA06463846012100F0F0FA0546384605
:10BDC000812100F0EBFA002E1CBF1021B171002D73
:10BDD0001CBF4FF40071A98000281CBF4FF40071F4
:10BDE0008180432140F26400C2F20000218001B052
:10BDF000F0BD0000F0B581B040F26407C2F2000768
:10BE000004463846822100F0C9FA06463846012128
:10BE100000F0C4FA05463846812100F0BFFA002E32
:10BE20001CBF1021B171002D1CBF4021A98000282A
:10BE30001CBF40218180432140F26400C2F2000017
:10BE4000218001B0F0BD00002DE9F04104464FF41F
:10BE5000077001F0C9F8002850D04FF4077105466B
:10BE6000F8F7F8F9D4F8D402402704EB8000C0F8C2
:10BE7000C052207CC4F8BC52002808BF4FF40077A1
:10BE80002046812102223B46022600F0C7FC4FF0EB
:10BE900001082046012102223B4684F8378000F049
:10BEA000BDFC10206064204682210322082384F810
:10BEB000778100F0B3FCD4F8D4020027C5F80472EF
:10BEC00004EB8000D0F8C40284F84B8000688047FF
:10BED000C5F81472C5F81872D5F8042252B1207C46
:10BEE00001210028204614BF40234FF4007300F0C6
:10BEF000A9FC00263046BDE8F08100BFD4F8D4028A
:10BF0000002104EB8000C0F8C0120220BDE8F081DF
:10BF1000D0F8D41200EB8101D1F8C012002904BF7F
:10BF20000320704780B590F810C0D1F80422402358
:10BF30000121BCF1000F08BF4FF4007300F082FC38
:10BF4000002080BD00290FBF0320D0F8D42200EBD1
:10BF50008200C0F8C41218BF00207047D0F8D42265
:10BF600000EB8200D0F8C00200280EBF0320C0F80A
:10BF70000412002070470000D0F8D43200EB830098
:10BF8000D0F8C00200280FBF0320C0F80812C0F884
:10BF90001022002070470000F0B581B0D0F8D42204
:10BFA00000EB8203D3F8C0420022002C8DF803205E
:10BFB000ADF8002060D00D7815F0600218D0202A6E
:10BFC00058D1CA88002A29D06DB2B5F1FF3F2FDDC4
:10BFD0004978402A84F80012214628BF402284F87C
:10BFE000012200F099F80024204601B0F0BD00BF06
:10BFF0004A780B2A3ED80024DFE802F008063C3CD1
:10C000003C3C3C3C3C3C2A38EEE700BF90F89C228C
:10C01000032A2FD16946022221E000BFD3F8C402CF
:10C0200000228368487800249847204601B0F0BD7C
:10C03000D3F8C43206469D684B780F461846214611
:10C04000A847FA883046072A28BF0722214606E07B
:10C0500090F89C22032A0DD10DF10301012200F07A
:10C0600077F80024204601B0F0BD00BF90F89C2274
:10C07000032AB9D000F044F80324204601B0F0BDF3
:10C08000D0F8D41200EB8101D1F8C022002A04BFFD
:10C0900003207047D2F8141200294FF0010101D09B
:10C0A0000846704780B5C2F81412D2F81032D2F8A0
:10C0B00008228121836200F09DFC0021BDE88040C0
:10C0C0000846704780B5D0F8B822526890470028DB
:10C0D00018BF032080BD000000207047002070477B
:10C0E00080B513460A46002100F0ACFB002080BD5D
:10C0F00080B513460A46002100F07CFC002080BD7C
:10C1000010B58021044600F043FC20460021BDE824
:10C11000104000F03DBC000080B513460A460321E4
:10C12000C0F894120021C0F86421C0E9553300F032
:10C1300089FB002080BD000080B50521C0F8941265
:10C1400000210022002300F07DFB002080BD0000C4
:10C1500080B513460A460221C0F8941200214262BB
:10C16000C0E9053300F046FC002080BD80B5042105
:10C17000C0F8941200210022002300F03BFC0020B4
:10C1800080BD000010B540F23C54C2F200040A46E3
:10C1900002A0214600F044F9204610BD434443204C
:10C1A000436F6E666967000040F2B4001222C2F26B
:10C1B00000000A807047000010B540F23C54C2F203
:10C1C00000040A4602A0214600F02AF9204610BDCC
:10C1D00043444320496E74657266616365000000E4
:10C1E00040F2DC000422C2F200000A807047000026
:10C1F00010B540F23C54C2F200040A4602A02146A7
:10C2000000F00EF9204610BD7778640010B540F2BA
:10C210003C54C2F200040A4602A0214600F000F994
:10C22000204610BD5844722D5000000047F61020E3
:10C23000C1F6FF70026883684FF01A0C9B18A1F8D2
:10C2400000C000F0A680B0B54FF0370C1A0F0CEB11
:10C2500013714068B3F1204F38BF02F1300140F252
:10C26000E002C2F20002917019014FF0000E0CEBD7
:10C27000117582F803E0C3F30364B1F1204F38BFB6
:10C2800004F13005190215710CEB117582F805E007
:10C29000C3F30354B1F1204F38BF04F13005190343
:10C2A00095710CEB117582F807E0C3F30344B1F10B
:10C2B000204F38BF04F13005190415720CEB1175CD
:10C2C00082F809E0C3F30334B1F1204F38BF04F121
:10C2D0003005190595720CEB117582F80BE0C3F36C
:10C2E0000324B1F1204F38BF04F13005190615734E
:10C2F000C3F303140CEB1175B1F1204F4FEA037136
:10C3000003F00F0382F80DE038BF04F1300503F1AC
:10C310003704957382F80FE0B1F1204F38BF03F175
:10C320003004010F0CEB1073147482F811E0B0F1BB
:10C33000204F38BF01F1300301010CEB11749374ED
:10C3400082F813E0C0F30363B1F1204F38BF03F16B
:10C35000300401021475C0F303530CEB1174B1F1F6
:10C36000204F4FEA003182F815E038BF03F1300466
:10C370000CEB1173947582F817E0C0F30340B1F130
:10C38000204F38BF00F13003137682F819E0BDE882
:10C39000B04040F2E000C2F200007047B0F802C0C6
:10C3A00003789C459CBF0020704780B508E000BF23
:10C3B00082788A4208BF80BD73449AB262452DD20A
:10C3C00090F800E070444278052A02D182788A42CF
:10C3D00025D073449AB2624520D290F800E07044B0
:10C3E0004278052A02D182788A4218D073449AB2E0
:10C3F000624513D290F800E070444278052A02D1D9
:10C4000082788A420BD073449AB2624506D290F881
:10C4100000E070444278052ACAD0CDE7002080BDF4
:10C42000002808BF704710B50378ABB100F1020EC9
:10C430004FF0000C734600BF13F8014CA4B11C78F8
:10C44000D4B15C78002C5BD09C780CF1040C002CEF
:10C4500003F10403F0D111E04FF0000C5FFA8CF30C
:10C46000022404EB43030EE04CF0010C5FFA8CF362
:10C470003F2B07D84AE000BF4CF0020C5FFA8CF368
:10C480003F2B43D98023138003220B704A7003781B
:10C4900093B3023002224FF0000C00BFD4B251FA25
:10C4A00082FE0B558EF801C010F8013C23B3941C9A
:10C4B0005FFA84FE51FA84F401F80E3084F801C06A
:10C4C0000378CBB1141D5FFA84FE51FA84F401F8AD
:10C4D0000E3084F801C0437873B1941D5FFA84FE76
:10C4E00051FA84F401F80E3084F801C083780832E0
:10C4F000002B00F10400D1D1BDE81040704700BF0F
:10C500004CF0030C5FFA8CF33F2BBBD84FF0000CC0
:10C510001EF8013C73B19EF800307BB19EF80130EB
:10C5200083B19EF802300CF1040C002B0EF1040EC6
:10C53000EED193E74CF0010C90E700BF4CF0020CF9
:10C540008CE700BF4CF0030C88E70000002804BF14
:10C55000032070470023C0F8B832C0F8C432002965
:10C56000C0F8D03218BFC0F8B412012180F89C1274
:10C57000027000F0D9B8000080B5D0F8C802FAF710
:10C5800021F940F20032C100C0F2013222FA01F179
:10C59000032888BF0321C8B280BD000080B5D0F851
:10C5A000C802FAF7E7F840F20032C100C0F20132E7
:10C5B00022FA01F1032888BF0321C8B280BD000020
:10C5C000B0B589B190F89C22032A54D1D0F8B82292
:10C5D0005269002A4FD00023C0F8D4329047002877
:10C5E00008BF0020B0BD00BFD0F8941202293BD193
:10C5F0008169038C99420FD9CA1A416A8261194430
:10C6000041620446FFF774FD20460021002200230A
:10C6100000F018F927E000BF10D142698A420DD31B
:10C62000D0F898128A4209D200210022044600253F
:10C63000FFF75EFDC4F89852E6E700BF90F89C1241
:10C64000032909D1D0F8B812C96829B10022C0F86D
:10C65000D4220446884720468021044600F098F9F9
:10C660002046FFF769FD204690F8A01200291CBF64
:10C67000002180F8A0120020B0BD000010B579B1F3
:10C6800090F89C22032A22D1D0F8B8229269F2B104
:10C690000023C0F8D4329047002808BF002010BD06
:10C6A000D0F89412032912D1D0F85811B0F86021B3
:10C6B00091420FD98B1AD0F86411C0F85831114447
:10C6C000C0F86411934288BF1A46FFF709FD0020A5
:10C6D00010BD00BF90F89C12032909D1D0F8B81200
:10C6E000096929B10022C0F8D422044688472046AF
:10C6F000FFF73CFD002010BD00207047012180F8AD
:10C700009C12D0F8B812002904BF0020704780B5F1
:10C710004A6801799047002818BF032080BD0000B7
:10C72000D0F8C802FAF77EB8017809B10020704746
:10C7300010B541F20861C2F20001C1F8E004C0F88E
:10C74000C8124FF0A0400860042008714FF4007038
:10C75000C8800220C1F809000020C8810846FAF705
:10C76000A5FD002818BFF8F77FFA41F20864C2F26D
:10C77000000420468021F9F773FF20460021402263
:10C78000F9F772FF204601218022F9F76DFFBDE81D
:10C790001040002070470000D0F8C80201F07F036D
:10C7A0004AB203EBC30301EBC10100EB830300EBCF
:10C7B000810000F25620002A48BF03F116000078DD
:10C7C00070470000D0F8D42200EB8202D2F8B822E1
:10C7D000002A04BF0320704790F89C32032B05D138
:10C7E000126A1AB180B59047002080BD00207047C2
:10C7F000D0F8D42200EB8202D2F8B822002A04BF7B
:10C800000320704790F89C32032B05D1526A1AB16D
:10C8100080B59047002080BD0020704780B59446C9
:10C82000D0F8C8021A466346FAF706F840F200321A
:10C83000C100C0F2013222FA01F1032888BF0321AE
:10C84000C8B280BD80B5D0F8C802FAF72FF840F220
:10C850000032C100C0F2013222FA01F1032888BF80
:10C860000321C8B280BD0000F0B581B001260025CB
:10C8700080F89C62C0F8945204464560D0F8B80233
:10C88000C4F8A45284F8A05240B1426832B12046A4
:10C89000002190470546002818BF032520460021A7
:10C8A000002240234027FFF7B9FF204680210022C5
:10C8B000402384F86361A4F86071FFF7AFFF84F848
:10C8C00023602846278401B0F0BD000090F89C1238
:10C8D000042904BF90F89D1280F89C120020704734
:10C8E00090F89C12032908D1D0F8B81229B1C9696F
:10C8F00019B180B58847BDE880400020704700002E
:10C90000024600201174704780B5D0F8C802FAF7CB
:10C9100067FE40F20032C100C0F2013222FA01F19A
:10C92000032888BF0321C8B280BD0000B0B500F263
:10C93000AA240546204600F06FF80121C5F894129C
:10C9400095F8AA12B5F8B03201F01F02022AC5F814
:10C9500098320FD0012A07D092B928462146BDE867
:10C96000B04000F091B800BF28462146BDE8B04075
:10C9700000F0FCBA28462146BDE8B04000F046BAB7
:10C9800001F080012846BDE8B04000F001B8000089
:10C9900080B5D0F8C802F9F7ABFF40F20032C10011
:10C9A000C0F2013222FA01F1032888BF0321C8B284
:10C9B00080BD000080B5D0F8C802FAF72DFE40F225
:10C9C0000032C100C0F2013222FA01F1032888BF0F
:10C9D0000321C8B280BD0000014690F89C020422E9
:10C9E00004281CBF91F89C0281F89D02002081F868
:10C9F0009C22704780B5D0F8C802F9F7B1FF40F229
:10CA00000032C100C0F2013222FA01F1032888BFCE
:10CA10000321C8B280BD00000A7802704A784270D3
:10CA20004A8842808A888280C988C1807047000015
:10CA300010B582B004460020ADF80600B1B1D4F8BC
:10CA4000D42204F52E70C4F8B81250F82200C16A3E
:10CA500021B10DF106008847C4F8D002D4F8D802FD
:10CA60000130C4F8D802002002B010BD032002B08B
:10CA700010BD0000D0F8B822002A04BF0020704783
:10CA800012681047FFF796BF70B582B00A7812F0AF
:10CA900060020FD0402A02D0202A40F0D780D0F880
:10CAA000D42200EB8202D2F8B822926802B0BDE82C
:10CAB000704010474A78092A00F2C880DFE802F087
:10CAC0000630C658C66284C61C4200BF90F89C223D
:10CAD000013A022A00F2BA80C988022940F0B680E1
:10CAE000D0F8A4120322002908BF0122014641F810
:10CAF0000C2F02226CE100BFC988012940F0A680FA
:10CB000090F89C124A1E022A80F09A800024014666
:10CB100041F8084F0122FFF71BFB204602B070BD11
:10CB200090F89C22013A022A00F290804988002461
:10CB3000012940F09480C0F8A442FFF717FB20467B
:10CB400002B070BD498840F23855C2F2000511F0BC
:10CB5000FE0F297052D080210446FFF719FF2046AE
:10CB60000021FFF715FF0324204602B070BD00BF6F
:10CB70004A88022A60D0012A68D10121C0F8A41293
:10CB80002FE100BF8A88002A60D1CA88002A5DD1BF
:10CB90004D887F2D5AD890F89C12032956D0E9B2BF
:10CBA00080F89E520446FFF7AFFE20462646FFF768
:10CBB000DDFA002D14BF0220012086F89C0200241B
:10CBC000204602B070BD00BF4A884FF0FF3303EB30
:10CBD00012230026062BADF8066000F2FF80DFE886
:10CBE00013F007004F004100FD00FD005F006D00E5
:10CBF0000D46D0F8B4120A68D9E000BF90F89C2224
:10CC0000032A6BD0022A40F091800A0600F0E980E6
:10CC100001F00102C9B242600546FFF72BFF002870
:10CC200000F0A680044628468021FFF7B1FE284682
:10CC30000021FFF7ADFE73E0497980F8A012D0E043
:10CC4000032903D1011D0122C2E000BF8021044657
:10CC5000FFF79EFE204600210024FFF799FE2046A4
:10CC600002B070BDD2B2052A00F2B880DFE802F04F
:10CC700004968E928A9A00BFD0F8B422526894E04B
:10CC80000D46017C0446D0F8B80200290CBF816A29
:10CC9000C16A0DF106008847014602201CE000BF72
:10CCA000027C002A40F09A800446D0F8B8020D4673
:10CCB000416B0DF1060088477EE000BF027C002A30
:10CCC00040F08C800446D0F8B8020D46016B0DF19F
:10CCD000060088470146072048706EE00A0635D0F6
:10CCE000426801F001018A4200F07B80D1B2044623
:10CCF000FFF7E8F92978204661602546FFF7BAFE7C
:10CD0000002800F08180044628468021FFF740FE7D
:10CD100028460021FFF73CFE29792846FFF7D2F983
:10CD2000022085F89C02204602B070BD8021044696
:10CD3000FFF72EFE20460021FFF72AFE2978204625
:10CD4000FFF7C0F90324204602B070BD022201F0B3
:10CD5000010180F89C224160002105460024FFF774
:10CD6000B1F92846FFF702FA204602B070BD00BFB5
:10CD70002846FFF7FBF9032085F89C020024204693
:10CD800002B070BDD0F8B42252690EE0D0F8B422DF
:10CD9000D2680AE0D0F8B422126906E0D0F8B422D2
:10CDA000926802E0D0F8B4229269BAB10D46044606
:10CDB000007C0DF1060190470146EA8882B1BDF87A
:10CDC0000630ABB1934238BF1A46ADF80620204674
:10CDD000FFF7BEF90024204602B070BD044608E00B
:10CDE0002046FFF7C3F90024204602B070BD00BF03
:10CDF00020468021FFF7CCFD20460021FFF7C8FD2B
:10CE00000024204602B070BD2846EAE770B50A78D3
:10CE10000D46097912F0600204460BD0402A01D079
:10CE2000202A3CD12046FFF757F9002855D0002092
:10CE300070BD00BF687848B3012815D003282ED1F3
:10CE400094F89C02032813D1688838B911F07F0048
:10CE500004D0E88810B92046FFF79AFD2046FFF776
:10CE600085F9002070BD00BF94F89C02032821D0F2
:10CE7000022814D1480612D02046FFF789FD20462B
:10CE80008021FFF785FD002070BD00BF94F89C0253
:10CE900003282FD0022808BF5FEA416056D0204601
:10CEA0008021FFF775FD20460021FFF771FD00206E
:10CEB00070BD00BF68880028B9D10E46480603D06F
:10CEC00020463146FFF758FB2046FFF74FF9204632
:10CED0003146FFF701F90028A9D1D4F8B8028268D9
:10CEE0000020002AC4F8D402A1D020462946BDE87B
:10CEF0007040104701F00F0000EB8000802904EB28
:10CF000080002CBF90F8230090F863010028C6D061
:10CF100001F07F0000EB800004EB800000F11405BD
:10CF200001EB810004EB8000802938BF00F5AA7571
:10CF3000480605D02046FFF72FFC08B1012000E08D
:10CF4000002005F10E01A8730AE000BF08064FF0AB
:10CF5000140058BF4FF4AA702118002001F80E0FDA
:10CF600020460222FFF7F4F8002070BDB0B50A7821
:10CF700012F0600218BF402A10D190F89C22013AAA
:10CF8000022A0DD88A8812F0FE0F09D10C46D1B2C0
:10CF90000546FFF7A3F878B10320B0BD202AECD0F6
:10CFA00080210446FFF7F4FC204600210024FFF70F
:10CFB000EFFC2046B0BD00BFD5F8B8128A68002A41
:10CFC000EAD000212846C5F8D41221469047E188CE
:10CFD0000446002908BF002CEBD12846FFF7C6F80D
:10CFE0000020B0BD7047000040F2BC50C2F200000B
:10CFF0007047000010B50A784B78D0F81CE802F0B2
:10D000000F04012B4FEA421C18D10123A34043EA2D
:10D010000E03C0F81C386044D0F800391B0428D433
:10D020008B6800F51060097904686FF3DF2343EA29
:10D03000814144EA8252114316E000BF4FF480322E
:10D04000A24042EA0E02C0F81C286044D0F8002B2F
:10D0500012040ED48A6800F5306009796FF3DF227C
:10D06000036842EA8141194341F0805141F4004193
:10D070000160002010BD00000146D0F8000940F218
:10D08000FF729043C1F80009D1F8040840F480729F
:10D090000020C1F80428704782B002F47F42B2F544
:10D0A000807F40F09980826B4FF6BF7322F480320C
:10D0B0008263C268CFF6BD731A40C260029BC26829
:10D0C000DBB222F44012012BC26003D1C26842F4E9
:10D0D0008012C26000220092009A01320092009AEF
:10D0E000B2F1706F00F2F0800269002A21D4009A38
:10D0F00001320092009AB2F1706F00F2E58002698D
:10D10000002A16D4009A01320092009AB2F1706F90
:10D1100000F2DA800269002A0BD4009A01320092F0
:10D12000009AB2F1706F00F2CF800269B2F1FF3F56
:10D13000D2DC0A220092009AAAB100BF009A013AFA
:10D140000092009A7AB1009A013A0092009A52B184
:10D15000009A013A0092009A2AB1009A013A00928C
:10D16000009A002AEAD1026942F001020261009AA3
:10D1700001320092009AB2F1706F00F2A58002694C
:10D18000D20720D0009A01320092009AB2F1706F5B
:10D1900000F29A800269D20715D0009A01320092FB
:10D1A000009AB2F1706F00F28F800269D2070AD044
:10D1B000009A01320092009AB2F1706F00F28480FE
:10D1C0000269D207D3D14FF0000C01F47F01B1F511
:10D1D000803F40F099808FE0C26842F04002C26018
:10D1E00000220192019A01320192019AB2F1706F0C
:10D1F00072D80269002A1ED4019A01320192019A62
:10D20000B2F1706F68D80269002A14D4019A013211
:10D210000192019AB2F1706F5ED80269002A0AD4B5
:10D22000019A01320192019AB2F1706F54D80269E9
:10D23000B2F1FF3FD6DC0A220192019AAAB100BFE7
:10D24000019A013A0192019A7AB1019A013A019246
:10D25000019A52B1019A013A0192019A2AB1019AB6
:10D26000013A0192019A002AEAD1026942F00102D0
:10D270000261019A01320192019AB2F1706F2BD8CA
:10D280000269D2071DD0019A01320192019AB2F1CE
:10D29000706F21D80269D20713D0019A013201922E
:10D2A000019AB2F1706F17D80269D20709D0019ABA
:10D2B00001320192019AB2F1706F0DD80269D20762
:10D2C000D7D14FF0000C09E04FF0030C01F47F01BF
:10D2D000B1F5803F18D10FE04FF0030C826B13F4CF
:10D2E0007F4F14BF22F4803242F48032826301F413
:10D2F0007F01B1F5803F07D1816841F0060181606F
:10D30000816841F020018160604602B070470000F2
:10D3100010B54A7891F800E047F6000CCEF6334C91
:10D32000012A4FEA4E1227D10244D2F8001902F521
:10D330001063B1F1FF3F4FF0010407DC196841F0C1
:10D3400000611960196841F0804119600EF00F0109
:10D35000D0F83C2804FA01F18A43C0F83C28D0F800
:10D360001C2822EA0101C0F81C18186800EA0C0108
:10D370000020196010BD00BF811801F53063D1F89D
:10D38000001B0CF1707CB1F1FF3F4FF48034DDDC09
:10D39000D4E700000146D0F8000E20F00300C1F8E9
:10D3A000000ED1F8040820F002020020C1F8042881
:10D3B000704700000146D0F8000E20F00300C1F8CD
:10D3C000000ED1F8040840F002020020C1F8042841
:10D3D000704700002DE9F04F86B0C3F307451646AD
:10D3E0008E460021C0F80411C0F80811C0F80C11D5
:10D3F000C0F81011C0F81411C0F81811C0F81C11B1
:10D40000C0F82011C0F82411C0F82811C0F82C1160
:10D41000C0F83011C0F83411C0F83811C0F83C1110
:10D4200045B1816B21F400118163816B41F40021CE
:10D4300011E000BFD0F8041841F00201C0F8041850
:10D44000816B41F400118163816B21F400218163C0
:10D45000816B21F4802106F47F4281630021B2F5C3
:10D46000807FC0F8001E07D1D0F80028B1EB1E6FF6
:10D4700008D1C0F8002809E0D0F8001841F00301F5
:10D4800002E000BF42F00101C0F800180021049141
:10D490000499013104910499B1F1706F52D8016976
:10D4A00000291ED40499013104910499B1F1706FDF
:10D4B00048D80169002914D40499013104910499D0
:10D4C000B1F1706F3ED8016900290AD40499013185
:10D4D00004910499B1F1706F34D80169B1F1FF3F43
:10D4E000D6DC002104914FF484610161049901317B
:10D4F00004910499B1F1706F24D8016989061DD592
:10D500000499013104910499B1F1706F1AD801693D
:10D51000890613D50499013104910499B1F1706F12
:10D5200010D80169890609D504990131049104993B
:10D53000B1F1706F06D801698906D7D44FF0000A9F
:10D5400002E000BF4FF0010A002105910599013169
:10D5500005910599B1F1706F4ED8016900291ED46B
:10D560000599013105910599B1F1706F44D80169B0
:10D57000002914D40599013105910599B1F1706F15
:10D580003AD8016900290AD4059901310591059914
:10D59000B1F1706F30D80169B1F1FF3FD6DC0021E5
:10D5A0000591102101610599013105910599B1F1AC
:10D5B000706F21D80169C90620D5059901310591FF
:10D5C0000599B1F1706F17D80169C90616D505998B
:10D5D000013105910599B1F1706F0DD80169C90646
:10D5E0000CD50599013105910599B1F1706F03D8FA
:10D5F0000169C906D7D401E04FF0010A5FFA8EF93C
:10D600004FF00008B9F1000FC0F81088C0F8148876
:10D61000C0F81C8800F00D81CDF80CA0CDE9015EAA
:10D62000D0F800194FF0006404EA11114FF67F356D
:10D63000B9F1010BC0F80019C0F81089C0F80859F9
:10D6400074D0A9F1020103290BF0030A04D20121CD
:10D65000BAF1000F40D169E000962BF0030700F506
:10D66000186600234FF0904C4FF67F324FF0000EBB
:10D6700056F8601C0EF1040E0CEAE17146F8601CCD
:10D6800046F8503C46F8582C56F8401C77450CEAB2
:10D69000E17146F8401C46F8303C46F8382C56F804
:10D6A000201C0CEAE17146F8201C46F8103C46F8B4
:10D6B000182C31680CEAE17131603361B26006F117
:10D6C0008006D5D1009E0EF101014FF67F354FF057
:10D6D0000064BAF1000F29D000F510634F01B44681
:10D6E000DE594FF0904202EAE67603EB4111DE513B
:10D6F000664600274FF67F33BAF1010F0F618B604A
:10D7000014D00E6ABAF1020F02EAE67266460A62A5
:10D710000F638B620AD00A6C4FF0904303EAE27207
:10D720000A6400220A654FF67F328A64D0F8001B33
:10D73000BBF1000F04EA1111C0F8001B4FF000010B
:10D74000C0F8101BC0F8085BDDE9015EDDF80CA035
:10D750006FD0A9F1020103290BF0030C04D20121BF
:10D76000BCF1000F3BD164E0A94600962BF0030505
:10D7700000F5386600234FF090474FF67F320021C6
:10D7800056F8604C043107EAE47446F8604C46F8F9
:10D79000503C46F8582C56F8404C8D4207EAE47449
:10D7A00046F8404C46F8303C46F8382C56F8204CA9
:10D7B00007EAE47446F8204C46F8103C46F8182C6A
:10D7C000346807EAE47434603361B26006F18006BD
:10D7D000D6D1009E01314D46BCF1000F29D000F595
:10D7E00030634F013446DE594FF0904202EAE6764C
:10D7F00003EB4111DE51264600274FF67F33BCF183
:10D80000010F0F618B6014D00E6ABCF1020F02EAA7
:10D81000E67226460A620F638B620AD00A6C4FF0EA
:10D82000904303EAE2720A6400220A654FF67F32EF
:10D830008A64D0F810181EF47F0F21F48071C0F8AC
:10D8400010186FF08041C0F81880416103D18169E0
:10D8500041F010018161816943F60002C8F23C0287
:10D86000114316F47F0F816103D0816941F00801F3
:10D870008161012D05D1816941F0804141F00401B0
:10D880008161504606B0BDE8F08F00000146806817
:10D8900020F0010200208A6070470000D0F840C0EC
:10D8A00043F20B03C4F654739C4503D3D0F8003BFA
:10D8B000002B1ED40023C0F8103BD0F8103B0129E8
:10D8C00043F40023C0F8103BD0F8103B43F018039A
:10D8D000C0F8103BD0F8103B43F0C043C0F8103BF9
:10D8E00007D1C0F8142BD0F8001B41F08021C0F8FC
:10D8F000001B0020704700004A780B78012A4FEA8D
:10D90000431210440ED1D0F8002922F40012C0F8BE
:10D910000029097901F0FE01022914D100F51060F7
:10D920000DE000BFD0F8002B22F40012C0F8002B4D
:10D93000097901F0FE01022905D100F53060016886
:10D9400041F0805101600020704700000A784B7858
:10D950005101012B084407D1D0F80019002900F526
:10D96000106107D50BE000BFD0F8001B002900F5BF
:10D97000306104D41AB1086820F08040086008685B
:10D9800040F4001200200A6070470000F0B54B78A8
:10D99000002591F800C04FF6FF76CFF6F875012B01
:10D9A000CEF207062CD10C6900EB4C1EDEF8107984
:10D9B000002C0EF510634FD03D401D611D69BCF178
:10D9C000000F05EA06051D618E6800F09B80A51911
:10D9D000013DB5FBF6F50026C1F6F8761F6906EAAB
:10D9E000C5463E431E610E79012E40F098801E69A7
:10D9F00026F0C0461E614FF0C04606EA45758BE032
:10DA000000EB4C13D3F8107B4FF6FF742F40C3F894
:10DA1000107BD3F8107BC0F207043740C3F8107BAB
:10DA20008D680E69BCF1000F03F530633CD0002E09
:10DA30003ED07719013FB7FBF5F740F2000CBEB2BC
:10DA40006E430E62C1F6F87C1D690CEAC7472F438E
:10DA500026401F6133E000BF07EA06041C611C6911
:10DA600044F400241C611C6925400024012A1D6126
:10DA70005DD000F510634FEA4C169F5947F00447FC
:10DA80009F510F79012F33D1D0F80878F558FF0551
:10DA90004FF0805758BF4FF000572F43002AF750E0
:10DAA00060D00020F0BD00BF002E18BF0D610D62D8
:10DAB0001F6905EA040637431F614FF400261F69FA
:10DAC000012A47EA06071F6103D1CA68002A18BF66
:10DAD0005A61097901293DD1D0F808081968C005B3
:10DAE0004FF0805058BF4FF00050084331E000BF66
:10DAF000002CD6D00CF00F01012202FA01F100F641
:10DB0000340329E0B44205D90E614FF400253446B0
:10DB100002E000BF4FF400251E6935431D61254614
:10DB20001E696FF3DF453543012A1D61A1D1CA6922
:10DB3000002A18BFCEF81429097901290AD1D0F892
:10DB40000818DEF80009C9054CBF40F0805040F0CD
:10DB5000005018604FF00441186808431860002016
:10DB6000F0BD00BFA2B2002A9BD0D61C4FF0FF33FD
:10DB7000C96803EB960300F580504FEA0C32032B83
:10DB8000C6F381030ED3B70827F003060F68043EDF
:10DB900017504F6817508F681750CF6801F1100168
:10DBA0001750F3D1002B3FF47CAF0F68012B875047
:10DBB0003FF477AF4F68022B87503FF472AF89680C
:10DBC00081500020F0BD000081B0002200924A7810
:10DBD0000978012A4FEA41113AD100F510625058F4
:10DBE000B0F1FF3F3ADC885842F2107340F0006019
:10DBF0008850885840F0804088500098013000904C
:10DC00000098984264D85058B0F1FF3F26DC009845
:10DC100001300090009898425AD85058B0F1FF3F18
:10DC20001CDC0098013000900098984250D8505861
:10DC3000B0F1FF3F12DC009801300090009898424C
:10DC400046D85058B0F1FF3F4FF00000D5DD3CE022
:10DC500000F530625058B0F1FF3F03DD002001B005
:10DC6000704700BF885842F2107340F0006088503F
:10DC7000885840F08040885000980130009000980B
:10DC8000984225D85058B0F1FF3FE7DC00980130AA
:10DC90000090009898421BD85058B0F1FF3FDDDC4F
:10DCA0000098013000900098984211D85058B0F177
:10DCB000FF3FD3DC0098013000900098984207D8CD
:10DCC000505800284FF00000D6D401B0704700BF74
:10DCD000012001B0704700000146806840F0010259
:10DCE00000208A607047000081B000220092009AF4
:10DCF00001320092009AB2F1706F51D80269002A85
:10DD00001ED4009A01320092009AB2F1706F47D887
:10DD10000269002A14D4009A01320092009AB2F1EA
:10DD2000706F3DD80269002A0AD4009A013200922D
:10DD3000009AB2F1706F33D80269B2F1FF3FD6DCBE
:10DD40008901002220310092016100990131009186
:10DD50000099B1F1706F23D8016989061DD500992A
:10DD6000013100910099B1F1706F19D801698906EC
:10DD700013D50099013100910099B1F1706F0FD85E
:10DD80000169890609D50099013100910099B1F125
:10DD9000706F05D801698906D7D4002001B070479B
:10DDA000032001B070470000D0F8080800F0060119
:10DDB00080074FF0020058BF0F20002908BF084617
:10DDC00070470000406900F001007047D0F8181853
:10DDD000D0F81C08084080B270470000D0F818182E
:10DDE000D0F81C080840000C70470000D0F810C89C
:10DDF000D0F8343801F00F0223FA02F2D20100EB1E
:10DE00004110D2B2D0F8080942EA0C01084070472C
:10DE100000EB4111D1F8081BD0F8140808407047F6
:10DE2000416980690840704710B5930802F0030EFD
:10DE30002CD05A1E032A03F0030C0FD323F0030344
:10DE40004FF480528458043B0C6084584C608458D2
:10DE50008C608458CC6001F11001F3D1BCF1000F4B
:10DE600014D04FF4805284580B46BCF1010F43F894
:10DE7000044B05D11946BEF1000F0AD11EE000BFC8
:10DE80008258BCF1020F4A601AD10831BEF1000F6E
:10DE900014D04FF4805280580A46BEF1010F02F8A8
:10DEA000010B04BF104610BD020ABEF1020F4A70FA
:10DEB00004BF881C10BD000C88700331084610BDDB
:10DEC0004FF4805282588A600C31BEF1000FE0D1CD
:10DED000F4E70000B0B50446C068002920F0C04057
:10DEE000E06000F09980012940F0B080E0680A25E8
:10DEF00040F00050E0600A20F8F790F854F8140F52
:10DF0000C00740F09C800A20F8F788F82068C00716
:10DF100040F09E800A20F8F781F82068C00740F0A2
:10DF2000A5800A20F8F77AF82068C00740F0AC8096
:10DF30000A20F8F773F82068C00740F0B3800A2081
:10DF4000F8F76CF82068C00740F0BA800A20F8F7AC
:10DF500065F82068C00740F0C1800A20F8F75EF835
:10DF60002068C00740F0C8800A20F8F757F82068FA
:10DF7000C00740F0CF800A20F8F750F82068C007AB
:10DF800040F0D6800A20F8F749F82068C00740F032
:10DF9000DD800A20F8F742F82068C00740F0E480EE
:10DFA0000A20F8F73BF82068C00740F0EB800A2011
:10DFB000F8F734F82068C00740F0F2800A20F8F73C
:10DFC0002DF82068C00740F0F9800A20F8F726F8FD
:10DFD0002068C00740F000810A20F8F71FF8206889
:10DFE000C00740F007810A20F8F718F82068C0073A
:10DFF00040F00E810A20F8F711F82068C00740F0C1
:10E0000016810A20F8F70AF82068C825A5F1C8008B
:10E01000B0FA80F04009B0BDE0680A2540F08040C9
:10E02000E0600A20F7F7FAFF54F8140FC00706D093
:10E030000A20F7F7F3FF2068C00711D11425A5F1D6
:10E04000C800B0FA80F04009B0BD00BF0120B0BDEB
:10E050001425A5F1C800B0FA80F04009B0BD00BF9A
:10E060000A20F7F7DBFF2068C00707D11E25A5F1BE
:10E07000C800B0FA80F04009B0BD00BF0A20F7F731
:10E08000CDFF2068C00707D12825A5F1C800B0FA48
:10E0900080F04009B0BD00BF0A20F7F7BFFF20683D
:10E0A000C00707D13225A5F1C800B0FA80F04009B9
:10E0B000B0BD00BF0A20F7F7B1FF2068C00707D145
:10E0C0003C25A5F1C800B0FA80F04009B0BD00BF02
:10E0D0000A20F7F7A3FF2068C00707D14625A5F15E
:10E0E000C800B0FA80F04009B0BD00BF0A20F7F7C1
:10E0F00095FF2068C00707D15025A5F1C800B0FAE8
:10E1000080F04009B0BD00BF0A20F7F787FF206804
:10E11000C00707D15A25A5F1C800B0FA80F0400920
:10E12000B0BD00BF0A20F7F779FF2068C00707D10C
:10E130006425A5F1C800B0FA80F04009B0BD00BF69
:10E140000A20F7F76BFF2068C00707D16E25A5F1FD
:10E15000C800B0FA80F04009B0BD00BF0A20F7F750
:10E160005DFF2068C00707D17825A5F1C800B0FA87
:10E1700080F04009B0BD00BF0A20F7F74FFF2068CC
:10E18000C00707D18225A5F1C800B0FA80F0400988
:10E19000B0BD00BF0A20F7F741FF2068C00707D1D4
:10E1A0008C25A5F1C800B0FA80F04009B0BD00BFD1
:10E1B0000A20F7F733FF2068C00707D19625A5F19D
:10E1C000C800B0FA80F04009B0BD00BF0A20F7F7E0
:10E1D00025FF2068C00707D1A025A5F1C800B0FA27
:10E1E00080F04009B0BD00BF0A20F7F717FF206894
:10E1F000C00707D1AA25A5F1C800B0FA80F04009F0
:10E20000B0BD00BF0A20F7F709FF2068C00707D19B
:10E21000B425A5F1C800B0FA80F04009B0BD00BF38
:10E220000A20F7F7FBFE2068C0077FF4EAAEBE25A0
:10E23000A5F1C800B0FA80F04009B0BD0246D0F8A0
:10E24000000801F07F0120F4FE60C2F80008D2F857
:10E25000000840EA01110020C2F8001870470000D1
:10E26000022A02465FD145F24030CFF6277043F2D2
:10E2700000530844C0F20C03984203D24FF470508C
:10E2800053E000BF41F64060CFF61B7044F24023DC
:10E290000844C0F20F03984202D24FF4605044E0A9
:10E2A000A1F5740044F68073A0F51050C0F212037B
:10E2B000984203D24FF4505037E000BFA1F1837071
:10E2C0004DF22063A0F5E740C0F21303984203D259
:10E2D0004FF4405029E000BF4BF26060CFF6E5609C
:10E2E0004EF260330844C0F21603984202D24FF453
:10E2F00030501AE04DF20030CFF6CE6047F2407356
:10E300000844C0F21B03984202D24FF420500CE0A4
:10E3100045F6C030CFF6B36049F2C0130844C0F2EE
:10E32000210398420AD24FF41050D16821F4705161
:10E33000D160D16801430020D1607047A1F1B7706E
:10E3400047F22053A0F55850C0F23803984203D248
:10E350004FF40050E9E700BF45F2E040CFF65960C6
:10E3600049F6E0430144C0F241034FF4C0509942E2
:10E3700038BF4FF4E050D8E710B5DDF808C0BCF165
:10E38000000F2CD15BB303F1030E4FF0FF3303EB0F
:10E390009E0300F580541203032BCEF3810C0FD3A0
:10E3A0004FEA9E0323F003030868043B10514868BA
:10E3B000105188681051C86801F110011051F3D153
:10E3C000BCF1000F0BD00868BCF1010FA05006D0C3
:10E3D0004868BCF1020FA0501CBF8868A050002004
:10E3E00010BD0000FEE700004EF60C50BFF34F8F4B
:10E3F000CEF200000168042201F4E061C0F2FA529A
:10E4000011430160BFF34F8F00BF00BF00BF00BFCB
:10E41000FAE7000070B540F67455C2F2000568785E
:10E4200001281DD1A878A0F121010F2900F27E80DA
:10E43000DFE811F0100088009000620162014801DD
:10E440004E016201620162016201620162016201C8
:10E450006201C801686801F019FF0020287070BDD2
:10E46000EA78511E052933D2A8780238232800F211
:10E470004381DFE810F025008300410141014101A3
:10E48000410141014101410141014101410141017C
:10E49000410141014101410141014101410141016C
:10E4A000410141014101410141014101410141015C
:10E4B00041014101A5006700B50041019B0000BF7B
:10E4C000696811F8010B03F0BBFA0020287070BDD9
:10E4D000082AC9D0002A40F00F81AA78A2F1F001E1
:10E4E0000E2900F2CB80DFE811F00F003701310177
:10E4F0003D014300260025011B012B0107010701F7
:10E50000070107010701430140F22C21C2F200017B
:10E510000A78002A00F0528140F2C420C2F20000C2
:10E52000002101710020287070BD00BFF4281FD0A9
:10E53000F52840F0E180042001F06AFF00202870F7
:10E5400070BD00BF6868007801F06CFE0020287084
:10E5500070BD00BF686805F10C040078214604F026
:10E560003FF92046042100F0F9FF0020287070BD1B
:10E57000032001F04DFF0020287070BD686800780E
:10E58000FF2800F0AB8005F10C0405F108022146DC
:10E5900002F09AFF6978A8782A7A022940F0A880C8
:10E5A000214604F033FD0020287070BDD5F804C06A
:10E5B000032902F0030E85F88C2027D200223DE0CB
:10E5C0006868016840F2C420C2F2000040F8141FDD
:10E5D0000021416001F05AFE0020287070BD00BF8C
:10E5E000686805F10C044078214604F0F9F86A786F
:10E5F0000421A878022A297221464FF0040240F033
:10E60000788004F003FD0020287070BD02F07C03C8
:10E610000CF10104002200BFA01810F8011CAE1874
:10E6200086F88D10A15C043286F88E1041789342F2
:10E6300086F88F10807886F89000EDD1BEF1000F3B
:10E6400000F05A801CF80200A918BEF1010F81F8F1
:10E650008D0000F05180501C1CF800102844BEF1C1
:10E66000020F80F88D1000F04780901C1CF80010FD
:10E67000284480F88D100020287070BD501E30286E
:10E6800000F23A80DFE800F01A383880383838383D
:10E6900038383838383838383838383838383838FA
:10E6A000383838383838383838383838841E2438CC
:10E6B000383838383838389E8A0000BF02F000FFFA
:10E6C00040E000BF01F018FE0020287070BD00BFC0
:10E6D00001F088FD0020287070BD00BF40F2C4200A
:10E6E000C2F20000012181700020287070BD00BFBF
:10E6F000214604F0DBFB18B10020287070BD00BF7C
:10E7000040F22C20C2F200000021017040F2C4202F
:10E71000C2F20000017085F88C100020287070BDD6
:10E7200040F2C420C2F200000121C1700020287014
:10E7300070BD00BF03F03AFC0020287070BD00BF20
:10E7400002F0C0F8F020287331E000BF062001F08D
:10E750005FFE0020287070BD012001F059FE0020EE
:10E76000287070BD022001F053FE0020287070BD9B
:10E7700040F2C420C2F200000021017040F22C20BF
:10E78000C2F20000C6E700BF03F04AF908E000BF8C
:10E79000002085F88C000020287070BD00F006FD78
:10E7A0006FF00101002818BF6FF00F0129730120DD
:10E7B000287201F0BDFF0020287070BD0870002095
:10E7C000287070BDFFF710FE70B540F2C426C2F28B
:10E7D0000006307840F67455C2F20005F021A970A9
:10E7E00080B105F10C01002003F0FAFF05F11001E2
:10E7F000012003F0F5FF05F11401022003F0F0FF02
:10E800000C2010E000202C4604F80C0F2046F5F7F1
:10E810002CFD204419A12A22F5F703FD2046F5F727
:10E8200024FD012131706978AB780229287205F145
:10E830000C01C2B2184603D104F0E8FB0CE000BFA3
:10E8400004F034FB40B940F22C20C2F20000002159
:10E850000170317085F88C1030790130C1B20B290C
:10E86000307138BF70BD40F22C20C2F20000002190
:10E870000170317085F88C1070BD00BF5844722D46
:10E88000502C4F5F56312E315F3236303332382CB8
:10E890007869616F77616E672C3130302C32302DA2
:10E8A00033302C39300000002DE9F04140F6745629
:10E8B000C2F200063478F7F7F9FD3CB140F2C4210A
:10E8C000C2F200018860BDE8F08100BF40F2C425BB
:10E8D000C2F20005A978E860012919D129698842A6
:10E8E000F1D0687806F10D0106F1080202F0ECFDA6
:10E8F00068787178327A3073B078013202293272D6
:10E9000030D106F10C01D2B204F080FB39E000BF37
:10E91000E978012914D129698842D4D006F10C0480
:10E9200006F10801204601F0FFFF002800F08C806E
:10E930000020E870F7F7BAFD2861BDE8F08100BF5C
:10E9400040F22C21C2F20001097849B3A968411AAA
:10E95000B1F5FA7F44D9FFF737FFE868A86028616E
:10E96000BDE8F08106F10C01D2B204F09FFA40B983
:10E9700040F22C20C2F2000000210170297086F8BC
:10E980008C1068780130C1B22F29687004BF002054
:10E99000A5F80100F7F78AFD2861BDE8F08100BF06
:10E9A00096F88C1000298ED02969884208BFBDE8EE
:10E9B000F08128618C250C2470194078311903F0FE
:10E9C0000FFF96F88C10A5F18B00013504348842B6
:10E9D000F2D306F10C00BDE8F04104F0E7BB00BF44
:10E9E0002969401A0228FFF46EAF96F88C000028BF
:10E9F0003FF469AF0C21B1FBF0F16C7941434F1E3C
:10EA0000B4FBF0F1002301FB104006F10C0230448E
:10EA100090F88D0021464FF00008A742D8BF01238F
:10EA200003F0C2FF6879A74200F10100687107DCBA
:10EA300025218000B170307201F07AFE85F80580E2
:10EA4000E8682861BDE8F0817178B078327A0229EF
:10EA500008D1214604F0DAFAF7F728FD2861BDE86D
:10EA6000F08100BF214604F021FA00287FF462AF54
:10EA700040F22C20C2F2000000210170297086F8BB
:10EA80008C10F7F713FD2861BDE8F081B0B52DEDCE
:10EA90000A8B40F60874C2F2000494F88410B0EEB9
:10EAA000608A0129B0EE409A3AD0002940F0DC801B
:10EAB00094ED2C0A9FED6EBA9FED6EAA39EE400AD6
:10EAC00030EE0B0AF0EE4A0A04F008FFB5EE400AF9
:10EAD0009FED69CA30EE0A1AF1EE10FAB8BFB0EE37
:10EAE000410A30EE0C0A9FED651AB0EEC00AB4EE92
:10EAF000410AF1EE10FA49DAB4F87400411C88B208
:10EB0000B0F5FA6FA4F8741044D394ED1C0A40F6E3
:10EB10009E7130EE090A884284ED1C0A3AD941E020
:10EB200094ED2C0A9FED52BA9FED52AA39EE400A9D
:10EB300030EE0B0AF0EE4A0A054604F0CFFEB5EEC1
:10EB4000400A9FED4DCA30EE0A1AF1EE10FAB8BF36
:10EB5000B0EE410A30EE0C0A9FED481AB0EEC00A42
:10EB6000B4EE410AF1EE10FA46DAB4F8740040F659
:10EB70009F72013081B29142A4F8740040D3012009
:10EB800084F8850084ED2C9A3FE000BF0020A4F8B3
:10EB90007400206794F8850084ED2C9A002863D0D7
:10EBA00094ED1C0A9FED361AF0EE4A0A80EE010A37
:10EBB00030EE0B0A04F092FEB5EE400A30EE0A1A6F
:10EBC000F1EE10FAB8BFB0EE410A30EE0C0A84ED57
:10EBD0001E0A00209FED2B0ADFED2B0AA4F874001B
:10EBE0002067012084ED1F8A84ED2C9AA4F884000C
:10EBF00001F078FB38E000BF0020A4F87400206723
:10EC000094F8850084ED2C9A70B394ED1F0AF0EE11
:10EC10004A0A38EE400A30EE0B0A84ED208A04F0EE
:10EC20005DFEB5EE400A30EE0A1AF1EE10FAB8BFFA
:10EC3000B0EE410A30EE0C0AB5EE400A002040F278
:10EC4000E031F1EE10FAD8BF0120C2F2000181F8E4
:10EC50002900A06F00216862012085F82E0084F849
:10EC60008410BDEC0A8BB0BD0020BDEC0A8BB0BD9A
:10EC7000000034430000B443000034C3CDCC4C3D0D
:10EC80000000FA44000000009A99193F2DE9F04174
:10EC9000D0E900C480684FEA930E03F0030800BF78
:10ECA00090ED000A90ED011A90ED022A90ED033AE2
:10ECB00090ED044A94ED005A94ED017A94ED026AC5
:10ECC000D4ED030ABEF1000F64D07646174600BFAC
:10ECD000D1ED001A61EE053A60EE212A73EEA22A08
:10ECE00022EE077A37EE227A63EE062A32EE877A30
:10ECF00064EE200A70EE870AC7ED000AD1ED012A02
:10ED000061EE213A20EE227A33EE877A22EE055A1E
:10ED100035EE075A23EE207A35EE075A24EE066ABE
:10ED200036EE056A87ED016A91ED027A61EE223ACC
:10ED300020EE075A33EE855A62EE211A31EE855ADB
:10ED400063EE061A35EE215A64EE200A70EE850A4B
:10ED5000C7ED020A91ED035A61EE073A60EE051A1B
:10ED600073EEA11A62EE222A72EEA11A63EE202A35
:10ED700071EEA21A24EE066A36EE216A01F1100342
:10ED800007F1100587ED036A013E19462F469FD112
:10ED9000194600E01546B8F1000F00F1140023D029
:10EDA000464600BFF0EE451A91ED005A61EE213A59
:10EDB00060EE052A73EEA22A22EE077A37EE227A57
:10EDC000F0EE462A23EE066A36EE076A24EE207A33
:10EDD00037EE066A0431A5EC016A013EF0EE620AE4
:10EDE000B0EE617ADED103E0F0EE471AF0EE602A71
:10EDF00084ED005AC4ED011A84ED026AC4ED032AC1
:10EE00001034BCF1010C114608BFBDE8F08147E7A2
:10EE1000B0B5054601608260090118461C46F5F749
:10EE200019FA6C60B0BD000080B59FED441A9FEDEB
:10EE3000443A20EE011AB0EEC11ABDEEC12AB8EE76
:10EE4000C22A31EE421A21EE031ABDEEC12A12EE99
:10EE5000102A02F1800E6FF35F2243F6803CC0F669
:10EE6000010C02EE102A6FF35F2E0CEB8203B8EE5A
:10EE7000422A0CEB8E0231EE421A92ED002A92EDFC
:10EE8000013A93ED004A93ED015A9FED2E7A33EE4D
:10EE9000426A74EE050A20EE877A76EE060A74EE70
:10EEA000041ADFED292A37EE607AF0EE080A75EED3
:10EEB000211A26EE206A61EEA21A21EE077A36EEBA
:10EEC000216A36EE076A21EE066A24EE227A36EED1
:10EED000476A21EE066A32EE066A81ED006A35EE77
:10EEE000445A32EE036A26EE226A35EE057A36EE91
:10EEF000476A32EE027A33EE073A25EE205A23EEC5
:10EF0000223A21EE066A35EE433A33EE063A21EE16
:10EF1000033A22EE222A32EE032A21EE021A34EEBE
:10EF2000011AB5EE400AB1EE412AF1EE10FAB8BF6F
:10EF3000B0EE421A80ED001A80BD00BF610B363B77
:10EF400000000044DB0F49BCDB0F493C10B5F7F76C
:10EF5000ADFA40F26C44C2F20004A168401A642881
:10EF600038BF10BDF7F7A2FA034641F2F820A11C02
:10EF7000C2F200000422A360BDE81040F6F7ECB82E
:10EF800010B541F6E434C2F20004206840F63201C4
:10EF900001642046FAF736F820460C21FAF7DAFB2E
:10EFA00040F26C44C2F2000441F2B02004F11801B6
:10EFB000C2F200000322F6F7CFF841F2F820A11CBC
:10EFC000C2F200000422BDE81040F6F7C5B8000008
:10EFD0002DE9F04F81B02DED028B82B040F2282355
:10EFE00040F26C48C2F20003C2F200081B78B8F885
:10EFF0001870002B00EE107AB8EE400A7CD09FED1E
:10F00000568A20EE080A10EE100AF5F769FA05464E
:10F010000F46D8E90309D8F814100191F5F760FA02
:10F020009FED4B0B04465AEC10BB0E462846394662
:10F030005A465346F5F7C7F922463346F5F71CF909
:10F04000F5F761FAB8F81A10C8F80C0000EE101ABB
:10F05000B8EE400A20EE080A10EE100AF5F740FA62
:10F06000044648460D46F5F73BFA06460F4620464D
:10F0700029465A465346F5F7A6F932463B46F5F778
:10F08000FBF8F5F740FAB8F81C10C8F8100000EECD
:10F09000101AB8EE400A20EE080A10EE100AF5F732
:10F0A0001FFA044601980D46F5F71AFA06460F4670
:10F0B000204629465A465346F5F785F932463B46DF
:10F0C000F5F7DAF8F5F71FFAB8F80010C8F81400E9
:10F0D000481C81B2B1F57A7FA8F8000005D340F250
:10F0E00028210020C2F20001087002B0BDEC028BA2
:10F0F00001B0BDE8F08F00BF9FED171A98ED032A0D
:10F10000B8F81A3020EE010A30EE420A02EE103A48
:10F1100098ED043AB8EE422AB8F81C3022EE012AE3
:10F1200032EE432A03EE103A98ED054AB8EE433A20
:10F1300023EE011A31EE441A80ED000A81ED002A17
:10F1400082ED001A02B0BDEC028B01B0BDE8F08F79
:10F15000FCA9F1D24D62503F4108043D4FF0190C1B
:10F1600080F800C00020C4F2C81081F800C082F806
:10F1700000C018607047000040F26C41C2F200010C
:10F1800049799FED051A00EE101AB8EE400A20EEFC
:10F19000010A80ED000A70473A07543E41F6E43117
:10F1A000C2F200010968086470470000F0B587B03A
:10F1B00043F60C46C4F202063068C00313D564203F
:10F1C00088B100BF3168C90338D500BF3168C903B1
:10F1D0003CD500BF3168C90330D500BF3168043861
:10F1E000C903EDD468B3FF20306072B6F7F768F852
:10F1F000022006900B2000250490012702A801A9F7
:10F2000002950597F6F71EFF00286ED13068C003FF
:10F2100022D5642000B300BF3168C9031AD500BFEE
:10F220003168C90316D500BF3168C90312D500BFC4
:10F2300031680438C903EDD40DE000BF0120002877
:10F24000D1D10025284607B0F0BD00BF012000281D
:10F25000C9D1F6E7012008B1FF2030600024C0F6D4
:10F260000E0444F25842C2F6725202202146002394
:10F270000025F6F7B7FFC0BB42F25002211DC5F6CC
:10F280004F72022000230025F6F7ACFF68BB43F263
:10F29000561204F10801C3F22E12022000230025A9
:10F2A000F6F7A0FF08BB43F25F2204F10C01C3F2A2
:10F2B0003602022000230025F6F794FFA8B943F296
:10F2C000332204F11001C0F238020220002300258D
:10F2D000F6F788FF48B904F1140102200022002348
:10F2E000F6F780FFB0FA80F04509F6F771FF62B6D5
:10F2F0003760284607B0F0BD10B594B040F60C63F7
:10F30000C2F20003684603F110014C2251F8044B8D
:10F31000043A40F8044BF9D10FCB01F02DFC08283A
:10F32000044608BF00F0ACFDA4F10800B0FA80F07C
:10F33000400914B010BD00000B68024642F81C3FA3
:10F340004B6803628B684362CB688362D1F810C05C
:10F3500000F10C030121C0F82CC0FFF759BD0000DB
:10F3600080B582B001A96A4601238DED010AFFF73D
:10F370008DFC9DED000A02B080BD0000F0B593B099
:10F3800040F20426C2F2000630604001002780B23D
:10F3900071710E21CDE900074FF6E07041F2403463
:10F3A0000591012102900620C2F20004CDE9071167
:10F3B00003906946204606970497F6F709F8B0FAD5
:10F3C00080F040F238254009C2F20005287020463E
:10F3D000F6F778FB002841F24030C2F200004FF00F
:10F3E000020118BF2F70F5F789FF00281CBF00200D
:10F3F0002870707960B140F2F84106F10800C2F25D
:10F400000001402203F092F9032804BF0020287075
:10F41000306843F66831CDE90A000020CDE90C00E0
:10F420000120C0F601010E90F52009788DF83C000E
:10F4300041F240308DF84410C2F200000AA911AA2E
:10F4400010ABF5F773FF41F24034C2F2000400281C
:10F450001CBF0220287000BF2046F6F7C3F803281F
:10F46000FAD313B0F0BD00002DE9F04381B040F2B3
:10F47000042040F2B827C2F20000C2F2000700F1F7
:10F480000804BD1C2046294603F00EF910B101B056
:10F49000BDE8F08307F1030800264FF0010909E0F9
:10F4A000E52808BFA7F800902046294603F0FCF89D
:10F4B0000028ECD13978B8780129F1D17978072979
:10F4C00006D85E2806D1404600F00AF83E80EBE7F9
:10F4D0003E70E9E74A1C39447A70C870E4E70000DE
:10F4E00040F67452C2F200021378002B18BF704726
:10F4F000013907290AD8DFE801F0051B090F0909BE
:10F50000092700BF007890700020D07040F20110F1
:10F510001080FEF77FBF00BF40F2214151800021E3
:10F520005060416040F201101080FEF773BF00BFD1
:10F5300010F8011B91700121D170506040F2011050
:10F540001080FEF767BF00BF40F621015180506078
:10F5500040F201101080FEF75DBF000010B58AB0C8
:10F560000A4640F20421C2F200010B680146002065
:10F57000CDE90300F520CDE9013305928DF818009F
:10F5800012B108A8F4F74DFE41F24030C2F200007B
:10F5900001A908AA07ABF5F7C9FE28B140F2382047
:10F5A000C2F200000221017041F24034C2F20004B4
:10F5B0002046F6F717F80328FAD301200AB010BD49
:10F5C000F0B58BB041F24034C2F20004064620464A
:10F5D0000D46F6F7A5FA0E2040F20427069001200A
:10F5E000C2F20007CDE9080070017D71002580B2EC
:10F5F000CDE901054FF6E07003900620049001A9C3
:10F6000020463E6007950595F5F7E2FEB0FA80F0DA
:10F6100040F238264009C2F2000630702046F6F764
:10F6200051FA002841F24030C2F200004FF00201CE
:10F6300018BF3570F5F762FE00281CBF002030703F
:10F64000787960B140F2F84107F10800C2F2000198
:10F65000402203F06BF8032804BF002030700BB089
:10F66000F0BD000080B540F66860C2F2000041784D
:10F670000069002918BF0121FFF780FE03F0A0FCFC
:10F6800040F22C20C2F200000021017080BD000079
:10F6900080B5FFF709F9BDE88040FFF7E5BE00003F
:10F6A000F0B581B02DED028B82B040F21C45C2F264
:10F6B0000005287E411E022928D3032834D00028C3
:10F6C00040F0B4800020A88141F644300024C2F20A
:10F6D0000000C4F20204F8F7EBFB012814D1204625
:10F6E0004FF400410022F6F7DBFE41F6443040F2D1
:10F6F000AC212A1DC2F20000C2F200010223F9F778
:10F7000077F9002800F0EE80204692E0A8890130C9
:10F7100081B2B1F57A7FA88100F2B88002B0BDEC69
:10F72000028B01B0F0BD00BFF6F7C0FE2F6B6989F8
:10F73000890700F1A58040F23821C2F200014A7821
:10F74000002A04BF03224A706B89EA886E89D2B20C
:10F75000C6F34606D40146EAC21282EA142686EAB5
:10F76000161686EA960686EA56065E402B78F60757
:10F7700040F094800646581E00EE100A9FED8B1A4A
:10F78000B8EEC00AB4EE410AF1EE10FAC8BFB0EE0E
:10F79000410A9FED871AB5EE400AF1EE10FAC8BF94
:10F7A000B0EE401ABDEEC10A10EE100A2870032018
:10F7B000487050082885288D9FED7E8A00EE100A3B
:10F7C000B8EE400A20EE080A85ED070AF6F774FE47
:10F7D0006969411A296168616978288D002900F0FA
:10F7E0008380698D95ED080A9FED731AB0EEC00A0B
:10F7F000B4EE410AF1EE10FAA0EB0101304640F3FD
:10F8000085804EF20002CFF6FF7202F580529142DF
:10F81000C0F27F80B1F5805F00F382808A1E12F112
:10F82000030FC0F08280002028622FE00020C4F285
:10F8300002004FF400410122F6F732FE41F6443453
:10F84000C2F200042046F8F733FB012805D041F648
:10F850004430C2F20000F8F705FA00200190216858
:10F86000CA6801928A680192019A0190896801919F
:10F8700001992876286202B0BDEC028B01B0F0BD80
:10F8800040F23820C2F200000021417000202876AA
:10F8900002B0BDEC028B01B0F0BD00BF03F10A0065
:10F8A00000EE100A9FED411AB8EEC00AB4EE410A0C
:10F8B000F1EE10FAC8BFB0EE410A9FED3D1AB5EE69
:10F8C000400AF1EE10FAC8BFB0EE401ABDEEC10A10
:10F8D00010EE100A65282870D8D302204870002046
:10F8E0002870D3E70120D2E7688500206863A86309
:10F8F000298DA985286268622E63A878411C042896
:10F90000A97024BF0120A5F80100BFE711F5005F31
:10F9100002DA012206E000BFB1F5005F7FF77EAF9B
:10F920004FF0FF326B6B1A446A63B84223D06A6BA4
:10F93000AB6B01EE101AD21A00EE102A9FED1F2AAF
:10F94000B8EEC00AB8EEC11A21EE081A20EE020A7B
:10F950009FED1B2AC71B30EE010A20EE020A01EEC2
:10F96000107A9FED182AB8EE411A21EE021A80EEA5
:10F97000010A85ED080A298DAA8D95ED0D1A891ABF
:10F9800000EE101A9FED0D2AB8EEC00AB8EEC11AAB
:10F9900021EE021A20EE080A30EE010A85ED090A6E
:10F9A000298D6985696BA96328636FE70000DC42D4
:10F9B000000000000000B43C004035450000B443A6
:10F9C000ABAA2A3E6F12833A2DE9F04784B040F289
:10F9D0000044C4F20204804620464FF480510022C5
:10F9E000F6F75EFD41F6EC260620C2F200068DF821
:10F9F000040001A9304601224FF47A73F8F716FD8E
:10FA000020464FF480510122F6F74AFD4FF00509D8
:10FA10000DF1050A0DF1060520464FF48051002234
:10FA2000F6F73EFD3046514601224FF47A738DF8C9
:10FA30000590F8F7FBFC3046294601224FF47A7313
:10FA4000F8F7F0FBBDF8067020464FF48051012214
:10FA5000F6F726FDF807DFD120464FF4805100224B
:10FA6000F6F71EFD41F6EC262020C2F200068DF8C6
:10FA700009000DF10901304601224FF47A73F8F7BD
:10FA8000D5FC4FEA18408DF80A000DF10A01304606
:10FA900001224FF47A73F8F7C9FC4FEA18208DF869
:10FAA0000B000DF10B01304601224FF47A73F8F789
:10FAB000BDFC03A9304601224FF47A738DF80C8007
:10FAC000F8F7B4FC20464FF480510122F6F7E8FC29
:10FAD0004FF005080DF10D090DF10E0720464FF40A
:10FAE00080510022F6F7DCFC3046494601224FF4F3
:10FAF0007A738DF80D80F8F799FC3046394601226B
:10FB00004FF47A73F8F78EFBBDF80E5020464FF491
:10FB100080510122F6F7C4FCE807DFD104B0BDE84C
:10FB2000F087000070B504460844000BA0EB1430C9
:10FB3000002586B22046FFF747FF0135A8B2B04244
:10FB400004F58054F6D970BDF0B583B040F200449E
:10FB5000C4F2020420464FF480510022F6F7A0FCC4
:10FB60006420F6F75BFA41F6EC259F20C2F200050F
:10FB70008DF805000DF10501284601224FF47A7336
:10FB8000F8F754FC0DF10601284601224FF47A7370
:10FB9000F8F748FB9DF8067002A9284601224FF4A9
:10FBA0007A73F8F73FFB9DF808600DF10A012846CB
:10FBB00001224FF47A73F8F735FBEF2F0ED1F0B234
:10FBC00040280BD19DF80A00C0B2182806D140F297
:10FBD0003820C2F20000012181700AE040F6E640C0
:10FBE000C2F200000178042903D801310170FFF747
:10FBF000ABFF20464FF480510122F6F751FC03B0D1
:10FC0000F0BD00002DE9F04F83B040F20048C4F28F
:10FC1000020815460C46814640464FF480510022AA
:10FC2000F6F73EFC03208DF8060041F6EC20C2F208
:10FC300000000DF1060101224FF47A73F8F7F6FB8C
:10FC4000834688B140F23820C2F200000221817060
:10FC500040464FF480510122F6F722FCBBFA8BF0AC
:10FC6000400903B0BDE8F08F41F6EC27200CC2F24A
:10FC700000078DF807000DF10701384601224FF407
:10FC80007A734FF0010AF8F7D1FB200A8DF80800CB
:10FC900002A9384601224FF47A73F8F7C7FB0DF139
:10FCA0000901384601224FF47A738DF80940F8F7BC
:10FCB000BDFBA5B141F6EC24A9F10106C2F2000496
:10FCC0000DF10A072046394601224FF47A73F8F7FE
:10FCD000A9FA9DF80A00013D06F8010FF2D140464D
:10FCE0004FF480510122F6F7DBFB40F23820C2F2DC
:10FCF000000080F802A0BBFA8BF0400903B0BDE819
:10FD0000F08F00002DE9F04784B040F2004AC4F2C1
:10FD1000020A16460F46804650464FF48051002294
:10FD2000F6F7BEFB41F6EC250620C2F200058DF881
:10FD300007000DF10701284601224FF47A73F8F706
:10FD400075FB50464FF480510122F6F7A9FB50464F
:10FD50004FF480510022F6F7A3FB022402A92846A3
:10FD600001224FF47A738DF80840F8F75FFB814663
:10FD700080B140F23820C2F20000847050464FF447
:10FD800080510122F6F78CFBB9FA89F0400904B0E2
:10FD9000BDE8F08741F6EC25380CC2F200058DF87D
:10FDA00009000DF10901284601224FF47A73F8F792
:10FDB0003DFB380A8DF80A000DF10A0128460122A0
:10FDC0004FF47A73F8F732FB0DF10B01284601224C
:10FDD0004FF47A738DF80B70F8F728FB9EB141F65B
:10FDE000EC25A8F10104C2F2000503AF14F8010FDD
:10FDF00039468DF80C00284601224FF47A73F8F743
:10FE000015FB013EF2D150464FF480510122F6F726
:10FE100047FB41F6EC264FF00508C2F200060DF153
:10FE20000D070DF10E0500BF50464FF48051002222
:10FE3000F6F736FB3046394601224FF47A738DF8D7
:10FE40000D80F8F7F3FA3046294601224FF47A7311
:10FE5000F8F7E8F9BDF80E4050464FF48051012202
:10FE6000F6F71EFBE007DFD140F23820C2F20000B7
:10FE700001218170B9FA89F0400904B0BDE8F0872A
:10FE80002DE9F04F81B02DED028BA4B040F2E426B5
:10FE9000C2F2000606F120084046FFF76DF996ED24
:10FEA000080A9FED4D1A40F6686780EE010AC2F21B
:10FEB0000007D7E90E40D7E91012B7F808C0D7F805
:10FEC00024E0D7E90B937D6BC6E90D40C6E90F121C
:10FED000684607F110019022A6F844C0C6E909E976
:10FEE000C6E90B3551F8043B043A40F8043BF9D11C
:10FEF00097E80F0000F04CFD96ED080A02F074FD43
:10FF000007F190037D790FCB009502F0B1FE00F070
:10FF10002BFE40F60C6BC2F2000B58465C21F4F746
:10FF200099F900F00DFE02F023FB70780BF15804F4
:10FF3000022805D0012808D10BF1500001E000BFD4
:10FF4000204690ED000A02F09FFE97F8029097F885
:10FF500004A0BD79FF7900F007FE58465C21F4F754
:10FF600079F900F0EDFD02F003FB7078022803D070
:10FF7000012805D10BF1500494ED000A02F084FE33
:10FF80003570777086F802A086F80390FAF740FB88
:10FF9000404602F0B7F89FED118ADBED050A06F145
:10FFA0001000B0EE480A00F073FBDBED060A06F124
:10FFB0001800B0EE480A00F06BFBDBED140A9FED71
:10FFC000080A06F1080024B0BDEC028B01B0BDE8C0
:10FFD000F04F00F05DBB00BFD7B3DD3FB81E053E5C
:10FFE0000AD7233D10B500F0BFFD40F60C64C2F205
:10FFF000000420465C21F4F72DF900F0A1FD02F089
:020000040801F1
:10000000B7FA40F2E420C2F20000407802280BD098
:10001000012818BF10BD04F1500090ED000ABDE8A2
:10002000104002F031BE00BF04F1580090ED000A0C
:10003000BDE8104002F028BEB0B5FFF721FF40F246
:100040003C24C2F20004606803214068002541702E
:100050002570F4F781FD40F22820C2F200000178FB
:1000600051B100BF017831B1017821B1017811B1EE
:1000700001780029F6D104256570BDE8B040FFF78E
:10008000FFBE0000B0B52DED048B88B040F2E42532
:10009000C2F20005687840F60C640028C2F2000441
:1000A0004CD0012818D0022840F0848041F67440DA
:1000B000C2F20000017A00297CD090ED050A04A864
:1000C00002F0FEFD9DED040AD4ED160A84ED150A3A
:1000D00001F0C8FD84ED130A41F67440C2F200003D
:1000E000C179002966D06978012909D190ED040A07
:1000F00001A802F0E5FD9DED010A84ED130A01E07F
:1001000094ED130AD4ED140A02F090FAE87884ED25
:10011000090A98B194ED140A9FED311AB4EE410A20
:10012000F1EE10FA06DD94ED0D0AD4ED0E0A03F09F
:1001300081F801E09FED290A84ED0A0A41F6744036
:10014000C2F200008079A8B394ED070A94ED058A05
:1001500094ED069A01A807A9FEF766FE9DED010A37
:100160009DED071A29EE002A28EE013A29EE011A20
:1001700028EE000A31EE400A84ED0B0A94ED098A5C
:1001800094ED070A002033EE022A606301A807A954
:1001900084ED0C2A84ED0E8AFEF746FE9DED010AE1
:1001A0009DED071A20EE480A28EE011A84ED0F0A89
:1001B00084ED101A94ED0F0A94ED101A94ED112AA3
:1001C00094ED123A30EE020A71EE030A02F044FC9A
:1001D00002F0DCF908B0BDEC048BB0BD00000000FB
:1001E00000008C4210B540F60C60C2F2000090EDA9
:1001F000160A7420B5EE400A40F66864F1EE10FA73
:10020000C8BF7820C2F20004204480ED000AFFF746
:1002100037FE94ED1D0AD4ED1E0ABDE8104001F032
:10022000CDBE000010B5044640F60C60C2F20000DE
:100230005C21F4F70FF840F2E420C2F200004470B1
:1002400010BD000070B5044600F08EFC40F60C6551
:10025000C2F2000528465C21F3F7FCFF00F070FCB9
:1002600002F086F940F2E426C2F200067078022815
:1002700004D0012808D105F1500001E005F1580033
:1002800090ED000A02F000FD347070BDB0B540F290
:10029000E424C2F200046178022913D001290BD0B2
:1002A000002918BFB0BD016840F60C62C2F200021E
:1002B000516240689062B0BD90ED000ABDE8B04068
:1002C00002F0F6BC90ED000A054602F0F1FCA178C0
:1002D00031B195ED010ABDE8B04002F0E1BC00BFCC
:1002E000B0BD000040F60C60C2F2000080ED0F0AC5
:1002F000C0ED100A7047000002F082B910B52DED74
:10030000048B40F60C60C2F2000090ED140A9FEDE1
:10031000158AB0EEC09AB4EE489AF1EE10FA17DBE7
:1003200040F2E424C2F20004607801280AD040F6CA
:100330000C60C2F200005C21F3F78CFF9FED0A0A0B
:1003400001206070BEEE001A20EE010A02F0B0FC3F
:100350000020B4EE489AF1EE10FAB8BF0120BDECCF
:10036000048B10BDCDCCCC3D0000000010B500F0DA
:100370005BF840F23C24C2F20004607801380628A1
:100380003AD8DFE800F0052D172313313B0000BFFA
:10039000207818B9F4F73AFC01202070FEF7ACFF82
:1003A00020B1607807281CBF04206070BDE81040B1
:1003B000FFF768BE01202070FFF714FEF4F726FC5B
:1003C0006078072818D0052015E000BF00202070B5
:1003D000F4F7C2FB607807280ED002200BE000BFC4
:1003E000FFF700FE002006E0FFF788FF20B16078ED
:1003F000072801D00720607010BD00BF20780028BA
:1004000008BF10BD00202070BDE81040F4F7A4BB69
:1004100040F23C21C2F2000120B14A78072A18BFFD
:100420004870704748707047B0B52DED028B00F0F2
:1004300033F940F2E425C2F2000505F12000FEF791
:100440009BFE40F60C64C2F20004211D04F1080278
:100450002046FEF7BDFD02F0C1FA06282AD8012188
:10046000814011F00C0F1BD111F0300F0CD1012184
:1004700001FA00F010F0420F1CD094ED011A94ED37
:10048000022A31EE020A1BE094ED002A94ED013AB3
:10049000B1EE420AB1EE431A32EE032A14E000BF75
:1004A00094ED001A94ED022AB1EE410A31EE021ADF
:1004B00008E000BF94ED000A94ED011A94ED022AC1
:1004C000B1EE411AB1EE422A9FED633A31EE421A83
:1004D00021EE031A05F1100084ED030A84ED041ADD
:1004E00000F0C4F894ED041A84ED050A05F1180033
:1004F000B0EE410A00F0BAF82878F0EE401A02286F
:1005000084ED060A60D0012850D0002840F09B807E
:1005100000F0F6F895ED091A95F8440084ED080A04
:1005200030EE410A01EE100A95F845004BA1B8EEF5
:10053000411A002808BF043191ED002A9FED498A35
:1005400020EE010A30EE020AF0EE480A03F0C6F986
:10055000B5EE400A30EE081AF1EE10FAB8BFB0EE70
:10056000410A84ED070A00F0D3F884ED160A00F082
:10057000D7F805F1080000F079F810EE100A20F025
:100580000040B0EE408AF3F7ABFF9FED310B53EC28
:10059000102BF3F78AFF9FED340A002818BFB0EE46
:1005A000408A84ED148ABDEC028BB0BD94ED050A3F
:1005B00004F1440004F14801F0EE610ABDEC028B45
:1005C000BDE8B040FAF73EB894ED051A94ED0F0A75
:1005D000D4ED100A01F02AFE00F092F895ED091A08
:1005E00095F8440084ED080A30EE410A01EE100A45
:1005F00095F8450019A1B8EE411A002808BF04314A
:1006000091ED002A9FED178A20EE010A30EE020AD2
:10061000F0EE480A03F062F9B5EE400A30EE081A2F
:10062000F1EE10FAB8BFB0EE410A84ED070A00F00F
:100630006FF884ED160A00F073F805F1080000F079
:1006400015F884ED140ABDEC028BB0BD00BF00BFED
:100650009A9999999999B93F3ACD133F000034433B
:10066000000000000000B4430000000090ED001AFC
:1006700090ED012AB7EE003A33EE413A23EE022A1A
:1006800021EE000A30EE020A80ED010A70470000F8
:1006900080EC020A7047000041F67440C2F200008C
:1006A0000278C3780132D1B24FF0000C9942A0F821
:1006B00006C080F808C0027038BF704742780379DE
:1006C0000132D1B280F800C04FF0010C994280F89D
:1006D00006C0427013D380B58178437901314FF061
:1006E000000ECAB280F801E080F807C09A4281701B
:1006F00022BF80F802E001210172BDE8804070470E
:1007000040F21C40C2F2000090ED070A7047000062
:1007100040F21C40C2F2000090ED090A7047000050
:1007200040F21C40C2F2000090ED080A7047000041
:1007300010B540F67454C2F200046178A078227AB1
:10074000022905D104F10C01BDE8104002F05EBCA5
:1007500004F10C0102F0AAFB002818BF10BD40F202
:100760002C20C2F200000021017040F2C420C2F22D
:100770000000017084F88C1010BD00002DE9F041DC
:100780000C460646F5F792FE40F25848C2F20008C1
:10079000D8F80810471AB7F5FA7F18D3054640F283
:1007A0000040032EC4F202004FF0080104D03EB90D
:1007B0000022F5F775FE05E00122F5F771FE01E074
:1007C000F5F766FE0020C8F8085088F80200022CF1
:1007D00013D1C82F11D398F80200002818BFBDE824
:1007E000F08140F20040C4F2020000F500600421F4
:1007F000F5F74EFE012088F80200BDE8F081000008
:10080000B0B540F28C44C2F20004207A2073F5F7B0
:100810004DFE4BF27321C4F2E751A0FB0101880B9E
:1008200040F23C21C2F2000149686073086840F25E
:10083000542CC2F2000C0368DCF804008A68C4E996
:100840000530106804F13407E06150682062D2E995
:100850000B30D2F808E0C4E90A03906AC4F824E037
:100860002063506AD2E913E3D2E9155287E80940C0
:10087000C4E9102548684178007861749CF8081034
:100880002074A1739CF80900DCF83410E073087838
:100890004978A074E174B0BD10B540F28C44C2F246
:1008A0000004616804F10C003C22FFF72BFA207A67
:1008B000082888BF10BD61680130207201F13C003A
:1008C000606010BD10B54FF480304FF407714FF4E5
:1008D0008034FFF727F94FF490300821FFF722F911
:1008E00040F28C40C2F2000000210172446010BD51
:1008F000B0B540F28C44C2F20004201D4FF48031A8
:1009000008224FF48035FFF77DF9207AFF2819BFC0
:10091000C0EB001045EA80000020207208BF4FF4B1
:1009200080306060B0BD0000F0B581B040F28C4412
:10093000C2F2000422780D46082A1DD80646C2EBF2
:1009400002104FF4803141EA800104F10C003C2296
:100950003C27FFF757F92178207B884212D10130DC
:100960002F7004F80C0B304621463C22F3F759FC5B
:10097000002001B0F0BD00BF0020287020700120D1
:1009800001B0F0BD00202070012001B0F0BD0000DA
:1009900084B080B50DF1080C8CE80F009DF8122092
:1009A0009FED642A01EE102AB8EE411A9DED155A0A
:1009B00021EE024A24EE053A80EE036A41F67440C5
:1009C000C2F2000080ED073A9FED5B3A0021C0E9DA
:1009D0000A1101639DED147A9DF813E080ED067A0B
:1009E00001EE10EAB8EE411A80ED2E0A26EE036AF7
:1009F00080ED0A6AB6EE006A25EE065A24EE055A24
:100A000027EE067A80EE056A80ED0B0AC0E9121126
:100A100080ED120A9DED170A24EE012A80ED034AAB
:100A200080ED084A80ED0F4A9DED1D4A80ED0E5A7B
:100A300022EE000AC0E9101180ED0D7A26EE035A6D
:100A40009DED196A80ED115A84EE005A22EE066A75
:100A500084EE067A5FFA83FC01EE10CA80ED150A77
:100A6000C0E900118160C270B8EE411A189AC0E95D
:100A70001711C0E9191122EE011A25EE030A80EDC3
:100A8000180A9DED1B0A9FED2D5A80ED042AC266BF
:100A900080ED1C6A80ED1D2A27EE036A169A80ED10
:100AA000162A9DED1C2A9DED1E3A21EE000AC0E992
:100AB0001E11C0E9201180ED1F6AB7EE006AB4EE86
:100AC000450A80F804E04371416280ED051A80ED2B
:100AD000204A026582EE012AF1EE10FAC8BFB0EE9C
:100AE000406A83EE065A1A9AC0E92611C0E9281115
:100AF000C0F88C2080ED240AB0EE080A49F69A115D
:100B0000DDE91F2323EE000AC3F6196180ED194ABF
:100B100080ED221A80ED252A80ED2A3A80ED2B5AAD
:100B200080ED2C0AC0F8B410C0E92F23BDE8804046
:100B300004B0704717B751386666663FBD378635D3
:100B400041F67440C2F2000000210164C1644162B8
:100B500001638167C0F88410C1658166C0E9261110
:100B6000C0E928117047000040F60870C2F200008A
:100B7000002101807047000084B0F0B581B02DEDF8
:100B8000068B40F608740DF1300CC2F200048CE8BC
:100B90000700D4E901010F9301300029606018BFFC
:100BA000884239D82178072900F263840CADDFE848
:100BB00011F0090005015D00830039001B012F01C0
:100BC000D70000BF2046CC21F3F744FB40F6686114
:100BD000C2F2000101F1280C40F2E030097A9CE8F1
:100BE0002C10C2F2000000F1080E80F828104BF221
:100BF00017719FEDDA0ADFEDDA0A8EE82C00C3F6F2
:100C000051010022C0F814C0C0E90C120287FFF79E
:100C10003FFD012000F02CBC40F20910208000F0C4
:100C200028BC00BF95ED080AD5ED160A40F2E03564
:100C3000C2F2000505F10800FDF728FF002800F0CA
:100C400018846078002840F0128495ED0B0A95F81E
:100C5000290001F0E1FC0020C4F88C00A4F8900009
:100C600084F892006060052000F002BC95ED030A54
:100C700040F2E035C2F200052846FFF7F7FC94ED9C
:100C8000032AB7EE084A32EE403AB0EEC31AB4EE89
:100C9000441AF1EE10FA40F3E7800FF61000B5EEBB
:100CA000403AF1EE10FAC8BF043090ED001A94ED0E
:100CB000083A31EE033AEBE094F8681095ED038AB8
:100CC00095ED049A002900F04D81B4F86C00B4F859
:100CD0006A10013082B28A42A4F86C0080F062810E
:100CE00094F8C81094F8C900002900F09B81B8B1AD
:100CF00094ED100A94ED121AB7EE002A30EE020AB3
:100D00009FEDBF2A38EE411AB4EE421AF1EE10FA06
:100D100084ED100ABCBF002084F8C90084ED128A5B
:100D200094F8CA00B8B194ED110A94ED131AB7EE15
:100D3000002A30EE020A9FEDB22A39EE411AB4EED3
:100D4000421AF1EE10FA84ED110ABCBF002084F8BB
:100D5000CA0084ED139A94ED0BAAB0EE4A0A99E109
:100D6000637840F2E0304BF2177C41F26F2EC2F212
:100D70000000C3F6D10CC3F6832E002B4FF0010305
:100D8000C0E908CE80F8393040F0718340F66863DE
:100D9000D0E90551C2F20003C269C3E90D5103F164
:100DA0003C01D0E9037681E80450018DC06AC3E9B3
:100DB0000B765862082019815AE300BF00200025F5
:100DC000FFF740FA0320FFF72DFA4FF0804042F280
:100DD0001071256284F82850C4E92C55C4E90151EA
:100DE000E060022044E300BF617840F2E030C2F2EC
:100DF00000000122002980F8372040F038830020CD
:100E00006060C4E92500C4F89B00062030E300BF01
:100E100040F2E030C2F2000090ED020A9FED791A34
:100E200090F8281020EE010A01EE101AB8EE411ACF
:100E30009FED752A20EE010A82EE000A61780029F2
:100E40004FF0010180F8381080EE011A80ED070A9A
:100E500080ED061A40F00B8300206060C4E9290091
:100E6000C4F8AC00072003E3A08C94ED081A01300D
:100E700081B20529A08421D30FF22860B5EE403A53
:100E8000F1EE10FAC8BF043090ED003A33EE013AAB
:100E9000B0EE001AB4EE413AF1EE10FAC8BFB0EE6F
:100EA000413AB8EE001AB4EE413A0020F1EE10FAE1
:100EB000C8BFB0EE431A84ED081AA0840FF2F450B4
:100EC000B5EE400AF1EE10FAC8BF043090ED003ADA
:100ED00030EE422A33EE014AB0EE003AB4EE434A15
:100EE000B8EE001AF1EE10FAC8BFB0EE434AB4EE05
:100EF000414AF1EE10FAC8BFB0EE441A9FEDC74A5E
:100F0000B0EEC22AB4EE442AF1EE10FA1CDA6068A0
:100F100001309628606019D394F82800002800F06A
:100F2000138294ED062A84ED070A30EE420AB0EEF1
:100F3000C02AB4EE432AF1EE10FA84ED051A80F2CD
:100F400013820320607092E200206060DFED040AEB
:100F5000B0EE410AFFF7C6F98BE200BF9A99993EBD
:100F600000000000B0EEC80AB0EEC91A30EE010A67
:100F7000B6EE001A9FEDEC2A20EE010AB4EE420A0A
:100F8000F1EE10FA22DA94ED0B1A9FEDE82AB4EE96
:100F9000421AF1EE10FA19DA9FEDA00A31EE000ABA
:100FA00028E000BF94F8C81094ED0BAA0020A4F824
:100FB0006C0081F00100B0EE4A0A84F8C800B1EE7E
:100FC0004A1A002918BFB0EE410A63E09FEDD81A13
:100FD000B4EE410AF1EE10FA18DD94ED0B0A1FEDA4
:100FE000211AB4EE410AF1EE10FA0FDD9FEDD11A8D
:100FF00030EE010A002084ED0B0A60609EE100BF24
:101000000AD7233DDB0FC94000007042642840F23C
:10101000938101201FED2E0A84F868000020606093
:101020008CE100BFB8B194ED100A94ED121AB7EE3E
:10103000002A30EE020A9FEDEE2A38EE411AB4EE95
:10104000421AF1EE10FA84ED100AC4BF002084F8B1
:10105000C90084ED128A94F8CA00B8B194ED110A5F
:1010600094ED131AB7EE002A30EE020A9FEDE02A43
:1010700039EE411AB4EE421AF1EE10FA84ED110A7B
:10108000C4BF002084F8CA0084ED139A94ED0BAA23
:10109000B1EE4A0AF0EE400AFFF724F9B4F86C000A
:1010A000002840F0848094ED0B0A9FEDD21AB0EE38
:1010B000CA2A20EE010AB4EE402AF1EE10FA67DDEA
:1010C00040F2E030C2F2000094ED101A94ED122AC2
:1010D00094ED2C3A90ED0C6A32EE433A21EE061A6A
:1010E00094ED130A94ED2D5A83EE014A94ED111AF2
:1010F00030EE453A26EE011A83EE011A9FEDE13AF1
:1011000094F8C800B0EEC45AB4EE435AF1EE10FAA7
:101110001BDD9FEDDD6AB4EE465AF1EE10FA14DAEB
:1011200004F12C0101EB800201EB400192ED015A28
:1011300092ED0B6A8B8C34EE054A013332EE062AAF
:1011400082ED014A8B8482ED0B2AB0EEC12AB4EE07
:10115000432AF1EE10FA1BDD9FEDCB3AB4EE432AA1
:10116000F1EE10FA14DA04F12C0101EB800201EB2C
:10117000400092ED032A92ED0D3A018D31EE021AF4
:10118000013130EE030A82ED031A018582ED0D0A6A
:1011900040F20110A4F8C900002084ED2C8A84EDEF
:1011A0002D9A84ED128A84ED139AC4E910006068C8
:1011B000B0F57A6FC0F05D81B4F85010B4F8520009
:1011C00014294FF000024FF0000638BF0122142806
:1011D00038BF0126B4F85470B4F856E0002342EA50
:1011E000060C132F4FF0000288BF0122BEF1130F2F
:1011F00088BF0123BCF1000F03EA020310D0002BCB
:1012000000F0F48040F2E030C2F2000094ED0B1ADE
:1012100090ED032A9FED9E0A41E000BFCDCCCC3D6E
:1012200000EE101A94ED0C1AB8EE400A94ED0D2A57
:1012300081EE003A01EE100AB8EE411A82EE012A60
:1012400094ED164A94ED175A84EE000A85EE014A91
:1012500040F2E030C2F2000094ED0B1A002BB0EE29
:10126000C33AB0EEC22A33EE022AB6EE003A22EEBC
:10127000035AB0EEC00AB0EEC42A30EE020A90ED76
:10128000032A20EE030A9FED813A22EE000A30EE97
:10129000410A33EE453A80EE030A00F0B18003EED6
:1012A000107A94ED0E4A94ED0F5A06EE10EA94ED82
:1012B000187AD4ED190AB8EE433AB8EE466A84EECD
:1012C000034A85EE065A87EE037A80EE866AB1EE0F
:1012D000422A0020BEF1140F38BF012050EA0C0052
:1012E000B0EEC43AB0EEC54AB0EEC75AB0EEC66A28
:1012F00033EE044AB6EE003A35EE065A25EE035AAE
:1013000022EE052A9FED635A24EE034A32EE011ABB
:1013100034EE052A81EE021A6ED0BCF1000F18BF20
:10132000B0EE410A6CE000BF9A99193F3333333F66
:101330009A991940CDCCCCBD94ED0B0AF0EE400A41
:10134000FEF7D0FF95E000BF0120002184F82800BF
:101350000020C4F2C00184ED060A84ED041A606026
:10136000E160C4E9080084E094ED042A9FED493A65
:1013700031EE421A30EE030A81EE000A9FED4F1A59
:101380000220B4EE410AF1EE10FA85ED030AFFF6F1
:10139000D9ADB6EE001AB4EE410AF1EE10FA3FF7FD
:1013A000D1AD9FED3B0A0120F0EE400A85F83400F4
:1013B000FEF798FF6078002859D10420C4F86A002D
:1013C0004CF6CD40C3F64C600021C4E90B0142F25B
:1013D0001070C4E90D11E163C4E91411C4E91611D8
:1013E000C4E91811C4E90110032041E001213BE0E8
:1013F0000AD723BD6666663F30EE010A20EE030A77
:101400009FED251A40F2E030B4EE410AC2F200002E
:10141000F1EE10FA4FF0020180ED040A80ED050AAA
:1014200022DB9FED1E1AB4EE410AF1EE10FA1BDC2E
:10143000012180F8351061780020E084B9B9296A6B
:101440009FED170ADFED120A2067A4F8740084F8F4
:1014500085006060C4F8B010FEF744FF44F62060D9
:10146000A060042004E000BF00206170E084092037
:1014700020702078BDEC068B01B0BDE8F04004B0D0
:10148000704700BF0000C84200606A47BD3786B59C
:1014900000000000BD378635ACC5A73752499D39DD
:1014A0009A99193F0AD723BC0AD7233CCCCCCCBD90
:1014B000CCCCCC3D0AD723BD0AD7233D0AD7A33CC9
:1014C0000020FEF781BA00002E2800F20582DFE836
:1014D00010F02F000901E100F500A7003B015901C0
:1014E000FF007701C3006D019D00BB004F01890023
:1014F000EB0075001D016301B301310145019F013E
:10150000C701D700CD00EF016100D101DB018101EE
:1015100013018B0193006B004D0057004300E50160
:10152000A901B1002701BD0139007F009501F90132
:1015300040F66860C2F200008079087001201070E7
:10154000704700BF40F66860C2F20000D0F890001B
:10155000086004201070704740F66860C2F2000016
:10156000806F086004201070704700BF40F668600C
:10157000C2F20000006F086004201070704700BFC6
:1015800040F66860C2F20000406F086004201070EE
:10159000704700BF40F66860C2F20000006D08604E
:1015A00004201070704700BF40F66860C2F200006F
:1015B000C06E086004201070704700BF40F668607D
:1015C000C2F20000406A086004201070704700BF3B
:1015D00040F66860C2F20000D0F894000860042071
:1015E0001070704740F66860C2F20000C069086081
:1015F00004201070704700BF40F66860C2F200001F
:10160000806E086004201070704700BF40F668606C
:10161000C2F200000069086004201070704700BF2B
:1016200040F66860C2F20000C078087001201070B7
:10163000704700BF40F66860C2F20000D0F8840036
:10164000086004201070704744F20000C4F29C60EF
:10165000086004201070704740F66860C2F2000015
:10166000C07A087001201070704700BF40F66860B3
:10167000C2F20000806C086004201070704700BF48
:1016800040F66860C2F20000406C086004201070F0
:10169000704700BF40F66860C2F2000040780870F2
:1016A00001201070704700BF40F66860C2F2000071
:1016B000006A086004201070704700BF40F6686040
:1016C000C2F200008078087001201070704700BFDF
:1016D00040F66860C2F20000007A087001201070C5
:1016E000704700BF40F66860C2F20000C079087021
:1016F00001201070704700BF40F66860C2F2000021
:10170000006E086004201070704700BF40F66860EB
:10171000C2F20000806A086004201070704700BFA9
:1017200040F66860C2F20000D0F88800086004202B
:101730001070704740F66860C2F20000406B0860AD
:1017400004201070704700BF40F66860C2F20000CD
:101750000079087001201070704700BF40F6686083
:10176000C2F20000806B086004201070704700BF58
:1017700040F66860C2F200008069086004201070C2
:10178000704700BF40F66860C2F200004079087000
:1017900001201070704700BF40F66860C2F2000080
:1017A000C06A086004201070704700BF40F668608F
:1017B000C2F20000007B087001201070704700BF6B
:1017C00040F66860C2F20000807A08700120107054
:1017D000704700BF40F66860C2F20000C06D08604C
:1017E00004201070704700BF40F66860C2F200002D
:1017F000406E086004201070704700BF40F66860BB
:10180000C2F20000D0F89800086004201070704701
:1018100040F66860C2F20000C06B086004201070DF
:10182000704700BF40F66860C2F20000D0F8800048
:10183000086004201070704740F66860C2F2000033
:10184000006B086004201070704700BF40F66860AD
:10185000C2F20000D0F88C000860042010707047BD
:1018600040F66860C2F20000006C0860042010704E
:10187000704700BF40F66860C2F20000406D08602B
:1018800004201070704700BF40F66860C2F200008C
:10189000806D086004201070704700BF40F66860DB
:1018A000C2F20000C06F086004201070704700BFD3
:1018B00040F66860C2F20000C06C0860042010703E
:1018C000704700BF40F66860C2F20000D0F89C008C
:1018D00008600420107070470020107070470000EE
:1018E0002DE9F04140F66864C2F200042046002170
:1018F000A022FEF787F9002800F08F8021780129C7
:1019000008BFBDE8F0810E21C0F20141A1600521B0
:10191000217344F2000144F2000E0122C4F29C61E2
:10192000C4F29C5E002540F2000C4CF238160023F5
:10193000C4F27A45C4F2C82CC3F6B246C4E9042105
:10194000C4E9061E4AF682012270C4F801306360C1
:10195000C4E90853C4E90AC6C3F2FB7141F26F231C
:1019600041F26F264CF6CD450022C3F68323C3F621
:101970000326C3F64C65C4F22022C4E90C114CF6D0
:10198000CD41C4E91036C4E91252C3F64C510023CC
:1019900000254DF20A7740F20008626504F1640206
:1019A000C4F24003C4F2A0154FF07C56C3F6A3372F
:1019B000C4F2F018216582E88201002145F200029C
:1019C000A365E5652666C4F2FA31CCF2C37245F22E
:1019D00000034CF6CD4549F69A164CF6CD4704F176
:1019E00070084DF20A7EC4F2C373C3F6CC55C3F639
:1019F0009976C3F68C7788E8EE0000210022C3F6C2
:101A0000234EC4F24821C4F24832C4E90EEEC4E9C0
:101A10002277C4E924C1C4E9262EBDE8F081000084
:101A200080B50020A021FEF77DF840F66860C2F284
:101A300000000021A022BDE88040FEF763B900004D
:101A400010B540F668642E28C2F2000400F2FA8055
:101A5000DFE810F0300096007A00AE00B200860099
:101A60009A009E00C800BA0054008A00F800F800EE
:101A7000F800F80072004800A200A600DE00D600C0
:101A800040007600E60044006E0050008E004C00DE
:101A9000EE00EA0066007E00AA008200F600620006
:101AA000DA00F2003C00B600380034006A00920010
:101AB000E20000BF0878A071C4E000BF0868C4F865
:101AC0009000BFE00868C4F88C00BBE00868C4F868
:101AD0008400B7E00868E063B4E000BF0868A06471
:101AE000B0E000BF0868A062ACE000BF0868A06575
:101AF000A8E000BF08682065A4E000BF087894ED66
:101B0000070A01EE100AB8EE411A80EE010A2073AE
:101B100084ED080A96E000BF0868A06792E000BF65
:101B2000086860668EE000BF0868C4F8940089E029
:101B30000868E06486E000BF0868606282E000BF79
:101B4000086820647EE000BF087860707AE000BF1B
:101B50000868A06676E000BF0868206772E000BFF2
:101B6000087820716EE000BF086820616AE000BF5D
:101B70000868606566E000BF0868C4F8980061E026
:101B80000878E0715EE000BF087860715AE000BF3D
:101B90000878207256E000BF0868E06252E000BF9B
:101BA000086820634EE000BF0868E0664AE000BFB6
:101BB0000878A07046E000BF0878E07042E000BFFF
:101BC0000868C4F888003DE0087894ED060A01EE44
:101BD000100AB8EE411A80EE010AE07284ED070A9D
:101BE00030E000BF08789FED1E1A00EE100AB8EE34
:101BF000400A81EE000AA07284ED060A22E000BFCE
:101C00000868A0631EE000BF0868E0671AE000BF34
:101C10000868606316E000BF0868C4F89C0011E023
:101C2000086860640EE000BF086820660AE000BF34
:101C30000868E06506E000BF0868C4F8800001E0BD
:101C40000868606700F090F861782069002918BF83
:101C50000121FDF7B5FCBDE81040FEF7EDB900BF6E
:101C600000409C4641F67440C2F2000090ED301AEC
:101C700090ED2F2AB4EE401AF1EE10FAB8BFB0EE94
:101C8000410AB4EE420AF1EE10FAB8BFB0EE420AD1
:101C900090ED221A30EE600A90ED264A20EE015AAD
:101CA00035EE044A90ED275A90ED2B6A30EEC55A76
:101CB00085EE011AB1EE465AB4EE464A90ED232A5B
:101CC00090ED253AF1EE10FAB4EE454AC8BFB0EEF9
:101CD000464AF1EE10FAB8BFB0EE454A90ED2D5AE3
:101CE000B7EE006A90ED287A36EE456A26EE076A6E
:101CF00025EE011A90ED2C5A31EE061AB1EE456A26
:101D0000B4EE451A80ED264AF1EE10FAB4EE461A0A
:101D1000C8BFB0EE451AF1EE10FAB8BFB0EE461AE1
:101D200024EE024A22EE000A80ED281A30EE040A60
:101D300023EE011A90ED2A2A31EE000AB1EE421A82
:101D4000B4EE420AF1EE10FAB4EE410AC8BFB0EEAA
:101D5000420AF1EE10FAB8BFB0EE410A80ED290A4E
:101D6000C0ED270A704700002DE9F04140F6686297
:101D7000C2F2000240F25420D2E91B31D2E91DE444
:101D8000C2F2000002F17C08C0E9041E00F1180153
:101D900098E8E00170C1D2F88C104FF0000CC0E957
:101DA00002C34762C0E90A81BDE8F08110B5FDF7C2
:101DB000CDF840F25424C2F20004611CA21C231D81
:101DC0002046FDF7CBF9A07A00B110BDD4F834C09D
:101DD00040F23C239CF80200C2F2000301280FBF2E
:101DE000002101212172A1721869427852B1012AA1
:101DF00004D0022A14BF0421032100E00221217231
:101E00000121A1725A6894ED082A10689FED640AB6
:101E100090ED001A22EE003AB4EE413AF1EE10FADB
:101E200008DBB3EE043A83EE022AB4EE412AF1EE67
:101E300010FA0EDDB4EE401AF1EE10FA02DD0521C3
:101E400004E000BF5878032801D106212172012146
:101E5000A17293689FED530A93ED001AB4EE401AF5
:101E6000F1EE10FA0DDC93ED011AB4EE401AF1EE2A
:101E700010FA06DC93ED021AB4EE401AF1EE10FAF5
:101E800074DD072001212072A1729CF80000012856
:101E90000AD0022804D0032806D0082101E000BFA0
:101EA000092121720121A17294ED010A9FED3E1AD0
:101EB000B4EE410AF1EE10FAC2BF01206072E07286
:101EC00094ED041A94ED0A2A93ED140A21EE023AD5
:101ED000B4EE403AF1EE10FA08DBB1EE411A81EEB1
:101EE000021AB4EE401AF1EE10FA03DD022060721D
:101EF0000120E07252685078022819D194ED062A28
:101F000094ED0B1A93ED160A22EE012AB4EE402A44
:101F1000F1EE10FA08DB94ED052A82EE011AB4EE18
:101F2000401AF1EE10FA03DD032060720120E07226
:101F3000107801280CD09CF8010040F00202032A1E
:101F400006D00122E2720422022808BF0522627232
:101F500019B9E07A002808BF10BDFEF751FC072030
:101F6000FEF756FABDE81040FEF796BC94ED031A52
:101F700094ED092A93ED0B0A21EE023AB4EE403AB1
:101F8000F1EE10FAFFF67DAFB1EE411A81EE021AC2
:101F9000B4EE401AF1EE10FA7FF777AF71E700BFA9
:101FA000000008420000C8420000A04240F2542055
:101FB000C2F2000000218160FEF73EB840F25420DA
:101FC000C2F2000080ED050AC0ED060A704700006D
:101FD000F0B581B040F25845C2F2000529780446B8
:101FE00031B1F4F763FA696888420ED201B0F0BDEE
:101FF00000206870F4F75AFA2830686001202870D1
:10200000F4F754FA69688842F0D328306860687839
:102010002CA300F03F029A5C210A4FEA144EE3B26F
:10202000534348F28106C9B25FFA8EF495F80CC0AA
:1020300003FB06F751436243C7F3C753714372432F
:10204000C90D9C454FEAD2530CD16A7BCEB2B24245
:1020500008D1AA7BDEB2B24204D10130687001B06F
:10206000F0BD00BFF80D28736973AB73E873297472
:102070006B74F2F7CFFB40F21820C2F20000017837
:1020800061B900BF017849B900BF017831B900BF1B
:10209000017819B900BF01780029F2D00021017040
:1020A00041F69C3041F6E452C2F20000C2F2000256
:1020B00004219423F7F7D6FB68780130687001B0EB
:1020C000F0BD00BF808C99A5B1BCC7D1DAE2EAF0BF
:1020D000F5FAFDFEFEFDFAF5F0EAE2DAD1C7BCB191
:1020E000A5998C808074675B4F44392F261E16108B
:1020F0000B0603020203060B10161E262F39444F4F
:102100005B67748070B52DED048B41F6385490ED0B
:10211000031A90ED042AC2F2000484ED011A84ED42
:10212000022A31EE021AB6EE002A90ED020A21EEE2
:10213000021A9FED3A2A84ED000A20EE020A30EEE0
:10214000010AB7EE001A81EE000A40694BF21771DE
:102150002AA2C3F6511102F10C06C4E903019368E7
:1021600063CEDFF898C0D2F804E0D269C4E9083041
:1021700004F1280062C004F13C002421C4E906CE29
:10218000626384ED050AF2F765F80020C4F270106E
:10219000206640F23C349FED229AC2F20004B5EE74
:1021A000008A2046B0EE480AF0EE490AFEF770FABF
:1021B00004F10800B0EE480AF0EE490AFEF768FAAA
:1021C0009FED188A04F11000B0EE480AF0EE490ABB
:1021D000FEF75EFA04F11800B0EE480AF0EE490A84
:1021E000FEF756FA9FED100A04F12000F0EE490ABE
:1021F000BDEC048BBDE87040FEF74ABA00007041A8
:102200000000003F0000C8420000C843CDCCCC3DD8
:10221000000048420000FA440000704117B75139ED
:1022200000000000295C8F3D0AD7233CB0B52DED9E
:102230000A8B41F63854C2F2000494F83800411C6D
:10224000042884F83810C0F07D8194ED0F5A94ED85
:10225000106A31EE451A31EEC67AF0EE001A00200F
:1022600094ED0A4AB4EE611AB8EE008A84F8380098
:1022700094ED002A94ED053AF1EE10FAC8BFB0EEE5
:10228000611AB4EE481AB0EE489AF1EE10FAC8BFDF
:10229000B0EE419A89EE041AB4EE617AF1EE10FACA
:1022A000C8BFB0EE617AB4EE487AF1EE10FAC8BF5A
:1022B000B0EE478A22EE054A94ED115A30EE440AF8
:1022C00030EE450A20EE03BA22EE060A94ED122AF9
:1022D00030EEC00A30EE420A94ED182A23EE00CA0E
:1022E000B0EE410A23EE02AA01F050FB94ED0A1A67
:1022F0002AEE000A88EE011A30EE0BBAB0EE410A5F
:1023000001F044FB2AEE000A94ED041A30EE0C0AA8
:1023100094ED0A2A94ED104A20EE010A30EE044AA8
:1023200089EE020A94ED0F3A2BEE015A9FED871ABF
:1023300035EE033A9FED865AB4EE413AF1EE10FACB
:10234000C8BFB0EE413AB4EE453AF1EE10FAB0EE45
:10235000452AB4EE414AC8BFB0EE432AF1EE10FA66
:10236000C8BFB0EE414AB4EE454AF1EE10FAC8BF1C
:10237000B0EE445A84ED0F2A84ED105A01F006FBAA
:1023800094ED0A1A2AEE000A88EE011A84ED110A69
:10239000B0EE410A01F0FAFA94ED172A2AEE003A5B
:1023A00094ED080AB0EEC22A94ED061AB4EE420A81
:1023B000F1EE10FA84ED123A25DA94ED093A32EE94
:1023C000402A33EE400A82EE000AB7EE003A94ED5E
:1023D000072A9FED604AB4EE430AF1EE10FAC8BF37
:1023E000B0EE430AB5EE400AF1EE10FAC8BFB0EE07
:1023F000404A33EE420A33EE443A20EE030A30EE0E
:10240000020A21EE001A40F23C3594ED110AC2F2A4
:10241000000505F1100084ED181AFEF727F994ED78
:10242000121A84ED130A05F11800B0EE410AFEF706
:102430001DF9D4ED130A20EE001A20EEA02A9FED1C
:10244000463A32EE011AB4EE431AF1EE10FA84ED78
:10245000140A29DD00F0F6FF9FED401A9FED402A97
:1024600020EE010A94ED151A9FED3E8A30EE410AE6
:1024700030EE020AF0EE480A01F030FAB5EE400AFA
:102480009FED392A30EE081AF1EE10FAB8BFB0EE1F
:10249000410A30EE020A94ED151AB6EE002A20EE3B
:1024A000020A30EE010A01E094ED150A9FED2D8A33
:1024B000F0EE480A01F012FA30EE081AB5EE400AC2
:1024C000F1EE10FAB8BFB0EE410A94ED161A9FED86
:1024D000242A84ED150A30EE410A30EE020AF0EEAD
:1024E000480A01F0FBF930EE081AB5EE400AF1EEA9
:1024F00010FAB8BFB0EE410A9FED1B1A94ED042A02
:1025000030EE010A80EE020A9FED181A05F1200054
:1025100020EE010AFEF7AAF894ED0C1AB1EE412A5A
:10252000B4EE410AF1EE10FAB4EE420AC8BFB0EEC2
:10253000410AF1EE10FAB8BFB0EE420A606D84EDC8
:10254000170AA065BDEC0A8BB0BD00BF0000C842F1
:102550000000C8C2000000000AD7233CE12E6542FB
:10256000000034430000B443000034C339FA8E3C09
:1025700010B541F63854C2F2000404F13C002421A5
:10258000F1F768FEA069206610BD000040F26430DB
:10259000C2F20000417A07291ED801228A4012F0B7
:1025A0000C0F15D112F0420F0ED1012202FA01F1E7
:1025B00011F0810F10D040F219410270A1F22510E4
:1025C00080B2FCF7EBBD00BF00F10A0106E000BFDE
:1025D00000F10C0102E000BF00F10E0109880322A6
:1025E000282988BF01222929027005D3A1F22510CC
:1025F00080B2FCF7D3BD00BF002080B2FCF7CEBD97
:1026000040F21C40C2F2000000214162028D82852E
:10261000416381637047000040F2E421C2F200018F
:1026200081ED090A81F845007047000041F67440C9
:10263000C2F2000090ED1E3A30EE600A90ED1F4AA3
:1026400030EE033A90ED1B1A90ED1C2AB1EE445A7D
:10265000B4EE443AF1EE10FAB4EE453AC8BFB0EE2B
:10266000443AF1EE10FAB8BFB0EE453A22EE032A32
:1026700021EE000A90ED201A30EE020AB1EE412A56
:10268000B4EE410A80ED1E3AF1EE10FAB4EE420AC1
:10269000C8BFB0EE410AF1EE10FAB8BFB0EE420A80
:1026A00080ED210A70470000002804BF0320704716
:1026B000B0F80AC0BCF1000F04BF0220704729B176
:1026C00002688388D25C0A70B0F80AC081880389E6
:1026D0000131B1FBF3F202FB13118180ACF1010176
:1026E000418100207047000000284FF0030218BF0E
:1026F000002901D110467047428903899A4203D1CB
:1027000001221046704700BF09780268C388D1547F
:10271000C18802890131B1FBF2F303FB1211428936
:10272000C180511C418100207047000003460028F1
:102730004FF0030018BF002900D17047002A08BFDE
:1027400070470020C3E900101A81588170470000CB
:1027500080B540F23C20C2F20000407807280CD837
:10276000A321C140C90708D015A151F820008178E4
:10277000008840EA0140FFF72BFC40F25420C2F2EF
:102780000000406B40F2003C01784078CA00042908
:102790004FF00001C0F2021C4FF0000338BF2CFACA
:1027A00002F14FEAC00E0CF57F02042838BF22FA6E
:1027B0000EF3C8B2D9B2BDE88040FDF7DFBF00BF5D
:1027C000233B01082C3B01082C3B01082C3B010852
:1027D0002C3B0108263B01082C3B0108203B01084B
:1027E000132888BF7047DFE800F00B875F734199BB
:1027F000AD7DCB55C1374BA32D69238FB7D500BF16
:1028000010B50C4600F028FA40F6E841C2F200018B
:10281000087040F23C2040F25422C2F20000C2F2A2
:1028200000024078128948704A800868206010BD14
:1028300040F23C20C2F2000040688068C069086035
:10284000704700BF40F23C20C2F200004068806840
:10285000006D0860704700BF40F23C20C2F20000EB
:1028600040688068006B0860704700BF40F23C2001
:10287000C2F200004068806840680860704700BF8E
:1028800040F23C20C2F2000040688068406A086064
:10289000704700BF40F23C20C2F2000040688068F0
:1028A000806C0860704700BF40F23C20C2F200001C
:1028B0004068006800680860704700BF40F23C2034
:1028C000C2F2000040688068C06C0860704700BFBA
:1028D00040F23C20C2F20000406880680068086056
:1028E000704700BF40F23C20C2F2000040688068A0
:1028F000406B0860704700BF40F25420C2F20000F5
:1029000040680860704700BF40F23C20C2F20000FF
:1029100040688068006A0860704700BF40F23C2051
:10292000C2F200004068806880680860704700BF9D
:1029300040F23C20C2F2000040688068806A086073
:10294000704700BF40F23C20C2F20000406880683F
:10295000806B0860704700BF40F23C20C2F200006C
:1029600040688068806D0860704700BF40F23C207E
:10297000C2F2000040688068C06A0860704700BF0B
:1029800040F23C20C2F2000040688068406C086061
:10299000704700BF40F23C20C2F2000040688068EF
:1029A000406D08607047000070B50D4641F6A051BB
:1029B000C2F2000101EB85011E461446FFF710FF2D
:1029C000002E08BF70BDA80041F6A051021DC2F242
:1029D00000012046BDE87040F1F723BC40F26430AE
:1029E000C2F20000407A7047B0B59FED1A1A40F26B
:1029F000643481EE000A40F20040C2F20004002577
:102A0000C4F202004FF400610022C4E9025584EDD3
:102A1000010AF3F745FD257241F6E434C2F20004E1
:102A200020460021F7F75CF820460421F7F758F814
:102A300020460821F7F754F820460021F6F708FA57
:102A400020460421F6F704FA20460821BDE8B040EC
:102A5000F6F7FEB9313963459FED772ABEEE001ACD
:102A600020EE811A20EE020A30EE011A0021F5EE66
:102A7000400A31EE202AF1EE10FAC8BF0121B5EE6E
:102A8000401A40F2643CF1EE10FAC8BF0231B5EED4
:102A9000402AC2F2000CF1EE10FA9CED014AB8BFD8
:102AA000043124EE200A22EE443A21EE042ADFE823
:102AB00001F005131B0D2B33230500BF9FED5F1A9B
:102AC00000218CF80910B0EE410A2CE001218CF8AD
:102AD0000910B0EE421A26E002218CF80910B1EE7E
:102AE000430AB1EE421A1EE006218CF80910B1EE3D
:102AF000400AB1EE431A16E00521B0EE431AB0EEDB
:102B0000420A8CF809100EE004218CF80910B1EE8D
:102B1000401AB1EE420A06E003218CF80910B0EE2B
:102B2000401AB0EE430A9FED462A31EE003AB4EE69
:102B3000423AF1EE10FA1DDD82EE033A9FED3F2A94
:102B400020EE030A21EE031A013905291DD832EEC1
:102B5000000A31EE001ADFE801F003452D37235358
:102B6000BDEEC11A11EE101ABDEEC00AACF80A1083
:102B700040E000BF32EE402A32EE412AB6EE003A83
:102B800022EE032A01390529E1D9BDEEC20A10EE71
:102B9000103A1A461946ACF80A30ACF80C303FE04F
:102BA000BDEEC00A10EE101AACF80A10BDEEC20A53
:102BB00012E000BFBDEEC22A12EE101ABDEEC11A1D
:102BC000ACF80A1024E000BFBDEEC22A12EE101AC3
:102BD000BDEEC00AACF80A1010EE102ABDEEC10A14
:102BE0001AE000BFBDEEC00A10EE101AACF80A10D1
:102BF000BDEEC10A10EE102ABDEEC20A0CE000BF05
:102C0000BDEEC11A11EE101AACF80A10BDEEC21AD0
:102C100011EE102ABDEEC00AACF80C2010EE103AEE
:102C200041F6E430C2F200000068ACF80E304163B7
:102C30008263C363704700BFD7B35D3F00000000ED
:102C40000030034543F62930C0F601008178008842
:102C500040EA0140FFF7BCB941F69C50C2F20000C7
:102C60000078704741F69C51C2F20001087070472D
:102C700080B540F2D44EC2F2000E0EF1100EDDF817
:102C800008C08EE80F1080BD40F2D440C2F20000B0
:102C9000002180ED000A80ED010AC0E902117047B1
:102CA00040F2D440C2F2000080ED020A70470000FA
:102CB00040F2D440C2F2000080ED000A70470000EC
:102CC00040F2D441C2F2000191F8202091ED001AA7
:102CD0000023C0E90033836082B391ED012A91EDB6
:102CE000024A91ED055A24EE043A75EE050A31EEDA
:102CF000426AC3EE201AB0EEC63AB5EE406A9FEDC6
:102D00005D6A9FED5D7AF1EE10FAC8BF0123B4EE63
:102D1000465AF0EE473AB8BF013B02EE903AF1EE68
:102D200010FAC8BFF0EE613AB4EE633AF1EE10FA71
:102D3000F8EEE21A06DD91ED047A0CE080ED001A5F
:102D400094E000BF63EE200AF5EE400AF1EE10FABF
:102D500001DBB1EEE07A27EE217A012A37EE447AE0
:102D60001AD125EE005AB0EEC76AB4EE456AF1EE0C
:102D700010FA0EDD0022B5EE407AF1EE10FAC8BF6F
:102D80000122B8BF013A06EE102AB8EEC66A25EE57
:102D9000067A34EE074A40E0DFED370AB4EE460A21
:102DA00087EE007AF1EE10FAC8BFF0EE470AB1EEF6
:102DB000456AF4EE450AF1EE10FAF4EE460AC8BF91
:102DC000F0EE450AF1EE10FAB8BFF0EE460A91EDCA
:102DD000035A91ED066A30EEC57A26EE006AF0EEEF
:102DE000C70AF4EE460AF1EE10FA0EDD0022B5EE47
:102DF000407AF1EE10FAC8BF0122B8BF013A07EEDF
:102E0000102AB8EEC77A26EE077A35EE075A81ED1A
:102E1000035A25EE005A35EE044A24EE000A30EE3D
:102E2000020A91ED072A81ED010A80ED000A9FED6B
:102E3000130AB5EE402A81ED024A80ED014AF1EE17
:102E400010FAC8BFB0EE420AB4EE403AF1EE10FA02
:102E50004FF000020BDCB0EEC42AB4EE402AF1EED3
:102E600010FA04DC81ED011AC1E90222012202728A
:102E7000704700BFBD378635000000006F12833AEF
:102E800040F6745CC2F2000C9CF80030002B18BFB6
:102E9000704740F20133ACF800308CF802008CF837
:102EA0000320CCF80410FBF7B5BA0000002A04BFD9
:102EB000002070472DE9F04381B0042A02F0030C92
:102EC00006D200264FF00009BCF1000F1ED12AE007
:102ED00002F0FC07C7F1000E01F101084FF00009F4
:102EE0006FF0030408EB0403DE781D795F794E442C
:102EF0009B79354404343D440EEB0406043603EB61
:102F00000509EFD1261DBCF1000F0CD08D5DBCF181
:102F1000010FA94407D00E447578BCF1020FA944F3
:102F20001CBFB378994440F27F15C2F20005EC1C37
:102F300068702046AA701646F1F773F985F88390F9
:102F400004F8069095F88400A1194870701DC4B269
:102F500028462146F1F7E4FD41F69D56C2F20006EF
:102F6000F0B130780A281FD80130307040F27F105D
:102F7000C2F200002146F1F7D3FD70B140F27F1597
:102F8000C2F2000530780A2812D801303070284685
:102F90002146F1F7C5FD0028F4D10121002009E008
:102FA0000120012106E000BF0021012002E000BF56
:102FB0000020002100223270084001B0BDE8F083FB
:102FC000B0B540F2DC74C2F20004601C8321F1F75A
:102FD00041F940F66105C2F20005681C8321F1F752
:102FE00039F955202870AA23207041F62C4040F66C
:102FF000E74185F88430C2F20000C2F200010122EC
:1030000084F88430BDE8B040F7F7C4B9002A08BF9F
:1030100070472DE9F04740F661088146C2F200088A
:10302000042A02F0030C88F8010088F8022005D277
:1030300000270023BCF1000F1ED12AE002F0FC03A0
:10304000C3F1000E01F1010A00236FF0030500BF78
:103050000AEB0504E0782779667918440435A479E9
:1030600038440EEB05033044043304EB0003EFD186
:103070002F1DBCF1000F0CD0CE5DBCF1010F33440D
:1030800007D00F447E78BCF1020F33441CBFB878E0
:10309000034408F10305284688F883301646F1F703
:1030A000C0F898F8000040F6EC47C2F2000738700C
:1030B000F81C2946324687F80190BE70F1F7B1F846
:1030C000B8F88330701DF519C2B241F62C40C2F237
:1030D00000003946A5F80330BDE8F047F7F72ABAF3
:1030E000B0B540F2E025C2F2000504462878217808
:1030F00001280FD140F2DC73C2F2000393F8840080
:10310000814211D158789A78D91C00F039F8002002
:1031100028702BE040F66100C2F200000078814286
:1031200004BF0120286021E06878012802D018B986
:10313000597019E0997017E093F802C00CF102027F
:10314000824207D9C218517021786A881144698077
:103150000AE000BF02D183F8831005E00CF10301FF
:1031600081423CBF002129700130687041F62C403B
:10317000C2F2000021460122BDE8B040F7F70AB9CB
:1031800040F6745CC2F2000C9CF80030002B18BFB3
:10319000704740F20123ACF800308CF802008CF844
:1031A0000320CCF80410FBF735B90000A1F10902A7
:1031B00012F1080F38BF7047026840F6EC4CC2F2BB
:1031C000000C0129CCF8002020D042680229CCF85C
:1031D00004201BD082680329CCF8082016D0C268CE
:1031E0000429CCF80C2011D002690529CCF8102054
:1031F0000CD042690629CCF8142007D0826907292F
:10320000CCF818201CBFC069CCF81C0080B5042085
:1032100000EB81004FF0FF4EC2B241F62C400B464E
:10322000C2F2000061464CF823E0BDE88040F7F7A9
:1032300081B9000020EEA01A20EE000A30EE010A4B
:10324000B1EEC00A41F67440C2F2000090ED2E1AB1
:1032500031EE400AB5EE400AF1EE10FAC4BF9FED20
:103260001D0A704790ED173A90ED184A30EE033A78
:1032700090ED141A90ED152AB1EE445AB4EE443A8A
:10328000F1EE10FAB4EE453AC8BFB0EE443AF1EEB2
:1032900010FAB8BFB0EE453A22EE032A21EE000A3A
:1032A00090ED191A30EE020AB1EE412AB4EE410A4D
:1032B00080ED173AF1EE10FAB4EE420AC8BFB0EE54
:1032C000410AF1EE10FAB8BFB0EE420A80ED1A0AD8
:1032D000704700BF000000004EF6085044F20001A5
:1032E000CEF20000C0F60001016062B6F3F70AF901
:1032F000F7F7E8FFF7F7A2FBF7F74AFBF7F72AFC27
:10330000F7F77AFCF7F76CFAF7F7C0FAF7F720FB54
:10331000F7F74AFCF7F784FDF7F7D2FCF7F79EFDC5
:1033200040F2B024C2F20004F8F72EF8F3F7C4F824
:103330002168401A6060F3F7BFF82060F4E70000EE
:1033400000284FF0000218BF002901D11046704735
:103350002DE9F04140F2FA08C2F20008037898F82B
:103360000060B34250D10B7898F88450034413F8AE
:10337000016CAE4248D113F802EC88F883E00E7875
:10338000062E09D3711F063E032E01F0030C05D251
:103390000021032513E000BF002120E021F00305F8
:1033A000002100240619F378377972791944B67927
:1033B000394411440434A5423144F3D1E51CBCF135
:1033C000000F0CD0445DBCF1010F214407D005442F
:1033D0006C78BCF1020F21441CBFAE783144C9B2F5
:1033E0008E4517D18578447808F10306C11C304614
:1033F0002A4688F8014088F80250F0F712FF20466C
:1034000031462A46FFF73CFD0122BDE8F041104657
:10341000704700BF0022BDE8F041104670474100F0
:10342000080218BF04200A0E18BF40F001004FF038
:103430007F4232EA010108BF40F00200012808BFC4
:103440000520704770B54FF068422DED048BF0EE0B
:10345000408A18EE900AB0EE608A18EE101A02EB5D
:103460004003B3F1654F3CBF02EB4102B2F1654F3F
:103470007DD200BFC0F3C753C1F3C7529A1A1B2AAB
:1034800009DD10F0004F14BF9FED830A9FED830A02
:10349000BDEC048B70BD12F11A0F36DA11F0004F3B
:1034A00009D010F0004F0CBF9FED7D0A9FED7D0A03
:1034B000BDEC048B70BD88EE889A19EE100AFFF7F8
:1034C000AEFF042808BF00F0E9FA18EE900AFFF7F3
:1034D000A6FF054618EE100AFFF7A1FF044619EEF5
:1034E000100AFFF79CFF042D18BF052D08D1042CEE
:1034F00018BF052C04D1002804BF022000F0E6FA12
:10350000B0EE490ABDEC048B70BD4200B2EB410F36
:103510003AD910F0004F19BFDFED630A9FED630A3F
:10352000DFED630A9FED630AB0EE481A0A46B1EE7A
:10353000688A80F00041F0EE418A10460A1A520073
:10354000B2F1807F34D2484010F0004FDFED5A1ABC
:103550009FED5A2A1DBFBEEE001A70EEE10A30EE52
:10356000420AB6EE001A08BF70EEA10A00E040E081
:1035700008BF30EE020AB0EE682A01EE482A08EED3
:10358000818AC2EE081A15E011F0004F04BF9FEDCA
:103590004C0AF0EE400AD1D010F0004F19BFDFED19
:1035A000490A9FED490ADFED490A9FED490AC5E73F
:1035B000C8EE881A21EEA11A9FED462ADFED462AB1
:1035C00041EE022A9FED452A01EE222ADFED442A30
:1035D00041EE022A9FED432ABDEC048B01EE222A24
:1035E00021EE811A01EE020A30EE210A30EE200AA5
:1035F00070BD4FF07F42B2EB400F28BFB2EB410FDE
:1036000009D2F0EE480AB0EE680ABDEC048BBDE8C2
:10361000704000F030BA40EA01035B0008BF41F09F
:10362000FF410BD0B2EB400F08BFB2EB410F08D106
:1036300020F0804008EE900A21F0804108EE101A38
:1036400018E7B2EB400F12BF5FEA410340F0FF40C2
:1036500001F000413FF40EAFB2EB410F12BF5FEA41
:10366000400200F0004041F0FF413FF403AF4A0048
:1036700092EA40033FF5FEAE002AACBF9FED1A0A66
:103680009FED1A0A68EE808A28EE008A18EE900AEA
:1036900018EE101AEEE60000DB0FC9BFDB0FC93FC2
:1036A000DB0F4940DB0F49C00000C9BF22AAFDB9AA
:1036B0000000C93F22AAFD390060ED3EC30ACE37A3
:1036C00000000000000049C022AA7DBA0000494065
:1036D00022AA7D3A2DAD65BD8FB8D53D0FB511BE7F
:1036E00061C84C3EA8AAAABE0000804F0000802FEF
:1036F00010B510EE104A4FF019406949002200EB56
:1037000044002DED028B884257D8DFED660A14F095
:10371000004F60EE200A14BFBEEE001AB6EE001A8B
:1037200071EE200AFDEEE00A10EE900A00EE900A1B
:10373000F8EEE00A9FED5C1A00EEC10A9FED5B1AFD
:1037400000EEC10ADFED5A0A9FED5A1A00EE201A68
:10375000DFED590A40EE010A9FED581A584B00F070
:10376000030100EE201A21EE000A7B4403EB8103E3
:10377000D3ED000A534B7B4403EB810393ED001A16
:10378000514B41EE000A7B4403EB8101801091ED27
:10379000000A70EE800AEABB00EE100AB8EEC01A0A
:1037A000DFED4A1A9FED4A0ABDEC028B01EE210AB9
:1037B000BCEEC00A20EE200A10BD4FF0FF40A0432F
:1037C0001DD04FF0CE40B0EB440F81BFF7EE000AA2
:1037D00030EE200ABDEC028B10BD3E48B0EB440F2A
:1037E00028BF012291D2022000F070F914F0004F9E
:1037F00015D0BDEC028BBDE8104000F04FB914F5B8
:10380000000F02BF9FED340ABDEC028B10BDBDEC72
:10381000028B00E009E0BDE8104000F029B9BDECE2
:10382000028BBDE8104000F031B900EBD0735910A5
:103830004FF07E5202EBC15100EE101AA0EB630074
:1038400002EBC05060EE200A00EE100A20EE208A43
:1038500018EE100A88B118EE100AB0F1FF4F15D01B
:1038600018EE100AFFF7DBFD042808BF00F016F978
:10387000B0EE480ABDEC028B10BD022000F026F924
:10388000BDEC028BBDE8104000F008B9022000F04A
:103890001DF9BDEC028BBDE8104000F0F7B8000048
:1038A0000000501E3BAAB8400070313EF4FD0537C1
:1038B00012BB2A3D12BB2A3EFFFFFF3EFFFF7F3FA8
:1038C0007A0300007E0300004E0300000000004B5E
:1038D00000007E4E0000A0850000000010B52DED18
:1038E000028BF0EE408A18EE900AB0EE608A20F06B
:1038F0000040C0F1FF40C00F07D118EE100A20F0C1
:103900000040C0F1FF40C00F2BD018EE101A18EE87
:10391000900AF0F77CFE00EE100A10EE100A6FEA33
:10392000D05010F0FF0F04BFBDEC028B10BD18EE9D
:10393000900A00F0004110EE100A00F000408142B1
:1039400004BFBDEC028B10BD18EE101A10EE100A69
:10395000BDEC028B61F31E0000EE900A30EE600AAF
:1039600010BD18EE900A4FF07F41B1EB400F1CBF25
:1039700018EE100A5FEA4000C7D1012000F0A6F857
:10398000BDEC028BBDE8104000F078B810B510EE29
:10399000104A2DED028B4FF07F40B0EEC08AB0EBA5
:1039A000440F55D318EE101A2C4A914220DD18EE20
:1039B000101AB0EB410F1BD318EE101A284AF7EE7D
:1039C000008A914207DD18EE101AB0EB410F28BFB4
:1039D000B0EE680A35D238EE080AFFF789FE70EEBD
:1039E000280AB0EE001A81EE200A38EEC00A28E05C
:1039F00018EE101AB1F1665F0FDA18EE101AB0EB7C
:103A0000410F0AD318EE100AFFF709FD042808BF7A
:103A100000F044F8B0EE480A13E028EE080ADFEDA3
:103A2000110ADFED111A9FED111A40EE210A60EE26
:103A3000800A30EE010A80EE801AB0EE480A08EEE5
:103A4000010A002CB8BFB1EE400ABDEC028B10BDDC
:103A5000BDEC028BBDE8104000F00AB8549F0C3F4B
:103A6000B32C1041C6E252BFB2117BBB1A2A1E40D2
:103A700030EE000A704730EE200A7047DFED020A90
:103A800080EEA00A70470000000000009FED020ACF
:103A900020EE000A70470000000000709FED020A4F
:103AA00020EE000A704700000000001002E008C885
:103AB000121F08C1002AFAD170477047002001E0A8
:103AC00001C1121F002AFBD17047000001490860A4
:103AD00070470000000000200000803F0030983F49
:103AE0000000B53F0040D73F00000000320A7E3999
:103AF0007F661E395B991F390000803FF037983F81
:103B0000F304B53FFD44D73F000000000000000073
:103B10000102030406070809000000000102030473
:103B2000E60000002FA7068043E8582781D8D00080
:103B30000200000004000000080000001000000067
:103B4000FDFFFFFFFBFFFFFFF7FFFFFFEFFFFFFFA3
:103B5000FFFDFFFFFFFBFFFFFFF7FFFFFFEFFFFF93
:103B60000006101600061016F000000032A5773A85
:103B700032A5F73A32A5773A1BA2F4BFDB3B6A3F86
:103B800000000000920E493CB10AC93C2BC3163D0F
:103B90002EFB483D752B7B3D04A9963D80B6AF3D7D
:103BA00036BDC83D2FBCE13D73B2FA3D87CF093E1B
:103BB0008340163EB5AB223EA2102F3ECF6E3B3E59
:103BC000C2C5473E0115543E135C603E7F9A6C3E71
:103BD000CCCF783EC07D823E938E883E229A8E3E28
:103BE00032A0943E86A09A3EE59AA03E128FA63E51
:103BF000D47CAC3EEF63B23E2A44B83E491DBE3E83
:103C000015EFC33E53B9C93ECA7BCF3E4136D53EC0
:103C100080E8DA3E4F92E03E7533E63EBBCBEB3EAA
:103C2000EA5AF13ECBE0F63E275DFC3EE4E7003F7A
:103C30003D9C033F824B063F9BF5083F6B9A0B3F31
:103C4000DA390E3FCDD3103F2A68133FD9F6153F1E
:103C5000C07F183FC6021B3FD17F1D3FCBF61F3FE1
:103C60009967223F25D2243F5636273F1594293F96
:103C70004AEB2B3FDE3B2E3FBB85303FC9C8323F6E
:103C8000F304353F233A373F4268393F3B8F3B3F90
:103C9000F9AE3D3F67C73F3F70D8413F01E2433F28
:103CA00003E4453F65DE473F12D1493FF8BB4B3F38
:103CB000029F4D3F207A4F3F3D4D513F4918533FA2
:103CC00031DB543FE595563F5348583F6AF2593F20
:103CD0001A945B3F532D5D3F05BE5E3F2146603F1A
:103CE00097C5613F5A3C633F59AA643F880F663FBE
:103CF000D86B673F3CBF683FA7096A3F0C4B6B3FDF
:103D00005E836C3F93B26D3F9ED86E3F73F56F3FFD
:103D10000809713F5213723F4714733FDD0B743F24
:103D20000BFA743FC6DE753F07BA763FC58B773F07
:103D3000F853783F9812793F9DC7793F02737A3FD5
:103D4000BE147B3FCDAC7B3F283B7C3FC9BF7C3F53
:103D5000AC3A7D3FCCAB7D3F23137E3FB0707E3FBE
:103D60006DC47E3F580E7F3F6D4E7F3FAB847F3FDB
:103D70000FB17F3F97D37F3F43EC7F3F11FB7F3FE6
:103D80000000803F11FB7F3F43EC7F3F97D37F3F95
:103D90000FB17F3FAB847F3F6D4E7F3F580E7F3F1B
:103DA0006DC47E3FB0707E3F23137E3FCCAB7D3F22
:103DB000AC3A7D3FC9BF7C3F283B7C3FCDAC7B3FCD
:103DC000BE147B3F02737A3F9DC7793F9812793FBB
:103DD000F853783FC58B773F07BA763FC6DE753F0D
:103DE0000BFA743FDD0B743F4714733F5213723F5D
:103DF0000809713F73F56F3F9ED86E3F93B26D3FD8
:103E00005E836C3F0C4B6B3FA7096A3F3CBF683F2A
:103E1000D86B673F880F663F59AA643F5A3C633F9F
:103E200097C5613F2146603F05BE5E3F532D5D3F14
:103E30001A945B3F6AF2593F5348583FE595563F05
:103E400031DB543F4918533F3D4D513F207A4F3F9E
:103E5000029F4D3FF8BB4B3F12D1493F65DE473FC4
:103E600003E4453F01E2433F70D8413F67C73F3F0E
:103E7000F9AE3D3F3B8F3B3F4268393F233A373FE6
:103E8000F304353FC9C8323FBB85303FDE3B2E3F90
:103E90004AEB2B3F1594293F5636273F25D2243F26
:103EA0009967223FCBF61F3FD17F1D3FC6021B3FC4
:103EB000C07F183FD9F6153F2A68133FCDD3103F76
:103EC000DA390E3F6B9A0B3F9BF5083F824B063F5A
:103ED0003D9C033FE4E7003F275DFC3ECBE0F63E20
:103EE000EA5AF13EBBCBEB3E7533E63E4F92E03EE5
:103EF00080E8DA3E4136D53ECA7BCF3E53B9C93E53
:103F000015EFC33E491DBE3E2A44B83EEF63B23EA4
:103F1000D47CAC3E128FA63EE59AA03E86A09A3E87
:103F200032A0943E229A8E3E938E883EC07D823E81
:103F3000CCCF783E7F9A6C3E135C603E0115543EB8
:103F4000C2C5473ECF6E3B3EA2102F3EB5AB223ED0
:103F50008340163E87CF093E73B2FA3D2FBCE13D48
:103F600036BDC83D80B6AF3D04A9963D752B7B3D5F
:103F70002EFB483D2BC3163DB10AC93C920E493C6D
:103F800000000000920E49BCB10AC9BC2BC316BD8B
:103F90002EFB48BD752B7BBD04A996BD80B6AFBD79
:103FA00036BDC8BD2FBCE1BD73B2FABD87CF09BE17
:103FB000834016BEB5AB22BEA2102FBECF6E3BBE55
:103FC000C2C547BE011554BE135C60BE7F9A6CBE6D
:103FD000CCCF78BEC07D82BE938E88BE229A8EBE24
:103FE00032A094BE86A09ABEE59AA0BE128FA6BE4D
:103FF000D47CACBEEF63B2BE2A44B8BE491DBEBE7F
:1040000015EFC3BE53B9C9BECA7BCFBE4136D5BEBC
:1040100080E8DABE4F92E0BE7533E6BEBBCBEBBEA6
:10402000EA5AF1BECBE0F6BE275DFCBEE4E700BF76
:104030003D9C03BF824B06BF9BF508BF6B9A0BBF2D
:10404000DA390EBFCDD310BF2A6813BFD9F615BF1A
:10405000C07F18BFC6021BBFD17F1DBFCBF61FBFDD
:10406000996722BF25D224BF563627BF159429BF92
:104070004AEB2BBFDE3B2EBFBB8530BFC9C832BF6A
:10408000F30435BF233A37BF426839BF3B8F3BBF8C
:10409000F9AE3DBF67C73FBF70D841BF01E243BF24
:1040A00003E445BF65DE47BF12D149BFF8BB4BBF34
:1040B000029F4DBF207A4FBF3D4D51BF491853BF9E
:1040C00031DB54BFE59556BF534858BF6AF259BF1C
:1040D0001A945BBF532D5DBF05BE5EBF214660BF16
:1040E00097C561BF5A3C63BF59AA64BF880F66BFBA
:1040F000D86B67BF3CBF68BFA7096ABF0C4B6BBFDB
:104100005E836CBF93B26DBF9ED86EBF73F56FBFF9
:10411000080971BF521372BF471473BFDD0B74BF20
:104120000BFA74BFC6DE75BF07BA76BFC58B77BF03
:10413000F85378BF981279BF9DC779BF02737ABFD1
:10414000BE147BBFCDAC7BBF283B7CBFC9BF7CBF4F
:10415000AC3A7DBFCCAB7DBF23137EBFB0707EBFBA
:104160006DC47EBF580E7FBF6D4E7FBFAB847FBFD7
:104170000FB17FBF97D37FBF43EC7FBF11FB7FBFE2
:10418000000080BF11FB7FBF43EC7FBF97D37FBF91
:104190000FB17FBFAB847FBF6D4E7FBF580E7FBF17
:1041A0006DC47EBFB0707EBF23137EBFCCAB7DBF1E
:1041B000AC3A7DBFC9BF7CBF283B7CBFCDAC7BBFC9
:1041C000BE147BBF02737ABF9DC779BF981279BFB7
:1041D000F85378BFC58B77BF07BA76BFC6DE75BF09
:1041E0000BFA74BFDD0B74BF471473BF521372BF59
:1041F000080971BF73F56FBF9ED86EBF93B26DBFD4
:104200005E836CBF0C4B6BBFA7096ABF3CBF68BF26
:10421000D86B67BF880F66BF59AA64BF5A3C63BF9B
:1042200097C561BF214660BF05BE5EBF532D5DBF10
:104230001A945BBF6AF259BF534858BFE59556BF01
:1042400031DB54BF491853BF3D4D51BF207A4FBF9A
:10425000029F4DBFF8BB4BBF12D149BF65DE47BFC0
:1042600003E445BF01E243BF70D841BF67C73FBF0A
:10427000F9AE3DBF3B8F3BBF426839BF233A37BFE2
:10428000F30435BFC9C832BFBB8530BFDE3B2EBF8C
:104290004AEB2BBF159429BF563627BF25D224BF22
:1042A000996722BFCBF61FBFD17F1DBFC6021BBFC0
:1042B000C07F18BFD9F615BF2A6813BFCDD310BF72
:1042C000DA390EBF6B9A0BBF9BF508BF824B06BF56
:1042D0003D9C03BFE4E700BF275DFCBECBE0F6BE1C
:1042E000EA5AF1BEBBCBEBBE7533E6BE4F92E0BEE1
:1042F00080E8DABE4136D5BECA7BCFBE53B9C9BE4F
:1043000015EFC3BE491DBEBE2A44B8BEEF63B2BEA0
:10431000D47CACBE128FA6BEE59AA0BE86A09ABE83
:1043200032A094BE229A8EBE938E88BEC07D82BE7D
:10433000CCCF78BE7F9A6CBE135C60BE011554BEB4
:10434000C2C547BECF6E3BBEA2102FBEB5AB22BECC
:10435000834016BE87CF09BE73B2FABD2FBCE1BD44
:1043600036BDC8BD80B6AFBD04A996BD752B7BBD5B
:104370002EFB48BD2BC316BDB10AC9BC920E49BC69
:1043800000000080A843010800000020B0020000E7
:104390004C470008C0440108B002002088250000F6
:1043A000BC3A01080000000051420142102FA9C18F
:1043B0000008E1C10008F1C100080DC22E082DC29D
:1043C000000885C10008B9C100082E24F40049BEC8
:1043D0000008A1BC000899BF5208DD01BD0008ED2E
:1043E000BB000865BC00082F9DBD000849BD000842
:1043F000F5BD000839BD3D0809024300020100C0B7
:104400003209042E010202010005240010010524D6
:10441000012901042402020524064F010705820335
:1044200008001009040100020A360705010240468F
:104430000705810240450A0600024340012D120192
:1044400000020202004083044157360201020301C8
:104450002FCD4A0008C94A0008C54A0008F94A0C8D
:1044600019081D4B0008040309041A0302843A03C7
:10447000840D3A720DD3E55E42018E04030020E400
:104480000200200C0E0020017B750D0020740D0031
:104490002000012F1C020020741C0020381D002069
:1044A000080F0631206803002009112C0200203873
:1044B00002002002100115FF83FF840000000000AD
:040000050800418925
:00000001FF
