:020000040800F2
:10400000A82700209D410008F1A60008F99F00089C
:10401000EDA600089D490008F1D800080000000046
:10402000000000000000000000000000A9AA000835
:10403000F14A00080000000001A70008ADAA00082E
:10404000B7410008B7410008B7410008B741000870
:10405000B7410008B7410008B7410008B741000860
:10406000B7410008B7410008B74100089D4A000861
:10407000B7410008B7410008A94A0008B741000845
:10408000B54A0008B7410008B7410008B741000829
:10409000B7410008B7410008B7410008B741000820
:1040A000B7410008B7410008B7410008B741000810
:1040B000B7410008B7410008B7410008B741000800
:1040C000B7410008B7410008B7410008B7410008F0
:1040D000B7410008F5B40008B7410008B74100082F
:1040E000B7410008B7410008B7410008B7410008D0
:1040F000DDAB0008B7410008B7410008B741000830
:10410000B7410008B7410008B741000805A70008FB
:10411000B7410008B7410008B7410008B74100089F
:10412000C14A0008B7410008CD4A0008B74100085D
:10413000B74100080000000000000000B74100087F
:10414000A1490008B7410008B7410008F5A60008DA
:10415000D94A0008B7410008E54A0008B7410008FD
:10416000B7410008B7410008B7410008B74100084F
:10417000B7410008B741000800000000000000003F
:10418000B7410008B7410008DFF80CD000F0C6FACC
:1041900000480047D9250108A82700200648804785
:1041A00006480047FEE7FEE7FEE7FEE7FEE7FEE71C
:1041B000FEE7FEE7FEE7FEE761AB00088941000885
:1041C0002DE9F05F0546002092469B46884606464C
:1041D000814640241BE0284641464746224600F0DF
:1041E000BDF953465A46C01A914110D3114618469C
:1041F000224600F0A4F92D1A67EB01084F4622462B
:104200000120002100F09BF917EB00094E41201E10
:10421000A4F10104DFDC484631462A464346BDE8A6
:10422000F09F40EA01039B0703D009E008C9121F71
:1042300008C0042AFAD203E011F8013B00F8013B60
:10424000521EF9D27047D2B201E000F8012B491E8C
:10425000FBD270470022F6E710B513460A46044623
:104260001946FFF7F0FF204610BD421C10F8011B55
:104270000029FBD1801A70472DE9FE4F804681EA64
:104280000300C00F0C46009021F0004123F00045D0
:10429000B8EB0200A94105D24046214690461C4693
:1042A0000B46024623F00040104347D0270DC7F3CA
:1042B0000A00C3F30A510290401A019040286BDAB9
:1042C000C3F3130040F4801B0098924620B10023F2
:1042D000D2EB030A63EB0B0B01985946C0F1400285
:1042E000504600F02CF906460D4650465946019AB4
:1042F00000F044F910EB08006141002487EA1152F4
:1043000084EAE7731A4340D0009A62B3019A012A03
:104310004FEA075215DC001B61EB02014FF000422F
:1043200002EA0752CDE90042001C41F580113246F5
:104330002B4600F0A4F903B0BDE8F08F40462146BB
:10434000F9E7001B61EB0201001C41F58013001826
:104350005B412018A2F5001747EB030140EAD57036
:10436000B6196D4111E06D084FEA360645EAC07591
:104370004FEA0752001B61EB0201001C41F580115E
:1043800049084FEA30000019514132462B4603B02C
:10439000BDE8F04F00F064B900980122400000230E
:1043A000D0EB020263EBE073009821464FEAE07421
:1043B000B8EB000061EB0401E9E783F000435BE741
:1043C00081F0004158E72DE9FE4F81EA030404F033
:1043D000004421F0004100944FF0000B23F0004313
:1043E00050EA01045ED052EA03045BD0C3F30A54DE
:1043F000C1F30A552C44A4F2F3340194A0FB0254F7
:10440000C1F3130141F48011C3F3130343F4801388
:1044100001FB024400FB034E840A970A44EA8154DC
:1044200047EA8357A4FB076802958D0A05FB0785B9
:104430004FEA932C04FB0C542705029D4FEA0658C3
:1044400047EA1637B5EB08056EEB070C870E920EA0
:1044500047EA811742EA8312A7FB0201B6EB0B0180
:1044600064EB00042B0D43EA0C335E1844EB1C5044
:10447000DA465146E7FB0201C5F313044FEA0B335A
:1044800043EA14534FEA0432019C43EA0603A4F1C1
:104490000C040294009CCDE900B400F0F0F803B0E5
:1044A000BDE8F08F00200146F9E730B5041E71F138
:1044B000000404DB4FF00044404264EB0101141E91
:1044C00073F1000405DB1C464FF00043524263EBDE
:1044D0000403101A8B4101D2012030BD002030BDF1
:1044E00000F0004230F000400AD0C10D01F56071CB
:1044F000C0F3160042EA0151C20840071143704759
:1045000000200146704701F0004330B421F0004123
:1045100050EA010206D00A0DA2F56072C1F3130140
:10452000002A02DC30BC00207047440F44EAC1047A
:10453000C100E01830BC00EBC25000F031B8202AB6
:1045400004DB203A00FA02F1002070479140C2F1EA
:10455000200320FA03F3194390407047202A04DB1C
:10456000203A21FA02F00021704721FA02F3D040EC
:10457000C2F120029140084319467047202A06DB09
:10458000CB17203A41FA02F043EAE07306E041FA21
:1045900002F3D040C2F1200291400843194670470F
:1045A0000029A8BF7047401C490008BF20F0010047
:1045B000704710B4B0FA80FC00FA0CF050EA010425
:1045C00004BF10BC704749B1CCF1200421FA04F4B7
:1045D00011FA0CF118BF012121430843A3EB0C0190
:1045E000CB1D4FEA00614FEA102042BF002010BCF3
:1045F000704700EBC35010440029A4BF10BC7047A3
:10460000401C490008BF20F0010010BC7047F0B406
:1046100000F0004221F0004120F00040CE0DC30D1B
:10462000C1F3160141F40001C0F316004C421546D7
:1046300040F40000761E09E010EB440002D582F041
:10464000004240428842F7D840005B1EB342F9DA8C
:1046500018B1F0BC0021FFF7ACBF2846F0BC704792
:1046600010B5141E73F1000408DA401C41F100017A
:1046700092185B411A4301D120F0010010BD2DE9D1
:10468000F04D92469B4611B1B1FA81F202E0B0FAC8
:1046900080F220329046FFF752FF04460F4640EA70
:1046A0000A0041EA0B0153465A46084313D011460B
:1046B00053EA010019D0C8F140025046FFF74EFFFF
:1046C00005460E46504659464246FFF738FF084316
:1046D00005D0012004E020463946BDE8F08D0020D9
:1046E000054346EAE0762C4337430A986305E40A1B
:1046F000A0EB08000022FD0A44EA47540A3002D524
:1047000000200146E9E7010510196941DDE9084586
:1047100000196941BDE8F04DA2E700001CB5094849
:104720000090094801900546009C06E0E06840F0D2
:10473000010394E8070098471034AC42F6D3FFF722
:1047400027FD0000703601089036010830B58C183E
:1047500010F8012B12F00F0301D110F8013B1209E0
:1047600006D110F8012B03E010F8015B01F8015BA2
:104770005B1EF9D101E001F8013B521EFBD1A142C1
:10478000E6D3002030BD00000146806B036C026C54
:1047900013F0500F07D0D20648BF00F0F7BA806B75
:1047A000C26C0846104742F40071016401688A68CF
:1047B00012F0405F01D000F0E5BA027E002AFAD183
:1047C000CA6A12F4700F02D08A685205F3D44A689C
:1047D00022F020024A60016C21F480710164016CB6
:1047E000C90448BF00F0CEBA016C41F00101016478
:1047F00000F0C8BA806B40210164416C41F00401B3
:10480000416400F0C3BA0000806B00F0BDBA000044
:104810002DE9F04F81B041F6545CC2F2000C41F634
:10482000383E0CF15C0100204FF00108C2F2000E8E
:1048300000EB400A0EEB0A0999F901404FF04B0BCF
:10484000B4F1FF3FC8BF4FF0230B66064FF04B0695
:1048500058BF2326A7064FF04B0758BF2327E20671
:104860004FF04B0258BF232220074FF04B0058BF98
:10487000232063074FF04B0358BF2323A5074FF0B6
:104880004B0558BF2325E4074FF04B0408BF2324F2
:1048900041E91572A1F14C0229C21EF80A004FF03D
:1048A0004B0A42B2B2F1FF3F41E917B641F8404C22
:1048B000C8BF4FF0230A43064FF04B0358BF2323D2
:1048C00084064FF04B0458BF2324C5064FF04B0518
:1048D00058BF232506074FF04B0658BF232647072E
:1048E0004FF04B0758BF232782074FF04B0258BFAA
:1048F0002322C0074FF04B0008BF232041F8242C8F
:1049000099F8022041F8200C50B241E90FA3A1F11F
:104910003403B0F1FF3F4FF04B09F0C3C8BF4FF075
:10492000230953064FF04B0358BF232394064FF03F
:104930004B0458BF2324D5064FF04B0558BF232501
:1049400016074FF04B0658BF232657074FF04B076B
:1049500058BF232790074FF04B0058BF2320D207A2
:104960004FF04B0208BF232241E90793A1F1140342
:1049700041F8040C41F8602B01205FEAC8724FF047
:104980000008F0C37FF454AF0CF1C0004FF4C871BD
:10499000FFF760FC01B0BDE8F08F0000FEE700000B
:1049A00041F20420C2F2000000F080BD00207047F8
:1049B0000020704710B540F69864C2F2000440F63B
:1049C000D601C2F200012046002206F05FFF40F24D
:1049D000D661C2F20001204606F04AFF002010BD59
:1049E000B0B504460DF030FE40F69865C2F2000501
:1049F0002846214606F03CFF284606F013FF00201B
:104A0000B0BD00000020704740F69862C2F200027C
:104A1000D2F8BC22D2F81432002B1CBF0120704700
:104A200010B540F69864C2F200040A4601462046DA
:104A300006F02CFF2046BDE8104006F09FBF0000A6
:104A400010B540F20040C4F202004FF400610022B1
:104A5000002401F033FC41F6C440C2F200000471AE
:104A600041F6A824C2F200042046002104F0E8FD2B
:104A70002046042104F0E4FD2046082104F0E0FD76
:104A80002046002103F0C6FF2046042103F0C2FFA8
:104A900020460821BDE8104003F0BCBF41F2EC20E5
:104AA000C2F2000001F00AB841F2AC30C2F20000DC
:104AB00001F004B841F24C30C2F2000000F0FEBF39
:104AC00041F22C20C2F2000000F0F8BF41F28C202D
:104AD000C2F2000000F0F2BF41F20C40C2F200004E
:104AE00000F0ECBF41F26C40C2F2000000F0E6BF03
:104AF0007047000010B540F20040C4F202004FF4CD
:104B000000610122012401F0D9FB41F6C440C2F248
:104B10000000047141F6A824C2F2000420460021DE
:104B200004F0E6FB2046042104F0E2FB20460821C5
:104B300004F0DEFB2046002103F0F2FE20460421B3
:104B400003F0EEFE20460821BDE8104003F0E8BE69
:104B500072B602200DF0D2B92DE9F04140F24C2896
:104B6000044643F60C46C2F200080020C4F20206D6
:104B7000C8F81C0001F0A8FB3168C90342D43068B2
:104B8000C0071CBF01203060306810F0F20F40D029
:104B90003068C00607D5D8F81C0040F01000C8F8EF
:104BA0001C00102030603068800607D5D8F81C0043
:104BB00040F00800C8F81C00202030603068400633
:104BC00007D5D8F81C0040F00400C8F81C004020AD
:104BD00030603068000607D5D8F81C0040F00200AD
:104BE000C8F81C00802030603068800707D5D8F8EE
:104BF0001C0040F02000C8F81C000220306001209A
:104C0000BDE8F0810546671C06D0B4B90320BDE8B5
:104C1000F0810020BDE8F0813068C003AFD567B9EE
:104C20003068C003ABD547B93068C003A7D527B9F2
:104C30003068C003A3D5002FEED001F045FB401B28
:104C4000A042E9D90320BDE8F081000070B581B031
:104C50000022009290F83C20012A02D1022001B0EB
:104C600070BDD1F800E00122BEF10A0F1FFA8EFCE0
:104C700080F83C2009D34FEA4C02036812FA8EF206
:104C8000A2F11E0403F10C0204E003680EEB4E04D3
:104C900003F1100207251668A54026EA05051560F0
:104CA0008D68166805FA04F43443146049680629CF
:104CB00006D801EB81014A1F194651F8345F0EE016
:104CC0000C2901EB810105D8A1F12302194651F805
:104CD000305F04E0A1F14102194651F82C5F1F2416
:104CE000944025EA04040C600CFA02F20C6842F2CB
:104CF000043CC4F2010C2243ACF54174A3420A60A7
:104D00003AD1BEF1120F06D1DCF8001041F4800157
:104D1000CCF8001030E02EF0010110292CD1DCF885
:104D20000010BEF1100F41F40001CCF8001023D1A7
:104D300040F22001C2F2000109684DF68362C4F21C
:104D40001B32A1FB0212910C01EB81014900009181
:104D5000009989B1009901390091009961B10099D8
:104D600001390091009939B10099013900910099F8
:104D700011B100990139EAE7002180F83C100020C8
:104D800001B070BD70470000704700007047000020
:104D9000002804BF0120704710B5016C39B90446E2
:104DA00000F0A0F820460021616484F83C10016CFA
:104DB000C9063AD4016C41F202129143023142F227
:104DC00004320164C4F20102116821F4403111601F
:104DD000136890E812102343D0F810E013604A687B
:104DE000012422F480724A604A68C0F6007442EAE4
:104DF0000E224A604A6822F040724A604A6842EADB
:104E00000C024A608A6822F400628A60C2688B6879
:104E10001A438A60826A8B68A24223F070638B60B7
:104E20008B6804D123F040520AE0012152E01A437A
:104E30008A608A6822F040528A60C26A8B681A438C
:104E40008A608A6822F002028A608A68037E90F88B
:104E5000204042EA43028A604A6884B142F4006218
:104E60004A604A684EF2000322F460424A60426A95
:104E7000CFF6FF734C6803EB4232224301E022F489
:104E800000624A60CA6A40F2000C22F47002CA62F0
:104E9000C3694269CFF6F07CCC6A0CEB0353234321
:104EA000CB628B6823F400738B6090F830308C6891
:104EB00044EA43238B608B6823F480638B608B68A8
:104EC00043EA82228A6000214164026C012363F379
:104ED00001020264002280F83C20BDE81040084630
:104EE000704700002DE9F04186B00446006842F2A8
:104EF0000011C4F2010100268842CDE90466CDE923
:104F0000026601964BD042F20001C4F201018842D0
:104F100040F0878043F630000096C4F202004169F9
:104F20004FF0030841F480714161416901F48071DF
:104F3000009100990096016841F00101016000684C
:104F400001A900F0010000900098072001900020C6
:104F5000C4F20200CDE9028601F0D8F841F22C2516
:104F600046F21040C2F20005C4F202004FF4806124
:104F70004FF40062C5E9000605F110004FF400533C
:104F80004FF480778EC04FF4003005F12002C5E960
:104F90000266042182E80301C5E90B6638E043F6A6
:104FA00030000096C4F20200416941F40071416191
:104FB000416901F40071009100990096016841F087
:104FC00001010160006801A900F001000090009853
:104FD000782001900320CDE902060020C4F20200EF
:104FE00001F094F846F21040C4F2020041F28C2520
:104FF0003030C2F200054FF480624FF0007185E856
:105000004300C5E90362C5E90566C5E907666E6246
:10501000284600F031FE002818BFFFF799FDA56370
:10502000AC6306B0BDE8F081B0B582B00023019357
:1050300090F83C30012B02D1022002B0B0BD8E4668
:105040000123016880F83C308B689446DB0726D149
:105050008B684DF6836443F001038B6040F22003BC
:10506000C2F200031B68C4F21B34A3FB0434A30C7C
:1050700003EB43030193019B8BB1019B013B019324
:10508000019B63B1019B013B0193019B3BB1019BE0
:10509000013B0193019B13B1019B013BEAE78B6844
:1050A000DB0503D58B6823F480738B608C68036CFD
:1050B000E4070BD143F01001016400F1440100202A
:1050C00001220B681A430A6002B0B0BD40F20174BD
:1050D000A34303F5807303644B685B0504D5036C3D
:1050E000012464F30D330364046C0023E4044FF0E3
:1050F000000444BF446C24F00604446480F83C304F
:10510000836B44F2897444F60902C0F60004C0F6C9
:105110000002C3E90F4244F2F572C0F60002DA64FD
:105120006FF022020A604A6842F2043442F0806260
:105130004A608A68054642F480728A604C3118469B
:1051400072466346C4F2010400F03AFE2268296800
:10515000D20605D0A4F54172914225D002B0B0BD6F
:1051600042F20002C4F20102914215D042F2002242
:10517000C4F2010291420CD042F20012C4F20102C8
:105180009142EBD12268D20606D0A4F582729142F8
:10519000E4D12268D206E1D451F8082F12F0405F22
:1051A000DCD14FF080428CE74FF60451CFF6FF710F
:1051B000615811F0405FD1D1A4F53F714FF08042AA
:1051C0007FE7000090F82020013A012A04D8006807
:1051D00000F11402002004E000F1240201204FF449
:1051E00080211368194311607047000010B590F8D2
:1051F00020E0D0F800C0AEF1010EBEF1010FDCF8E6
:1052000008E011D81EF0E05F14D0CEF30164012055
:10521000A04018608B689BB1D1F804E0C86840EAF0
:10522000CE0040EA030E0FE000F1240301204FF40A
:10523000802121E000F1240301204FF400111BE044
:105240000868CB6843EA405E0CF5C07000EB0413BD
:10525000240140F804E00C69184640F8044F097D29
:10526000012903D1016841F4807101605068012176
:10527000D8601068986000201A681143196010BD4A
:1052800090F82020013A012A30D8B0B546F20060EB
:10529000C4F20000026842F001020260026822F4D7
:1052A0007C520260D1F814E0CC694A6A0368012C90
:1052B00043EA022202600EF01F024FF0010303FADC
:1052C00002F2C3696FEA020C23EA0203C36113D03E
:1052D0002CBBC36803EA0C03C360CB688C8844EA28
:1052E000034300EBCE0423640B4611E0416A41F412
:1052F0008021416201207047C3681343C3600B687B
:105300008C8844EA034300EBCE04236401F10C03D0
:105310008C681B8843EA044300EBCE046364436853
:105320008D6943EA0204D1F810E0096A002D08BF34
:1053300003EA0C0444604369BEF1000F43EA02042F
:1053400008BF03EA0C040129446102D1C169114379
:10535000C161016821F0010101600020B0BD0000C1
:1053600070470000B0B590F82040013C012C7AD87D
:10537000D0F800C000290CBFDCF80C40DCF810406D
:10538000A40776D00CF5D8754FEA011C55F80C40EF
:1053900014F00404946055F80CE005EB011C19BFEF
:1053A0004FEADE0555604FEA5E551560DCF80050A7
:1053B000E64605F00205D5605EF8044F24075ABFA3
:1053C000DEF8004004F00F0408241461DEF8004009
:1053D0000029C4F307249461DEF800504FEA154514
:1053E0005561DCF808201A70026802EB0112D2F84D
:1053F000B8214FEA12225A70026802EB0112D2F869
:10540000B8214FEA12429A70026802EB0112D2F8F8
:10541000B8214FEA1262DA70026802EB0112D2F888
:10542000BC211A71026802EB0112D2F8BC214FEACA
:1054300012225A71026802EB0112D2F8BC214FEA23
:1054400012429A71026802EB0112D2F8BC214FEAB3
:105450001262DA7100680CBF00F10C0100F110015A
:10546000002020220AE000F1240101204FF48022D4
:1054700004E000F1240101204FF400120B681A43EC
:105480000A60B0BD90F820100139012984BF0020C6
:1054900070470068816882688068C1F38061C2F3E8
:1054A000C0621144C0F30070084470472DE9F04F0A
:1054B00081B0044600684669D0F804908768D0F847
:1054C0000CB0D0F810A0D0F81880F10703D1002557
:1054D00030071CD423E0F90710D00121BA078160FE
:1054E00009D4780700F1AA80380700F1B08020467F
:1054F00000F084FA02E0204600F082FA0025F80568
:1055000000F18480F80300F1AA80300707D51BF072
:10551000100004D0206845F400751021C1607007A8
:1055200008D51BF0080005D020680821C16020467E
:1055300000F0BAF9B00706D52068C068800702D02D
:10554000204600F0B3F9700607D51AF0100004D019
:10555000206845F4806510210161B00608D51AF075
:10556000080005D0206808210161204600F0E2F91A
:10557000F00606D520680069800702D0204600F0BA
:10558000DBF9B00308D519F0100005D02068102110
:105590004160204600F0D2F9F00308D519F0080068
:1055A00005D0206808214160204600F033FA30041D
:1055B00040F18F805FEA497040F1888006F4807086
:1055C00008EA102028435FEA8871014648BF41F08D
:1055D0000201B20558BF01465FEA48700D4648BF58
:1055E00045F00405700558BF0D4630056ED518F01E
:1055F00070006BD010380009052862D8DFE800F091
:10560000035C5659535F45F008055AE020684FF493
:105610008071BA0581600AD4780512D4380519D48E
:10562000204600F0EFF9F8037FF56FAF17E0204652
:1056300000F0EAF9F8037FF568AF10E04FF4006579
:105640005DE705F50055F8037FF55FAF07E04FF420
:10565000805554E705F58045F8037FF556AF20687F
:105660004FF48031BA0381600AD478030FD4380331
:1056700013D4204600F0CAF930073FF548AF4EE793
:10568000204600F0C5F930073FF541AF47E705F583
:10569000004530073FF53BAF41E705F58035300762
:1056A0003FF535AF3BE745F080050AE045F02005C2
:1056B00007E045F0400504E045F0100501E045F441
:1056C00080752068816921F0700181612068042162
:1056D00041604DB1606A40EA05012046616201B057
:1056E000BDE8F04FFFF73CBE01B0BDE8F08F000011
:1056F000002804BF01207047B0B5044690F8200090
:1057000010B9204600F06EF82068016841F00101F0
:10571000016000F0D9FD054620684168C90705D140
:1057200000F0D2FD401B0B28F6D310E0016821F0F9
:105730000201016000F0C8FD054600BF2068416815
:1057400089070DD500F0C0FD401B0B28F6D3606A19
:10575000052140F400306062012084F82010B0BDC3
:10576000217E0268012922F0800208BF8032026097
:10577000617E0268012922F0400208BF40320260C7
:10578000A17E0268012922F0200208BF20320260B7
:10579000E17E0268012922F0100218BF1032026077
:1057A000217F0268012922F0080208BF0832026046
:1057B000617F0268012922F0040208BF04320260FE
:1057C000D4E901C2D4E9033561691A432A4311437C
:1057D000ACF101021143C16100200121606284F833
:1057E0002010B0BD2DE9F04387B040F20044C4F270
:1057F00002040068A4F5CE3100268842CDE9056692
:10580000CDE90366029602D007B0BDE8F08343F607
:1058100040000196C4F20200016802AD41F08061CF
:10582000016001684FF0020801F080610191019967
:10583000019601684FF0030941F0007101600168B1
:10584000092701F0007101910199019650F8101C8F
:1058500041F0020140F8101C50F8100C294600F0ED
:10586000020001900198202002900120049020461F
:10587000CDF80C80CDF81490069700F047FC40203E
:10588000CDE9020820462946CDE90469069700F0D3
:105890003DFC40200221032200F0B6FD402000F034
:1058A000A1FD07B0BDE8F08370470000F0B589B0F6
:1058B00007AC6A4600212346FFF754FD40F2FC1670
:1058C000C2F2000610B13079053024E0009831684A
:1058D00088421DD17079B0B106F10805B11D284686
:1058E0000CF066F8049848B1002700BFE11928467B
:1058F0000CF05EF8049801378742F7D3F11D284673
:105900000CF056F804E09DF8101007A808F0A4FF6A
:10591000307968B10138C1B230710320312988BFB4
:10592000022040F23021C2F20001087009B0F0BD3F
:105930000320F6E770470000704700007047000042
:10594000B0B5044690F8200001281DD1022084F84B
:1059500020002068016821F00101016000F0B4FC22
:10596000054600BF20684068C00713D000F0ACFCBB
:10597000401B0B28F6D3606A40F4003060620520BB
:1059800084F820000120B0BD606A40F4002060620D
:105990000120B0BD00206062B0BD0000B0B504467B
:1059A00090F82000022819D12068016841F0010117
:1059B000016000F089FC054620684168C90713D1E1
:1059C00000F082FC401B0B28F6D3606A40F40030E4
:1059D0006062052084F820000120B0BD606A40F4B8
:1059E000801060620120B0BD016821F002010160F9
:1059F000012084F820000020B0BD000070470000A6
:105A000070470000704700007047000070470000BA
:105A1000704700007047000070B5866D044600F0C6
:105A200053FC94F83510022925D105462068216CD5
:105A3000026822F016020260426922F0800242618E
:105A400009B9A16C19B1016821F008010160016870
:105A500021F00101016000BF20680068C0070ED07E
:105A600000F032FC401B0628F6D32020606503209E
:105A700084F835000CE080206065012008E0E06DCE
:105A80003F2101FA00F0B060012084F835000020C9
:105A9000002184F8341070BD90F83510022909D126
:105AA000052180F835100068016821F001010160CE
:105AB000002070478021416501207047F0B581B01A
:105AC0000021009140F22001C2F200010B68D0E9F0
:105AD000166148F2B51537680822C1F64E358A407E
:105AE0003A42A3FB05350CD003681C68640708D54F
:105AF0001C6824F004041C60B260426D42F0010294
:105B0000426501228A403A4208D003685B691B065D
:105B100004D5B260426D42F00202426504228A401E
:105B20003A4208D003681B689B0704D5B260426DF7
:105B300042F00402426510228A403A4216D00168BF
:105B40000B681B0712D5B2600B680A685B0306D4AA
:105B5000D20506D40A6822F008020A6001E01103A7
:105B600040D4016C11B1044688472046C26D202103
:105B700001FA02F33B4242D001680F68FF063ED5AE
:105B8000B36090F835700B68052F1BD123F0160316
:105B90000B604B6923F080034B61036C0BB9836C82
:105BA0001BB10B6823F008030B603F219140B160EB
:105BB000012180F83510016D0022002980F8342081
:105BC00053D156E00A685B0310D4D20512D40A6898
:105BD00022F010020A60012180F83510002180F8BF
:105BE000341007E0816C0029BDD1BFE7110301D457
:105BF000416C00E0C16B11B1044688472046416DFD
:105C0000B9B3416DC9072ED0052180F83510016860
:105C1000AA0A0B6823F001030B60009B0133934237
:105C200000931AD80B68DB0717D0009B013393420F
:105C3000009312D80B68DB070FD0009B013393420F
:105C400000930AD80B68DB0707D0009B013393420F
:105C5000009302D80B68DB07DFD1012180F83510F3
:105C6000002180F83410C16C19B101B0BDE8F040DA
:105C7000084701B0F0BD00002DE9F041044600F0F6
:105C800023FBC4B10546022084F8350000202168BA
:105C900084F83400086820F0010008602168086872
:105CA000C0070BD000F010FB401B0528F6D90325D8
:105CB0002023032064E00120BDE8F081086848F259
:105CC0003F02CFF21002D4E9013500EA020C04F1E0
:105CD0000C0898E8C10143EA0C032B431843D4E9AC
:105CE000072E304338431043626A40EA0E00042A0C
:105CF00040EA08031CD1206BD4E90A2E40EA0E00CA
:105D0000184308604869BEF1000F20F0030040EA24
:105D1000020040F0040C11D0B8F5005F35D0B8F1A6
:105D2000000F42D1022A43D0012A38D032B93FE0D5
:105D30000B60486920F0070040EA020C01F0F8000F
:105D40004AF6AB221038CAF6AA22A0FB02231A098F
:105D500042F66063C1F814C0C0F601039A5C40F2D9
:105D6000FF335F284FF03F0021EA030100FA02F001
:105D700088BF0431C4E91612886000230125002081
:105D8000636584F83550BDE8F081032AD6D8012533
:105D900040230120DFE802F0020C0203F0E7AEF13D
:105DA000C070B0FA80F0400904E0032A04D3C5D1E2
:105DB000CEF300600028C1D0012540230120DFE799
:105DC00090F834C0BCF1010F04BF0220704770B5D9
:105DD0004FF0010C80F834C0D0F858E090F835C08E
:105DE000BCF1010F37D14FF0020C80F835C04FF0F5
:105DF000000CC0F854C0D0F800C08468056CC06DB9
:105E0000DCF80060402C26F48026CCF80060CCF84A
:105E100004300B4604BF13460A463F2101FA00F046
:105E2000CCF80830CCF80C20CEF80800DCF80000E4
:105E300040F01600CCF800002DB1DCF8000040F076
:105E40000800CCF80000DCF8000040F00100CCF8BD
:105E50000000002070BD002180F83410022070BDC9
:105E6000B0B5044600F030FA054640F27020C2F2A8
:105E700000000078611C18BF044400BF00F024FA41
:105E8000401BA042FAD3B0BD2DE9F04381B040F2EF
:105E90004C28C2F2000898F81820012A03D10220E9
:105EA00001B0BDE8F0830546012088F818004CF2E7
:105EB00050308946FEF750FE002840F094804FF0A5
:105EC000FF30C9F80000286843F610470128C4F2E3
:105ED000020718D128693968000221F4407139603D
:105EE000396880B241F0040139603968084340F4F0
:105EF000803038604CF25030FEF72EFE396821F0C9
:105F00000401396037E0D5E90260304486422ED280
:105F1000F000841C28694FF44072C1B2032939682B
:105F20004FEA002021F440713960396838BF82B2ED
:105F300041EA02003860386820F07800386038683C
:105F400020433860386840F4803038604CF250307C
:105F5000FEF702FE396821F07A01396048B9D5E9C7
:105F6000020101360844864204F10804D2D300201D
:105F700001E0C9F8006057F8101C890517D557F8DB
:105F8000101C21F4007147F8101C57F8101C41F444
:105F9000006147F8101C57F8101C21F4006147F805
:105FA000101C57F8101C41F4007147F8101C57F8EA
:105FB000101C490517D557F8101C21F4806147F8CB
:105FC000101C57F8101C41F4805147F8101C57F86A
:105FD000101C21F4805147F8101C57F8101C41F494
:105FE000806147F8101C002188F8181001B0BDE846
:105FF000F083000043F61041C4F20201086840F04B
:10600000004200200A6070472DE9F04140F24C2424
:10601000C2F20004277E012F04BF0220BDE8F081F8
:106020000546012020764CF2503098460F46164621
:10603000FEF792FD00284CD12A46022D43F610456A
:10604000C4F202051ED0012A314638460CD03ABBB4
:106050002A6822F440722A602A682A602A6842F07C
:1060600001022A6001702CE02A6822F440722A6042
:106070002A6842F480722A602A6842F001022A608B
:1060800001801EE0286820F440702860286840F4F1
:1060900000702860286840F0010028603E6010E031
:1060A0002A6822F440722A602A6842F440722A6008
:1060B0002A6842F001022A600160BFF36F8FC0F8C6
:1060C00004804CF25030FEF747FD296821F00101B1
:1060D000296000212176BDE8F081000043F60440EC
:1060E000C4F20200C168B1F1FF3FC4BF0020704795
:1060F00040F22311C4F26751016048F6AB11CCF6AF
:10610000EF510160C068C00F704700002DE9F04FEB
:1061100083B000F1200200F13E4741F600450092B5
:1061200007F1FF77C4F2020508224FEAB726A8421A
:1061300008BF072200254FF000084FF00009072E86
:1061400038BF4FEAB72201920AE000BF09F1010906
:1061500008F10208B9F1100F05F1040500F0A28062
:106160000F68012202FA09FE17EA0E0AEED0D1F8F2
:1061700004C003220CF003077E1E02FA08F4012E6D
:106180006FEA040B12D88468CE6804EA0B0406FA9E
:1061900008F634438460446824EA0E06CCF3001405
:1061A00004FA09F42643466004E000BF032F01D13E
:1061B00003271EE0C6688C6806EA0B0604FA08F49A
:1061C0002643022FC66014D16FF00302009E02EA3C
:1061D000590756F807C005F01C040F220B69A240AE
:1061E0002CEA0202A3401A43F251D1F804C00CF089
:1061F0000307026807FA08F302EA0B021A431CF4C9
:10620000403F0260A2D0002243F644030292C4F24F
:1062100002031A6843F6004442F480421A601A6886
:10622000C4F2010402F480420292029A29F00302AD
:106230004FF6084C2244CFF6FF7C52F80C3005F0A4
:106240000C070F26BE40B343019E06FA07F73B43F7
:1062500042F80C30A2684B6842EA0A0743F60C4C3D
:10626000DE0258BF22EA0A07A760C4F2010CDCF87C
:1062700000209E0242EA0A0758BF22EA0A07CCF829
:10628000007062689E0342EA0A0758BF22EA0A07C2
:1062900067602268DB0342EA0A0758BF22EA0A075E
:1062A000276053E703B0BDE8F08F0000426902EABF
:1062B0000103914341EA034181617047002A08BF0D
:1062C000090481617047000041F64450C2F20000A9
:1062D0000068704780B582B0FFF7F6FF4EF21401F8
:1062E000CEF200010A6849680132511A0191019900
:1062F0004FF47A735943B1FBF2F100FB031002B083
:1063000080BD000040F2702041F64451C2F200000E
:10631000C2F2000100780A6810440860704700006B
:1063200080B543F60040C4F20200016841F40071F8
:106330000160016841F480610160016841F480718D
:106340000160032000F08CF8032000F005F800F055
:106350002BF8002080BD0000B0B540F27022C2F2E0
:10636000000240F220011278C2F200014FF47A7369
:106370000968B3FBF2F20446B1FBF2F1084602F001
:1063800033FA0F2C4FF001050CD858B94FF0FF30FD
:1063900021460022002500F037F840F27420C2F2B6
:1063A000000004602846B0BD82B0002043F64001E2
:1063B0000190C4F202014A6842F480424A604A688D
:1063C00002F480420192019A0090086840F08050E7
:1063D0000860086800F0805000900098052002B026
:1063E00000F03EB8002848BF704700F01F010122AE
:1063F00002FA01F11C2202EAD0004EF20012CEF2A3
:10640000000281507047000010B54EF60C5CCEF2D1
:10641000000CDCF80030C3F3022E8EF00704042CCD
:1064200028BF0424BEF103034FF0FF3E0EFA04F42C
:1064300038BF0023A14399400EFA03F39A43114356
:1064400000F00F0200F160430901043A03F56443D0
:106450006244002848BF02F10C03197010BD00000F
:106460004EF60C51CEF200010A684FF6FF031A40B7
:1064700060F30A2242F0806040F0FD7008607047CF
:106480007047000002680020516270472DE9F0411A
:10649000D0F80080D8F82430A9B1D8F82870B1F12C
:1064A000010C03EB174151D05FFA8CF7012F3C46EA
:1064B00008F5827398BF0124042F04F0030E09D25B
:1064C0000027002429E043EA02410020C8F82810F0
:1064D000BDE8F08104F0FC0508F1F406002400BFDB
:1064E00056F8107F44F0020001EB174144F0010719
:1064F000FFB253F82770C0B253F8200001EB1741E8
:1065000001EB104044F00301C9B253F821100434E8
:10651000E7B2AF4200EB1141E2D1BEF1000F15D05E
:1065200053F82700BEF1010F01EB10410ED0601CA3
:10653000C0B253F82000BEF1020F01EB104105D0AC
:10654000A01CC0B253F8200001EB104141EA024008
:1065500008EB8C01C1F804010020BDE8F0810000C7
:10656000D0F8E00405F036BD01EBC102D0F8E0340C
:1065700000EB8200026A184605F094BC01EBC102F0
:10658000D0F8E03400EB8200D0F86022184605F025
:10659000E3BC0000D0F8E00405F01EBD10B501F02A
:1065A0000F0E0A464FFA81FC0EEBCE0100EB810381
:1065B00003F51571BCF1000F48BF03F1140190F809
:1065C0009434D209012B4A7081F800E004BF022004
:1065D00010BD0268012380F894340446104606F08A
:1065E000BFFA002084F8940410BD0000037901F084
:1065F0000F029A4284BF0120704710B502EBC2031C
:1066000000EB83034FFA81FC8E4603F51571BCF154
:10661000000F48BF03F114014FEADE134B7090F8EE
:1066200094344FF0000C012B81F802C00A7004BFB3
:10663000022010BD0268012380F8943404461046FD
:1066400006F07EFD002084F8940410BD01F00F01D7
:1066500001EBC10100EB8100D0F868027047000037
:1066600010B54FFA81FE01F00F0CBEF1000F6FF371
:10667000DF220CEBCC010DD400EB810E00240EF5D3
:1066800015718EF855428EF854C2CEF85C228EF801
:10669000583209E000EB810101F814CF01244C705D
:1066A0008A600B71A1F81AC0022B04BF00224A7144
:1066B00090F89424012A04BF022010BD026801232F
:1066C00080F894340446104606F0CCF8002084F894
:1066D000940410BD10B501F00F0E0EEBCE0100EBCF
:1066E00081044FF0000CC4F868C284F855C290F8D9
:1066F00006C004F51571C4F86022C4F86432BCF118
:10670000010F84F854E208BFCA610068624606F0CF
:106710005DFD002010BD0000B0B5027901F00F044E
:1067200094424FF001022CD801EBC10300EB83032C
:106730004FFA81FC03F5157304EBC405C90900EB9E
:106740008505BCF1000F48BF05F11403597090F89E
:1067500094149A7001291C7004BF0220B0BD016816
:10676000054680F894240846194606F011FD2CB918
:106770002868A97905F29C4206F0B4FC002285F84D
:1067800094241046B0BD000001F00F0C0CEBCC01BE
:1067900000EB810101F814CF4FF0000C0B618379FD
:1067A000C1F814C04FF0010CCA60012B81F801C080
:1067B00008BFCA6180B500681A4606F007FD0020D0
:1067C00080BD00002DE9F04F87B00568824628465D
:1067D00006F006FF10B107B0BDE8F08FDAF8000050
:1067E00006F02CFF0028F6D0D5F80808C0F30D21DC
:1067F000DAF80000CAF8D41406F020FF0146DAF8EF
:106800000000890703D5416901F00201416105F5E6
:106810000061049106F012FF0146DAF80000C90693
:10682000059534D5816921F0100181612C6A04F04D
:106830000F0000EBC0000AEB8001C4F343400628C0
:1068400001F5157511D002281AD147F6F07014EA37
:10685000000615D0E96834090598224606F0F2FED4
:10686000E86800EB1610E86007E005980AF29C4122
:10687000082206F0E7FEC4F30A1468692044686140
:10688000DAF80000816941F010018161059D06F090
:10689000D5FE000340F1F080DAF8000006F0ACFE0F
:1068A000002800F0E98006460AF29C404FF4306868
:1068B00000244FF0000B06901AE000BF05EB080023
:1068C00002218160B80642BF05EB080020218160EB
:1068D000B80442BF05EB08004FF4005181600BF192
:1068E000010B760808F1200804F1240400F0C480AC
:1068F000F007F4D0DAF800005FFA8BF9494606F0A9
:1069000095FE0746C0075FD005EB080001218160B6
:10691000DAF8000008EB0001036C8A689AF8065068
:10692000012D25D1150732D4950600F19D8043F243
:106930000B05C4F65475AB42059D02D312F4004218
:106940002FD10AEB0402D2F8743209696FF3DF41E8
:10695000A3EB0101C2F8681294BBD2F86432002B99
:1069600000F08880D2F860020844C2F8600227E094
:1069700043F20B05C4F65475FF35AB4217D1059DA4
:1069800010040ED4900644BF2020886018E043F223
:106990000B00C4F65470059D834215D312F40040D9
:1069A00012D04FF40040886038070FD43CE0059DBA
:1069B00034B9DAF8641219B90021069A06F092FB8C
:1069C00050464946FFF7DAFD38072DD505EB08009C
:1069D00008218160DAF8000043F20B02056C4044A4
:1069E0008168C4F6547295420AD311F4004107D06D
:1069F0004FF400418160504600F0FAFC059D09E02B
:106A0000504600F0F5FC43F20B00C4F6547085428A
:106A1000059D09D39AF80600012805D1DAF800008F
:106A2000069A012106F05EFBF80642BF05EB08005E
:106A300010218160B8077FF545AF6869000604D56D
:106A40000499486840F4806048600AEB040090F8BC
:106A5000571201297FF432AF002180F857125046B7
:106A6000494600F017FB29E720208860059D38077C
:106A7000ACD4D9E70121A0E7DAF80000CDF818A0DE
:106A800006F0DCFD400340F1D3800698006806F074
:106A9000ABFD002800F0CC800646069805F510698D
:106AA00000F1140100F29C40002703910190CDF801
:106AB000089004E0760807F1010700F0B980F007BC
:106AC000F8D006985FFA87FA0068514606F09CFDF8
:106AD0000446C00726D0049A07F00F00516B01232B
:106AE00003FA00F021EA0000506309EB47108360CD
:106AF00006988079012811D1039907EBC70001EBB3
:106B00008000D0E902121144C1603FB9006928B980
:106B10000698019A0068012106F0E4FA06985146A9
:106B2000FFF722FD200742BF09EB471008218160D3
:106B3000E00642BF09EB471010218160600642BFAA
:106B400009EB471040218160A00716D52846394639
:106B500006F0D8FC039907EBC70001EB800010F8A2
:106B6000031F012905D1002101700698514600F04C
:106B70008DFA09EB47100221816020069AD503990E
:106B800007EBC70001EB8008D8E90420824291D3CB
:106B90000699D8F808300C68111A994238BF0B468C
:106BA00004EB4711D1F818C903F1030E1FFA8CF357
:106BB000B3EB9E0F2DD301F5106900BFD8F810205C
:106BC000824224D9101A069AD8E902B1957958451B
:106BD00038BF83461FFA8BF3204652460095059D29
:106BE00006F050FED8F80C00D8F814105844C8F835
:106BF0000C0001EB0B00C8F81400D9F818100BF1C9
:106C0000030289B2B1EB920FD8D2D8F81020DDF888
:106C1000089082423FF64EAF07F00F00D4F83418C8
:106C2000012202FA00F021EA0000C4F8340841E72A
:106C3000DDF81890D9F8000006F000FD002802D415
:106C4000D9F8000019E00499486820F00100486074
:106C500099F8CC04012807D1002089F8CC044846D3
:106C60000021FFF70DFC02E0484600F0A5FBD9F833
:106C70000000416901F00041416106F0DFFC0005C0
:106C800002D4D9F800000CE004988068C00702D054
:106C9000484600F0D5FBD9F80000416901F40061D5
:106CA000416106F0CBFCC00402D4D9F80000F2E048
:106CB0000499486820F001004860D9F800001021CC
:106CC00006F020FC99F80400010600F0B880C1B27B
:106CD000042900F0030001D2002166E06FF0600299
:106CE00002EA411200234FF67F370021EE18C6F862
:106CF0000879D6F80059803325F40015C6F80059F4
:106D0000C6F8087BD6F8005B9A4225F40015C6F851
:106D1000005BD6F8005B01F1040145F00065C6F8A0
:106D2000005BC6F82879D6F8205925F40015C6F876
:106D30002059C6F8287BD6F8205B25F40015C6F844
:106D4000205BD6F8205B45F00065C6F8205BC6F8EE
:106D50004879D6F8405925F40015C6F84059C6F8C8
:106D6000487BD6F8405B25F40015C6F8405BD6F8A2
:106D7000405B45F00065C6F8405BC6F86879D6F818
:106D8000605925F40015C6F86059C6F8687BD6F836
:106D9000605B25F40015C6F8605BD6F8605B45F0D3
:106DA0000065C6F8605B059DA0D1002847D005F5B9
:106DB000106202EB41134FF67F374E019F609559E9
:106DC000059B25F4001503F53063955103EB411540
:106DD000AF609D59012825F400159D519D5945F03E
:106DE00000659D512BD04E1C02EB46147501A76027
:106DF000545903EB461624F400145451B7605F59FC
:106E0000022827F400175F515F5947F000675F5170
:106E100015D0881C02EB40174FF67F364101BE604B
:106E2000575803EB401027F4001757508660585806
:106E300020F400105850585840F000605850049FFB
:106E40008421F869442240F00110F86199F80F009C
:106E500000284FF00B0008BF142108BF42F22B009E
:106E60007B5808BF102218437850B85840F00B00E8
:106E7000B850386809F29C4220F4FE603860D9F8B6
:106E8000000099F8061006F02DF9D9F800004169C4
:106E900001F48051416106F0D1FB0146D9F80000B0
:106EA00089041AD505F01EFDD9F8000006F08AFB0A
:106EB000D9F8004089F8070000F08CFB99F807200A
:106EC0000146204606F056FC484600F061FAD9F823
:106ED0000000416901F40051416106F0AFFB000779
:106EE00002D4D9F8000008E0484600F069FAD9F861
:106EF0000000416901F00801416106F09FFB0006B6
:106F00002AD50599886920F08000886199F80400E5
:106F1000022821D309F5157409F11405012640F260
:106F20007B2704E00136864207F1240714D219F8C2
:106F300007100129F6D106F00F0000EBC002300661
:106F4000D9F8000005EB820158BF04EB820106F07E
:106F50004BFA99F80400E5E7D9F8000006F06EFB5B
:106F6000C00202D4D9F8000030E099F804000228E9
:106F700026D3059909F1140401F5126509F13B06C0
:106F80004FF00108012705E001372035874206F15F
:106F9000240615D229687278012AF5D1B1F1FF3F94
:106FA000F2DC07F00F0000EBC001D9F8000004EBA1
:106FB000810186F8008006F017FA99F80400E3E7EB
:106FC000D9F80000416901F48011416106F036FBF7
:106FD000059D800202D4D9F8000031E099F8041030
:106FE000022927D305F53260013909F51F72012303
:106FF00005E000BF2030013902F124021AD00768F1
:107000001678012EF6D1B7F1FF3FF3DCD9F8D4643E
:1070100086EA1747FF07EDD102F8013CAF6947F058
:107020008007AF616F693F06E4D40499486840F473
:1070300000704860D9F80000416901F40011416115
:1070400006F0FCFA400002D4D9F8000008E04846F7
:10705000FFF786FAD9F80000416901F080414161EB
:1070600006F0ECFA40077FF5B6ABD9F800004468AB
:10707000610704D54846FFF78DFAD9F8000041684A
:107080002143416007B0BDE8F08F0000D0F8E00474
:1070900005F006B8D0F8E00405F018B8002804BFE1
:1070A00001207047F0B581B00446056890F895045A
:1070B00028B9002084F89404204600F025F9032024
:1070C000B5F1A04F84F8950404BF0020A07120689A
:1070D00006F000F894E80F00267C009605F012FCFC
:1070E000002840F000812068002106F0FFFA002807
:1070F00040F0F98094F804E0BEF1000F00F0EC805D
:107100000EF0030CBEF1040F4FF0000240D30EF05E
:10711000FC03A4F190000321012500BFCE1E80F8DE
:10712000A460A0F8BE608E1E80F8C860A0F8E2607F
:107130004E1E80F8EC60A0F8066180F81011A0F8EF
:107140002A110E1D013180F8A55080F8A820C0E951
:107150002B22C0F8B42080F8C95080F8CC20C0E9B8
:107160003422C0F8D82080F8ED5080F8F020C0E933
:107170003D22C0F8FC2080F8115180F81421C0E9AC
:107180004622C0F82021903099423146C6D1F21EE5
:10719000BCF1000F31D004F1140002EBC20100EB8E
:1071A0008105012300F821200021BCF1010F6B7043
:1071B0006A832971C5E9021129611ED0551C05EBAE
:1071C000C50600EB8607BCF1020F7B7000F8265065
:1071D0007D833971C7E9021139610ED0911C01EB31
:1071E000C10200EB8203012500F8221000205D702F
:1071F00059831871C3E902001861BEF1000F6BD00A
:10720000BEF1040F4FF0000236D30EF0FC00032154
:10721000234600BFCF1E83F854728F1E83F8787206
:107220004F1E83F8C0120D1D013183F8552283F8DB
:107230005822C3E99722C3F8642283F8792283F89D
:107240007C22C3E9A022C3F8882283F89D2283F818
:107250009C7283F8A022C3E9A922C3F8AC2283F868
:10726000C12283F8C422C3E9B222C3F8D0229033EA
:1072700081422946CED1EA1EBCF1000F2CD004F584
:10728000157002EBC20300EB83070021BCF1010F74
:10729000797000F823203971C7E9021139611BD0D8
:1072A000531C03EBC30700EB8706BCF1020F7170A0
:1072B00000F827303171C6E9021131610CD0911C00
:1072C00001EBC10200EB820300275F7000F822107F
:1072D0001F71C3E902771F6194E80F00277C0097B4
:1072E00005F09EFC28B1022084F89504012001B02D
:1072F000F0BD00206074012084F89504206805F03A
:107300007FFC002001B0F0BDB0B586B0006800245D
:10731000B0F1A04F0594CDE903440294019401D04B
:1073200006B0B0BD43F630050094C4F202052868EB
:1073300001A940F001002860286800F001000090D9
:1073400000984FF4C05001900220CDE902040320C0
:1073500004900A2005900020C4F20200FEF7D6FE39
:107360006868032140F08000686000946869032227
:1073700040F480406861686900F4804000900098A3
:107380004320FFF741F84320FFF72CF806B0B0BDCB
:1073900010B5C179044621B1022901D0FDF7D8FB0F
:1073A0000121D4F8E00404F019FFD4F8E004BDE8AA
:1073B000104004F0C7BE0000D0F8E00404F0F4BEB2
:1073C000D0F8E00404F0FABE90F89424012A04BF37
:1073D0000220704710B5012280F89424417402689D
:1073E0000446104606F0B4F9002084F8940410BD59
:1073F000D0F8E02400F29C41104604F005BF0000E4
:1074000010B5044690F89404012804BF022010BD72
:107410002068012184F89414C168490606D5617B6F
:10742000012903D1816B41F48031816306F062F858
:10743000206805F0D5FB002084F8940410BD0000FE
:1074400010B50446D0F8E00404F032FF2068D0F80C
:10745000001E41F00101C0F8001EE07A002808BFBC
:1074600010BD4EF61050CEF20000016841F006014A
:10747000016010BD002804BF012070472DE9F041D4
:1074800043F60808C4F202080446D8F8F8030D468B
:1074900000F00700884207D288F8F853D8F8F803BC
:1074A00000F00700A84276D12068810717D5410770
:1074B00005D5D8F8001041F4E051C8F800100107D4
:1074C00005D5D8F8001041F46041C8F80010D8F88C
:1074D0000010A26821F0F0011143C8F80010C007A5
:1074E0003FD1D8F8F80300F00700A84207D988F880
:1074F000F853D8F8F80300F00700A8424BD12068F1
:10750000410707D5D8F80010E26821F4E051114393
:10751000C8F80010000708D5D8F80000216920F449
:10752000604040EAC100C8F8000000F081F8D8F8D7
:10753000001042F60862C1F30311C0F60102515C6B
:1075400040F2200220FA01F140F27420C2F2000061
:107550000068C2F200021160FEF7FEFE0020BDE8E6
:10756000F0816068811E022907D258F8081C890141
:107570005CBF0120BDE8F08110E0012807D158F878
:10758000081C89035CBF0120BDE8F08106E058F8C3
:10759000081C890702D40120BDE8F081D8F800104A
:1075A00021F003010843C8F80000FEF78DFE0646EF
:1075B00041F28837D8F80000616800F00C00B0EBA9
:1075C000810F8ED0FEF780FE801BB842F2D90320D7
:1075D000BDE8F08140F22000C2F200000068704770
:1075E00040F2200043F60801C2F20000C4F202019A
:1075F0000068096842F61862C1F38221C0F60102F0
:10760000515CC8407047000040F2200043F608017A
:10761000C2F20000C4F202010068096842F6186272
:10762000C1F34231C0F60102515CC840704700000E
:1076300010B543F60404C4F20204606800F00C00C4
:1076400008280AD0042819BF42F20040C0F2F40012
:1076500047F64000C0F27D1010BD20682168236805
:10766000490247F64001C0F27D1100F03F02C3F32A
:1076700088105CBF42F20041C0F2F401A1FB00019E
:107680000023FCF79DFD21680222C1F3014102EBBA
:107690004101B0FBF1F010BD002804BF012070478C
:1076A0002DE9F04182B00446007843F60006C00799
:1076B000C4F202060BD0B06800F00C00042876D1AA
:1076C0003068800303D56068002800F04F8120787F
:1076D000800719D5B06810F00C0F07D0B06800F023
:1076E0000C0008287DD1706840027AD43068800789
:1076F00003D5E068012840F039813068216920F025
:10770000F80040EAC10030602078000713D42078E8
:10771000400726D4A569002D00F02481B06800F050
:107720000C00082840F09680012D40F0F8800120E0
:1077300002B0BDE8F0816069002877D00020C4F273
:1077400047200121C0F8801EFEF7BEFD054600BFA0
:10775000706F8007DBD4FEF7B7FD401B0228F7D916
:10776000D9E0306C5FEAC0080AD400200190306C88
:1077700040F080503064306C00F0805001900198EF
:1077800047F20007C4F200073868C00540D43868E3
:1077900040F480703860FEF797FD05463868C005F4
:1077A00036D4FEF791FD401B0228F7D9B3E0B0684C
:1077B00000F00C00082803D1706840023FF580AF4C
:1077C00061683068B1F5803F07D0B1F5A02F40F077
:1077D0008C8040F480203060306840F4803030602D
:1077E0008CE0E068002840F20000C4F2472054D04A
:1077F00001210160FEF768FD054600BF3068800783
:107800003FF57BAFFEF760FD401B0228F6D982E012
:10781000A168306F012905D005294FD140F004003F
:107820003067306F40F00100306750E00020C4F254
:1078300047200021C0F8801EFEF746FD054600BF28
:10784000706F80077FF563AFFEF73EFD401B022897
:10785000F6D960E00027C4F2472700203866FEF71B
:1078600033FD022D05460DD13068800140F1828044
:10787000FEF72AFD401B02284FF00300F4D902B0A6
:10788000BDE8F081306880016CD5FEF71DFD401B1E
:1078900002284FF00300F5D9F1E700210160FEF75F
:1078A00013FD0546306880077FF52EAFFEF70CFD0F
:1078B000401B02284FF00300F4D9E0E720F001005C
:1078C0003067306F002920F00400306773D0FEF776
:1078D000FBFC054641F28837306F80077BD4FEF70A
:1078E000F3FC401BB842F7D915E020F4803030603B
:1078F0003068002920F48020306075D0FEF7E4FC69
:10790000054600BF306880033FF5E1AEFEF7DCFCC2
:10791000401B6428F6D9032002B0BDE8F0817068EE
:10792000E16900F480028A4220D1216A00F03F021E
:107930008A421BD147F6C071626A0140B1EB821FD7
:1079400014D1A16A4FF6FF73C903994300F4403282
:10795000A1F580318A4209D1E16A00F07060B0EB94
:10796000016F03D1002002B0BDE8F081012002B018
:10797000BDE8F08104F11C052FCD084340EA8210D8
:10798000D9034FF6FF729143A1F5803140EA0560BB
:107990000843706001203866FEF796FC044600BF7D
:1079A00030688001DED4FEF78FFC001B02284FF008
:1079B0000300F5D963E7FEF787FC054641F28837F7
:1079C000306F800707D5FEF77FFC401BB8424FF0B1
:1079D0000300F5D953E7B8F1000F3FF59BAE306CCB
:1079E00020F08050306495E6FEF76EFC054600BF3F
:1079F000306880037FF56BAEFEF766FC401B6428A1
:107A00004FF00300F4D93AE710B584B040F22001FA
:107A1000C2F20001096841F6F112C0F27652A1FBF0
:107A20000212510A642251430291029904460391C1
:107A30000168486820F020004860486800062FD59B
:107A40004AF2A970C0F600006064039810B303986E
:107A50000138039094F8510007281FD00398C8B14B
:107A600003980138039094F85100072816D0039822
:107A700080B103980138039094F8510007280DD085
:107A8000039838B103980138039094F851000728FF
:107A9000DBD103E0606D40F0400060650298039028
:107AA000486840062FD54AF21170C0F600002064E5
:107AB000039810B303980138039094F851000728F5
:107AC0001FD00398C8B103980138039094F851006F
:107AD000072816D0039880B103980138039094F8D2
:107AE000510007280DD0039838B10398013803904E
:107AF00094F851000728DBD103E0606D40F04000AE
:107B00006065029803904868800733D5A06C88B3FD
:107B100000210165FDF780FF00281CBF4020606543
:107B20002168486820F0020048600398F0B103988B
:107B300001380390886880071CD40398B0B103987B
:107B4000013803908868800714D4039870B10398B3
:107B500001380390886880070CD4039830B10398EB
:107B60000138039088688007DFD503E0606D40F03E
:107B7000400060654868C00712D0E06C80B1002109
:107B80000165FDF749FF00281CBF402060652168A2
:107B9000086820F040000860486820F00100486054
:107BA0000023E387E386606D4FF0010C40284FF01F
:107BB00001001CBF636500200193CA6801928A68B6
:107BC0000192019A019389680191019984F851C049
:107BD00004B010BD41F60821C2F20001884218BF6E
:107BE000704710B582B00020C4F202004FF400418B
:107BF0000122FEF763FB41F60824C2F2000420468E
:107C000000F01EF8012805D041F60820C2F200005D
:107C1000FFF7FAFE002001902168CA6801928A6885
:107C20000192019A009089680091009940F65441B0
:107C3000C2F200010870886002B0BDE810407047D1
:107C400090F8510070470000B0B582B001684A68F2
:107C50008B6803F04105012D04D112F0400501D0DD
:107C6000016C05E09D0707D512F0800504D0416C3A
:107C700002B0BDE8B040084713F4B07F18BF12F05F
:107C8000200501D102B0B0BD5D0617D590F8515066
:107C9000032D08D100200190C868019088680190E8
:107CA000019802B0B0BD456D45F00405456500255D
:107CB0000195CD6801958D680195019D9D060CD5B6
:107CC000456D45F001054565002501958D680195D7
:107CD0000D6825F040050D60019DDB0508D5436D5D
:107CE00043F008034365002301938B680193019BD4
:107CF000436D002BC6D04B68920723F0E0034B6026
:107D00004FF0010380F8513025D04A684AF2C5741B
:107D100022F003024A60C16CC0F6000459B1054666
:107D200008460C65FDF7B8FE0146284619B1416DBD
:107D300041F040014165816C0029A3D00C650446E7
:107D40000846FDF7A9FE00289CD0606D40F0400079
:107D5000606502B0B0BD02B0BDE8B040FFF73ABF09
:107D600070B528B1416A29B100210161142106E0F2
:107D7000012070BD4168B1F5827F02D01C21002234
:107D800042500026866290F8511029B980F8506060
:107D9000054600F03DF82846022180F8511090E891
:107DA0002E0002F482720C6803F4044324F04004B1
:107DB0000C601A4405F4006305691A4405F00203D7
:107DC00045691A4405F001038569C4691A4405F43C
:107DD00000731A4404F03803046A1A4404F0800360
:107DE000846A1A4304F400531A430A60436A042263
:107DF00002EA154203F010031A444A60CA6922F4E9
:107E00000062CA610121466580F85110304670BD9C
:107E10002DE9F04F87B00446006843F60041C4F2F4
:107E2000000100278842CDE90577CDE90377029765
:107E300034D043F60001C4F20001884240F0AB8028
:107E4000002043F630010190C4F202010A6942F4B5
:107E500080420A610A6902F480420192019A01900B
:107E60000A6842F002020A60096801F00201019109
:107E700001994FF4604102910221CDE903100520E0
:107E8000069040F60000C4F202000591A0F5806063
:107E900002A9FEF73BF907B0BDE8F08F43F63000CA
:107EA0000197C4F20200016940F6000B41F4004161
:107EB00001610169C4F2020B01F4004101910199D1
:107EC0000197016802AE41F00401016000684FF0C3
:107ED000020A00F00400019001984FF4A0500290B3
:107EE00001254FF0060858463146CDE903A7059510
:107EF000CDF81880FEF70AF94FF40069CDF8188024
:107F000046F2100858463146CDE9029ACDE90455AB
:107F1000C4F20208FEF7FAF841F2EC25C2F20005BD
:107F20004FF4806B4FF4005A4FF400362846C5E9F1
:107F30000087C5E90277C5E904B9C5E906A7C5E91F
:107F40000867FDF799FE002818BFFCF701FEE564FD
:107F5000AC6341F24C3508F17800C2F20005002113
:107F6000402285E807002846C5E9031BC5E9059AB4
:107F7000E961C5E90861FDF77FFE002818BFFCF73D
:107F8000E7FD332002210222A564AC63FEF73CFA30
:107F90003320FEF727FA07B0BDE8F08F2DE9F04156
:107FA00082B0044690F85100012818D100294FF002
:107FB000010018BF002A02D102B0BDE8F08160685C
:107FC0001D461746B0F5827F02D1A06800284ED02A
:107FD0000E46FEF779F994F85010012903D10220DA
:107FE00002B0BDE8F0818046012084F850000420F2
:107FF000002184F851006165A663A787E7872163A4
:10800000A186E186A2682068B2F5004F2164616410
:1080100007D1016821F040010160016821F480412D
:1080200001600168490603D4016841F04001016024
:10803000E168E08F39B3002849D06F1C0AE000BF27
:10804000C068A16B21F8020BA163E08F0138E087C3
:10805000E08FE0B320688168C907F1D1FEF734F9F9
:10806000002FF5D0A0EB0800A842F1D325E00420B2
:1080700084F8510020460A463B46009500F054F92A
:1080800002B0BDE8F08110B36F1C0AE0007BA16B69
:108090000870A06B0130A063E08F0138E087E08FAB
:1080A000A8B120688168C907F0D1FEF70DF9002F4B
:1080B000F5D0A0EB0800A842F1D3012084F85100CC
:1080C000002084F85000032002B0BDE8F081204673
:1080D0002946424602F04CFC00281CBF2020606567
:1080E000012084F85100002084F85000606D0028C1
:1080F00018BF012002B0BDE8F08100007047000009
:10810000704700002DE9F04184B01D4616460F4629
:108110000446FEF7D9F894F8511001290DD1804694
:10812000002F4FF0010018BF002E02D104B0BDE8AF
:10813000F08194F85000012803D1022004B0BDE87A
:10814000F081012084F850000320002184F85100C0
:1081500061652763A686E686A163A187E187A0689B
:108160002164B0F5004F2068616407D1016821F0F7
:1081700040010160016841F48041016001684906E5
:1081800003D4016841F0400101606168731EE26838
:10819000B1FA81F1B3FA83F349095B09B2F5006FD3
:1081A00041EA030123D131B137F8021BC1602763D3
:1081B000E08E0138E086E08E002846D06E1C09E093
:1081C000216B31F8022BC2602163E08E0138E0861A
:1081D000E08ED0B3206881688907F1D4FEF774F887
:1081E000002EF5D0A0EB0800A842F1D323E039B16E
:1081F00039780173206B01302063E08E0138E0860E
:10820000E08E10B36E1C0AE0216B09780173206BBD
:1082100001302063E08E0138E086E08EA8B120684E
:1082200081688907F0D4FEF74FF8002EF5D0A0EB57
:108230000800A842F1D3012084F85100002084F8FE
:108240005000032004B0BDE8F08120460221012245
:108250002B46CDF8008002F0B7FBE0B1606D40F036
:108260002000606520206065A06838B90020029079
:108270002068C1680291806802900298012084F809
:108280005100002084F85000606D002818BF0120C4
:1082900004B0BDE8F08140F22000C2F200000068A6
:1082A00049F68171C1F25E61A0FB0101480D4FF4F6
:1082B0007A71484303906068B0F5827F0AD1204606
:1082C000802100222B46CDF8008002F07DFB0028A3
:1082D000C4D1C9E703980028C6D003980138039099
:1082E000206880680006BFD503980028BCD003989A
:1082F00001380390206880680006B5D503980028EF
:10830000B2D0039801380390206880680006ABD58E
:1083100003980028A8D0039801380390206880684B
:108320000006D7D4A0E700002DE9F04383B01E4635
:1083300015460F460446FDF7C7FF94F851108146D5
:10834000012908D1002F4FF0010018BF002D0ED1D8
:1083500003B0BDE8F0836068B0F5827F0DD10429D9
:108360004FF00200F4D1A1680029EBD0F0E7002E15
:10837000EED094F85000012803D1022003B0BDE8EC
:10838000F083012084F8500094F851000021042863
:108390001CBF052084F851006165A563E687A687A8
:1083A0002763E6862068A686216461640168490621
:1083B00003D4016841F0400101606168731EE26806
:1083C000B1FA81F1B3FA83F3DDF8288049095B093A
:1083D000B2F5006F41EA030137D131B137F8021B22
:1083E000C1602763E08E0138E086012608F10105AF
:1083F000E08E10B9E08F00286CD020688168890772
:108400000CD5E18E51B1012E08D1216B002631F837
:10841000022BC2602163E18E0139E1868168C907C0
:108420000AD0E18F41B1C068A16B012621F8020B8F
:10843000A163E08F0138E087FDF746FF002DD7D01C
:10844000A0EB09004045D3D33AE039B13978017344
:10845000206B01302063E08E0138E086012608F1B0
:10846000010500BFE08E08B9E08F98B320688168ED
:1084700089070ED5E18E61B1012E0AD1216B00264C
:1084800009780173216B206801312163E18E013984
:10849000E1868168C9070BD0E18F49B1C068A16B43
:1084A00001260870A06B0130A063E08F0138E087DF
:1084B000FDF70AFF002DD5D0A0EB09004045D1D330
:1084C000012084F85100002084F85000032003B0FC
:1084D000BDE8F0832046022101224346CDF80090FA
:1084E00002F072FA60B1606D40F0200060652020FB
:1084F0006065002084F85000012003B0BDE8F083DF
:1085000040F22000C2F20000006849F68171C1F219
:108510005E61A0FB0101480D4FF47A71484302905F
:108520006068B0F5827F0AD1204680210022434650
:10853000CDF8009002F048FA0028D4D123E0029848
:1085400008B30298013802902068806800061AD5A6
:108550000298C0B102980138029020688068000635
:1085600011D5029878B1029801380290206880688D
:10857000000608D5029830B10298013802902068B0
:1085800080680006DBD4A06838B90020019020681C
:10859000C1680191806801900198012084F8510020
:1085A000002084F85000606D002818BF012003B03F
:1085B000BDE8F08370B590F85150012D07D1002926
:1085C0004FF0010C18BF002A0DD1604670BD446801
:1085D000B4F5827F0DD1042D4FF0020CF5D18568E2
:1085E000002DECD0F1E7002BEFD090F85050012D8A
:1085F00001D1022070BD012580F8505090F85150F3
:108600000024042D1CBF052580F8515044650163EA
:108610008386C38682638387C387C0E9104490F84A
:1086200051104AF2F1734AF2F976C0F60003C0F62F
:1086300000060568D0F84CC0042908BF1E464AF65B
:1086400001014AF66D03C0F60001C0F6000308BF41
:108650000B464AF2D171C0F60001CCE90F36CCE9E5
:108660001314C38F064605F10C016046FDF7A8FB05
:1086700038B1706D40F010007065012086F85040F0
:1086800070BD3568316BB06C6B6805F10C0243F05E
:1086900001036B60C0E90F44C0E91344F38EFDF79A
:1086A0008FFB40B1706D40F010007065002086F8BF
:1086B0005000012070BD306835460168490603D47A
:1086C000016841F0400101604FF0000C85F850C096
:1086D000416841F020014160416841F00201416080
:1086E000604670BD41F60821C2F20001884218BF01
:1086F000704770B582B00024C4F2020420464FF4E3
:1087000000410122FDF7DAFD40F65445C2F20005B2
:108710002878012845D10220287041F60820C2F2AD
:108720000000FFF78DFA012817D120464FF40041D1
:108730000022FDF7C3FD41F6082040F26E2141F60C
:108740004A42C2F20000C2F20001C2F20002022359
:108750000226FFF72FFF00283FD020464FF40041AC
:108760000122FDF7ABFD41F60824C2F200042046C9
:10877000FFF766FA012805D041F60820C2F2000092
:10878000FFF742F9002001902168CA6801928A68C7
:108790000192019A01908968019101992870A8605D
:1087A0001CE02878022819D141F6464072B6C2F280
:1087B0000000008841F64441C2F20001088041F601
:1087C0004A40C2F20000008841F64841C2F200016E
:1087D000088062B60320287000E02E7002B0BDE869
:1087E0007040704770470000411E0020B0EB116FD1
:1087F0001CBF012070474EF21002CEF20002516001
:108800004EF62351CEF20001F0230B700721906049
:1088100011607047704700007047000090F83C20DE
:10882000012A04BF02207047B0B501F108053CCD14
:10883000D1E900CE23F47C5322F470521A432EF473
:10884000F0431A432CF4E0431A4324F4C0431A4380
:108850002A43C96922F48042036811435964002104
:1088600080F83C100020B0BD90F83C20012A4FF069
:10887000020252D010B580F83D200268D2F804E020
:10888000D2F808C00C682EF07003234341F2FF7445
:10889000C4F20004A24253600DDC40F2FF73C4F244
:1088A00000039A4215DCB2F1804F29D040F2004318
:1088B000C4F2000322E040F2FF33C4F201039A4203
:1088C00012DC41F60003C4F200039A4218D00023E0
:1088D00012E040F60003C4F200039A4210D040F6C2
:1088E0000043C4F2000309E044F20003C4F20103B0
:1088F0009A4205D040F20043C4F201039A4204D1E7
:1089000049682CF08003194391600121002280F80E
:108910003D1080F83C20BDE8104010467047000034
:10892000A1B1042904D0082914BF4522442200E043
:108930004322825C012A11D10222082910D0042985
:1089400014BF80F8452080F843200BE090F84220C7
:10895000012A03D1022280F8422003E0012070475F
:1089600080F84420006801F00F010422036A02FA33
:1089700001F123EA01020262026A11430162416CC1
:1089800041F2FF72C4F2000241F40041904241649E
:108990000DDC40F2FF71C4F20001884215DCB0F139
:1089A000804F29D040F20041C4F2000122E040F2A1
:1089B000FF31C4F20101884212DC41F60001C4F229
:1089C0000001884218D0002112E040F60001C4F2F4
:1089D0000001884210D040F60041C4F2000109E0D5
:1089E00044F20001C4F20101884205D040F2004186
:1089F000C4F20101884206D1816801F0070106290D
:108A000004BF00207047016841F0010101600020AF
:108A10007047000010B5026801F00F0E4FF0040C13
:108A2000146A0CFA0EF324EA03031362136A136246
:108A3000146A41F211131C420AD1D2F820C040F24C
:108A400044441CEA040F03D1546C24F400445464DD
:108A5000146A1C4204D1136A40F24444234212D0E7
:108A6000082916D0042909D000294FF0010114BFAC
:108A700080F8451080F84210002010BD012180F8D8
:108A80004310002010BD136823F001031360082970
:108A9000E8D1012180F84410002010BD002804BF57
:108AA0000120704710B5044690F83D0028B9002019
:108AB00084F83C00204600F01FF8022084F83D00B6
:108AC0002068211D02F090F8012084F8460084F807
:108AD0003E0084F83F0084F8400084F8410084F8A8
:108AE000420084F8430084F8440084F8450084F888
:108AF0003D00002010BD00002DE9F04182B001686A
:108B000040F20042C4F2010291423CD040F6000221
:108B1000C4F20002914233D18046002043F6400166
:108B20000190C4F202010A6841F2AC3442F004023E
:108B30000A600968C2F2000401F004010191019980
:108B400046F25801C4F202014FF08062402384E8EB
:108B50000E0004F10C014FF480654FF480564FF481
:108B60008047E1C1C4E9070060622046FDF784F850
:108B7000002818BFFBF7ECFFC8F82840C4F838807D
:108B800002B0BDE8F0810020009043F64000C4F23E
:108B900002004168002241F002014160406800216A
:108BA00000F00200009000982C20FDF72DFC2C20F6
:108BB00002B0BDE8F041FDF715BC000090F83D1093
:108BC00001291CBF01207047022180F83D10006878
:108BD00041F2FF72C168C4F20002904241F001010B
:108BE000C1600DDC40F2FF71C4F20001884215DC67
:108BF000B0F1804F29D040F20041C4F2000122E0E0
:108C000040F2FF31C4F20101884212DC41F600015A
:108C1000C4F20001884218D0002112E040F60001A1
:108C2000C4F20001884210D040F60041C4F20001B5
:108C300009E044F20001C4F20101884205D040F28B
:108C40000041C4F20101884206D1816801F00701A8
:108C5000062904BF00207047016841F0010101604E
:108C60000020704790F83C20012A4FF002026BD0A0
:108C700080B580F83D20D0F800C04FF67772DCF860
:108C8000083023EA0202CCF808200B684F2B28DCBE
:108C90001F2B44DD202B45D0302B43D0402B40F000
:108CA000AC80D1F804E0C968DCF82030DCF8202082
:108CB00022F00102CCF82020DCF8182022F0F0028B
:108CC00042EA011123F00A0242EA0E02CCF818101F
:108CD000CCF82020DCF8081041F0470121F03001E9
:108CE00027E06F2B32DDB3F5005F73D0B3F5805F03
:108CF00021D0702B40F08180D1E901E3C968DCF814
:108D0000082043EA0E0322F47F4243EA0121114383
:108D1000CCF80810DCF8081041F0770109E00BB13D
:108D2000102B6AD1DCF8081021F07001194341F0D2
:108D30000701CCF808100022012180F83D10002125
:108D400080F83C10BDE8804010467047502B21D081
:108D5000602B52D1D1F804E0C968DCF82030DCF88F
:108D6000202022F01002CCF82020DCF8182022F479
:108D7000704242EA013123F0A00242EA0E12CCF81E
:108D80001810CCF82020DCF8081041F0670121F021
:108D90001001CEE7D1F804E0C968DCF82030DCF837
:108DA000202022F00102CCF82020DCF8182022F04C
:108DB000F00242EA011123F00A0242EA0E02CCF864
:108DC0001810CCF82020DCF8081041F0570121F0F1
:108DD0002001AEE7D1E901E3C968DCF8082043EAE5
:108DE0000E0322F47F4243EA01211143CCF808101C
:108DF000DCF8081041F480419BE701229CE7000069
:108E0000704700007047000070B504460068C568F0
:108E10000669B10716D515F0020113D06FF00201F3
:108E20000161012121778069800703D02046FFF787
:108E3000E9FF05E0204600F00BF9204600F044FA77
:108E400000202077700718D515F0040015D0206891
:108E50006FF00401016102212177806910F4407FE5
:108E600003D02046FFF7CEFF05E0204600F0F0F8E3
:108E7000204600F029FA00202077300717D515F09A
:108E8000080014D020686FF00801016104212177E7
:108E9000C069800703D02046FFF7B4FF05E02046F5
:108EA00000F0D6F8204600F00FFA00202077F006F8
:108EB00018D515F0100015D020686FF01001016171
:108EC00008212177C06910F4407F03D02046FFF7C6
:108ED00099FF05E0204600F0BBF8204600F0F4F9C9
:108EE00000202077F00718BF15F0010002D13006EE
:108EF00009D412E020686FF001010161204600F002
:108F000049FC300609D515F0800006D020686FF0C6
:108F1000800101612046FFF77DFC700609D515F040
:108F2000400006D020686FF040010161204600F04B
:108F300061FCB00658BF70BD15F0200008D0216854
:108F40006FF0200220460A61BDE87040FFF764BC64
:108F500070BD00002DE9F04186B0006840F200418C
:108F6000C4F2010100268842CDE90466CDE902661B
:108F7000019620D040F60001C4F20001884264D17D
:108F8000002043F630010090C4F202010A6842F06A
:108F900002020A60096801F0020100910099802133
:108FA00001910221CDE90210CDE9040140F2004017
:108FB000C4F2020046E043F630000096C4F202001C
:108FC000016840F2004441F0010101600168C4F20F
:108FD000020401F00101009100990096016801ADC1
:108FE00041F00201016001684FF0020801F0020146
:108FF0000091009900960168032741F00401016087
:109000000068294600F0040000900098802001903C
:10901000A4F58060CDE9028604960597FDF776F801
:1090200020462946CDE90178CDE903660597FDF78D
:109030006DF84FF4E070CDE9010804F58060CDE9EA
:109040000366059701A9FDF761F806B0BDE8F08158
:109050007047000090F83C30012B04BF022070479D
:109060004FEAB202032A00F2FD802DE9F043DFE867
:1090700002F002AF3D7D036840F200461C6A1A6AA6
:1090800024F0020422F001021A621A46D3F804C046
:1090900052F818EF8F6843F48065C4F20106B542B8
:1090A00044EA070405D1CF6824F00C0427F0040734
:1090B0003C430F68B54206D1D1E905582CF44076FF
:1090C0002E4346EA080C2EF073063743C3F804C05B
:1090D0009F614F6809695F631C629F6947F00807D9
:1090E0009F619F6927F004079F61B0E0036840F229
:1090F00000481C6A1A6A24F4007422F480721A620E
:109100001A46D3F804C052F81CEF8F6843F4806508
:10911000C4F20108454544EA072408D1CF6840F26B
:10912000FF463F0224F4406427EA06063443D1F8A0
:109130000090454506D1D1E905562CF440572E4301
:1091400047EA061C2EF0730747EA0907C3F804C074
:10915000DF614F680969DF631C62DF6947F0080758
:10916000DF61DF6927F00407DF6170E0036840F228
:109170000045D3F820C01A6A43F4806722F4805275
:109180001A621A465C6852F81C8FD1F800E08E68AB
:10919000C4F20105AF4204D14D6924F4804444EA8D
:1091A00085142CF4005747EA063728F4E64646EAC9
:1091B0000E265C60DE614E6809691E641F62DF690D
:1091C00047F40067DF61DF6927F48067DF613DE016
:1091D000036840F200481C6A1A6A24F0200422F056
:1091E00010021A621A46D3F804C052F818EF8F68BA
:1091F00043F48065C4F20108454544EA071407D1E9
:10920000CF686FF0400624F0C00406EA0716344326
:10921000D1F80090454506D1D1E905562CF44067B8
:109220002E4347EA860C2EF4E64747EA0927C3F89F
:1092300004C09F614F6809699F631C629F6947F47E
:1092400000679F619F6927F480679F610902136827
:10925000194311600021BDE8F043002280F83C2052
:10926000084670470121F8E7002804BF0120704735
:1092700010B5044690F83D0028B9002084F83C0061
:10928000204600F01FF8022084F83D002068211DD0
:1092900001F0AAFC012084F8460084F83E0084F81E
:1092A0003F0084F8400084F8410084F8420084F8CC
:1092B000430084F8440084F8450084F83D00002011
:1092C00010BD00007047000041F66022C2F20002AB
:1092D00001681268914218BF704740F21022C2F232
:1092E000000201230421137000F0F8B97047000058
:1092F000A1B1042904D0082914BF4122402200E072
:109300003F22825C012A11D10222082910D00429AF
:1093100014BF80F8412080F83F200BE090F83E20F9
:10932000012A03D1022280F83E2003E00120704789
:1093300080F84020006801F01F010122036A02FA50
:1093400001F123EA01020262026A114341F2FF7253
:10935000C4F20002904201620BDC40F2FF71C4F2E1
:109360000001884213DCB0F1804F35D040F200415B
:1093700015E040F2FF31C4F20101884214DC41F6ED
:109380000001C4F20001884226D0002114E040F61A
:109390000001C4F2000188421ED040F60041C4F230
:1093A0000001884218D01EE044F20001C4F201011D
:1093B000884211D040F20041C4F20101884212D12A
:1093C000416C40F2004340F48062C4F2010341F476
:1093D00000419A42416406D1816801F007010629E3
:1093E00004BF00207047016841F0010101600020C6
:1093F0007047000070B5A1B14125082908BF40257C
:10940000042908BF3F25455D022D04BF022070BD21
:1094100008290ED0042914BF00F1410500F13F05D1
:1094200009E0054615F83E4F022C04BF022070BD2E
:1094300001E000F140052D78012D40F09B80002ACD
:109440004FF0010C18BF002B01D1604670BD022502
:1094500041B1082909D0042914BF80F8415080F88F
:109460003F5004E080F83E5001E080F840504FEA61
:10947000B105032DE9D80E46DFE805F00260224170
:10948000456A4AF61554C0F60004EC63456A4AF68C
:109490007D54C0F600042C64456A4AF6B554016850
:1094A000C0F60004EC640546406A01F1340C114634
:1094B0006246FCF785FC00285CD14FF400715DE04A
:1094C000C56A4AF61554C0F60004EC63C56A4AF64C
:1094D0007D54C0F600042C64C56A4AF6B554016890
:1094E000C0F60004EC640546C06A01F13C0C11466C
:1094F0006246FCF765FCE8BB4FF400613EE0056B9B
:109500004AF61554C0F60004EC63056B4AF67D5428
:10951000C0F600042C64056B4AF6B5540168C0F629
:109520000004EC640546006B01F1400C11466246F4
:10953000FCF746FCF0B94FF480511FE0856A4AF60B
:109540001554C0F60004EC63856A4AF67D54C0F6F3
:1095500000042C64856A4AF6B5540168C0F600041C
:10956000EC640546806A01F1380C11466246FCF74E
:1095700027FC08B1012070BD4FF480612868C268E3
:109580001143C16006F01F010122036A02FA01F1D2
:1095900023EA01020262026A114341F2FF72C4F23D
:1095A0000002904201620BDC40F2FF71C4F2000144
:1095B000884213DCB0F1804F35D040F2004115E015
:1095C00040F2FF31C4F20101884214DC41F600018F
:1095D000C4F20001884226D0002114E040F60001C8
:1095E000C4F2000188421ED040F60041C4F20001DE
:1095F000884218D01CE044F20001C4F20101884204
:1096000011D040F20041C4F20101884210D1416CF6
:1096100040F2004340F48062C4F2010341F400418F
:109620009A42416404D1816801F00701062903D000
:10963000016841F0010101604FF0000C604670BD0F
:1096400010B5026801F01F0E4FF0010C146A0CFAFD
:109650000EF324EA0303136240F20043D2F820C061
:1096600042F48064C4F201039C42C2F820C00DD1D0
:10967000136A41F21114234208D1136A40F24444A0
:10968000234203D1536C23F400435364136A41F221
:109690001114234204D1136A40F24444234212D0ED
:1096A000082916D0042909D000294FF0010114BF60
:1096B00080F8411080F83E10002010BD012180F894
:1096C0003F10002010BD136823F001031360082928
:1096D000E8D1012180F84010002010BD70B504468B
:1096E0004FEAB10003284FF0010650D80D4642F66C
:1096F00050612268C0F6010151F82010D36804EBD4
:1097000080001940D160406AFCF7C6F9206805F076
:109710001F01026A06FA01F122EA0101016240F228
:109720000043016A40F48062C4F201039A4201627C
:109730000DD1016A41F21112114208D1016A40F2C1
:109740004442114203D1416C21F400414164016A59
:1097500041F21112114208D1016A40F24442114211
:1097600003D1016821F0010101600120082D0BD017
:10977000042D06D0002D14BF84F8410084F83E006B
:1097800004E084F83F0001E084F840000026304601
:1097900070BD0000016840F20040C4F20100814247
:1097A00000D070470068C00648BF7047B0B5FCF7EE
:1097B00091FD40F61034C2F20004206005F07AFFFB
:1097C000FCF788FD40F60835C2F200052968401A0A
:1097D00040F60431C2F200010860FCF77BFD21680D
:1097E0002860401A40F60C31C2F200010860BDE862
:1097F000B04070477047000070470000704700009D
:10980000B0B582B001680A68CC684B6902F02F05D8
:10981000202D04F0200505D125B102B0BDE8B040EF
:1098200001F0D2BC5FEA027C1EBF03F0010E04F41B
:10983000907313EB0E0340D1036BD50618D5012BA3
:1098400016D114F0100313D0002201920A6801927D
:109850004A680192019A4969490649D4818DC28DAD
:10986000C38D002B18BF914240F0F98102B0B0BD0A
:1098700013062CD514F0800329D090F84120212A1A
:10988000F4D18268B2F5805F03D10269002A00F04A
:109890006982026A531C036212784A60C28C013AE0
:1098A0001304C284E2D1C86820F08000C860C86890
:1098B00040F04000C86002B0B0BDD30718BF14F438
:1098C000807340F0D780530700F1DA80DFE0520662
:1098D000CCD514F04002C9D0CA6822F04002CA6058
:1098E000202180F8411002B0BDE8B04000F080BBFC
:1098F000C26B11684B68858D99B2002900F0B08069
:10990000A94280F0AD80C385D169B1F5807F00F0B8
:10991000A080016851E8031F026821F4807142E8C9
:109920000313DBB1016851E8031F026821F4807161
:1099300042E8031393B1016851E8031F026821F460
:10994000807142E803134BB1016851E8031F0268BC
:1099500021F4807142E80313002BDAD1016851E849
:10996000051F026821F0010142E80513BBB301683D
:1099700051E8051F026821F0010142E8051373B3A5
:10998000016851E8051F026821F0010142E8051352
:109990002BB3016851E8051F026821F0010142E87C
:1099A0000513002BDAD11AE0016851E8051F02689F
:1099B00021F0400142E80513DBB1016851E8051FC1
:1099C000026821F0400142E8051393B1016851E8B3
:1099D000051F026821F0400142E805134BB1016800
:1099E00051E8051F026821F0400142E80513002BF1
:1099F000DAD1202180F8421000210163016851E88A
:109A0000031F026821F0100142E80313DBB1016873
:109A100051E8031F026821F0100142E8031393B1DB
:109A2000016851E8031F026821F0100142E80313A6
:109A30004BB1016851E8031F026821F0100142E8B0
:109A40000313002BDAD1C16B04460846FBF7E4FF91
:109A5000204602214163818DC28D891A89B277E146
:109A60008D427FF403AFD269B2F5807F7FF4FEAE02
:109A700002226CE1436C43F001034364530706D5B3
:109A8000BEF1000F03D0436C43F00203436493071D
:109A900006D5BEF1000F03D0436C43F004034364CA
:109AA000BCF1000F06D55EEA050303D0436C43F01A
:109AB00008034364436C002B3FF4D8AE920605D5EF
:109AC00025B1044601F080FB216820464969426CBB
:109AD00001F0400102F00802891800F0B98000BFCF
:109AE000016851E8031F026821F4907142E80313F2
:109AF000BBB3016851E8031F026821F4907142E88A
:109B0000031373B3016851E8031F026821F49071D5
:109B100042E803132BB3016851E8031F026821F4E4
:109B2000907142E80313002BDAD11AE0016851E882
:109B3000051F026821F0010142E80513DBB101684D
:109B400051E8051F026821F0010142E8051393B1B5
:109B5000016851E8051F026821F0010142E8051380
:109B60004BB1016851E8051F026821F0010142E88C
:109B70000513002BDAD1016B012924D1016851E8CA
:109B8000031F026821F0100142E80313DBB10168F2
:109B900051E8031F026821F0100142E8031393B15A
:109BA000016851E8031F026821F0100142E8031325
:109BB0004BB1016851E8031F026821F0100142E82F
:109BC0000313002BDAD1202180F842100021016319
:109BD00001684969490640F1C080016851E8051FE4
:109BE000026821F0400142E80513DBB1016851E849
:109BF000051F026821F0400142E8051393B1016896
:109C000051E8051F026821F0400142E805134BB1FD
:109C1000016851E8051F026821F0400142E8051380
:109C2000002BDAD1C16B002900F097804AF611624F
:109C3000C0F60002044608460A65FBF72DFF00281F
:109C40003FF414AEE06B016D02B0BDE8B0400847D0
:109C50000446FFF7D3FD0020606402B0B0BD891A4E
:109C6000026852E8032F036822F4907243E8032548
:109C7000BDB3026852E8032F036822F4907243E8F0
:109C8000032575B3026852E8032F036822F490722B
:109C900043E803252DB3026852E8032F036822F43A
:109CA000907243E80325002DDAD11AE0026852E8E9
:109CB000052F036822F0010243E80525DDB10268A3
:109CC00052E8052F036822F0010243E8052595B10B
:109CD000026852E8052F036822F0010243E80525D7
:109CE0004DB1026852E8052F036822F0010243E8F3
:109CF0000525002DDAD1202280F8422000220263BF
:109D0000026852E8032F036822F0100243E803259B
:109D1000DDB1026852E8032F036822F0100243E825
:109D2000032595B1026852E8032F036822F0100260
:109D300043E803254DB1026852E8032F036822F07F
:109D4000100243E80325002DDAD1022289B24263D2
:109D500002B0BDE8B040FFF74FBD02B0BDE8B04073
:109D6000FFF74CBD026A32F8023B6FF35F234B6092
:109D7000026293E5002804BF0120704710B5044635
:109D800090F8410028B9002084F84000204600F0F7
:109D900021F8242084F841002068C16821F4005192
:109DA000C160204601F08EFA2068016921F49041DB
:109DB0000161416921F02A014161C16841F400510A
:109DC000C16000202021606484F8411084F84210B2
:109DD000606310BD2DE9F04387B0044641F20000F6
:109DE0002168C4F20100002681420696CDE904668E
:109DF0000396029602D007B0BDE8F08343F6300127
:109E00000196C4F202014A6946F2884842F0100203
:109E10004A614A6900F5704002F010020192019A0D
:109E200001960A68C4F2020842F001020A60096859
:109E300001F00101019101994FF4C06102910221E9
:109E4000CDE90316032105910721069102A9FCF72C
:109E50005DF941F26C4508F13000C2F200054FF0A7
:109E600000674021C5E9000705F108004FF480694B
:109E700080E842022846C5E90566C5E907666E62C4
:109E8000FBF7FAFE002818BFFAF762FEA563AC6381
:109E900041F20C45C2F200050020C5E90200C5E907
:109EA0000490C5E90600C5E908002846C5E9008711
:109EB000FBF7E2FE002818BFFAF74AFE252003212F
:109EC0000022E563AC63FCF79FFA2520FCF78AFAD1
:109ED00007B0BDE8F083000090F84230202B1CBF93
:109EE0000220704700294FF0010318BF002A01D15A
:109EF000184670470023036301F054BA006841F22A
:109F00000001C4F20101884218BF704740F6F820F2
:109F1000C2F2000008F050BA70470000B0B590F8E7
:109F20004140202C1CBF0220B0BD13460246002930
:109F30004FF0010018BF002B00D1B0BD4FF0000C56
:109F4000212011629384D384C2F844C082F8410076
:109F500014681546906B4BF2111E4BF2C112C0F6FD
:109F6000000EC0F60002C0E90FE24AF61D62C0F61C
:109F70000002C0E9132C221DFBF722FF30B1102094
:109F80006864202085F841000120B0BD286829467A
:109F90006FF04002026000BF086850E8050F0A68D1
:109FA00040F0800042E80503FBB1086850E8050F67
:109FB0000A6840F0800042E80503B3B1086850E841
:109FC000050F0A6840F0800042E805036BB108689D
:109FD00050E8050F0A6840F0800042E80503002BB6
:109FE0004FF0000008BFB0BDD6E70020B0BD0000B4
:109FF0007047000070470000FEE70000B0B584B075
:10A0000041F27410C2F2000042F2000C4FF0005313
:10A010004FF060610024C4F2010C4FF4803201253E
:10A02000C0E90A1303210394047680F82040C1613B
:10A0300080F83050C0E900C2C0E90244C0E90455CC
:10A04000FAF7A6FE002818BFFAF782FD41F2741055
:10A05000C2F200006946CDE900450294FAF7F6FD28
:10A06000002818BFFAF774FD0120009041F2741027
:10A070000224C2F2000069460194FAF7E7FD0028C5
:10A0800018BFFAF765FD0320019041F27410C2F287
:10A09000000069460094FAF7D9FD002818BFFAF7C6
:10A0A00057FD04B0B0BD000070B584B041F2BC10E3
:10A0B00001260024C2F2000042F20011C0F6007630
:10A0C000C4F201010125C0E90A64042603944FF497
:10A0D00080324FF00073047680F82040C66180F82B
:10A0E000305080E83E004561FAF752FE002818BF64
:10A0F000FAF72EFD41F2BC10C2F200006946CDE92C
:10A1000000650294FAF7A2FD002818BFFAF720FDB7
:10A11000052000900220019041F2BC10C2F2000024
:10A120006946FAF793FD002818BFFAF711FD0620DB
:10A13000009041F2BC100324C2F200006946019471
:10A14000FAF784FD002818BFFAF702FD04200190F9
:10A1500041F2BC10C2F2000069460094FAF776FDA5
:10A16000002818BFFAF7F4FC04B070BD80B541F2C6
:10A17000042046F60001C2F20000C4F200010322EE
:10A18000002380E80E0000F10C014FF4002C4FF486
:10A19000401E81E8085083618383FBF7A9FA0028F9
:10A1A00008BF80BDBDE88040FAF7D2BC80B582B060
:10A1B000002043F630010190C4F202010A6842F423
:10A1C00080020A600A6802F480020192019A0090FB
:10A1D0000868002240F4001008600868022100F4BA
:10A1E0000010009000980B20FCF70EF90B20FCF7F4
:10A1F000F9F80E2000210022FCF706F90E20FCF7EA
:10A20000F1F8102002210222FCF7FEF81020FCF7E2
:10A21000E9F8382001210022FCF7F6F83820FCF795
:10A22000E1F83A2000210022FCF7EEF83A20FCF792
:10A23000D9F8442003210122FCF7E6F84420FCF77A
:10A24000D1F8462003210222FCF7DEF8462002B0B6
:10A25000BDE88040FCF7C6B82DE9F04F87B0002577
:10A2600043F630000695CDE90455CDE90255019538
:10A27000C4F20200016840F2004441F08001016034
:10A280000168C4F2020401F0800101910199019575
:10A290000168002241F001010160016840F60807F1
:10A2A00001F00101019101990195016841F002015C
:10A2B0000160016801F002010191019901950168B5
:10A2C00041F004010160016801F00401019101996C
:10A2D0000195016841F008010160006840F608013D
:10A2E00000F00800019001982046FBF7E7FF2046A8
:10A2F0004FF4805101220126FBF7E0FFA4F58068AE
:10A3000040464FF4004101224FF4004BFBF7D6FFCB
:10A3100004F500694846042100224FF0040AFBF7C7
:10A32000CDFFCDE9027602AF20463946CDE904558E
:10A33000FBF7ECFE4FF48050CDE90206204639468B
:10A34000CDE90466FBF7E2FE40463946CDE902B6A8
:10A35000CDE90466FBF7DAFE48463946CDE902A6A8
:10A36000CDE90455FBF7D2FE07B0BDE8F08F000041
:10A37000B0B541F6B01043F60001C2F20000C4F2DD
:10A3800000014FF48272002380E80E0000F10C01FE
:10A390004FF0020C4FF0010E4FF40074382581E8A5
:10A3A00008500A21C0E90645C0E90833C0E90A316E
:10A3B000FDF7D6FC002808BFB0BDBDE8B040FAF7F5
:10A3C000C7BB000070B541F6082043F60041C2F259
:10A3D0000000C4F200014FF4827200234FF4006CBD
:10A3E0004FF0020E012480E80E5000F114014FF4EA
:10A3F0000075202670C10A21C0E90833C0E90A317E
:10A40000FDF7AEFC002808BF70BDBDE87040FAF74C
:10A410009FBB000010B58EB041F6602040F60002F0
:10A420000021C2F20000C4F2000268230D91CDE9C0
:10A430000B110991CDE90711CDE90511CDE9031102
:10A44000CDE90111C0E90021C0E902130161816178
:10A45000FEF724FB002818BFFAF77AFB4FF4805070
:10A460000A9041F66020C2F200000AA9FEF7FAFB4A
:10A47000002818BFFAF76CFB41F66020C2F200001A
:10A48000FEF7F2FE002818BFFAF762FB41F66020E3
:10A490000024C2F2000008A9CDE90844FEF7E4F95F
:10A4A000002818BFFAF754FB6020CDE9010441F6FB
:10A4B0006020C2F2000001A9042203940594FEF773
:10A4C000C9FD002818BFFAF743FB41F66020C2F22D
:10A4D0000000FEF73FFD0EB010BD000010B596B0B5
:10A4E00041F6A82040F200420021C2F20000C4F26E
:10A4F000010280241591CDE913111191CDE90F11BD
:10A50000CDE90D11CDE90B11CDE90911CDE9071107
:10A51000CDE90511CDE90311CDE9011101234FF07A
:10A52000200C40F6330E80E80C50C0E90411846121
:10A53000FEF7B4FA002818BFFAF70AFB4FF4805070
:10A54000129041F6A820C2F2000012A9FEF78AFB81
:10A55000002818BFFAF7FCFA41F6A820C2F2000062
:10A56000FEF782FE002818BFFAF7F2FA702010906A
:10A570008020119041F6A820C2F2000010A9FEF739
:10A5800073F9002818BFFAF7E3FA60200990002059
:10A59000CDE90A00CDE90C00CDE90E0041F6A82076
:10A5A000C2F2000009A90022FEF754FD002818BFDE
:10A5B000FAF7CEFA41F6A820C2F2000009A9042257
:10A5C000FEF748FD002818BFFAF7C2FA41F6A820A6
:10A5D000C2F2000009A90822FEF73CFD002818BFBE
:10A5E000FAF7B6FA7020099041F6A820C2F20000EE
:10A5F00009A90C22FEF72EFD002818BFFAF7A8FAC9
:10A6000000200421CDE901000390CDE904104FF4AE
:10A610000051089041F6A8200691C2F2000001A95D
:10A62000FEF7FCF8002818BFFAF792FA41F6A820C6
:10A63000C2F20000FEF78EFC16B010BD80B541F6E8
:10A64000F02041F20001C2F20000C4F20101002337
:10A650004FF00C0C4FF4E13280E80E00C0E90333F8
:10A66000C0E905C3C361FFF785FB002808BF80BDB3
:10A67000BDE88040FAF76CBA80B540F6986040F2C9
:10A680000401C2F20000C2F20001002201F0D0FB7E
:10A69000002818BFFAF75CFA40F6986040F22401EF
:10A6A000C2F20000C2F2000101F02EFE002818BF25
:10A6B000FAF74EFA40F6986040F2C001C2F200008C
:10A6C000C2F2000101F0C8F8002818BFFAF740FAFA
:10A6D00040F69860C2F2000001F040FE002808BF7A
:10A6E00080BDBDE88040FAF733BA0000FEE7000005
:10A6F000FEE7000041F2CC40C2F20000FCF762B875
:10A700007047000041F60820C2F20000FDF79CBA35
:10A7100082B00021019140F22001C2F200010968DB
:10A7200041F6F112C0F27652A1FB0212510A6422E4
:10A7300051430091009911B30099013900910168CA
:10A740008A68920720D40099C9B100990139009113
:10A7500001688A68920717D4009981B1009901397C
:10A76000009101688A6892070ED4009939B1009966
:10A770000139009101688A689207DBD504E001681D
:10A78000426D42F0400242650A6822F040020A60CF
:10A790004A6822F0E0024A60C968019101990721E4
:10A7A00080F8511002B0704701684A6822F08002B8
:10A7B0004A600A6822F040020A60072180F85110BE
:10A7C00070470000806B0021C187C186FDF702BA87
:10A7D000806B01684A6822F003024A60416D41F0D3
:10A7E00010014165012180F85110FDF7F3B9000017
:10A7F000806BFDF785BC0000806BFDF7F3BF0000A8
:10A80000B0B5846B0546FBF75FFD29680968C9058B
:10A8100027D402462068A168436823F020034360E0
:10A8200031B96168B1F5827F02D16FF0030101E0B7
:10A830006FF001014368194041602046642100F037
:10A8400097F800281CBF202060650020E0870120C9
:10A8500084F85100606D20B12046BDE8B040FDF79E
:10A86000B9B92046BDE8B040FDF748BCB0B582B0EC
:10A87000846B0546FBF728FD29680968C90528D4BB
:10A880000546206801224168642321F020014160CF
:10A8900020460221009500F097F800B3606D40F06B
:10A8A00020006065606D40F02000606520684168B0
:10A8B00021F0030141600020E086E087012084F858
:10A8C0005100606D28B1204602B0BDE8B040FDF7F0
:10A8D00081B9204602B0BDE8B040FDF703BF40F2A9
:10A8E0002000C2F20000006849F68171C1F25E6189
:10A8F000A0FB0101480D4FF47A7148430190606854
:10A90000B0F5827F0AD12046802100226423009581
:10A9100000F05AF80028C1D1C8E700BF019800280C
:10A92000C4D0019801380190206880680006BDD528
:10A9300001980028BAD001980138019020688068F9
:10A940000006B3D501980028B0D0019801380190D5
:10A95000206880680006A9D501980028A6D0019833
:10A9600001380190206880680006D7D49EE7000077
:10A97000B0B582B0044640680B46B0F5827F0ED178
:10A98000A068B0F5004F02D0B0F5806F0BD1216800
:10A99000B0F5806F0D6825F040050D6003D12046AD
:10A9A0000121009202E00092204680210022002531
:10A9B00000F00AF820B1606D032540F020006065CA
:10A9C000284602B0B0BD00002DE9F04782B00A9CD5
:10A9D000984615460E468146FBF776FC201A00EB9A
:10A9E0000804FBF771FC40F22001C2F20001096883
:10A9F000C1F3CB3161430191D9F80010896831402E
:10AA0000891BB1FA81F14909A94203D1002002B0A2
:10AA1000BDE8F087824608F101070CE00198013893
:10AA20000190D9F8000080683040801BB0FA80F0B7
:10AA30004009A842EAD0002FF3D0FBF745FCA0EB79
:10AA40000A00A04204D201980028E7D10024E8E7D8
:10AA5000D9E900014268B1F5827F22F0E00242604C
:10AA60000BD1D9F80810B1F5004F02D0B1F5806FC5
:10AA700003D1016821F040010160D9F82810B1F537
:10AA8000005F07D1016821F400510160016841F4C1
:10AA900000510160012089F85100002089F8500020
:10AAA000032002B0BDE8F08770470000FBF72ABC26
:10AAB00070B592B006AC20463021F9F7CBFB0025EB
:10AAC00043F640000595CDE90355CDE901550095C4
:10AAD000C4F202000168022641F080510160006862
:10AAE00000F080500090009847F200000095C4F2FA
:10AAF0000000016841F480410160006800F480407A
:10AB000000900098012006904FF4803007904FF499
:10AB100080000D9019200E904FF4A870CDE90F061B
:10AB20000720119020460C96FCF7B6FD18B172B6BE
:10AB3000022007F0E3F90F20CDE901064FF4A05001
:10AB400004904FF48050059001A805210395FCF76F
:10AB500091FC18B172B6022007F0D0F912B070BDA6
:10AB60004EF68850CEF20000016841F47001016099
:10AB70007047000010B541F6D144C2F200042078BD
:10AB8000022820D0012814D0002818BF10BD04F0DE
:10AB9000C1F906F04DF8E8B103F00EFF06F068FACF
:10ABA00005F0C2F803F078FB04F020FC01202070CF
:10ABB00010BD03F05DFF03F015FF06F08FFABDE84E
:10ABC000104006F027BF072004F0C2FDBDE810408A
:10ABD00007F084B90220207010BD000041F6A820C3
:10ABE000C2F20000FEF710B9B0B540F6FF3E0568AE
:10ABF000C4F2000E40F2004C7045C4F2010C0FDCB0
:10AC0000B0F1804F19D040F20043C4F200039842E3
:10AC100013D040F60003C4F2000398420DD011E0B7
:10AC200040F60043C4F20003984206D0604504D0C9
:10AC30000023C4F20103984204D14B6825F070024E
:10AC400043EA020541F6FF73C4F2000398420FDCA9
:10AC5000704521DCB0F1804F41D040F20043C4F296
:10AC6000000398423BD040F60003C4F2000334E0F6
:10AC700043F6FF73C4F2010398421EDC42F2000364
:10AC8000C4F2000398422AD00023C4F20103984280
:10AC900025D0604523D027E040F60043C4F20003EE
:10ACA00098421CD041F60003C4F20003984216D02B
:10ACB00041F60043C4F200030FE044F20003C4F283
:10ACC000010398420BD044F60003C4F201039842FA
:10ACD00005D044F20043C4F20103984204D1CB688A
:10ACE00025F4407243EA02050A688C684B69C46225
:10ACF00040F480648262644504BF096901630268AC
:10AD000025F0800142F004021943026001224261F1
:10AD10000160B0BD10B5846B616A814211D0A16A37
:10AD2000814216D0E16A81421BD0216B81421FD142
:10AD3000C06908210028217704BF012084F8410060
:10AD400016E0C16901200029207708BF84F83E0081
:10AD50000EE0C0690221217750B9012084F83F003C
:10AD600006E0C0690421217710B9012084F8400071
:10AD70002046FEF7A9FA0020207710BD10B5846B9D
:10AD8000616A81420AD0A16A814209D0E16A8142A6
:10AD900008D0216B814207D1082004E0012002E0A5
:10ADA000022000E0042020772046FEF79FFA0020D2
:10ADB000207710BD10B5846B616A81420CD0A16A06
:10ADC00081420ED0E16A814211D0216B814214D0C0
:10ADD000012084F83D0015E00120207784F83E0032
:10ADE00010E002202077012084F83F000AE00420D0
:10ADF0002077012084F8400004E00820207701201B
:10AE000084F841002046FDF7FBFF0020207710BDAD
:10AE1000806B0021C185FEF7F1BC0000806B0168EA
:10AE20004A6990F84130212B2DD112F080022AD0AE
:10AE30000021C184016851E8031F026821F0C001AC
:10AE400042E80313DBB1016851E8031F026821F0F7
:10AE5000C00142E8031393B1016851E8031F02687F
:10AE600021F0C00142E803134BB1016851E8031F10
:10AE7000026821F0C00142E80313002BDAD120213F
:10AE800080F841100168496990F84220222A40F078
:10AE90007D8011F0400179D00021C185016851E821
:10AEA000031F026821F4907142E80313BBB30168E9
:10AEB00051E8031F026821F4907142E8031373B351
:10AEC000016851E8031F026821F4907142E80313FE
:10AED0002BB3016851E8031F026821F4907142E826
:10AEE0000313002BDAD11AE0016851E8051F02684C
:10AEF00021F0010142E80513DBB1016851E8051FAB
:10AF0000026821F0010142E8051393B1016851E89C
:10AF1000051F026821F0010142E805134BB10168E9
:10AF200051E8051F026821F0010142E80513002BDA
:10AF3000DAD1016B012924D1016851E8031F0268AD
:10AF400021F0100142E80313DBB1016851E8031F4F
:10AF5000026821F0100142E8031393B1016851E83F
:10AF6000031F026821F0100142E803134BB101688E
:10AF700051E8031F026821F0100142E80313002B7F
:10AF8000DAD1202180F8421000210163416C41F0A8
:10AF900010014164FEF732BC0168806B0968C90585
:10AFA00000F19F800021C185016851E8031F0268FC
:10AFB00021F4807142E80313E3B1016851E8031FF3
:10AFC000026821F4807142E803139BB1016851E8E3
:10AFD000031F026821F4807142E8031353B1016832
:10AFE00051E8031F026821F4807142E80313002B2B
:10AFF000DAD100BF016851E8051F026821F00101A4
:10B0000042E80513BBB3016851E8051F026821F04F
:10B01000010142E8051373B3016851E8051F026896
:10B0200021F0010142E805132BB3016851E8051F27
:10B03000026821F0010142E80513002BDAD11AE081
:10B04000016851E8051F026821F0400142E805133C
:10B05000DBB1016851E8051F026821F0400142E8B8
:10B06000051393B1016851E8051F026821F0400102
:10B0700042E805134BB1016851E8051F026821F051
:10B08000400142E80513002BDAD1202180F842105C
:10B09000016B012925D100BF016851E8031F026837
:10B0A00021F0100142E80313DBB1016851E8031FEE
:10B0B000026821F0100142E8031393B1016851E8DE
:10B0C000031F026821F0100142E803134BB101682D
:10B0D00051E8031F026821F0100142E80313002B1E
:10B0E000DAD100214163016B012918BFFEF706BFC9
:10B0F000818DFEF781BB0000806B01214163016BF4
:10B10000012918BFFEF708BF818D4908FEF774BBFF
:10B110000168806B0968C90548BFFEF769BF002157
:10B12000C18400BF016851E8051F026821F0800159
:10B1300042E8051383B3016851E8051F026821F056
:10B14000800142E805133BB3016851E8051F02681E
:10B1500021F0800142E80513F3B1016851E8051FB1
:10B16000026821F0800142E80513002BDAD113E0D8
:10B17000016851E8031F026841F0400142E80313EF
:10B18000002B08BF7047016851E8031F026841F0B7
:10B19000400142E8031393B1016851E8031F0268BC
:10B1A00041F0400142E803134BB1016851E8031F2D
:10B1B000026841F0400142E80313002BD8D17047E8
:10B1C000806BFEF717BF000081B090F84210222973
:10B1D00020D183680246B3F5805F08D152F8281F5A
:10B1E00052F8183C002B61D003685B6809E052F804
:10B1F000281F13B90369002BF6D003685B6803F0BE
:10B200007F030B70116801311160C18D01390A048F
:10B21000C18501D001B070470168CA6822F02002E0
:10B22000CA60CA6822F48072CA604A6922F00102C8
:10B230004A61202180F8421000214163026B012AFB
:10B240003CD10163016851E8031F026821F010013D
:10B2500042E80313DBB1016851E8031F026821F0E3
:10B26000100142E8031393B1016851E8031F02681B
:10B2700021F0100142E803134BB1016851E8031FAC
:10B28000026821F0100142E80313002BDAD10168B3
:10B290000A68D20606D5002200920A680092496820
:10B2A00000910099818D01B0FEF7A6BA026852683C
:10B2B0006FF35F2221F8022B8162A6E701B0FEF74F
:10B2C0001DBE0000B0B50446006804F108030ECBB3
:10B2D0000569194325F440552A4302616269E3690F
:10B2E0001143C268194349F20C639A431143C16088
:10B2F0004169A26921F4407141F20043114340F4D5
:10B300008062C4F201039A42416102D1FCF77CF9E8
:10B3100001E0FCF765F9E1694FF69C756368192255
:10B32000C0F6FF75B1F5004FA0FB02011CD15A0019
:10B33000DB0FF8F745FF48F21F51C5F2EB11A0FBF8
:10B3400001235A0905F1805302FB0300322303EB6A
:10B35000C000A0FB01014FF4F87000EA111000EBEF
:10B360000210C1F3421118E09A009B0FF8F728FF72
:10B3700048F21F51C5F2EB11A0FB01235A0902FB51
:10B380000500322303EB0010A0FB0101F02000EACE
:10B39000511000EB0210C1F343110844216888608A
:10B3A000B0BD0000F0B581B01346002704468162AD
:10B3B00083854764222084F84200E06B4AF6997541
:10B3C0004BF2F9060A462168C0F60005C0F60006F1
:10B3D000C0E90F564AF61D66C0F600060431C0E902
:10B3E0001367FAF7EDFC38B110206064202084F870
:10B3F0004200012001B0F0BD009720680168009173
:10B40000406800900098206930B300BF206850E881
:10B41000030F216840F4807041E80302E2B1206824
:10B4200050E8030F216840F4807041E803029AB1AC
:10B43000206850E8030F216840F4807041E803025F
:10B4400052B1206850E8030F216840F4807041E851
:10B450000302002ADAD100BF206850E8050F2168F6
:10B4600040F0010041E80502BAB3206850E8050F3A
:10B47000216840F0010041E8050272B3206850E8FD
:10B48000050F216840F0010041E805022AB3206859
:10B4900050E8050F216840F0010041E80502002A4C
:10B4A000DAD11AE0206850E8050F216840F040002A
:10B4B00041E80502DAB1206850E8050F216840F044
:10B4C000400041E8050292B1206850E8050F21686C
:10B4D00040F0400041E805024AB1206850E8050FFD
:10B4E000216840F0400041E80502002ADAD100203E
:10B4F00001B0F0BD41F6F020C2F20000FEF780B9C5
:10B50000D0F8D42200EB820CDCF8C032002B04BF50
:10B5100003207047B0B501F00F0404EB840200EB88
:10B52000820E5EF8142F5AB1D0F8C85204EBC4044E
:10B5300005EB8404E469B2FBF4F505FB142292B137
:10B540000020C3F81402DCF8C422D2F810C0BCF109
:10B55000000F08BFB0BDD3F808020A4603F5047116
:10B56000E0470020B0BD00220023CEF8002000F00C
:10B57000ADFE0020B0BD0000B0B5D0F8D42200EB85
:10B580008202D2F8C05295B1044600F037FDD4F8DB
:10B59000D412C5F80C0204EB8101D1F8C412D5F81D
:10B5A0000402CA6805F5037190470020B0BD03206E
:10B5B000B0BD000070B58121044600F061FC00259B
:10B5C0002046012184F8375000F05AFC20468221A1
:10B5D00084F8775100F054FCD4F8D40204F53076A6
:10B5E00056F8201084F84B50656489B104EB800054
:10B5F000D0F8C40240688047D4F8D40256F820003E
:10B6000001F028F9D4F8D40246F82050C4F8BC520E
:10B61000002070BD10B5D0F8D41200EB8100D0F836
:10B62000C04284B1D0F8C41259B194F80002FF2886
:10B6300007D08B6894F8012221469847FF2084F8B0
:10B640000002002010BD032010BD0000014640F2A2
:10B65000A0000A22C2F200000A807047F0B581B053
:10B6600040F25C07C2F2000704463846822100F02F
:10B6700013FB06463846012100F00EFB054638460E
:10B68000812100F009FB002E1CBF1021B171002D9B
:10B690001CBF4021A98000281CBF4021818043217C
:10B6A00040F25C00C2F20000218001B0F0BD000059
:10B6B000F0B581B040F25C07C2F20007044638469C
:10B6C000822100F0E9FA06463846012100F0E4FA4A
:10B6D00005463846812100F0DFFA002E1CBF1021FC
:10B6E000B171002D1CBF4FF40071A98000281CBF50
:10B6F0004FF400718180432140F25C00C2F20000EF
:10B70000218001B0F0BD0000F0B581B040F25C07CF
:10B71000C2F2000704463846822100F0BDFA064610
:10B720003846012100F0B8FA05463846812100F07C
:10B73000B3FA002E1CBF1021B171002D1CBF402197
:10B74000A98000281CBF40218180432140F25C0079
:10B75000C2F20000218001B0F0BD00002DE9F041EF
:10B7600004464FF4077001F077F800284FD04FF4EB
:10B7700007710546F8F76EFDD4F8D402402704EBB4
:10B780008000C0F8C052207CC4F8BC52002808BF1A
:10B790004FF400772046812102223B46022600F02A
:10B7A000ABFC4FF001082046012102223B4684F801
:10B7B000378000F0A1FC1020606420468221032223
:10B7C000082384F8778100F097FCD4F8D40200278E
:10B7D000C5F8047204EB8000D0F8C40284F84B80F2
:10B7E00000688047C5F81472C5F81872D5F80422AD
:10B7F00052B1207C01210028204614BF40234FF481
:10B80000007300F08DFC00263046BDE8F081D4F8CE
:10B81000D402002104EB8000C0F8C0120220BDE871
:10B82000F0810000D0F8D41200EB8101D1F8C012F1
:10B83000002904BF0320704780B590F810C0D1F8EC
:10B84000042240230121BCF1000F08BF4FF4007314
:10B8500000F066FC002080BD00290FBF0320D0F857
:10B86000D42200EB8200C0F8C41218BF0020704739
:10B87000D0F8D42200EB8200D0F8C00200280EBF1E
:10B880000320C0F80412002070470000D0F8D43222
:10B8900000EB8300D0F8C00200280FBF0320C0F8DF
:10B8A0000812C0F81022002070470000F0B581B0E7
:10B8B000D0F8D42200EB8203D3F8C0420022002C3F
:10B8C0008DF80320ADF8002054D00D7815F06002FB
:10B8D00014D0202A4CD1CA881AB36DB2B5F1FF3FFB
:10B8E00027DD4978402A84F80012214628BF4022EB
:10B8F00084F8012200F08EF800243CE04A780B2AFC
:10B9000036D80024DFE802F00637343434343434D7
:10B910003434253090F89C22032A29D1694602222A
:10B920001EE0D3F8C40200228368487800249847B8
:10B9300021E0D3F8C43206469D684B780F4618467E
:10B940002146A847FA883046072A28BF0722214601
:10B9500006E090F89C22032A0AD10DF1030101228E
:10B9600000F074F8002406E090F89C22032A02D02C
:10B9700000F044F80324204601B0F0BDD0F8D41202
:10B9800000EB8101D1F8C022002A04BF03207047D8
:10B99000D2F8141200294FF0010101D00846704777
:10B9A00080B5C2F81412D2F81032D2F808228121E0
:10B9B000836200F08BFC0021BDE8804008467047A0
:10B9C00080B5D0F8B82252689047002818BF0320ED
:10B9D00080BD0000002070470020704780B51346EE
:10B9E0000A46002100F09CFB002080BD80B5134674
:10B9F0000A46002100F06AFC002080BD10B58021BD
:10BA0000044600F031FC20460021BDE8104000F063
:10BA10002BBC000080B513460A460321C0F89412DF
:10BA20000021C0F86421C0E9553300F079FB002003
:10BA300080BD000080B50521C0F8941200210022CD
:10BA4000002300F06DFB002080BD000080B5134690
:10BA50000A460221C0F8941200214262C0E905336F
:10BA600000F034FC002080BD80B50421C0F89412A1
:10BA700000210022002300F029FC002080BD0000EE
:10BA800010B540F22C34C2F200040A4602A021464E
:10BA900000F044F9204610BD43444320436F6E66D6
:10BAA0006967000040F2AC001222C2F200000A8076
:10BAB0007047000010B540F22C34C2F200040A4670
:10BAC00002A0214600F02AF9204610BD434443203D
:10BAD000496E7465726661636500000040F2D400CF
:10BAE0000422C2F200000A807047000010B540F244
:10BAF0002C34C2F200040A4602A0214600F00EF9DE
:10BB0000204610BD7778640010B540F22C34C2F2A4
:10BB100000040A4602A0214600F000F9204610BDAC
:10BB20005844722D5000000047F61020C1F6FF70F7
:10BB3000026883684FF01A0C9B18A1F800C000F04F
:10BB4000A680B0B54FF0370C1A0F0CEB137140689C
:10BB5000B3F1204F38BF02F1300140F2D802C2F2F7
:10BB60000002917019014FF0000E0CEB117582F874
:10BB700003E0C3F30364B1F1204F38BF04F1300593
:10BB8000190215710CEB117582F805E0C3F303542B
:10BB9000B1F1204F38BF04F13005190395710CEB5A
:10BBA000117582F807E0C3F30344B1F1204F38BFA9
:10BBB00004F13005190415720CEB117582F809E0D7
:10BBC000C3F30334B1F1204F38BF04F13005190538
:10BBD00095720CEB117582F80BE0C3F30324B1F1FD
:10BBE000204F38BF04F1300519061573C3F3031451
:10BBF0000CEB1175B1F1204F4FEA037103F00F0305
:10BC000082F80DE038BF04F1300503F13704957375
:10BC100082F80FE0B1F1204F38BF03F13004010F7B
:10BC20000CEB1073147482F811E0B0F1204F38BFA0
:10BC300001F1300301010CEB1174937482F813E0ED
:10BC4000C0F30363B1F1204F38BF03F130040102A8
:10BC50001475C0F303530CEB1174B1F1204F4FEA8C
:10BC6000003182F815E038BF03F130040CEB11739A
:10BC7000947582F817E0C0F30340B1F1204F38BF4C
:10BC800000F13003137682F819E0BDE8B04040F2CD
:10BC9000D800C2F200007047B0F802C003789C459B
:10BCA0009CBF0020704780B508E000BF82788A42C0
:10BCB00008BF80BD73449AB262452DD290F800E06F
:10BCC00070444278052A02D182788A4225D0734492
:10BCD0009AB2624520D290F800E070444278052A7A
:10BCE00002D182788A4218D073449AB2624513D244
:10BCF00090F800E070444278052A02D182788A42A6
:10BD00000BD073449AB2624506D290F800E07044BA
:10BD10004278052ACAD0CDE7002080BD002808BFA0
:10BD2000704710B50378A3B100F1020E4FF0000C7C
:10BD3000734600BF13F8014C9CB11C78A4B15C7829
:10BD4000ACB19C780CF1040C002C03F10403F1D18C
:10BD50000FE04FF0000C5FFA8CF3022404EB430376
:10BD60000CE04CF0010C04E04CF0020C01E04CF053
:10BD7000030C5FFA8CF33F2B3BD980231380032203
:10BD80000B704A7003788BB3023002224FF0000C24
:10BD9000D4B251FA82FE0B558EF801C010F8013C66
:10BDA00023B3941C5FFA84FE51FA84F401F80E3038
:10BDB00084F801C00378CBB1141D5FFA84FE51FAF8
:10BDC00084F401F80E3084F801C0437873B1941DF7
:10BDD0005FFA84FE51FA84F401F80E3084F801C051
:10BDE00083780832002B00F10400D1D1BDE8104067
:10BDF00070474FF0000C00BF1EF8013C73B19EF875
:10BE0000003073B19EF8013073B19EF802300CF12E
:10BE1000040C002B0EF1040EEED19CE74CF0010C4B
:10BE200099E74CF0020C96E74CF0030C93E7000006
:10BE3000002804BF032070470023C0F8B832C0F8C0
:10BE4000C4320029C0F8D03218BFC0F8B4120121A2
:10BE500080F89C12027000F0D5B8000080B5D0F8D0
:10BE6000C802FAF7C3FB40F20032C100C0F201324F
:10BE700022FA01F1032888BF0321C8B280BD000067
:10BE800080B5D0F8C802FAF789FB40F20032C10051
:10BE9000C0F2013222FA01F1032888BF0321C8B29F
:10BEA00080BD0000B0B581B190F89C22032A51D129
:10BEB000D0F8B8225269002A4CD00023C0F8D432FE
:10BEC0009047002808BF0020B0BDD0F89412022986
:10BED00039D18169038C99420ED9CA1A416A8261AB
:10BEE000194441620446FFF781FD204600210022EB
:10BEF000002300F015F925E00FD142698A420CD3E6
:10BF0000D0F898128A4208D2002100220446002567
:10BF1000FFF76CFDC4F89852E7E790F89C120329EC
:10BF200009D1D0F8B812C96829B10022C0F8D422CA
:10BF30000446884720468021044600F095F92046B3
:10BF4000FFF778FD204690F8A01200291CBF0021C1
:10BF500080F8A0120020B0BD10B579B190F89C22F5
:10BF6000032A22D1D0F8B8229269F2B10023C0F896
:10BF7000D4329047002808BF002010BDD0F894129A
:10BF8000032912D1D0F85811B0F8602191420ED98E
:10BF90008B1AD0F86411C0F858311144C0F86411FC
:10BFA000934288BF1A46FFF719FD002010BD90F894
:10BFB0009C12032909D1D0F8B812096929B10022CD
:10BFC000C0F8D422044688472046FFF74DFD0020E4
:10BFD00010BD000000207047012180F89C12D0F8AD
:10BFE000B812002904BF0020704780B54A68017963
:10BFF0009047002818BF032080BD0000D0F8C80279
:10C00000FAF724BB017809B10020704710B541F25E
:10C01000CC41C2F20001C1F8E004C0F8C8124FF0F0
:10C02000A0400860042008714FF40070C88002200E
:10C03000C1F809000020C8810846FBF72FF8002846
:10C0400018BFF8F785FD41F2CC44C2F20004204647
:10C050008021FAF717FA204600214022FAF716FA53
:10C06000204601218022FAF711FABDE81040002095
:10C0700070470000D0F8C80201F07F034AB203EB1A
:10C08000C30301EBC10100EB830300EB810000F26D
:10C090005620002A48BF03F11600007870470000C0
:10C0A000D0F8D42200EB8202D2F8B822002A04BFD2
:10C0B0000320704790F89C32032B05D1126A1AB105
:10C0C00080B59047002080BD00207047D0F8D42272
:10C0D00000EB8202D2F8B822002A04BF0320704786
:10C0E00090F89C32032B05D1526A1AB180B5904763
:10C0F000002080BD0020704780B59446D0F8C8026B
:10C100001A466346FAF7ACFA40F20032C100C0F2B8
:10C11000013222FA01F1032888BF0321C8B280BD91
:10C1200080B5D0F8C802FAF7D5FA40F20032C10063
:10C13000C0F2013222FA01F1032888BF0321C8B2FC
:10C1400080BD0000F0B581B00126002580F89C621A
:10C15000C0F8945204464560D0F8B802C4F8A4521E
:10C1600084F8A05240B1426832B120460021904785
:10C170000546002818BF0325204600210022402341
:10C180004027FFF7B9FF204680210022402384F892
:10C190006361A4F86071FFF7AFFF84F8236028465D
:10C1A000278401B0F0BD000090F89C12042904BF60
:10C1B00090F89D1280F89C120020704790F89C1215
:10C1C000032908D1D0F8B81229B1C96919B180B5CD
:10C1D0008847BDE8804000207047000002460020EC
:10C1E0001174704780B5D0F8C802FBF7EDF840F243
:10C1F0000032C100C0F2013222FA01F1032888BFE7
:10C200000321C8B280BD0000B0B500F2AA240546E3
:10C21000204600F06DF80121C5F8941295F8AA1295
:10C22000B5F8B03201F01F02022AC5F898320ED0DC
:10C23000012A06D08AB928462146BDE8B04000F060
:10C240008FB828462146BDE8B04000F0C7BA28465E
:10C250002146BDE8B04000F01DBA01F0800128463B
:10C26000BDE8B040AFF3008080B5D0F8C802FAF75F
:10C2700053FA40F20032C100C0F2013222FA01F159
:10C28000032888BF0321C8B280BD000080B5D0F864
:10C29000C802FBF7B5F840F20032C100C0F201322B
:10C2A00022FA01F1032888BF0321C8B280BD000033
:10C2B000014690F89C02042204281CBF91F89C02BD
:10C2C00081F89D02002081F89C22704780B5D0F84B
:10C2D000C802FAF759FA40F20032C100C0F2013246
:10C2E00022FA01F1032888BF0321C8B280BD0000F3
:10C2F0000A7802704A7842704A8842808A8882802E
:10C30000C988C1807047000010B582B00446002083
:10C31000ADF80600B1B1D4F8D42204F52E70C4F8FB
:10C32000B81250F82200C16A21B10DF10600884709
:10C33000C4F8D002D4F8D8020130C4F8D8020020E2
:10C3400002B010BD032002B010BD0000D0F8B8222A
:10C35000002A04BF0020704712681047FFF796BFFD
:10C3600070B582B00A7812F060020FD0402A02D075
:10C37000202A40F0C580D0F8D42200EB8202D2F807
:10C38000B822926802B0BDE8704010474A78092A86
:10C3900000F2B680DFE802F0052CB44FB45877B451
:10C3A0001A3C90F89C22013A022A00F2A980C9881E
:10C3B000022940F0A580D0F8A4120322002908BF6A
:10C3C0000122014641F80C2F02224CE1C9880129C3
:10C3D00040F0968090F89C124A1E022A80F08B80D2
:10C3E0000024014641F8084F0122FFF72FFB90E09F
:10C3F00090F89C22013A022A00F2828049880024A7
:10C40000012940F08680C0F8A442FFF72DFB80E0B0
:10C41000498840F22B35C2F2000511F0FE0F297059
:10C4200047D080210446FFF71FFF20460021FFF779
:10C430001BFF03246DE04A88022A58D0012A5FD1ED
:10C440000121C0F8A41215E18A88002A58D1CA88AF
:10C45000002A55D14D887F2D52D890F89C1203297F
:10C460004ED0E9B280F89E520446FFF7BBFE20464C
:10C470002646FFF7F9FA002D14BF0220012086F8A6
:10C480009C02002445E04A884FF0FF3303EB12235F
:10C490000026062BADF8066000F2E980DFE803F025
:10C4A00004493CE7E75865000D46D0F8B4120A6825
:10C4B000C8E090F89C22032A66D0022A40F08880C7
:10C4C0000A0600F0D78001F00102C9B242600546B9
:10C4D000FFF73CFF002800F09880044628468021A2
:10C4E000FFF7C2FE28460021FFF7BEFE6CE0497947
:10C4F00080F8A012BEE0032902D1011D0122B2E0A2
:10C5000080210446FFF7B0FE204600210024FFF7FB
:10C51000ABFE204602B070BDD2B2052A00F2A78061
:10C52000DFE802F003877F837B8BD0F8B422526868
:10C5300086E00D46017C0446D0F8B80200290CBF05
:10C54000816AC16A0DF1060088470146022019E0A0
:10C55000027C002A40F08B800446D0F8B8020D46D9
:10C56000416B0DF10600884771E0027C002A7ED104
:10C570000446D0F8B8020D46016B0DF1060088475D
:10C5800001460720487063E00A062FD0426801F098
:10C5900001018A426ED0D1B20446FFF711FA297820
:10C5A000204661602546FFF7D1FE002870D0044682
:10C5B00028468021FFF758FE28460021FFF754FE49
:10C5C00029792846FFF7FCF9022085F89C02A0E7AC
:10C5D00080210446FFF748FE20460021FFF744FE75
:10C5E00029782046FFF7ECF9032492E7022201F0B4
:10C5F000010180F89C224160002105460024FFF7DC
:10C60000DFF92846FFF730FA83E72846FFF72CFAD0
:10C61000032085F89C0200247BE7D0F8B4225269FD
:10C620000EE0D0F8B422D2680AE0D0F8B422126941
:10C6300006E0D0F8B422926802E0D0F8B422926901
:10C64000AAB10D460446007C0DF106019047014653
:10C65000EA8872B1BDF8063083B1934238BF1A46FA
:10C66000ADF806202046FFF7F1F9002451E7044613
:10C6700005E02046FFF7F8F900244AE7204680212C
:10C68000FFF7F2FD20460021FFF7EEFD002440E712
:10C690002846EFE770B50A780D46097912F0600276
:10C6A000044609D0402A01D0202A42D12046FFF773
:10C6B00091F9D0B1002070BD687888B3012821D0ED
:10C6C000032836D194F89C0203281FD1688838B912
:10C6D00011F07F0004D0E88810B92046FFF7C4FDB0
:10C6E0002046FFF7C1F9002070BDD4F8B802826877
:10C6F0000020002AC4F8D402DCD020462946BDE838
:10C700007040104794F89C0203281CD0022810D1D6
:10C7100048060ED02046FFF7A7FD204680210EE0F8
:10C7200094F89C0203281ED0022808BF5FEA4160EB
:10C7300044D020468021FFF797FD20460021FFF7D7
:10C7400093FD002070BD68880028B3D10E464806CE
:10C7500003D020463146FFF781FB2046FFF784F9DE
:10C7600020463146A3E701F00F0000EB800080294E
:10C7700004EB80002CBF90F8230090F863010028A0
:10C78000D7D001F07F0000EB800004EB800000F1C7
:10C79000140501EB810004EB8000802938BF00F50F
:10C7A000AA75480605D02046FFF764FC08B10120B1
:10C7B00000E0002005F10E01A87309E008064FF023
:10C7C000140058BF4FF4AA702118002001F80E0F72
:10C7D00020460222FFF73AF9002070BDB0B50A7872
:10C7E00012F0600218BF402A10D190F89C22013A42
:10C7F000022A0DD88A8812F0FE0F09D10C46D1B258
:10C800000546FFF7E9F870B10320B0BD202AECD04F
:10C8100080210446FFF728FD204600210024FFF771
:10C8200023FD2046B0BDD5F8B8128A68002AEBD0A7
:10C8300000212846C5F8D41221469047E1880446D5
:10C84000002908BF002CECD12846FFF70DF9002085
:10C85000B0BD00007047000040F2AC30C2F20000F2
:10C860007047000010B50A784B78D0F81CE802F049
:10C870000F04012B4FEA421C17D10123A34043EAC6
:10C880000E03C0F81C386044D0F800391B0427D4CC
:10C890008B6800F51060097904686FF3DF2343EAC1
:10C8A000814144EA8252114315E04FF48032A240A4
:10C8B00042EA0E02C0F81C286044D0F8002B120493
:10C8C0000ED48A6800F5306009796FF3DF220368BF
:10C8D00042EA8141194341F0805141F40041016035
:10C8E000002010BD0146D0F8000940F2FF729043CD
:10C8F000C1F80009D1F8040840F480720020C1F8A2
:10C900000428704782B002F47F42B2F5807F60D184
:10C91000826B4FF6BF7322F480328263C268CFF617
:10C92000BD731A40C260029BC268DBB222F440129F
:10C93000012BC26003D1C26842F48012C26000229F
:10C940000092009A01320092009AB2F1706F00F2E8
:10C95000B9800269002A21D4009A01320092009A1B
:10C96000B2F1706F00F2AE800269002A16D4009A0C
:10C9700001320092009AB2F1706F00F2A380026956
:10C98000002A0BD4009A01320092009AB2F1706F23
:10C9900000F298800269B2F1FF3FD2DC0A2200BFA8
:10C9A0000092009A002A5ED0009A013A0092009A02
:10C9B000002A58D0009A013A0092009A002A52D0D8
:10C9C000009A013A0092009A002A4CD0009A013A4B
:10C9D000E6E7C26842F04002C26000220192019A7A
:10C9E00001320192019AB2F1706F00F29D800269EA
:10C9F000002A20D4019A01320192019AB2F1706F9B
:10CA000000F292800269002A15D4019A0132019243
:10CA1000019AB2F1706F00F287800269002A0AD48D
:10CA2000019A01320192019AB2F1706F7CD80269C9
:10CA3000B2F1FF3FD3DC0A220192019A002A44D0CE
:10CA4000019A013A0192019A002A3ED0019A013AD4
:10CA50000192019ACAB3019A013A0192019AA2B3D2
:10CA6000019A013AE8E7026942F001020261009A84
:10CA700001320092009AB2F1706F23D80269D20796
:10CA80001DD0009A01320092009AB2F1706F19D84D
:10CA90000269D20713D0009A01320092009AB2F1D3
:10CAA000706F0FD80269D20709D0009A0132009244
:10CAB000009AB2F1706F05D80269D207D7D14FF052
:10CAC000000C3CE04FF0030C39E0026942F0010237
:10CAD0000261019A01320192019AB2F1706F23D87A
:10CAE0000269D2071DD0019A01320192019AB2F176
:10CAF000706F19D80269D20713D0019A01320192DE
:10CB0000019AB2F1706F0FD80269D20709D0019A69
:10CB100001320192019AB2F1706F05D80269D20711
:10CB2000D7D14FF0000C01E04FF0030C826B13F4EF
:10CB30007F4F14BF22F4803242F48032826301F4CA
:10CB40007F01B1F5803F07D1816841F00601816026
:10CB5000816841F020018160604602B070470000AA
:10CB600010B54A7891F800E047F6000CCEF6334C49
:10CB7000012A4FEA4E1226D10244D2F8001902F5DA
:10CB80001063B1F1FF3F4FF0010407DC196841F079
:10CB900000611960196841F0804119600EF00F01C1
:10CBA000D0F83C2804FA01F18A43C0F83C28D0F8B8
:10CBB0001C2822EA0101C0F81C18186800EA0C01C0
:10CBC0000020196010BD811801F53063D1F8001BF9
:10CBD0000CF1707CB1F1FF3F4FF48034DEDCD5E71F
:10CBE0000146D0F8000E20F00300C1F8000ED1F885
:10CBF000040820F002020020C1F804287047000059
:10CC00000146D0F8000E20F00300C1F8000ED1F864
:10CC1000040840F002020020C1F804287047000018
:10CC20002DE9F04F86B0C3F3074516468E46002126
:10CC3000C0F80411C0F80811C0F80C11C0F81011A8
:10CC4000C0F81411C0F81811C0F81C11C0F8201158
:10CC5000C0F82411C0F82811C0F82C11C0F8301108
:10CC6000C0F83411C0F83811C0F83C113DB1816BE7
:10CC700021F400118163816B41F4002110E0D0F8B0
:10CC8000041841F00201C0F80418816B41F400114E
:10CC90008163816B21F400218163816B21F4802108
:10CCA00006F47F4281630021B2F5807FC0F8001E48
:10CCB00007D1D0F80028B1EB1E6F07D1C0F80028CB
:10CCC00008E0D0F8001841F0030101E042F0010152
:10CCD000C0F80018002104910499013104910499CD
:10CCE000B1F1706F51D8016900291ED40499013146
:10CCF00004910499B1F1706F47D80169002914D4E7
:10CD00000499013104910499B1F1706F3DD8016922
:10CD100000290AD40499013104910499B1F1706F8A
:10CD200033D80169B1F1FF3FD6DC002104914FF403
:10CD3000846101610499013104910499B1F1706F2A
:10CD400023D8016989061DD50499013104910499FC
:10CD5000B1F1706F19D80169890613D504990131B1
:10CD600004910499B1F1706F0FD80169890609D552
:10CD70000499013104910499B1F1706F05D80169EA
:10CD80008906D7D44FF0000A01E04FF0010A0021D4
:10CD900005910599013105910599B1F1706F4ED852
:10CDA000016900291ED40599013105910599B1F158
:10CDB000706F44D80169002914D405990131059197
:10CDC0000599B1F1706F3AD8016900290AD4059923
:10CDD000013105910599B1F1706F30D80169B1F158
:10CDE000FF3FD6DC00210591102101610599013139
:10CDF00005910599B1F1706F21D80169C90620D557
:10CE00000599013105910599B1F1706F17D8016944
:10CE1000C90616D50599013105910599B1F1706FD3
:10CE20000DD80169C9060CD50599013105910599FF
:10CE3000B1F1706F03D80169C906D7D401E04FF092
:10CE4000010A5FFA8EF94FF00008B9F1000FC0F83F
:10CE50001088C0F81488C0F81C8800F00E81CDF846
:10CE60000CA0CDE9015ED0F800194FF0006404EA8F
:10CE700011114FF67F35B9F1010BC0F80019C0F858
:10CE80001089C0F8085975D0A9F1020103290BF0E7
:10CE9000030A04D20121BAF1000F41D16AE00096E1
:10CEA0002BF0030700F5186600234FF0904C4FF667
:10CEB0007F324FF0000E00BF56F8601C0EF1040EDA
:10CEC0000CEAE17146F8601C46F8503C46F8582CD4
:10CED00056F8401C77450CEAE17146F8401C46F8CC
:10CEE000303C46F8382C56F8201C0CEAE17146F824
:10CEF000201C46F8103C46F8182C31680CEAE17109
:10CF000031603361B26006F18006D5D1009E0EF12A
:10CF100001014FF67F354FF00064BAF1000F29D0C0
:10CF200000F510634F01B446DE594FF0904202EA1B
:10CF3000E67603EB4111DE51664600274FF67F335C
:10CF4000BAF1010F0F618B6014D00E6ABAF1020FB3
:10CF500002EAE67266460A620F638B620AD00A6CC6
:10CF60004FF0904303EAE2720A6400220A654FF62A
:10CF70007F328A64D0F8001BBBF1000F04EA111164
:10CF8000C0F8001B4FF00001C0F8101BC0F8085B90
:10CF9000DDE9015EDDF80CA06FD0A9F102010329E3
:10CFA0000BF0030C04D20121BCF1000F3BD164E073
:10CFB000A94600962BF0030500F5386600234FF0D4
:10CFC00090474FF67F32002156F8604C043107EA53
:10CFD000E47446F8604C46F8503C46F8582C56F835
:10CFE000404C8D4207EAE47446F8404C46F8303C29
:10CFF00046F8382C56F8204C07EAE47446F8204CE2
:10D0000046F8103C46F8182C346807EAE47434609B
:10D010003361B26006F18006D6D1009E01314D46E3
:10D02000BCF1000F29D000F530634F013446DE59C2
:10D030004FF0904202EAE67603EB4111DE512646BC
:10D0400000274FF67F33BCF1010F0F618B6014D0C6
:10D050000E6ABCF1020F02EAE67226460A620F630C
:10D060008B620AD00A6C4FF0904303EAE2720A64C2
:10D0700000220A654FF67F328A64D0F810181EF439
:10D080007F0F21F48071C0F810186FF08041C0F854
:10D090001880416103D1816941F01001816181698A
:10D0A00043F60002C8F23C02114316F47F0F81617F
:10D0B00003D0816941F008018161012D05D18169A9
:10D0C00041F0804141F004018161504606B0BDE865
:10D0D000F08F00000146806820F0010200208A6085
:10D0E00070470000D0F840C043F20B03C4F65473FD
:10D0F0009C4503D3D0F8003B002B1ED40023C0F87E
:10D10000103BD0F8103B012943F40023C0F8103B3A
:10D11000D0F8103B43F01803C0F8103BD0F8103B98
:10D1200043F0C043C0F8103B07D1C0F8142BD0F82F
:10D13000001B41F08021C0F8001B00207047000058
:10D140004A780B78012A4FEA431210440DD1D0F8E7
:10D15000002922F40012C0F80029097901F0FE012B
:10D16000022913D100F510600CE0D0F8002B22F456
:10D170000012C0F8002B097901F0FE01022905D147
:10D1800000F53060016841F0805101600020704777
:10D190000A784B785101012B084406D1D0F80019C8
:10D1A000002900F5106106D50AE0D0F8001B00291F
:10D1B00000F5306104D41AB1086820F0804008609E
:10D1C000086840F4001200200A607047F0B54B7800
:10D1D000002591F800C04FF6FF76CFF6F875012BC9
:10D1E000CEF207062AD10C6900EB4C1EDEF810794E
:10D1F000002C0EF510634BD03D401D611D69BCF144
:10D20000000F05EA06051D618E686FD0A519013D66
:10D21000B5FBF6F50026C1F6F8761F6906EAC546A5
:10D220003E431E610E79012E6CD11E6926F0C04668
:10D230001E614FF0C04606EA457560E000EB4C13F6
:10D24000D3F8107B4FF6FF742F40C3F8107BD3F850
:10D25000107BC0F207043740C3F8107B8D680E695D
:10D26000BCF1000F03F530631DD006B37719013F01
:10D27000B7FBF5F740F2000CBEB26E430E62C1F68A
:10D28000F87C1D690CEAC7472F4326401F6115E053
:10D2900007EA06041C611C6944F400241C611C6933
:10D2A0002540002433E0002E18BF0D610D621F6978
:10D2B00005EA040637431F614FF400261F69012A5F
:10D2C00047EA06071F6103D1CA68002A18BF5A61DE
:10D2D0000979012931D1D0F808081968C0054FF043
:10D2E000805058BF4FF00050084325E0B44204D9A5
:10D2F0000E614FF40025344601E04FF400251E690D
:10D3000035431D6125461E696FF3DF453543012A0C
:10D310001D6119D1CA69002A18BFCEF814290979EC
:10D3200001290AD1D0F80818DEF80009C9054CBF58
:10D3300040F0805040F0005018604FF004411868F1
:10D34000084318600020F0BD00F510634FEA4C164A
:10D350009F5947F004479F510F79012F3AD1D0F8D8
:10D360000878F558FF054FF0805758BF4FF0005729
:10D370002F43002AF750E5D1A2B2002AE2D0D61CF2
:10D380004FF0FF33C96803EB960300F580504FEA76
:10D390000C32032BC6F381030ED3B70827F0030624
:10D3A0000F68043E17504F6817508F681750CF68AA
:10D3B00001F110011750F3D1002BC3D00F68012BDE
:10D3C0008750BFD04F68022B8750BBD089688150EF
:10D3D0000020F0BD002CB5D00CF00F01012202FAA4
:10D3E00001F100F63403AAE781B0002200924A78E6
:10D3F0000978012A4FEA41113AD100F510625058DC
:10D40000B0F1FF3F3ADC885842F2107340F0006000
:10D410008850885840F08040885000980130009033
:10D420000098984262D85058B0F1FF3F26DC00982F
:10D43000013000900098984258D85058B0F1FF3F02
:10D440001CDC009801300090009898424ED850584B
:10D45000B0F1FF3F12DC0098013000900098984234
:10D4600044D85058B0F1FF3F4FF00000D5DD3BE00D
:10D4700000F530625058B0F1FF3F02DD002001B0EE
:10D480007047885842F2107340F000608850885806
:10D4900040F08040885000980130009000989842F9
:10D4A00024D85058B0F1FF3FE8DC009801300090DC
:10D4B000009898421AD85058B0F1FF3FDEDC00982F
:10D4C000013000900098984210D85058B0F1FF3FBA
:10D4D000D4DC0098013000900098984206D850584B
:10D4E00000284FF00000D6D401B07047012001B0F1
:10D4F000704700000146806840F0010200208A6009
:10D500007047000081B000220092009A0132009220
:10D51000009AB2F1706F51D80269002A1ED4009AA5
:10D5200001320092009AB2F1706F47D80269002A66
:10D5300014D4009A01320092009AB2F1706F3DD873
:10D540000269002A0AD4009A01320092009AB2F1CC
:10D55000706F33D80269B2F1FF3FD6DC8901002237
:10D560002031009201610099013100910099B1F1DF
:10D57000706F23D8016989061DD50099013100918A
:10D580000099B1F1706F19D80169890613D5009916
:10D59000013100910099B1F1706F0FD801698906CE
:10D5A00009D50099013100910099B1F1706F05D84A
:10D5B00001698906D7D4002001B07047032001B06B
:10D5C00070470000D0F8080800F0060180074FF00F
:10D5D000020058BF0F20002908BF0846704700000E
:10D5E000406900F001007047D0F81818D0F81C0806
:10D5F000084080B270470000D0F81818D0F81C0816
:10D600000840000C70470000D0F810C8D0F834383B
:10D6100001F00F0223FA02F2D20100EB4110D2B264
:10D62000D0F8080942EA0C010840704700EB4111AC
:10D63000D1F8081BD0F81408084070474169806988
:10D640000840704710B5930802F0030E2BD05A1E05
:10D65000032A03F0030C0FD323F003034FF480528B
:10D660008458043B0C6084584C6084588C60845807
:10D67000CC6001F11001F3D1BCF1000F13D04FF4D5
:10D68000805284580B46BCF1010F43F8044B04D17F
:10D690001946BEF1000F09D11DE08258BCF1020FFE
:10D6A0004A601AD10831BEF1000F14D04FF48052F5
:10D6B00080580A46BEF1010F02F8010B04BF104664
:10D6C00010BD020ABEF1020F4A7004BF881C10BDD3
:10D6D000000C88700331084610BD4FF48052825808
:10D6E0008A600C31BEF1000FE0D1F4E7B0B504461A
:10D6F000C06820F0C040E06091B1012926D1E06807
:10D70000002540F00050E0600A20F8F7A9FB6069AE
:10D71000C00705F10A0014D1BE2D0546F4D310E070
:10D72000E068002540F08040E06000BF0A20F8F784
:10D7300097FB6069C00705F10A0002D0BE2D0546BF
:10D74000F4D3C838B0FA80F04009B0BD0120B0BDB4
:10D750000246D0F8000801F07F0120F4FE60C2F814
:10D760000008D2F8000840EA01110020C2F80018B1
:10D7700070470000022A02465CD145F24030CFF6E5
:10D78000277043F200530844C0F20C03984202D2BF
:10D790004FF4705050E041F64060CFF61B7044F2F9
:10D7A00040230844C0F20F03984202D24FF4605065
:10D7B00042E0A1F5740044F68073A0F51050C0F269
:10D7C0001203984202D24FF4505035E0A1F1837019
:10D7D0004DF22063A0F5E740C0F21303984202D255
:10D7E0004FF4405028E04BF26060CFF6E5604EF217
:10D7F00060330844C0F21603984202D24FF430500E
:10D800001AE04DF20030CFF6CE6047F24073084484
:10D81000C0F21B03984202D24FF420500CE045F6B0
:10D82000C030CFF6B36049F2C0130844C0F2210300
:10D8300098420AD24FF41050D16821F47051D1604F
:10D84000D16801430020D1607047A1F1B77047F261
:10D850002053A0F55850C0F23803984202D24FF43A
:10D860000050E9E745F2E040CFF6596049F6E04361
:10D870000144C0F241034FF4C050994238BF4FF405
:10D88000E050D9E710B5DDF808C0BCF1000F2CD18D
:10D890005BB303F1030E4FF0FF3303EB9E0300F580
:10D8A00080541203032BCEF3810C0FD34FEA9E0357
:10D8B00023F003030868043B10514868105188683E
:10D8C0001051C86801F110011051F3D1BCF1000FE3
:10D8D0000BD00868BCF1010FA05006D04868BCF11D
:10D8E000020FA0501CBF8868A050002010BD00008F
:10D8F000FEE700004EF60C50BFF34F8FCEF2000053
:10D900000168042201F4E061C0F2FA52114301609F
:10D91000BFF34F8F00BF00BF00BF00BFFAE700009A
:10D9200070B540F6AC35C2F20005687801280CD11C
:10D93000A87822283EDD232800F07980F42800F022
:10D940007280F52840F06C815AE0EA78511E052972
:10D950003AD2A8780238232800F26281DFE810F07A
:10D9600024007700600160016001600160016001D6
:10D97000600160016001600160016001600160019F
:10D98000600160016001600160016001600160018F
:10D99000600160016001600160016001600196004A
:10D9A0002F00A20060018C00696811F8010B03F0E0
:10D9B000EFF935E1212846D0222840F0318168680E
:10D9C000007801F0D7FD2BE1082AC2D0002A40F0F0
:10D9D0002781AA78A2F1F0010E2900F2B480DFE8D5
:10D9E00011F013000401EC00F00022000F00080108
:10D9F000FF00E7001F011F011F011F011F01F400AD
:10DA0000042001F0A5FE0BE140F22421C2F2000146
:10DA10000A78002A00F0078140F22A30C2F20000A2
:10DA200000210170FCE0032001F092FEF8E068683C
:10DA300005F10C040078214604F034F82046042156
:10DA400000F036FFECE0686801F0C8FDE8E06868C7
:10DA50000078FF2870D005F10C0405F1080221467A
:10DA600002F088FF6978A8782A7A022940F08D8030
:10DA7000214604F037FCD3E0D5F804C0032902F0B6
:10DA8000030E85F88C2021D2002237E0686800223E
:10DA9000016841F64C50C2F20000C0E9001201F0EA
:10DAA0009DFDBDE0686805F10C044078214603F057
:10DAB000F9FF6A780421A878022A297221464FF0DA
:10DAC000040240F0638004F00DFCA9E002F07C0346
:10DAD0000CF10104002200BFA01810F8011CAE18C0
:10DAE00086F88D10A15C043286F88E10417893423E
:10DAF00086F88F10807886F89000EDD1BEF1000F87
:10DB000000F08E801CF80200A918BEF1010F81F808
:10DB10008D0000F08580501C1CF800102844BEF1D8
:10DB2000020F80F88D1000F07B80901C1CF8001014
:10DB3000284480F88D1073E041F64140C2F20000A5
:10DB4000012101706CE0501E302800F26980DFE88E
:10DB500000F01967675A676767676767676767678E
:10DB60006767676767676767676767676767676745
:10DB70006767676767675667676767676767676746
:10DB8000676C530002F0F2FE14E0214604F0F8FA4C
:10DB9000002845D140F22420C2F20000002101708B
:10DBA00041F6D040C2F20000017085F88C1037E0D9
:10DBB00002F0A8F8F02028732EE0062001F0C8FD3E
:10DBC0002EE0022001F0C4FD2AE041F6D040C2F26E
:10DBD00000000021017040F22420C2F20000E3E7BF
:10DBE00041F63E30C2F20000AAE7012001F0B0FD8C
:10DBF00016E003F06FFB13E000F078FC05E0002076
:10DC000085F88C000CE003F0B3F86FF001010028F8
:10DC100018BF6FF00F0129730120287201F0B8FFBF
:10DC20000020287070BD0870FAE7FFF763FE00005F
:10DC300070B541F6D046C2F20006307840F6AC35F9
:10DC4000C2F20005F021A97080B105F10C0100209D
:10DC500003F028FF05F11001012003F023FF05F177
:10DC60001401022003F01EFF0C2010E000202C46BF
:10DC700004F80C0F2046F6F7F8FA20441AA12A22DD
:10DC8000F6F7CFFA2046F6F7F0FA012131706978FD
:10DC9000AB780229287205F10C01C2B2184602D1F4
:10DCA00004F020FB0BE004F06BFA40B940F22420B2
:10DCB000C2F2000000210170317085F88C1040F232
:10DCC0002A30C2F2000001780131CAB20B2A017079
:10DCD00038BF70BD40F22420C2F200000021017064
:10DCE000317085F88C1070BD5844722D502C4F5FE8
:10DCF00056312E315F3236303331382C7869616FCE
:10DD000077616E672C3130302C32302D33302C3926
:10DD1000300000002DE9F04740F6AC35C2F20005B6
:10DD20002C78F8F7D1FA34B140F60031C2F2000194
:10DD30000860BDE8F08741F64146C2F2000631783E
:10DD400040F61434C2F200040129206020D140F6CC
:10DD50001834C2F2000421688842EAD041F64047F4
:10DD6000C2F20007387805F10D0105F1080202F052
:10DD700001FE387869782A7A2873A8780132022956
:10DD80002A7238D105F10C01D2B204F0ABFA45E0A9
:10DD900041F63E37C2F200073978012913D140F627
:10DDA0001836C2F2000631688842C2D005F10C0470
:10DDB00005F10801204601F0E1FF002800F09E80F7
:10DDC00000203870B4E040F22421C2F2000109784A
:10DDD00091B340F60036C2F200063168411AB1F53F
:10DDE000FA7F4ED9FFF724FF206840F618313060E3
:10DDF000C2F200019CE705F10C01D2B204F0C0F9B7
:10DE000060B940F22420C2F200000021017041F606
:10DE1000D040C2F20000017085F88C1038780130D3
:10DE2000C1B22F29387002BF002038703070F8F767
:10DE30004BFA2060BDE8F08795F88C1000293FF47C
:10DE400078AF40F61831C2F200010A68904208BF6C
:10DE5000BDE8F0878C260C24086000BFA819407824
:10DE6000291903F01FFE95F88C10A6F18B000136DE
:10DE700004348842F2D305F10C00BDE8F04704F009
:10DE800015BB40F61839C2F20009D9F80010401A43
:10DE90000228FFF44EAF95F88C60002E3FF449AF96
:10DEA00040F6D62AC2F2000A9AF800100023B1FB0D
:10DEB000F6F0C1F10B0700FB161005F10C02284427
:10DEC00090F88D004FF00008B742B8BF012303F06F
:10DED000B1FE9AF80000B74200F101008AF8000094
:10DEE00007DA25218000A970287201F051FE8AF816
:10DEF00000802068C9F80000BDE8F0876978A8783C
:10DF00002A7A022903D1214604F0ECF910E02146D7
:10DF100004F036F960B940F22420C2F2000000217A
:10DF2000017041F6D040C2F20000017085F88C10FB
:10DF3000F8F7CAF93060BDE8F0870000B0B52DED04
:10DF40000A8B40F6C854C2F2000494F88410B0EE74
:10DF5000608A0129B0EE409A3AD0002940F0DA8078
:10DF600094ED2C0A9FED6DBA9FED6DAA39EE400A33
:10DF700030EE0B0AF0EE4A0A04F030FEB5EE400A2D
:10DF80009FED68CA30EE0A1AF1EE10FAB8BFB0EE93
:10DF9000410A30EE0C0A9FED641AB0EEC00AB4EEEE
:10DFA000410AF1EE10FA48DAB4F87400411C88B264
:10DFB000B0F5FA6FA4F8741043D394ED1C0A40F640
:10DFC0009E7130EE090A884284ED1C0A39D940E07E
:10DFD00094ED2C0A9FED51BA9FED51AA39EE400AFB
:10DFE00030EE0B0AF0EE4A0A054604F0F7FDB5EEF6
:10DFF000400A9FED4CCA30EE0A1AF1EE10FAB8BF93
:10E00000B0EE410A30EE0C0A9FED471AB0EEC00A9E
:10E01000B4EE410AF1EE10FA44DAB4F8740040F6B6
:10E020009F72013081B29142A4F874003ED3012066
:10E0300084F8850084ED2C9A3DE00020A4F874005B
:10E04000206794F8850084ED2C9A002862D094ED26
:10E050001C0A9FED361AF0EE4A0A80EE010A30EEF5
:10E060000B0A04F0BBFDB5EE400A30EE0A1AF1EEE1
:10E0700010FAB8BFB0EE410A30EE0C0A84ED1E0A69
:10E0800000209FED2B0ADFED2B0AA4F87400206717
:10E09000012084ED1F8A84ED2C9AA4F8840001F0FD
:10E0A000C7FA37E00020A4F87400206794F88500D0
:10E0B00084ED2C9A70B394ED1F0AF0EE4A0A38EE04
:10E0C000400A30EE0B0A84ED208A04F087FDB5EE9D
:10E0D000400A30EE0A1AF1EE10FAB8BFB0EE410A6B
:10E0E00030EE0C0AB5EE400A002041F60441F1EE94
:10E0F00010FAD8BF0120C2F2000181F82100A06F00
:10E1000000216862012085F82E0084F88410BDEC9F
:10E110000A8BB0BD0020BDEC0A8BB0BD00003443BB
:10E120000000B443000034C3CDCC4C3D0000FA44A1
:10E13000000000009A99193F80B59FED441A9FEDA9
:10E14000443A20EE011AB0EEC11ABDEEC12AB8EE73
:10E15000C22A31EE421A21EE031ABDEEC12A12EE96
:10E16000102A02F1800E6FF35F2242F66C6CC0F64B
:10E17000010C02EE102A6FF35F2E0CEB8203B8EE57
:10E18000422A0CEB8E0231EE421A92ED002A92EDF9
:10E19000013A93ED004A93ED015A9FED2E7A33EE4A
:10E1A000426A74EE050A20EE877A76EE060A74EE6D
:10E1B000041ADFED292A37EE607AF0EE080A75EED0
:10E1C000211A26EE206A61EEA21A21EE077A36EEB7
:10E1D000216A36EE076A21EE066A24EE227A36EECE
:10E1E000476A21EE066A32EE066A81ED006A35EE74
:10E1F000445A32EE036A26EE226A35EE057A36EE8E
:10E20000476A32EE027A33EE073A25EE205A23EEC1
:10E21000223A21EE066A35EE433A33EE063A21EE13
:10E22000033A22EE222A32EE032A21EE021A34EEBB
:10E23000011AB5EE400AB1EE412AF1EE10FAB8BF6C
:10E24000B0EE421A80ED001A80BD00BF610B363B74
:10E2500000000044DB0F49BCDB0F493C10B5F8F768
:10E2600033F841F66044C2F200042168401A642881
:10E2700038BF10BDF8F728F8034641F2BC1040F64D
:10E280007A51C2F20000C2F2000104222360BDE80C
:10E290001040F6F7C9BE000010B541F6A824C2F23E
:10E2A0000004206840F62A0101642046FAF786FC43
:10E2B00020460C21FBF71CF841F2741040F6745113
:10E2C000C2F20000C2F200010322F6F7ADFE41F2F5
:10E2D000BC1040F67A51C2F20000C2F200010422E2
:10E2E000BDE81040F6F7A0BE2DE9F04F81B02DED4E
:10E2F000028B40F2202340F6745BC2F20003C2F2AC
:10E30000000B1B78BBF80070002B00EE107AB8EE03
:10E31000400A00F084809FED608A20EE080A10EE2B
:10E32000100AF6F7DDF840F6805AC2F2000A0646F7
:10E33000DAF800000F46F6F7D3F89FED550B0446C8
:10E3400058EC109B0D46304639464A464346F6F790
:10E350003AF822462B46F5F78FFFF6F7D4F8BBF8CC
:10E360000210CAF8000000EE101AB8EE400A20EEC3
:10E37000080A10EE100AF6F7B3F840F6845AC2F213
:10E38000000A0446DAF800000D46F6F7A9F806463A
:10E390000F46204629464A464346F6F714F83246C9
:10E3A0003B46F5F769FFF6F7AEF8BBF80410CAF87C
:10E3B000000000EE101AB8EE400A20EE080A10EE37
:10E3C000100AF6F78DF840F6885AC2F2000A0446A1
:10E3D000DAF800000D46F6F783F806460F462046A9
:10E3E00029464A464346F5F7EEFF32463B46F5F7E7
:10E3F00043FFF6F788F841F65E41C2F200010A8851
:10E40000CAF80000501C82B2B2F57A7F088038D377
:10E4100040F220210020C2F20001087031E040F6F5
:10E420008053C2F200039FED1C1A93ED002ABBF843
:10E43000023020EE010A30EE420A02EE103A40F6B7
:10E440008453C2F20003B8EE422A93ED003ABBF8BF
:10E45000043022EE012A32EE432A03EE103A40F64F
:10E460008853C2F20003B8EE433A93ED004A23EE1C
:10E47000011A31EE441A80ED000A81ED002A82ED86
:10E48000001ABDEC028B01B0BDE8F08F00BF00BFE9
:10E49000FCA9F1D24D62503F4108043D4FF0190CE8
:10E4A00080F800C00020C4F2C81081F800C082F8D3
:10E4B00000C018607047000040F67A51C2F20001B7
:10E4C000C9789FED051A00EE101AB8EE400A20EE4A
:10E4D000010A80ED000A70473A07543E41F6A82130
:10E4E000C2F200010968086470470000F0B587B007
:10E4F00043F60C46C4F202063068C00313D564200C
:10E5000088B100BF3168C90337D500BF3168C9037E
:10E5100038D500BF3168C9032FD500BF3168043832
:10E52000C903EDD460B3FF20306072B6F7F7D6FDB3
:10E53000022006900B2000250490012702A801A9C3
:10E5400002950597F7F7A0FC00286AD13068C00350
:10E550001ED56420E0B100BF3168C90316D500BFE5
:10E560003168C90312D500BF3168C9030ED500BF99
:10E5700031680438C903EDD409E001200028D2D164
:10E58000002552E001200028CDD1F9E7012008B193
:10E59000FF2030600024C0F60E0444F25842C2F658
:10E5A00072520220214600230025F7F72DFDC0BB43
:10E5B00042F25002211DC5F64F72022000230025B1
:10E5C000F7F722FD68BB43F2561204F10801C3F2CB
:10E5D0002E12022000230025F7F716FD08BB43F298
:10E5E0005F2204F10C01C3F2360202200023002551
:10E5F000F7F70AFDA8B943F2331204F11001C0F293
:10E600003802022000230025F7F7FEFC48B904F188
:10E610001401022000220023F7F7F6FCB0FA80F084
:10E620004509F7F7E7FC62B63760284607B0F0BD4A
:10E6300010B590B040F68843C2F2000303F1100019
:10E6400050F8042B694641F8042B50F8042B41F88C
:10E65000042B50F8042B41F8042B50F8042B41F8FC
:10E66000042B50F8042B41F8042B50F8042B41F8EC
:10E67000042B50F8042B41F8042B50F8042B41F8DC
:10E68000042B50F8042B41F8042B50F8042B41F8CC
:10E69000042B50F8042B41F8042B50F8042B41F8BC
:10E6A000042B50F8042B41F8042B50F8042B41F8AC
:10E6B000042B50F8042B41F8042B0FCB01F0BCFCC9
:10E6C0000828044608BF00F0B9FDA4F10800B0FA1C
:10E6D00080F0400910B010BDF0B593B040F2FC16C8
:10E6E000C2F2000630604001002780B271710E2135
:10E6F000CDE900074FF6E07041F2042405910121B5
:10E7000002900620C2F20004CDE907110390694689
:10E71000204606970497F6F7B3FDB0FA80F040F272
:10E7200030254009C2F2000528702046F7F708F9A5
:10E73000002841F20420C2F200004FF0020118BF8D
:10E740002F70F6F73FFD00281CBF0020287070795D
:10E7500060B140F2782106F10800C2F200014022C7
:10E7600003F046F9032804BF00202870306842F601
:10E770006861CDE90A000020CDE90C000120C0F657
:10E7800001010E90F52009788DF83C0041F204203B
:10E790008DF84410C2F200000AA911AA10ABF6F7D6
:10E7A00025FD41F20424C2F2000400281CBF02200F
:10E7B000287000BF2046F6F765FE0328FAD313B091
:10E7C000F0BD00002DE9F04740F2FC10C2F200005D
:10E7D00041F65D4500F10804C2F2000520462946D5
:10E7E00003F0C6F8002818BFBDE8F08740F6D72729
:10E7F00041F65C4641F65448C2F20007C2F20006F8
:10E80000C2F200084FF000094FF0010A0BE000BF10
:10E81000E52804BF87F800A086F800902046294626
:10E8200003F0A6F8A8B9397828780129F0D1317811
:10E83000072906D85E2807D1404600F00DF886F873
:10E84000009087F80090E9E74A1C327008F8010050
:10E85000E4E7BDE8F087000040F6AC32C2F2000207
:10E860001378002B18BF7047013907291BD8DFE840
:10E8700001F004101A091A1A1A1600789070002074
:10E88000D07010E040F22141518000215060416081
:10E8900009E010F8011B91700121D17002E040F6EF
:10E8A00021015180506040F201101080FFF738B80C
:10E8B00010B58AB00A4640F2FC11C2F200010B68A2
:10E8C00001460020CDE90300F520CDE90133059292
:10E8D0008DF8180012B108A8F5F7A3FC41F2042046
:10E8E000C2F2000001A908AA07ABF6F77FFC28B125
:10E8F00040F23020C2F200000221017041F20424F3
:10E90000C2F200042046F6F7BDFD0328FAD3012029
:10E910000AB010BDF0B58BB041F20424C2F200047D
:10E92000064620460D46F7F739F80E2040F2FC1750
:10E9300006900120C2F20007CDE9080070017D7148
:10E94000002580B2CDE901054FF6E0700390062066
:10E95000049001A920463E6007950595F6F790FCC6
:10E96000B0FA80F040F230264009C2F20006307062
:10E970002046F6F7E5FF002841F20420C2F200002D
:10E980004FF0020118BF3570F6F71CFC00281CBFC1
:10E9900000203070787960B140F2782107F10800EA
:10E9A000C2F20001402203F023F8032804BF002034
:10E9B00030700BB0F0BD000080B540F6D440C2F21C
:10E9C000000041780069002918BF0121FFF784FE8B
:10E9D00003F062FC40F22420C2F20000002101702A
:10E9E00080BD000080B5FFF795F9BDE88040FFF7D6
:10E9F000E9BE000041F64030C2F2000090ED093A55
:10EA000030EE600A90ED0A4A30EE033A90ED061AB5
:10EA100090ED072AB1EE445AB4EE443AF1EE10FA02
:10EA2000B4EE453AC8BFB0EE443AF1EE10FAB8BFC2
:10EA3000B0EE453A22EE032A21EE000A90ED0B1AC1
:10EA400030EE020AB1EE412AB4EE410A80ED093AF5
:10EA5000F1EE10FAB4EE420AC8BFB0EE410AF1EE90
:10EA600010FAB8BFB0EE420A80ED0C0A7047000001
:10EA7000B0B582B040F65445C2F200052878411E78
:10EA800002292FD303283BD0002840F0C28040F257
:10EA90002830C2F200000021018041F60820002445
:10EAA000C2F20000C4F20204F9F7CAF8012817D133
:10EAB00020464FF400410022F7F700FC41F6082001
:10EAC00040F26C2141F64642C2F20000C2F200015F
:10EAD000C2F200020223F9F76DFD002800F0EF807A
:10EAE000204699E040F22830C2F20000018801314E
:10EAF0008AB2B2F57A7F018000F2B88002B0B0BD70
:10EB0000F7F7E2FB41F64843C2F20003D5F818C01C
:10EB10001988890700F1A48040F2302EC2F2000E5D
:10EB20009EF8011041F64444002904BF03218EF8E9
:10EB30000110C2F20004198824881B88E4B2C3F3D0
:10EB40004603E20143EAC41484EA122282EA121262
:10EB500082EA920241F6485382EA5202C2F200036C
:10EB60004A401978D20740F08580013900EE101A2A
:10EB70009FED811AB8EEC00AB4EE410AF1EE10FA28
:10EB8000C8BFB0EE410A9FED7D1AB5EE400AF1EE26
:10EB900010FAC8BFB0EE401ABDEEC10A10EE101A4E
:10EBA000197003218EF8011061082982298A9FEDCE
:10EBB000740A01EE101AB8EE411A21EE001A40F65E
:10EBC000804285ED011AC2F2000211782B8A0029D9
:10EBD00077D0698A95ED021A9FED6A2AB0EEC11AC4
:10EBE000B4EE421AF1EE10FAA3EB010275DD4EF21B
:10EBF0000001CFF6FF7101F580518A4270DBB2F55A
:10EC0000805F72DC911E11F1030F73D30020A860A6
:10EC10002CE00020C4F202004FF400410122F7F77B
:10EC20004DFB41F60824C2F200042046F9F708F82B
:10EC3000012805D041F60820C2F20000F8F7E4FEF2
:10EC4000002001902168CA6801928A680192019AA5
:10EC500001908968019101992870A86002B0B0BD47
:10EC600040F23020C2F200000021417000202870E4
:10EC700002B0B0BD01F10A0000EE100A9FED3E1A8D
:10EC8000B8EEC00AB4EE410AF1EE10FAC8BFB0EE19
:10EC9000410A9FED3A1AB5EE400AF1EE10FAC8BFEC
:10ECA000B0EE401ABDEEC10A10EE100A65281870C9
:10ECB000DCD302208EF8010000201870D6E7012076
:10ECC000D5E700216B82E96129622B8AAB82A960BA
:10ECD000E960A86101201070C8E712F5005F01DA51
:10ECE000012304E0B2F5005F8CDD4FF0FF33E969EA
:10ECF0001944E961604524D0E9692B6A02EE102AC3
:10ED0000C91A01EE101A9FED203AB8EEC11AB8EEFA
:10ED1000C22A22EE002A21EE031A9FED1C3AA0EB34
:10ED20000C0431EE021A21EE031A02EE104A9FED96
:10ED3000183AB8EE422A22EE032A81EE021A85ED35
:10ED4000021A298AAA8A95ED072A891A01EE101A51
:10ED50009FED0D3AB8EEC11AB8EEC22A22EE032A90
:10ED600021EE000A30EE020A85ED030A298A698243
:10ED7000E9692962A86179E70000DC42000000002F
:10ED80000000B43C004035450000B443ABAA2A3E25
:10ED90006F12833A2DE9F04784B040F20044C4F288
:10EDA0000204804620464FF480510022F7F786FA8D
:10EDB00041F6B0160620C2F200068DF8040001A943
:10EDC000304601224FF47A73F9F79CF920464FF44C
:10EDD00080510122F7F772FA4FF005090DF1050A8B
:10EDE0000DF1060520464FF480510022F7F766FA30
:10EDF0003046514601224FF47A738DF80590F9F7A9
:10EE000081F93046294601224FF47A73F9F7C6F8A2
:10EE1000BDF8067020464FF480510122F7F74EFAF4
:10EE2000F807DFD120464FF480510022F7F746FA69
:10EE300041F6B0162020C2F200068DF809000DF14F
:10EE40000901304601224FF47A73F9F75BF94FEA72
:10EE500018408DF80A000DF10A01304601224FF4E6
:10EE60007A73F9F74FF94FEA18208DF80B000DF17E
:10EE70000B01304601224FF47A73F9F743F903A9E5
:10EE8000304601224FF47A738DF80C80F9F73AF985
:10EE900020464FF480510122F7F710FA4FF0050891
:10EEA0000DF10D090DF10E0720464FF4805100229F
:10EEB000F7F704FA3046494601224FF47A738DF889
:10EEC0000D80F9F71FF93046394601224FF47A7365
:10EED000F9F764F8BDF80E5020464FF48051012236
:10EEE000F7F7ECF9E807DFD104B0BDE8F0870000E0
:10EEF00070B504460844000BA0EB1430002586B220
:10EF00002046FFF747FF0135A8B2B04204F5805410
:10EF1000F6D970BDF0B583B040F20044C4F20204EB
:10EF200020464FF480510022F7F7C8F96420F6F725
:10EF300097FF41F6B0159F20C2F200058DF805003D
:10EF40000DF10501284601224FF47A73F9F7DAF83A
:10EF50000DF10601284601224FF47A73F9F71EF8E5
:10EF60009DF8067002A9284601224FF47A73F9F73A
:10EF700015F89DF808600DF10A01284601224FF4AA
:10EF80007A73F9F70BF8EF2F0ED1F0B240280BD1BE
:10EF90009DF80A00C0B2182806D140F23020C2F213
:10EFA0000000012181700AE040F6E020C2F200007A
:10EFB0000178042903D801310170FFF7ABFF204627
:10EFC0004FF480510122F7F779F903B0F0BD00004A
:10EFD0002DE9F04F83B040F20048C4F20208154614
:10EFE0000C46814640464FF480510022F7F766F9FF
:10EFF00003208DF8060041F6B010C2F200000DF1BA
:10F00000060101224FF47A73F9F77CF8834660B168
:10F0100040F23020C2F200000221817040464FF4DD
:10F0200080510122F7F74AF947E041F6B017200C6A
:10F03000C2F200078DF807000DF1070138460122E2
:10F040004FF47A734FF0010AF9F75CF8200A8DF853
:10F05000080002A9384601224FF47A73F9F752F8F2
:10F060000DF10901384601224FF47A738DF80940F9
:10F07000F9F748F8ADB141F6B014A9F10106C2F2B2
:10F0800000040DF10A0700BF2046394601224FF463
:10F090007A73F8F783FF9DF80A00013D06F8010F27
:10F0A000F2D140464FF480510122F7F707F940F2C0
:10F0B0003020C2F2000080F802A0BBFA8BF04009B9
:10F0C00003B0BDE8F08F00002DE9F04784B040F2B6
:10F0D000004AC4F2020A16460F46804650464FF4D4
:10F0E00080510022F7F7EAF841F6B0150620C2F287
:10F0F00000058DF807000DF10701284601224FF4A5
:10F100007A73F8F7FFFF50464FF480510122F7F76A
:10F11000D5F850464FF480510022F7F7CFF802247B
:10F1200002A9284601224FF47A738DF80840F8F7B7
:10F13000E9FF814658B140F23020C2F200008470ED
:10F1400050464FF480510122F7F7B8F870E041F6CD
:10F15000B015380CC2F200058DF809000DF1090157
:10F16000284601224FF47A73F8F7CCFF380A8DF85D
:10F170000A000DF10A01284601224FF47A73F8F7CC
:10F18000C1FF0DF10B01284601224FF47A738DF86F
:10F190000B70F8F7B7FFA6B141F6B015A8F101045E
:10F1A000C2F2000503AF00BF14F8010F39468DF815
:10F1B0000C00284601224FF47A73F8F7A3FF013EB2
:10F1C000F2D150464FF480510122F7F777F841F61B
:10F1D000B0164FF00508C2F200060DF10D070DF153
:10F1E0000E0500BF50464FF480510022F7F766F835
:10F1F0003046394601224FF47A738DF80D80F8F7C6
:10F2000081FF3046294601224FF47A73F8F7C6FE93
:10F21000BDF80E4050464FF480510122F7F74EF8EA
:10F22000E007DFD140F23020C2F2000001218170FE
:10F23000B9FA89F0400904B0BDE8F0872DE9F0473C
:10F240002DED028BA4B040F20034C2F2000420463F
:10F25000FFF732F940F6D445C2F200052889696A01
:10F2600005F1380E05F12C079EE84050A084201DC2
:10F270008CCFD5F844808EC004F1140080E8405053
:10F280002046C4F8208002F0CBF894ED000A9FEDF0
:10F29000421A684680EE010A05F11001902251F8E9
:10F2A000043B043A40F8043BF9D195E80F0000F024
:10F2B0009BFD94ED000A02F0DDFC05F190036F79EF
:10F2C0000FCB009702F020FE00F0AEFE40F688441F
:10F2D000C2F2000420464C21F4F7BCFF00F052FEBD
:10F2E00002F0BCFA40F68146C2F20006707804F1E2
:10F2F000480A022804D0012807D104F1400000E0A8
:10F30000504690ED000A02F009FE95F8028095F84B
:10F310000490AF79ED7900F087FE20464C21F4F798
:10F3200099FF00F02FFE02F099FA7078022803D0BE
:10F33000012805D104F1400A9AED000A02F0EEFD21
:10F340009FED168AD4ED030A40F6D820C2F20000E1
:10F35000B0EE480A3770757086F8029086F8038020
:10F3600000F08AFBD4ED040A40F6E420C2F200006B
:10F37000B0EE480A00F080FBD4ED100A40F6F02011
:10F380009FED070AC2F2000024B0BDEC028BBDE87D
:10F39000F04700F071BB00BFD7B3DD3FB81E053E9C
:10F3A0000AD7233D10B500F03FFE40F68844C2F274
:10F3B000000420464C21F4F74DFF00F0E3FD02F07D
:10F3C0004DFA40F68140C2F200004078022805D094
:10F3D000012818BF10BD04F1400001E004F148000D
:10F3E00090ED000ABDE8104002F098BD80B5FFF72F
:10F3F00025FF40F23420C2F2000041680322496830
:10F400004A7040F22021C2F200010A785AB100BFCE
:10F410000A7832B10A7822B10A7812B10A78002A41
:10F42000F6D1042100E000214170BDE88040FFF7E3
:10F4300005BF0000B0B52DED048B88B040F68145C6
:10F44000C2F20005687840F688440028C2F2000441
:10F450004BD0012817D002287DD141F64030C2F2AE
:10F460000000017A002976D090ED050A04A802F088
:10F470007DFD9DED040AD4ED120A84ED110A01F020
:10F4800075FD84ED0F0A41F64030C2F20000C179EB
:10F49000002960D06978012909D190ED040A01A8FA
:10F4A00002F064FD9DED010A84ED0F0A01E094ED88
:10F4B0000F0AD4ED100A02F01DFAE87884ED070A6D
:10F4C00098B194ED100AB3EE0E1AB4EE410AF1EEC3
:10F4D00010FA06DD94ED0B0AD4ED0C0A03F02AF8BD
:10F4E00001E09FED230A84ED080A41F64030C2F2A4
:10F4F0000000807978B394ED070AD4ED090AFFF78C
:10F5000079FA94ED081AD4ED0A0A84ED0C0AB0EEEB
:10F51000410A00F04BFD94ED050A94ED088A94ED44
:10F520000C9A01A807A984ED0B8AFEF705FE9DED54
:10F53000010A9DED071A29EE002A28EE013A29EE6C
:10F54000011A28EE000A33EE422A30EE010A84ED59
:10F550000D2A84ED0E0A94ED0D0AD4ED0E0A02F088
:10F56000C3FB02F089F908B0BDEC048BB0BD00BF4D
:10F570000000000010B5044640F68840C2F20000CA
:10F580004C21F4F767FE40F68140C2F2000044705F
:10F5900010BD000070B5044600F046FD40F68845F9
:10F5A000C2F2000528464C21F4F754FE00F0EAFCB4
:10F5B00002F054F940F68146C2F200067078022843
:10F5C00004D0012808D105F1400001E005F1480010
:10F5D00090ED000A02F0A2FC347070BDB0B540F6A8
:10F5E0008144C2F200046178022913D001290BD0B2
:10F5F000002918BFB0BD016840F68842C2F200027F
:10F60000D16140681062B0BD90ED000ABDE8B04025
:10F6100002F0A4BC90ED000A054602F09FFCA17820
:10F6200029B195ED010ABDE8B04002F08FBCB0BD34
:10F6300040F68840C2F2000080ED0D0AC0ED0E0ACF
:10F640007047000010B52DED048B40F68840C2F2E3
:10F65000000090ED100A9FED158AB0EEC09AB4EE4E
:10F66000489AF1EE10FA17DB40F68144C2F200042A
:10F67000607801280AD040F68840C2F200004C2190
:10F68000F4F7E8FD9FED0A0A01206070BEEE001A53
:10F6900020EE010A02F062FC0020B4EE489AF1EE7E
:10F6A00010FAB8BF0120BDEC048B10BDCDCCCC3D11
:10F6B0000000000010B500F057F840F23424C2F208
:10F6C000000460780138062837D8DFE800F0042A03
:10F6D0001621122E3700207818B9F5F70BFA012001
:10F6E0002070FEF7A5FF20B1607807281CBF04201A
:10F6F0006070BDE81040FFF79DBE01202070FFF74D
:10F7000051FEF5F7F7F96078072816D0052013E0C9
:10F7100000202070F5F794F9607807280DD00220BA
:10F720000AE0FFF73FFE002006E0FFF78BFF20B165
:10F730006078072801D00720607010BD207800286D
:10F7400008BF10BD00202070BDE81040F5F778B963
:10F7500040F23421C2F2000120B14A78072A18BFD2
:10F760004870704748707047B0B52DED048B82B07B
:10F7700000F086F940F20035C2F200052846FEF797
:10F780009BFE40F68844C2F20004211D04F10802E9
:10F790002046FEF7A9FD02F067FA06282ED80121BF
:10F7A000814011F00C0F1ED111F0300F10D101214A
:10F7B00001FA00F010F0420F20D094ED010A94ED10
:10F7C000022A30EE021AB1EE400AB1EE422A1BE0E4
:10F7D00094ED002A94ED013AB1EE421AB1EE430ADB
:10F7E00032EE032A10E094ED000A94ED022AB1EE05
:10F7F000401A30EE020AB1EE422A05E094ED001AFA
:10F8000094ED010A94ED022A40F68140C2F2000014
:10F810009FED8B3A007830EE420A60EE031A022820
:10F8200084ED031AC4ED041A00F09180012800F061
:10F830008380002840F0FC8000F056F995ED011A15
:10F8400095F8240084ED060A30EE410A01EE100A14
:10F8500095F825007BA1B8EE411A002808BF0431B5
:10F8600091ED002A9FED798A20EE010A30EE020A1E
:10F87000F0EE480A03F0B2F9B5EE400A30EE081A8D
:10F88000F1EE10FAB8BFB0EE410A94ED038A94EDA0
:10F89000049A01A8694684ED050AFEF74DFC9DED2A
:10F8A000011A9DED002A29EE010A28EE023A29EEFE
:10F8B000022A28EE011A40F6EC2540F6D82033EE55
:10F8C000000A32EE411AC2F20005C2F2000085EDD4
:10F8D000001A00F0BFF895ED001A40F6E42084ED20
:10F8E0000A0AC2F20000B0EE410A00F0B3F884ED5B
:10F8F000090A00F001F984ED120A00F005F940F65A
:10F90000F020C2F2000000F0A5F810EE100A20F07E
:10F910000040B0EE408AF4F7E3FD9FED470B53EC57
:10F92000102BF4F7C2FD9FED4A0A002818BFB0EE75
:10F93000408A84ED108A7BE094ED0D0AD4ED0E0A26
:10F9400002B0BDEC048BBDE8B04001F0EFBD94ED1A
:10F950000D0AD4ED0E0A01F0E9FD00F0C5F895EDB1
:10F96000011A95F8240084ED060A30EE410A01EEF2
:10F97000100A95F8250033A1B8EE411A002808BFF7
:10F98000043191ED002A9FED318A20EE010A30EE1C
:10F99000020AF0EE480A03F021F9B5EE400A30EE13
:10F9A000081AF1EE10FAB8BFB0EE410A94ED038ADE
:10F9B00094ED049A01A8694684ED050AFEF7BCFBA4
:10F9C0009DED011A9DED002A29EE010A28EE023A6A
:10F9D00029EE022A28EE011A40F6EC2540F6D8203E
:10F9E00033EE000A32EE411AC2F20005C2F2000004
:10F9F00085ED001A00F02EF895ED001A40F6E4208F
:10FA000084ED0A0AC2F20000B0EE410A00F022F8CA
:10FA100084ED090A00F070F884ED120A00F074F821
:10FA200040F6F020C2F2000000F014F884ED100A55
:10FA300002B0BDEC048BB0BD9A9999999999B93FE0
:10FA40003ACD133F00003443000000000000B443EF
:10FA50000000000090ED001A90ED012AB7EE003A88
:10FA600033EE413A23EE022A21EE000A30EE020A7A
:10FA700080ED010A7047000080EC020A7047000028
:10FA800041F64030C2F200000278C3780132D1B2B0
:10FA90004FF0000C9942A0F806C080F808C0027030
:10FAA00038BF7047427803790132D1B280F800C084
:10FAB0004FF0010C994280F806C0427013D380B514
:10FAC0008178437901314FF0000ECAB280F801E02D
:10FAD00080F807C09A42817022BF80F802E00121BD
:10FAE0000172BDE88040704740F65440C2F2000009
:10FAF00090ED010A7047000040F65440C2F2000049
:10FB000090ED030A7047000040F65440C2F2000036
:10FB100090ED020A7047000041F6C440C2F20000B6
:10FB2000C1889FED061A00EE101AB8EE400A90ED5B
:10FB3000002A20EE010A80EE020A7047D7B3DD3FAB
:10FB400041F6C440C2F2000001899FED061A00EEA2
:10FB5000101AB8EE400A90ED002A20EE010A80EE5D
:10FB6000020A7047D7B3DD3F41F6C440C2F200003D
:10FB700041899FED061A00EE101AB8EE400A90ED8A
:10FB8000002A20EE010A80EE020A7047D7B3DD3F5B
:10FB900010B540F6AC34C2F200046178A078227A45
:10FBA000022905D104F10C01BDE8104002F09ABB16
:10FBB00004F10C0102F0E4FA002818BF10BD40F275
:10FBC0002420C2F200000021017041F6D040C2F2B0
:10FBD0000000017084F88C1010BD00002DE9F04188
:10FBE0000C460646F6F770FB40F67C48C2F2000869
:10FBF000D8F80010471AB7F5FA7F1BD3054640F234
:10FC00000040032EC4F202004FF0080104D03EB9B8
:10FC10000022F6F753FB05E00122F6F74FFB01E067
:10FC2000F6F744FB40F67840C2F200000021C8F825
:10FC300000500170022C15D1C82F13D340F6784420
:10FC4000C2F200042078002818BFBDE8F08140F21D
:10FC50000040C4F2020000F500600421F6F726FB24
:10FC600001202070BDE8F081B0B540F2BC20C2F2A6
:10FC70000000007940F2C424C2F200042070F6F7BC
:10FC800023FB4BF27321C4F2E751A0FB0101880B67
:10FC900040F23421C2F2000149686070086840F601
:10FCA0008C5CC2F2000C0368DCF804008A68C4E9CA
:10FCB0000230106804F12807206150686061906884
:10FCC000A061D2E909032062106AE3616062D06931
:10FCD000D2E90FE3D2E9115287E80940C4E90D25C2
:10FCE00048684178007861719CF808102071A17013
:10FCF0009CF80900DCF83810E07008784978A071A9
:10FD0000E171B0BD10B54FF480304FF407714FF47E
:10FD10008034FFF7EDF840F2BC20C2F20000002171
:10FD20000171046010BD000070B540F2BC25C2F244
:10FD30000005002040F2C42428714FF48036C2F23E
:10FD4000000400BFC0B2C0EB001046EA80012046AC
:10FD50003C22FFF73DF921782879814204D1481CE3
:10FD6000C1B208292871EDD9C0B2C0EB00104FF420
:10FD7000803141EA8000286070BD00002DE9F0412B
:10FD800041F64247C2F200073A780C46082A23D8C7
:10FD900040F2C4260546C2EB02104FF48031C2F295
:10FDA000000641EA800130463C224FF03C08FFF754
:10FDB0000FF930783978884211D1013040F2C421EE
:10FDC00084F800803870C2F2000128463C22F4F723
:10FDD00028FA0020BDE8F0810020207000E000201B
:10FDE00038700120BDE8F08184B080B50DF1080CB9
:10FDF0008CE80F009DF812209FED5F2A01EE102A7B
:10FE0000B8EE411A9DED154A21EE023A23EE044A5E
:10FE100080EE045A9DF8131041F64030C2F2000003
:10FE20004FF0000C01EE101AB8EE411A80ED2E0AC8
:10FE3000C0E90BCC9FED517A80ED0B0AC0E912CCE2
:10FE400080ED120A9DED170A23EE012A80ED033A98
:10FE500080ED083A80ED0F3A9DED1D3A80ED074A9E
:10FE600025EE075A80ED0E4A9DED194A22EE000A52
:10FE70009DED146AC0E909CC80ED0A5AC0E910CCA6
:10FE800080ED115A83EE005A22EE044A80ED066A94
:10FE900080ED0D6A83EE046A5FFA83FE01EE10EADC
:10FEA00080ED150AC0E900CCC0F808C00171B8EEB9
:10FEB000411A1899C0E917CC25EE070AC0E919CCF8
:10FEC00080ED180A9DED1B0A22EE011A80ED1C4AF6
:10FED00026EE074A9FED2A5A80ED042AC0E91ECC7F
:10FEE000C0E920CCC16680ED1D2A80ED1F4A16991D
:10FEF00080ED162A9DED1C2A9DED1E4A21EE000A7A
:10FF0000B7EE006AB4EE450AC270437180ED051A7F
:10FF100080ED203A016582EE012AF1EE10FAC8BFA9
:10FF2000B0EE406A84EE065A1A9980ED240AC0F8B1
:10FF30008C10B0EE080A49F69A11DDE91F2324EE71
:10FF4000000AC3F6196180ED193AC0E926CCC0E970
:10FF500028CC80ED221A80ED252A80ED2A4A80EDFA
:10FF60002B5A80ED2C0AC0F8B410C0E92F23BDE84D
:10FF7000804004B0704700BF17B751386666663FCF
:10FF8000BD37863541F64030C2F2000000210164E1
:10FF9000C164416201638167C0F88410C1658166F4
:10FFA000C0E92611C0E928117047000041F6403031
:10FFB000C2F2000090ED103A30EE600A90ED114A66
:10FFC00030EE033A90ED0D1A90ED0E2AB1EE445A40
:10FFD000B4EE443AF1EE10FAB4EE453AC8BFB0EED2
:10FFE000443AF1EE10FAB8BFB0EE453A22EE032AD9
:10FFF00021EE000A90ED121A30EE020AB1EE412A0B
:020000040801F1
:10000000B4EE410A80ED103AF1EE10FAB4EE420A75
:10001000C8BFB0EE410AF1EE10FAB8BFB0EE420A26
:1000200080ED130A7047000040F6C850C2F200008D
:10003000002101807047000084B0F0B581B02DED43
:10004000068B40F6C8540DF1300CC2F200048CE867
:100050000700D4E901010F9301300029606018BF47
:1000600088423AD82178072900F257840CADDFE89E
:1000700011F0080001015B00800039001601290120
:10008000D4002046CC21F4F7E5F840F6D440C2F283
:10009000000000F1280C41F60445007A9CE80E109F
:1000A000C2F2000585F820004BF2177085E80E00BB
:1000B000C3F651000021C5E90A0141F64C409FED0D
:1000C000ED0ADFEDED0AC2F20000C5F80CC029868A
:1000D000FFF7D2FC012000F01FBC40F20910208085
:1000E00000F01BBC95ED060AD5ED120A41F6044559
:1000F000C2F200052846FDF721FF002800F00D841C
:100100006078002840F0078495ED090A95F82100F1
:1001100001F0E6FB0020C4F88C00A4F8900084F8FD
:10012000920060600520F7E395ED030A41F64C402C
:10013000C2F20000FFF78EFC94ED032AB7EE084AE6
:1001400032EE403AB0EEC31AB4EE441AF1EE10FAB1
:1001500040F3E4800FF60000B5EE403AF1EE10FAFD
:10016000C8BF043090ED001A94ED083A31EE033A1E
:10017000E8E094F8681095ED038A95ED049A00295B
:1001800000F04581B4F86C00B4F86A10013082B216
:100190008A42A4F86C0080F0598194F8C81094F851
:1001A000C900002900F0A081B8B194ED100A94EDC7
:1001B000121AB7EE002A30EE020A9FEDB02A38EE8E
:1001C000411AB4EE421AF1EE10FA84ED100ABCBFE7
:1001D000002084F8C90084ED128A94F8CA00B8B1EE
:1001E00094ED110A94ED131AB7EE002A30EE020ACC
:1001F0009FEDA22A39EE411AB4EE421AF1EE10FA3E
:1002000084ED110ABCBF002084F8CA0084ED139A63
:1002100094ED0BAAB0EE4A0A9EE1637841F60440E1
:100220004BF2177C41F26F2EC2F20000C3F6D10CE4
:10023000C3F6832E002B4FF00103C0E906CE80F8F1
:10024000313040F0688340F6D443D0E90351C2F224
:1002500000034269C3E90D5103F13C01D0E9017685
:1002600081E80450018C406AC3E90B76586208208B
:10027000198151E300200025FFF78CF90320FFF7D7
:1002800079F94FF0804042F21071256284F82850CD
:10029000C4E92C55C4E90151E06002203CE36178D7
:1002A00041F60440C2F200000122002980F82F200C
:1002B00040F0318300206060C4E92500C4F89B0051
:1002C000062029E341F60440C2F2000090ED000A46
:1002D0009FED6B1A90F8201020EE010A01EE101A23
:1002E000B8EE411A9FED672A20EE010A82EE000A5D
:1002F000617800294FF0010180F8301080EE011A7A
:1003000080ED050A80ED041A40F00583002060604E
:10031000C4E92900C4F8AC000720FDE2A08C94EDEC
:10032000081A013081B20529A08421D30FF2206080
:10033000B5EE403AF1EE10FAC8BF043090ED003A45
:1003400033EE013AB0EE001AB4EE413AF1EE10FA93
:10035000C8BFB0EE413AB8EE001AB4EE413A002000
:10036000F1EE10FAC8BFB0EE431A84ED081AA0846B
:100370000FF2EC50B5EE400AF1EE10FAC8BF0430AF
:1003800090ED003A30EE422A33EE014AB0EE003AE8
:10039000B4EE434AB8EE001AF1EE10FAC8BFB0EE60
:1003A000434AB4EE414AF1EE10FAC8BFB0EE441A27
:1003B0009FED354AB0EEC22AB4EE442AF1EE10FAAF
:1003C0001CDA606801309628606019D394F8280020
:1003D000002800F00E8294ED062A84ED070A30EE24
:1003E000420AB0EEC02AB4EE432AF1EE10FA84EDD0
:1003F000051A80F20E82032161708CE20020606099
:10040000DFED1D0AB0EE410AFFF712F985E2B0EE0A
:10041000C80AB0EEC91A30EE010AB6EE001A9FED16
:100420001B2A20EE010AB4EE420AF1EE10FA37DA86
:1004300094ED0B1A9FED162AB4EE421AF1EE10FA63
:100440002EDA9FED110A31EE000A3DE094F8C81053
:1004500094ED0BAA0020A4F86C0081F00100B0EE2E
:100460004A0A84F8C800B1EE4A1A002918BFB0EE53
:10047000410A71E09A99993E000000000AD7233D95
:10048000DB0FC94000007042CDCCCC3D9A99193F9A
:100490003333333F9A991940CDCCCCBD0AD723BD15
:1004A0001FED041AB4EE410AF1EE10FA11DD94EDDD
:1004B0000B0A1FED101AB4EE410AF1EE10FA08DD36
:1004C0001FED0B1A30EE010A002084ED0B0A60606C
:1004D0008AE1642840F2868101201FED190A84F820
:1004E0006800002060607FE1B8B194ED100A94EDDF
:1004F000121AB7EE002A30EE020A1FED182A38EE63
:10050000411AB4EE421AF1EE10FA84ED100AC4BF9B
:10051000002084F8C90084ED128A94F8CA00B8B1AA
:1005200094ED110A94ED131AB7EE002A30EE020A88
:100530001FED262A39EE411AB4EE421AF1EE10FAF6
:1005400084ED110AC4BF002084F8CA0084ED139A18
:1005500094ED0BAAB1EE4A0AF0EE400AFFF768F8F4
:10056000B4F86C00002840F0848094ED0B0A9FEDF5
:10057000EF1AB0EECA2A20EE010AB4EE402AF1EEDC
:1005800010FA67DD41F60440C2F2000094ED101A43
:1005900094ED122A94ED2C3A90ED0A6A32EE433A29
:1005A00021EE061A94ED130A94ED2D5A83EE014ABA
:1005B00094ED111A30EE453A26EE011A83EE011A37
:1005C0009FEDDB3A94F8C800B0EEC45AB4EE435A3B
:1005D000F1EE10FA1BDD9FEDD76AB4EE465AF1EE4C
:1005E00010FA14DA04F12C0101EB800201EB400156
:1005F00092ED015A92ED0B6A8B8C34EE054A013371
:1006000032EE062A82ED014A8B8482ED0B2AB0EE8F
:10061000C12AB4EE432AF1EE10FA1BDD9FEDC53A74
:10062000B4EE432AF1EE10FA14DA04F12C0101EBD6
:10063000800201EB400092ED032A92ED0D3A018D0C
:1006400031EE021A013130EE030A82ED031A018500
:1006500082ED0D0A40F20110A4F8C900002084EDDB
:100660002C8A84ED2D9A84ED128A84ED139AC4E9C4
:1006700010006068B0F57A6FC0F04F81B4F8501088
:10068000B4F8520014294FF000024FF0000638BFB2
:100690000122142838BF0126B4F85470B4F856E08B
:1006A000002342EA060C132F4FF0000288BF0122FC
:1006B000BEF1130F88BF0123BCF1000F03EA020350
:1006C0000DD0002B00F0EB8041F60440C2F2000098
:1006D00094ED0B1A90ED012A9FED980A3EE000EE92
:1006E000101A94ED0C1AB8EE400A94ED0D2A81EE22
:1006F000003A01EE100AB8EE411A82EE012A94ED9A
:10070000164A94ED175A84EE000A85EE014A41F626
:100710000440C2F2000094ED0B1A002BB0EEC33A75
:10072000B0EEC22A33EE022AB6EE003A22EE035AA7
:10073000B0EEC00AB0EEC42A30EE020A90ED012AF3
:1007400020EE030A9FED7C3A22EE000A30EE410AC9
:1007500033EE453A80EE030A00F0A78003EE107AEC
:1007600094ED0E4A94ED0F5A06EE10EA94ED187AC5
:10077000D4ED190AB8EE433AB8EE466A84EE034A5D
:1007800085EE065A87EE037A80EE866AB1EE422A3B
:100790000020BEF1140F38BF012050EA0C00B0EE6B
:1007A000C43AB0EEC54AB0EEC75AB0EEC66A33EEF0
:1007B000044AB6EE003A35EE065A25EE035A22EE0A
:1007C000052A9FED5F5A24EE034A32EE011A34EEF9
:1007D000052A81EE021A64D0BCF1000F18BFB0EEFA
:1007E000410A62E094ED0B0AF0EE400AFEF720FFAA
:1007F00093E00120002184F828000020C4F2C00109
:1008000084ED060A84ED041A6060E160C4E9080022
:1008100083E094ED042A9FED4A3A31EE421A30EE1D
:10082000030A81EE000A9FED501A41F60440C2F21D
:1008300000000221B4EE410AF1EE10FA80ED010A47
:10084000FFF6DAADB6EE001AB4EE410AF1EE10FA98
:100850003FF7D2AD9FED390A0121F0EE400A80F852
:100860002C10FEF7E5FE6078002854D10420C4F86F
:100870006A004CF6CD40C3F64C600021C4E90B0180
:1008800042F21070C4E90D11E163C4E91411C4E926
:100890001611C4E91811C4E9011003203CE001213C
:1008A00036E030EE010A20EE030A9FED261A41F6EB
:1008B0000440B4EE410AC2F20000F1EE10FA4FF02B
:1008C000020180ED020A80ED030A21DB9FED1E1A72
:1008D000B4EE410AF1EE10FA1ADC012180F82D1075
:1008E00061780020E084B1B9A9699FED180ADFEDB5
:1008F000130A2067A4F8740084F885006060C4F8C7
:10090000B010FEF795FE44F62060A060042003E0DE
:1009100000206170E084092020702078BDEC068BF7
:1009200001B0BDE8F04004B0704700BF6666663FA6
:100930000000C84200606A47BD3786B5000000006D
:10094000BD378635ACC5A73752499D399A99193FAD
:100950000AD723BC0AD7233CCCCCCCBDCCCCCC3DD5
:100960000AD723BD0AD7233D0AD7A33C0020FEF7B0
:1009700011BA00002E2800F25881DFE810F02F0095
:10098000B5009D00A9007900D400E600AF00F80092
:100990008B00F20073008600E0006700A3005A009D
:1009A000C100EC002101CE00DA0014012E019700F5
:1009B000910046014E0034013A010101BB000701DC
:1009C0006D005400420048003C0040011A017F00C5
:1009D000C7002701350060000D014C0140F6D440EE
:1009E000C2F200008079C7E040F6D440C2F20000B5
:1009F000D0F8900015E140F6D440C2F20000806FBC
:100A00000FE140F6D440C2F20000006F09E140F669
:100A1000D440C2F20000406F03E140F6D440C2F27D
:100A20000000006DFDE040F6D440C2F20000C06E50
:100A3000F7E040F6D440C2F20000406AF1E040F630
:100A4000D440C2F20000D0F89400EAE040F6D4406E
:100A5000C2F20000C069E4E040F6D440C2F20000F7
:100A6000806EDEE040F6D440C2F200000069D8E0BB
:100A700040F6D440C2F20000C0787DE040F6D44099
:100A8000C2F20000D0F88400CBE044F20000C4F2CF
:100A90009C60C6E040F6D440C2F20000C07A6BE031
:100AA00040F6D440C2F20000806CBAE040F6D44078
:100AB000C2F20000406CB4E040F6D440C2F2000044
:100AC000407859E040F6D440C2F20000006AA8E045
:100AD00040F6D440C2F2000080784DE040F6D440A9
:100AE000C2F20000007A47E040F6D440C2F20000B3
:100AF000C07941E040F6D440C2F20000006E90E0C0
:100B000040F6D440C2F20000806A8AE040F6D44049
:100B1000C2F20000D0F8880083E040F6D440C2F270
:100B20000000406B7DE040F6D440C2F20000007946
:100B300022E040F6D440C2F20000806B71E040F643
:100B4000D440C2F2000080696BE040F6D440C2F2AB
:100B50000000407910E040F6D440C2F20000C06AC4
:100B60005FE040F6D440C2F20000007B04E040F6B3
:100B7000D440C2F20000807A0870012010707047E3
:100B800040F6D440C2F20000C06D4AE040F6D440C6
:100B9000C2F20000406E44E040F6D440C2F20000D1
:100BA000D0F898003DE040F6D440C2F20000C06B9F
:100BB00037E040F6D440C2F20000D0F8800030E0C8
:100BC00040F6D440C2F20000006B2AE040F6D44068
:100BD000C2F20000D0F88C0023E040F6D440C2F20C
:100BE0000000006C1DE040F6D440C2F20000406DF1
:100BF00017E040F6D440C2F20000806D11E040F6EC
:100C0000D440C2F20000C06F0BE040F6D440C2F204
:100C10000000C06C05E040F6D440C2F20000D0F8FD
:100C20009C0008600420107070470020107070470E
:100C30002DE9F04140F6D444C2F2000420460021E0
:100C4000A022FEF7C5F9002800F08F802178012945
:100C500008BFBDE8F0810E21C0F20141A16005216D
:100C6000217344F2000144F2000E0122C4F29C619F
:100C7000C4F29C5E002540F2000C4CF238160023B2
:100C8000C4F27A45C4F2C82CC3F6B246C4E90421C2
:100C9000C4E9061E4AF682012270C4F8013063607E
:100CA000C4E90853C4E90AC6C3F2FB7141F26F23D9
:100CB00041F26F264CF6CD450022C3F68323C3F6DE
:100CC0000326C3F64C65C4F22022C4E90C114CF68D
:100CD000CD41C4E91036C4E91252C3F64C51002389
:100CE00000254DF20A7740F20008626504F16402C3
:100CF000C4F24003C4F2A0154FF07C56C3F6A337EC
:100D0000C4F2F018216582E88201002145F2000258
:100D1000A365E5652666C4F2FA31CCF2C37245F2EA
:100D200000034CF6CD4549F69A164CF6CD4704F132
:100D300070084DF20A7EC4F2C373C3F6CC55C3F6F5
:100D40009976C3F68C7788E8EE0000210022C3F67E
:100D5000234EC4F24821C4F24832C4E90EEEC4E97D
:100D60002277C4E924C1C4E9262EBDE8F081000041
:100D700080B50020A021FEF7BBF840F6D440C2F2B7
:100D800000000021A022BDE88040FEF79DB90000D0
:100D900010B540F6D4442E28C2F2000400F2D780E9
:100DA000DFE810F02F0083006D00950098007600BA
:100DB00086008900AC009F004D007900D500D50069
:100DC000D500D500670044008C008F00BF00B9003B
:100DD0003E006A00C600410064004A007C004700F3
:100DE000CC00C9005D00700092007300D3005A006F
:100DF000BC00CF003A009B003600320060007F004C
:100E0000C2000878A071A2E00868C4F890009EE0D3
:100E10000868C4F88C009AE00868C4F8840096E07A
:100E20000868E06393E00868A06490E00868A06246
:100E30008DE00868A0658AE00868206587E008788A
:100E400094ED070A01EE100AB8EE411A80EE010A8D
:100E5000207384ED080A7AE00868A06777E00868E4
:100E6000606674E00868C4F8940070E00868E064A4
:100E70006DE0086860626AE00868206467E00878EE
:100E8000607064E00868A06661E0086820675EE062
:100E9000087820715BE00868206158E008686065A8
:100EA00055E00868C4F8980051E00878E0714EE019
:100EB000087860714BE00878207248E00868E062CA
:100EC00045E00868206342E00868E0663FE0087893
:100ED000A0703CE00878E07039E00868C4F8880049
:100EE00035E0087894ED060A01EE100AB8EE411AD2
:100EF00080EE010AE07284ED070A28E008789FED91
:100F00001A1A00EE100AB8EE400A81EE000AA0722A
:100F100084ED060A1BE00868A06318E00868E06733
:100F200015E00868606312E00868C4F89C000EE0F1
:100F3000086860640BE00868206608E00868E065FF
:100F400005E00868C4F8800001E00868606700F008
:100F50008FF861782069002918BF0121FDF7DAFCBC
:100F6000BDE81040FEF742BA00409C4641F64030D2
:100F7000C2F2000090ED301A90ED2F2AB4EE401A24
:100F8000F1EE10FAB8BFB0EE410AB4EE420AF1EE4B
:100F900010FAB8BFB0EE420A90ED221A30EE600AA5
:100FA00090ED264A20EE015A35EE044A90ED275A7C
:100FB00090ED2B6A30EEC55A85EE011AB1EE465A15
:100FC000B4EE464A90ED232A90ED253AF1EE10FA60
:100FD000B4EE454AC8BFB0EE464AF1EE10FAB8BFCB
:100FE000B0EE454A90ED2D5AB7EE006A90ED287AA2
:100FF00036EE456A26EE076A25EE011A90ED2C5A68
:1010000031EE061AB1EE456AB4EE451A80ED264A75
:10101000F1EE10FAB4EE461AC8BFB0EE451AF1EE82
:1010200010FAB8BFB0EE461A24EE024A22EE000AC9
:1010300080ED281A30EE040A23EE011A90ED2A2AD8
:1010400031EE000AB1EE421AB4EE420AF1EE10FAA5
:10105000B4EE410AC8BFB0EE420AF1EE10FAB8BFD2
:10106000B0EE410A80ED290AC0ED270A7047000062
:1010700010B540F68C50C2F200000021017381606F
:1010800040F6D441C2F2000101F16C0E9EE80C5012
:1010900000F1100484E80C1091ED1F0A9FED0E1A68
:1010A00001F1800CC0F81CE09CE80C10D1F88C1009
:1010B00040F2242E40F2302420EE010AC2F2000E4B
:1010C000C2F2000480ED080A42628362C0F82CC0BC
:1010D000C0E90C1E846310BD00007A4410B5FDF712
:1010E000BDF840F68C54C2F20004611CA21C231D02
:1010F0002046FDF7D3F9A07A00B110BDD4F838C06E
:1011000040F234229CF80200C2F2000201280FBF14
:10111000002101212172A1721069437853B1012B82
:1011200004D0022B14BF0421032100E0022121720C
:101130000121A172526894ED092A10689FED620A9C
:1011400090ED001A22EE003AB4EE413AF1EE10FAB8
:1011500008DBB3EE043A83EE022AB4EE412AF1EE44
:1011600010FA09DD0620B4EE401A0121F1EE10FA62
:10117000C8BF05202072A17293689FED540A93EDB9
:10118000001AB4EE401AF1EE10FA0DDC93ED011ADC
:10119000B4EE401AF1EE10FA06DC93ED021AB4EE4A
:1011A000401AF1EE10FA75DD072001212072A172BC
:1011B0009CF80000012809D0022803D0032805D09C
:1011C000082100E0092121720121A17294ED010A98
:1011D0009FED3F1AB4EE410AF1EE10FAC2BF0120B2
:1011E0006072E07294ED051A94ED0B2A93ED100AEB
:1011F00021EE023AB4EE403AF1EE10FA08DBB1EE1D
:10120000411A81EE021AB4EE401AF1EE10FA03DD33
:10121000022060720120E07252685078022819D1D1
:1012200094ED072A94ED0C1A93ED120A22EE012A8E
:10123000B4EE402AF1EE10FA08DB94ED062A82EEB5
:10124000011AB4EE401AF1EE10FA03DD03206072C9
:101250000120E072107801280CD09CF8010040F0C9
:101260000202032A06D00122E2720422022808BFE9
:1012700005226272E07A08433FF43FAF207B0028EA
:1012800018BF10BDFEF7F0FC0720FEF761FA012041
:10129000207310BD94ED041A94ED0A2A93ED090A07
:1012A00021EE023AB4EE403AF1EE10FAFFF67CAFCE
:1012B000B1EE411A81EE021AB4EE401AF1EE10FAC4
:1012C0007FF776AF70E700BF000008420000C84219
:1012D0000000A04240F68C50C2F2000000210173D1
:1012E0008160FEF783B800002DE9F04140F6A13798
:1012F000C2F20007397840F6A43640F6A238044618
:10130000C2F20006C2F2000841B9002088F80000CD
:10131000F4F7DAFF2830306001203870F4F7D4FF9A
:101320003168884238BFBDE8F08100F1280198F8A3
:101330000000316000F03F0129A7220A7F5CD2B291
:10134000230C48F281067A4302FB06F5DAB2E1B2D9
:101350007A43794302FB06F741F63832C2F20002C3
:1013600071431678C1F3C754EB0DA6424FEAD75626
:1013700007D15778DDB2AF4203D19778F5B2AF42CB
:1013800029D0C80D107053709670D07013715671BB
:10139000F3F73EFA40F21020C2F20000017851B992
:1013A00000BF017839B900BF017821B900BF0178C9
:1013B00009B900BFF2E70021017041F6602041F653
:1013C0005452C2F20000C2F2000204219423F8F742
:1013D00011F898F80000013088F80000BDE8F081AD
:1013E000808C99A5B1BCC7D1DAE2EAF0F5FAFDFE2E
:1013F000FEFDFAF5F0EAE2DAD1C7BCB1A5998C801E
:101400008074675B4F44392F261E16100B060302AB
:101410000203060B10161E262F39444F5B6774809B
:1014200070B52DED048B41F6644490ED031A90EDF8
:10143000042AC2F2000484ED011A84ED022A31EE7E
:10144000021AB6EE002A90ED020A21EE021A9FED72
:10145000332A84ED000A20EE020A30EE010AB7EECC
:10146000001A81EE000A40694BF2177123A2C3F6FD
:10147000510102F10C06C4E90301936863CEDFF861
:101480007CC0D2F804E0D269C4E9083004F1280035
:1014900062C004F138002421C4E906CE626384ED01
:1014A000050AF2F7D7FE0020C4F270109FED1C8AE7
:1014B0009FED1C9AE06540F64440C2F20000B0EE99
:1014C000480AF0EE490AFEF7D7FA40F64C40C2F25D
:1014D0000000B0EE480AF0EE490AFEF7CDFA41F6F8
:1014E00038409FED110AC2F20000F0EE490ABDEC4F
:1014F000048BBDE87040FEF7BFBA00BF000070412A
:101500000000003F0000C8420000C843CDCCCC3DE5
:10151000000048420000FA440000704117B75138FB
:10152000295C8F3D000000000AD7233C10B52DED4B
:101530000A8B41F66444C2F2000494ED0E5A94ED15
:101540000F6A31EE451A31EEC67AF0EE001A94EDCC
:101550000A4AB4EE611AB8EE008A94ED002A94EDBE
:10156000053AF1EE10FAC8BFB0EE611AB4EE481AAF
:10157000B0EE489AF1EE10FAC8BFB0EE419A89EE8B
:10158000041AB4EE617AF1EE10FAC8BFB0EE617AD7
:10159000B4EE487AF1EE10FAC8BFB0EE478A22EEF8
:1015A000054A94ED105A30EE440A30EE450A20EE1A
:1015B00003BA22EE060A94ED112A30EEC00A30EE8C
:1015C000420A94ED172A23EE00CAB0EE410A23EE38
:1015D00002AA01F05BFB94ED0A1A2AEE000A88EEDB
:1015E000011A30EE0BBAB0EE410A01F04FFB2AEEC1
:1015F000000A94ED041A30EE0C0A94ED0A2A94EDD8
:101600000F4A20EE010A30EE044A89EE020A94EDF8
:101610000E3A2BEE015A9FED881A35EE033A9FEDF4
:10162000875AB4EE413AF1EE10FAC8BFB0EE413A33
:10163000B4EE453AF1EE10FAB0EE452AB4EE414A66
:10164000C8BFB0EE432AF1EE10FAC8BFB0EE414A6F
:10165000B4EE454AF1EE10FAC8BFB0EE445A84ED3C
:101660000E2A84ED0F5A01F011FB94ED0A1A2AEEAE
:10167000000A88EE011A84ED100AB0EE410A01F06A
:1016800005FB94ED162A2AEE003A94ED080AB0EE16
:10169000C22A94ED061AB4EE420AF1EE10FA84ED75
:1016A000113A25DA94ED093A32EE402A33EE400A37
:1016B00082EE000AB7EE003A94ED072A9FED604AE9
:1016C000B4EE430AF1EE10FAC8BFB0EE430AB5EE2D
:1016D000400AF1EE10FAC8BFB0EE404A33EE420ABB
:1016E00033EE443A20EE030A30EE020A21EE001AED
:1016F00094ED100A40F64440C2F2000084ED171A3F
:10170000FEF7A8F994ED111A40F64C4084ED120A48
:10171000C2F20000B0EE410AFEF79CF9D4ED120AC5
:1017200020EE001A20EEA02A9FED463A32EE011A72
:10173000B4EE431AF1EE10FA84ED130A29DD01F03C
:1017400001F89FED411A9FED412A20EE010A94ED28
:10175000141A9FED3F8A30EE410A30EE020AF0EE95
:10176000480A01F03BFAB5EE400A9FED3A2A30EE06
:10177000081AF1EE10FAB8BFB0EE410A30EE020AD4
:1017800094ED141AB6EE002A20EE020A30EE010A99
:1017900001E094ED140A9FED2E8AF0EE480A01F064
:1017A0001DFA30EE081AB5EE400AF1EE10FAB8BF95
:1017B000B0EE410A94ED151A9FED242A84ED140A27
:1017C00030EE410A30EE020AF0EE480A01F006FA65
:1017D00030EE081AB5EE400AF1EE10FAB8BFB0EEDE
:1017E000410A9FED1C1A94ED042A30EE010A80EEA6
:1017F000020A9FED191A41F63840C2F2000020EEAD
:10180000010AFEF727F994ED0C1AB1EE412AB4EE65
:10181000410AF1EE10FAB4EE420AC8BFB0EE410A36
:10182000F1EE10FAB8BFB0EE420A206D84ED160A50
:101830006065BDEC0A8B10BD0000C8420000C8C244
:10184000000000000AD7233CE12E6542000034432B
:101850000000B443000034C339FA8E3C10B541F6A1
:101860006444C2F2000404F138002421F2F7F2FCCF
:10187000A069E06510BD000041F6C440C2F200005E
:10188000417907291AD801228A4012F0120F13D188
:1018900012F0240F0ED1012202FA01F111F0810F92
:1018A0000CD040F6A830C2F20000032101700020E5
:1018B000FCF714BE083002E0063000E00A30008871
:1018C0000321282840F6A830C2F2000088BF012179
:1018D00001704FF0000088BF40F63100FCF7FEBDFC
:1018E00040F20031C2F2000181ED010A81F82500C9
:1018F0007047000041F64030C2F2000090ED1E3A01
:1019000030EE600A90ED1F4A30EE033A90ED1B1A5C
:1019100090ED1C2AB1EE445AB4EE443AF1EE10FABE
:10192000B4EE453AC8BFB0EE443AF1EE10FAB8BF93
:10193000B0EE453A22EE032A21EE000A90ED201A7D
:1019400030EE020AB1EE412AB4EE410A80ED1E3AB1
:10195000F1EE10FAB4EE420AC8BFB0EE410AF1EE61
:1019600010FAB8BFB0EE420A80ED210A70470000BD
:10197000002804BF03207047B0F80AC0BCF1000F74
:1019800004BF0220704729B102688388D25C0A70C4
:10199000B0F80AC0818803890131B1FBF3F202FB80
:1019A00013118180ACF101014181002070470000DA
:1019B00000284FF0030218BF002901D110467047DC
:1019C000428903899A4202D1012210467047097860
:1019D0000268C388D154C18802890131B1FBF2F396
:1019E00003FB12114289C180511C418100207047C4
:1019F000034600284FF0030018BF002900D17047AC
:101A0000002A08BF70470020C3E900101A815881DE
:101A10007047000080B540F23420C2F200004078E8
:101A200007280CD8A321C140C90708D015A151F837
:101A300020008178008840EA0140FFF755FC40F61D
:101A40008C50C2F20000806B40F2003C017840787C
:101A5000CA0004294FF00001C0F2021C4FF000033D
:101A600038BF2CFA02F14FEAC00E0CF57F020428B1
:101A700038BF22FA0EF3C8B2D9B2BDE88040FEF7F3
:101A8000ADB800BF232E01082C2E01082C2E010812
:101A90002C2E01082C2E0108262E01082C2E0108C0
:101AA000202E010810B5132888BF10BDDFE800F014
:101AB0000A7554663C85946CAF4BA633428B2A5D05
:101AC000217C9DB80C4600F013FA40F6FC21C2F2CE
:101AD0000001087040F2342040F68C52C2F200003F
:101AE000C2F200024078128948704A80086820607B
:101AF00010BD40F23420C2F20000406880684069A6
:101B0000086010BD40F23420C2F2000040688068D6
:101B1000006C086010BD40F23420C2F20000406842
:101B20008068806A086010BD0C46FEF709F884EDF5
:101B3000000A10BD40F23420C2F200004068806804
:101B4000C069086010BD40F23420C2F20000406855
:101B500080680069086010BD40F23420C2F20000C5
:101B6000406800680068086010BD40F23420C2F28E
:101B7000000040688068C06B086010BD0C46FDF72F
:101B8000CBFF84ED000A10BD40F23420C2F2000009
:101B900040688068C06A086010BD40F68C50C2F290
:101BA00000004068086010BD40F23420C2F200001E
:101BB000406880688069086010BD0C46FDF7D4FF5E
:101BC00084ED000A10BD40F23420C2F200004068EB
:101BD0008068006A086010BD40F23420C2F2000044
:101BE00040688068006B086010BD40F23420C2F28B
:101BF000000040688068806C086010BD40F23420AE
:101C0000C2F2000040688068406A086010BD40F27F
:101C10003420C2F2000040688068C068086010BDCF
:101C200040F23420C2F2000040688068406C0860D6
:101C300010BD000070B50D4641F60451C2F200011E
:101C400001EB85011E461446FFF72CFF002E08BF4E
:101C500070BDA80041F60451021DC2F200012046E9
:101C6000BDE87040F2F7DDBA41F6C440C2F20000B0
:101C700040797047B0B59FED1A1A41F6C44481EE21
:101C8000000A40F20040C2F200040025C4F2020043
:101C90004FF400610022C4E9015584ED000AF4F715
:101CA0000DFB257141F6A824C2F200042046002154
:101CB000F7F7C6FC20460421F7F7C2FC20460821AE
:101CC000F7F7BEFC20460021F6F7A4FE20460421CB
:101CD000F6F7A0FE20460821BDE8B040F6F79ABE10
:101CE0003139634500000000B0B52DED028B9FED4A
:101CF000781AB0EE608A20EE010A10EE100AF2F7B0
:101D0000EFFB044618EE100A0D46F2F7E9FB9FEDD3
:101D10006E0B53EC102BF2F756FB22462B46F2F7D4
:101D2000ABFAF2F7F0FB00EE100A0021B5EE408AA4
:101D300030EE082AF1EE10FAC8BF0121B5EE400AD4
:101D4000F1EE10FAC8BF0231B5EE402AF1EE10FAFA
:101D5000B8BF043141F6C440B1EE423AC2F20000CD
:101D6000DFE801F004141D0B2F3826049FED590AFB
:101D700000214171B0EE401A34E090ED002A0121BB
:101D8000417122EE001A22EE080A2BE090ED003A93
:101D90000221417123EE401A22EE030A22E090ED67
:101DA000000A0621417122EE001A20EE480A19E0CD
:101DB00090ED002A052122EE031A22EE000A41715D
:101DC00010E090ED002A0421417122EE481A22EE23
:101DD000400A07E090ED000A0321417120EE081A45
:101DE00020EE030A9FED3C2A30EE013AB4EE423A6F
:101DF000F1EE10FA0CDD21EE021A81EE031A20EE4C
:101E0000023A30EE010A83EE000A9FED323A07E013
:101E100032EE413A33EE403AB6EE004A23EE043A4F
:101E200032EE432A32EE413A9FED2A1A33EE405AFF
:101E3000B0EE410AB0EE414ADFE801F02B0412197E
:101E40000B1E2500B0EE421AB0EE430AB0EE454A32
:101E50001FE0B0EE451AB0EE430AB0EE424A18E079
:101E6000B0EE431AB0EE420AB0EE454A11E0B0EED1
:101E7000451AB0EE420A0AE0B0EE431AB0EE450A47
:101E8000B0EE424A05E0B0EE421AB0EE450AB0EEBE
:101E9000434A41F6A823BDEEC00AC2F20003BDEEDC
:101EA000C11A10EE102ABDEEC40A1B6811EE101AFA
:101EB00010EE105AC1800281458159639A63DD6337
:101EC000BDEC028BB0BD00BF000000000000E0BF11
:101ED000D7B35D3F000000000030034542F62960A3
:101EE000C0F601008178008840EA0140FFF7FCB9A4
:101EF00041F6D140C2F200000078704741F6D1416E
:101F0000C2F200010870704780B541F6DC4EC2F2A3
:101F1000000EDDF808C08EE80F1080BD41F6F040DD
:101F2000C2F2000080ED000A41F6F440C2F2000067
:101F300080ED000A41F6F840C2F200000021016085
:101F400041F6FC40C2F200000160704741F6F840E3
:101F5000C2F2000080ED000A7047000041F6F04038
:101F6000C2F2000080ED000A7047000010B541F693
:101F7000DC44C2F2000441F6F043217CC2F20003CB
:101F800093ED001A0022C0E900228260C1B341F63D
:101F9000F84E41F6F44CC2F2000EC2F2000C9EED77
:101FA000004A94ED015A9CED002A24EE043A75EEA5
:101FB000050AC3EE201A31EE423A9FED636A9FEDA7
:101FC000637AB5EE403AF1EE10FAC8BF0122B0EEE6
:101FD000C33AB4EE465AF0EE473AB8BF013A02EEC1
:101FE000902AF1EE10FAC8BFF0EE613AB4EE633A0F
:101FF000F1EE10FAF8EEE21A05DD94ED007A0BE04E
:1020000080ED001A9CE063EE200AF5EE400AF1EE46
:1020100010FA01DBB1EEE07A27EE217A012937EEE2
:10202000447A1AD125EE005AB0EEC76AB4EE456A7A
:10203000F1EE10FA0EDD0021B5EE407AF1EE10FA65
:10204000C8BF0121B8BF013906EE101AB8EEC66A42
:1020500025EE067A34EE074A44E0DFED3C0AB4EEA2
:10206000460A87EE007AF1EE10FAC8BFF0EE470A92
:10207000B1EE456AF4EE450A41F6FC41F1EE10FA84
:10208000F4EE460AC8BFF0EE450AC2F20001F1EED6
:1020900010FAB8BFF0EE460A91ED005A94ED026ACC
:1020A00030EEC57A26EE006AF0EEC70AF4EE460A74
:1020B000F1EE10FA0EDD0022B5EE407AF1EE10FAE4
:1020C000C8BF0122B8BF013A07EE102AB8EEC77A9E
:1020D00026EE077A35EE075A81ED005A25EE005AB2
:1020E00035EE044A24EE000A30EE020A94ED032A8B
:1020F0008CED000A80ED000A9FED150AB5EE402A2E
:102100008EED004A80ED014AF1EE10FAC8BFB0EE44
:10211000420AB4EE403AF1EE10FA4FF0000110DC42
:10212000B0EEC42AB4EE402AF1EE10FA09DC41F612
:10213000FC42C2F200028CED001ACEF800101160D1
:102140000121017210BD00BFBD37863500000000BF
:102150006F12833A40F6AC3CC2F2000C9CF800309F
:10216000002B18BF704740F20133ACF800308CF8F8
:1021700002008CF80320CCF80410FBF7D1BB000060
:10218000002A04BF002070472DE9F04381B0042AE3
:1021900002F0030C06D200264FF00009BCF1000F3C
:1021A0001ED12AE002F0FC07C7F1000E01F1010880
:1021B0004FF000096FF0030408EB0403DE781D798B
:1021C0005F794E449B79354404343D440EEB04065C
:1021D000043603EB0509EFD1261DBCF1000F0CD02E
:1021E0008D5DBCF1010FA94407D00E447578BCF198
:1021F000020FA9441CBFB378994440F27715C2F28C
:102200000005EC1C68702046AA701646F2F709F823
:1022100085F8839004F8069095F88400A119487019
:10222000701DC4B228462146F2F7EEFB41F6005677
:10223000C2F2000610B330780A2822D8013030707C
:1022400040F27710C2F200002146F2F7DDFBD8B170
:1022500040F27715C2F20005317800270B2938BF0C
:1022600001270A294FF0000010D8481C307028467A
:102270002146F2F7C9FB0028EED106E00120012734
:1022800004E00027012001E0012700200021317037
:10229000384001B0BDE8F083B0B540F2CC54C2F292
:1022A0000004601C8321F1F7D5FF40F25165C2F2B2
:1022B0000005681C8321F1F7CDFF55202870AA2363
:1022C000207041F6F02040F6F82185F88430C2F203
:1022D0000000C2F20001012284F88430BDE8B04061
:1022E000F7F7FABD002A08BF70472DE9F04740F222
:1022F00051688146C2F20008042A02F0030C88F8F3
:10230000010088F8022005D200270023BCF1000F4D
:102310001ED12AE002F0FC03C3F1000E01F1010A14
:1023200000236FF0030500BF0AEB0504E07827796E
:10233000667918440435A47938440EEB050330441B
:10234000043304EB0003EFD12F1DBCF1000F0CD0C0
:10235000CE5DBCF1010F334407D00F447E78BCF151
:10236000020F33441CBFB878034408F10305284624
:1023700088F883301646F1F754FF98F8000040F6CD
:102380001C37C2F200073870F81C2946324687F81D
:102390000190BE70F1F745FFB8F88330701DF51954
:1023A000C2B241F6F020C2F200003946A5F803306F
:1023B000BDE8F047F7F7B2BDB0B540F69465C2F29C
:1023C000000504462878227801280FD140F2CC532A
:1023D000C2F2000393F8840082421CD158789A78A4
:1023E000D91C00F04DF8002028703FE040F2516009
:1023F000C2F200000078824238D10120287040F2F9
:10240000B820C2F200000021017040F6AA30C2F2EA
:10241000000001802AE040F2B82CC2F2000C9CF8C7
:102420000010012902D019B95A701CE09A701AE004
:1024300093F802E00EF1020088420AD9C8184270EF
:1024400040F6AA32C2F200022078138818441080A5
:1024500009E002D183F8832005E00EF103008842F1
:102460003CBF00202870481C8CF8000041F6F0208A
:10247000C2F2000021460122BDE8B040F7F72CBDB2
:1024800040F6AC3CC2F2000C9CF80030002B18BFA8
:10249000704740F20123ACF800308CF802008CF851
:1024A0000320CCF80410FBF73BBA0000A1F10902AD
:1024B00012F1080F38BF7047026840F61C3CC2F2A8
:1024C000000C0129CCF8002020D042680229CCF869
:1024D00004201BD082680329CCF8082016D0C268DB
:1024E0000429CCF80C2011D002690529CCF8102061
:1024F0000CD042690629CCF8142007D0826907293C
:10250000CCF818201CBFC069CCF81C0080B5042092
:1025100000EB81004FF0FF4EC2B241F6F0200B46B7
:10252000C2F2000061464CF823E0BDE88040F7F7B6
:10253000F5BC000020EEA01A20EE000A30EE010AE1
:10254000B1EEC00A41F64030C2F2000090ED2E1A02
:1025500031EE400AB5EE400AF1EE10FAC4BF9FED2D
:102560001D0A704790ED173A90ED184A30EE033A85
:1025700090ED141A90ED152AB1EE445AB4EE443A97
:10258000F1EE10FAB4EE453AC8BFB0EE443AF1EEBF
:1025900010FAB8BFB0EE453A22EE032A21EE000A47
:1025A00090ED191A30EE020AB1EE412AB4EE410A5A
:1025B00080ED173AF1EE10FAB4EE420AC8BFB0EE61
:1025C000410AF1EE10FAB8BFB0EE420A80ED1A0AE5
:1025D000704700BF000000004EF6085044F20001B2
:1025E000CEF20000C0F60001016062B6F3F798FE7B
:1025F000F8F75EFAF7F730FEF7F7D8FDF7F7B8FE11
:10260000F7F708FFF7F7FAFCF7F74EFDF7F7AEFD1F
:10261000F7F7D8FEF8F712F8F7F760FFF8F72CF89D
:1026200041F6D84441F6D445C2F20004C2F2000596
:10263000F8F7A0FAF3F74EFE2168401A2860F3F786
:1026400049FE2060F4E7000000284FF0000218BFA8
:10265000002901D1104670472DE9F04140F2F208FF
:10266000C2F20008037898F80060B34250D10B78AA
:1026700098F88450034413F8016CAE4248D113F823
:1026800002EC88F883E00E78062E08D3711F063E10
:10269000032E01F0030C04D20021032513E00021D6
:1026A00021E021F003050021002400BF0619F37882
:1026B000377972791944B679394411440434A54202
:1026C0003144F3D1E51CBCF1000F0CD0445DBCF1EA
:1026D000010F214407D005446C78BCF1020F21445E
:1026E0001CBFAE783144C9B28E4516D18578447886
:1026F00008F10306C11C30462A4688F8014088F8D4
:102700000250F1F78EFD204631462A46FFF722FDA2
:102710000122BDE8F041104670470022F9E7410070
:10272000080218BF04200A0E18BF40F001004FF045
:102730007F4232EA010108BF40F00200012808BFD1
:102740000520704770B54FF068422DED048BF0EE18
:10275000408A18EE900AB0EE608A18EE101A02EB6A
:102760004003B3F1654F3CBF02EB4102B2F1654F4C
:102770007DD200BFC0F3C753C1F3C7529A1A1B2AB8
:1027800009DD10F0004F14BF9FED830A9FED830A0F
:10279000BDEC048B70BD12F11A0F36DA11F0004F48
:1027A00009D010F0004F0CBF9FED7D0A9FED7D0A10
:1027B000BDEC048B70BD88EE889A19EE100AFFF705
:1027C000AEFF042808BF00F0E9FA18EE900AFFF700
:1027D000A6FF054618EE100AFFF7A1FF044619EE02
:1027E000100AFFF79CFF042D18BF052D08D1042CFB
:1027F00018BF052C04D1002804BF022000F0E6FA1F
:10280000B0EE490ABDEC048B70BD4200B2EB410F43
:102810003AD910F0004F19BFDFED630A9FED630A4C
:10282000DFED630A9FED630AB0EE481A0A46B1EE87
:10283000688A80F00041F0EE418A10460A1A520080
:10284000B2F1807F34D2484010F0004FDFED5A1AC9
:102850009FED5A2A1DBFBEEE001A70EEE10A30EE5F
:10286000420AB6EE001A08BF70EEA10A00E040E08E
:1028700008BF30EE020AB0EE682A01EE482A08EEE0
:10288000818AC2EE081A15E011F0004F04BF9FEDD7
:102890004C0AF0EE400AD1D010F0004F19BFDFED26
:1028A000490A9FED490ADFED490A9FED490AC5E74C
:1028B000C8EE881A21EEA11A9FED462ADFED462ABE
:1028C00041EE022A9FED452A01EE222ADFED442A3D
:1028D00041EE022A9FED432ABDEC048B01EE222A31
:1028E00021EE811A01EE020A30EE210A30EE200AB2
:1028F00070BD4FF07F42B2EB400F28BFB2EB410FEB
:1029000009D2F0EE480AB0EE680ABDEC048BBDE8CF
:10291000704000F030BA40EA01035B0008BF41F0AC
:10292000FF410BD0B2EB400F08BFB2EB410F08D113
:1029300020F0804008EE900A21F0804108EE101A45
:1029400018E7B2EB400F12BF5FEA410340F0FF40CF
:1029500001F000413FF40EAFB2EB410F12BF5FEA4E
:10296000400200F0004041F0FF413FF403AF4A0055
:1029700092EA40033FF5FEAE002AACBF9FED1A0A73
:102980009FED1A0A68EE808A28EE008A18EE900AF7
:1029900018EE101AEEE60000DB0FC9BFDB0FC93FCF
:1029A000DB0F4940DB0F49C00000C9BF22AAFDB9B7
:1029B0000000C93F22AAFD390060ED3EC30ACE37B0
:1029C00000000000000049C022AA7DBA0000494072
:1029D00022AA7D3A2DAD65BD8FB8D53D0FB511BE8C
:1029E00061C84C3EA8AAAABE0000804F0000802FFC
:1029F00010B510EE104A4FF019406949002200EB63
:102A000044002DED028B884257D8DFED660A14F0A2
:102A1000004F60EE200A14BFBEEE001AB6EE001A98
:102A200071EE200AFDEEE00A10EE900A00EE900A28
:102A3000F8EEE00A9FED5C1A00EEC10A9FED5B1A0A
:102A400000EEC10ADFED5A0A9FED5A1A00EE201A75
:102A5000DFED590A40EE010A9FED581A584B00F07D
:102A6000030100EE201A21EE000A7B4403EB8103F0
:102A7000D3ED000A534B7B4403EB810393ED001A23
:102A8000514B41EE000A7B4403EB8101801091ED34
:102A9000000A70EE800AEABB00EE100AB8EEC01A17
:102AA000DFED4A1A9FED4A0ABDEC028B01EE210AC6
:102AB000BCEEC00A20EE200A10BD4FF0FF40A0433C
:102AC0001DD04FF0CE40B0EB440F81BFF7EE000AAF
:102AD00030EE200ABDEC028B10BD3E48B0EB440F37
:102AE00028BF012291D2022000F070F914F0004FAB
:102AF00015D0BDEC028BBDE8104000F04FB914F5C5
:102B0000000F02BF9FED340ABDEC028B10BDBDEC7F
:102B1000028B00E009E0BDE8104000F029B9BDECEF
:102B2000028BBDE8104000F031B900EBD0735910B2
:102B30004FF07E5202EBC15100EE101AA0EB630081
:102B400002EBC05060EE200A00EE100A20EE208A50
:102B500018EE100A88B118EE100AB0F1FF4F15D028
:102B600018EE100AFFF7DBFD042808BF00F016F985
:102B7000B0EE480ABDEC028B10BD022000F026F931
:102B8000BDEC028BBDE8104000F008B9022000F057
:102B90001DF9BDEC028BBDE8104000F0F7B8000055
:102BA0000000501E3BAAB8400070313EF4FD0537CE
:102BB00012BB2A3D12BB2A3EFFFFFF3EFFFF7F3FB5
:102BC0007A0300007E0300004E0300000000004B6B
:102BD00000007E4E0000A0850000000010B52DED25
:102BE000028BF0EE408A18EE900AB0EE608A20F078
:102BF0000040C0F1FF40C00F07D118EE100A20F0CE
:102C00000040C0F1FF40C00F2BD018EE101A18EE94
:102C1000900AF1F7FCFC00EE100A10EE100A6FEAC1
:102C2000D05010F0FF0F04BFBDEC028B10BD18EEAA
:102C3000900A00F0004110EE100A00F000408142BE
:102C400004BFBDEC028B10BD18EE101A10EE100A76
:102C5000BDEC028B61F31E0000EE900A30EE600ABC
:102C600010BD18EE900A4FF07F41B1EB400F1CBF32
:102C700018EE100A5FEA4000C7D1012000F0A6F864
:102C8000BDEC028BBDE8104000F078B810B510EE36
:102C9000104A2DED028B4FF07F40B0EEC08AB0EBB2
:102CA000440F55D318EE101A2C4A914220DD18EE2D
:102CB000101AB0EB410F1BD318EE101A284AF7EE8A
:102CC000008A914207DD18EE101AB0EB410F28BFC1
:102CD000B0EE680A35D238EE080AFFF789FE70EECA
:102CE000280AB0EE001A81EE200A38EEC00A28E069
:102CF00018EE101AB1F1665F0FDA18EE101AB0EB89
:102D0000410F0AD318EE100AFFF709FD042808BF87
:102D100000F044F8B0EE480A13E028EE080ADFEDB0
:102D2000110ADFED111A9FED111A40EE210A60EE33
:102D3000800A30EE010A80EE801AB0EE480A08EEF2
:102D4000010A002CB8BFB1EE400ABDEC028B10BDE9
:102D5000BDEC028BBDE8104000F00AB8549F0C3F58
:102D6000B32C1041C6E252BFB2117BBB1A2A1E40DF
:102D700030EE000A704730EE200A7047DFED020A9D
:102D800080EEA00A70470000000000009FED020ADC
:102D900020EE000A70470000000000709FED020A5C
:102DA00020EE000A704700000000001002E008C892
:102DB000121F08C1002AFAD170477047002001E0B5
:102DC00001C1121F002AFBD17047000001490860B1
:102DD00070470000000000200000803F0030983F56
:102DE0000000B53F0040D73F00000000320A7E39A6
:102DF0007F661E395B991F390000803FF037983F8E
:102E0000F304B53FFD44D73F000000000000000080
:102E10000102030406070809000000000102030480
:102E2000E60000002FA7068043E8582781D8D0008D
:102E30000200000004000000080000001000000074
:102E4000FDFFFFFFFBFFFFFFF7FFFFFFEFFFFFFFB0
:102E5000FFFDFFFFFFFBFFFFFFF7FFFFFFEFFFFFA0
:102E60000006101600061016F0000000000000001A
:102E7000920E493CB10AC93C2BC3163D2EFB483D7E
:102E8000752B7B3D04A9963D80B6AF3D36BDC83D50
:102E90002FBCE13D73B2FA3D87CF093E8340163E19
:102EA000B5AB223EA2102F3ECF6E3B3EC2C5473E81
:102EB0000115543E135C603E7F9A6C3ECCCF783E49
:102EC000C07D823E938E883E229A8E3E32A0943EF2
:102ED00086A09A3EE59AA03E128FA63ED47CAC3ED8
:102EE000EF63B23E2A44B83E491DBE3E15EFC33ED5
:102EF00053B9C93ECA7BCF3E4136D53E80E8DA3E63
:102F00004F92E03E7533E63EBBCBEB3EEA5AF13ED4
:102F1000CBE0F63E275DFC3EE4E7003F3D9C033FEF
:102F2000824B063F9BF5083F6B9A0B3FDA390E3F09
:102F3000CDD3103F2A68133FD9F6153FC07F183F05
:102F4000C6021B3FD17F1D3FCBF61F3F9967223F33
:102F500025D2243F5636273F1594293F4AEB2B3F75
:102F6000DE3B2E3FBB85303FC9C8323FF304353FBF
:102F7000233A373F4268393F3B8F3B3FF9AE3D3FF5
:102F800067C73F3F70D8413F01E2433F03E4453FFD
:102F900065DE473F12D1493FF8BB4B3F029F4D3F93
:102FA000207A4F3F3D4D513F4918533F31DB543F4D
:102FB000E595563F5348583F6AF2593F1A945B3F94
:102FC000532D5D3F05BE5E3F2146603F97C5613F83
:102FD0005A3C633F59AA643F880F663FD86B673FEE
:102FE0003CBF683FA7096A3F0C4B6B3F5E836C3F59
:102FF00093B26D3F9ED86E3F73F56F3F0809713FE6
:103000005213723F4714733FDD0B743F0BFA743F4A
:10301000C6DE753F07BA763FC58B773FF853783FDA
:103020009812793F9DC7793F02737A3FBE147B3F68
:10303000CDAC7B3F283B7C3FC9BF7C3FAC3A7D3F5A
:10304000CCAB7D3F23137E3FB0707E3F6DC47E3F8F
:10305000580E7F3F6D4E7F3FAB847F3F0FB17F3F68
:1030600097D37F3F43EC7F3F11FB7F3F0000803FC2
:1030700011FB7F3F43EC7F3F97D37F3F0FB17F3FF3
:10308000AB847F3F6D4E7F3F580E7F3F6DC47E3FC8
:10309000B0707E3F23137E3FCCAB7D3FAC3A7D3F8B
:1030A000C9BF7C3F283B7C3FCDAC7B3FBE147B3F00
:1030B00002737A3F9DC7793F9812793FF853783F62
:1030C000C58B773F07BA763FC6DE753F0BFA743F74
:1030D000DD0B743F4714733F5213723F0809713F71
:1030E00073F56F3F9ED86E3F93B26D3F5E836C3F2A
:1030F0000C4B6B3FA7096A3F3CBF683FD86B673FEB
:10310000880F663F59AA643F5A3C633F97C5613FA9
:103110002146603F05BE5E3F532D5D3F1A945B3FE5
:103120006AF2593F5348583FE595563F31DB543FCB
:103130004918533F3D4D513F207A4F3F029F4D3F2D
:10314000F8BB4B3F12D1493F65DE473F03E4453FA3
:1031500001E2433F70D8413F67C73F3FF9AE3D3F73
:103160003B8F3B3F4268393F233A373FF304353FBB
:10317000C9C8323FBB85303FDE3B2E3F4AEB2B3F79
:103180001594293F5636273F25D2243F9967223F81
:10319000CBF61F3FD17F1D3FC6021B3FC07F183FAC
:1031A000D9F6153F2A68133FCDD3103FDA390E3FC9
:1031B0006B9A0B3F9BF5083F824B063F3D9C033FBC
:1031C000E4E7003F275DFC3ECBE0F63EEA5AF13EE5
:1031D000BBCBEB3E7533E63E4F92E03E80E8DA3EF5
:1031E0004136D53ECA7BCF3E53B9C93E15EFC33EEB
:1031F000491DBE3E2A44B83EEF63B23ED47CAC3E8D
:10320000128FA63EE59AA03E86A09A3E32A0943E3A
:10321000229A8E3E938E883EC07D823ECCCF783EF1
:103220007F9A6C3E135C603E0115543EC2C5473E1A
:10323000CF6E3B3EA2102F3EB5AB223E8340163EE2
:1032400087CF093E73B2FA3D2FBCE13D36BDC83D84
:1032500080B6AF3D04A9963D752B7B3D2EFB483DC6
:103260002BC3163DB10AC93C920E493C0000000038
:10327000920E49BCB10AC9BC2BC316BD2EFB48BD7A
:10328000752B7BBD04A996BD80B6AFBD36BDC8BD4C
:103290002FBCE1BD73B2FABD87CF09BE834016BE15
:1032A000B5AB22BEA2102FBECF6E3BBEC2C547BE7D
:1032B000011554BE135C60BE7F9A6CBECCCF78BE45
:1032C000C07D82BE938E88BE229A8EBE32A094BEEE
:1032D00086A09ABEE59AA0BE128FA6BED47CACBED4
:1032E000EF63B2BE2A44B8BE491DBEBE15EFC3BED1
:1032F00053B9C9BECA7BCFBE4136D5BE80E8DABE5F
:103300004F92E0BE7533E6BEBBCBEBBEEA5AF1BED0
:10331000CBE0F6BE275DFCBEE4E700BF3D9C03BFEB
:10332000824B06BF9BF508BF6B9A0BBFDA390EBF05
:10333000CDD310BF2A6813BFD9F615BFC07F18BF01
:10334000C6021BBFD17F1DBFCBF61FBF996722BF2F
:1033500025D224BF563627BF159429BF4AEB2BBF71
:10336000DE3B2EBFBB8530BFC9C832BFF30435BFBB
:10337000233A37BF426839BF3B8F3BBFF9AE3DBFF1
:1033800067C73FBF70D841BF01E243BF03E445BFF9
:1033900065DE47BF12D149BFF8BB4BBF029F4DBF8F
:1033A000207A4FBF3D4D51BF491853BF31DB54BF49
:1033B000E59556BF534858BF6AF259BF1A945BBF90
:1033C000532D5DBF05BE5EBF214660BF97C561BF7F
:1033D0005A3C63BF59AA64BF880F66BFD86B67BFEA
:1033E0003CBF68BFA7096ABF0C4B6BBF5E836CBF55
:1033F00093B26DBF9ED86EBF73F56FBF080971BFE2
:10340000521372BF471473BFDD0B74BF0BFA74BF46
:10341000C6DE75BF07BA76BFC58B77BFF85378BFD6
:10342000981279BF9DC779BF02737ABFBE147BBF64
:10343000CDAC7BBF283B7CBFC9BF7CBFAC3A7DBF56
:10344000CCAB7DBF23137EBFB0707EBF6DC47EBF8B
:10345000580E7FBF6D4E7FBFAB847FBF0FB17FBF64
:1034600097D37FBF43EC7FBF11FB7FBF000080BFBE
:1034700011FB7FBF43EC7FBF97D37FBF0FB17FBFEF
:10348000AB847FBF6D4E7FBF580E7FBF6DC47EBFC4
:10349000B0707EBF23137EBFCCAB7DBFAC3A7DBF87
:1034A000C9BF7CBF283B7CBFCDAC7BBFBE147BBFFC
:1034B00002737ABF9DC779BF981279BFF85378BF5E
:1034C000C58B77BF07BA76BFC6DE75BF0BFA74BF70
:1034D000DD0B74BF471473BF521372BF080971BF6D
:1034E00073F56FBF9ED86EBF93B26DBF5E836CBF26
:1034F0000C4B6BBFA7096ABF3CBF68BFD86B67BFE7
:10350000880F66BF59AA64BF5A3C63BF97C561BFA5
:10351000214660BF05BE5EBF532D5DBF1A945BBFE1
:103520006AF259BF534858BFE59556BF31DB54BFC7
:10353000491853BF3D4D51BF207A4FBF029F4DBF29
:10354000F8BB4BBF12D149BF65DE47BF03E445BF9F
:1035500001E243BF70D841BF67C73FBFF9AE3DBF6F
:103560003B8F3BBF426839BF233A37BFF30435BFB7
:10357000C9C832BFBB8530BFDE3B2EBF4AEB2BBF75
:10358000159429BF563627BF25D224BF996722BF7D
:10359000CBF61FBFD17F1DBFC6021BBFC07F18BFA8
:1035A000D9F615BF2A6813BFCDD310BFDA390EBFC5
:1035B0006B9A0BBF9BF508BF824B06BF3D9C03BFB8
:1035C000E4E700BF275DFCBECBE0F6BEEA5AF1BEE1
:1035D000BBCBEBBE7533E6BE4F92E0BE80E8DABEF1
:1035E0004136D5BECA7BCFBE53B9C9BE15EFC3BEE7
:1035F000491DBEBE2A44B8BEEF63B2BED47CACBE89
:10360000128FA6BEE59AA0BE86A09ABE32A094BE36
:10361000229A8EBE938E88BEC07D82BECCCF78BEED
:103620007F9A6CBE135C60BE011554BEC2C547BE16
:10363000CF6E3BBEA2102FBEB5AB22BE834016BEDE
:1036400087CF09BE73B2FABD2FBCE1BD36BDC8BD80
:1036500080B6AFBD04A996BD752B7BBD2EFB48BDC2
:103660002BC316BDB10AC9BC920E49BC0000008034
:103670009036010800000020780200004C47000846
:10368000983701087802002030250000BC2D010881
:10369000512FA5BA0008DDBA0008EDBA000809BB31
:1036A0002E0829BB000881BA0008B5BA00082E24EC
:1036B000F4005DB70008B5B50008ADB85208DD15D7
:1036C000B6000801B5000879B500082FB1B60008AA
:1036D0005DB6000809B700084DB63D080902430071
:1036E000020100C03209042E01020201000524007B
:1036F00010010524012901042402020524064F01BA
:103700000705820308001009040100020A360705B4
:10371000010240460705810240450A060002434077
:10372000012D1201000202020040830441573602BB
:10373000010203012FB5490008B1490008AD490055
:1037400008E1490C1908054A0008040309041A0392
:1037500002843A03840D3A720DD3E55E52018D0363
:103760000020810C0020880C0020017BAD0B002084
:10377000AC0B002000012F14020020401B0020642D
:103780001C0020C80D061120C41C00200210014698
:08379000FF83FF8401421000D9
:040000050800418925
:00000001FF
