:020000040800F2
:10400000882800209D41000859AF000851A80008E9
:1040100055AF0008CD4A00088DE4000800000000FC
:1040200000000000000000000000000065B3000870
:10403000054C0008000000008DAF000869B30008BF
:10404000B7410008B7410008B7410008B741000870
:10405000B7410008B7410008B7410008B741000860
:10406000B7410008B7410008B7410008B14B00084C
:10407000B7410008B7410008BD4B0008B741000830
:10408000C94B0008B7410008B7410008B741000814
:10409000B7410008B7410008B7410008B741000820
:1040A000B7410008B7410008B7410008B741000810
:1040B000B7410008B7410008B7410008B741000800
:1040C000B7410008B7410008B7410008B7410008F0
:1040D000B741000889BC0008B7410008B741000893
:1040E000B7410008B7410008B7410008B7410008D0
:1040F0009DB40008B7410008B7410008B741000867
:10410000B7410008B7410008B741000891AF000867
:10411000B7410008B7410008B7410008B74100089F
:10412000D54B0008B7410008E14B0008B741000833
:10413000B74100080000000000000000B74100087F
:10414000D14A0008B7410008B74100085DAF000838
:10415000ED4B0008B7410008F94B0008B7410008D3
:10416000B7410008B7410008B7410008B74100084F
:10417000B7410008B741000800000000000000003F
:10418000B7410008B7410008DFF80CD000F0D2FAC0
:1041900000480047A13801088828002006488047C9
:1041A00006480047FEE7FEE7FEE7FEE7FEE7FEE71C
:1041B000FEE7FEE7FEE7FEE71DB4000889410008C0
:1041C0002DE9F05F0546002092469B46884606464C
:1041D000814640241BE0284641464746224600F0DF
:1041E000CAF953465A46C01A914110D3114618468F
:1041F000224600F0B1F92D1A67EB01084F4622461E
:104200000120002100F0A8F917EB00094E41201E03
:10421000A4F10104DFDC484631462A464346BDE8A6
:10422000F09F40EA01039B0703D009E008C9121F71
:1042300008C0042AFAD203E011F8013B00F8013B60
:10424000521EF9D27047D2B201E000F8012B491E8C
:10425000FBD270470022F6E710B513460A46044623
:104260001946FFF7F0FF204610BD421C10F8011B55
:104270000029FBD1801A70472DE9FE4F804681EA64
:104280000300C00F0C46009021F0004123F00045D0
:10429000B8EB0200A94105D24046214690461C4693
:1042A0000B46024623F00040104347D0270DC7F3CA
:1042B0000A00C3F30A510290401A019040286BDAB9
:1042C000C3F3130040F4801B0098924620B10023F2
:1042D000D2EB030A63EB0B0B01985946C0F1400285
:1042E000504600F039F906460D4650465946019AA7
:1042F00000F051F910EB08006141002487EA1152E7
:1043000084EAE7731A4340D0009A62B3019A012A03
:104310004FEA075215DC001B61EB02014FF000422F
:1043200002EA0752CDE90042001C41F580113246F5
:104330002B4600F0B1F903B0BDE8F08F40462146AE
:10434000F9E7001B61EB0201001C41F58013001826
:104350005B412018A2F5001747EB030140EAD57036
:10436000B6196D4111E06D084FEA360645EAC07591
:104370004FEA0752001B61EB0201001C41F580115E
:1043800049084FEA30000019514132462B4603B02C
:10439000BDE8F04F00F071B9009801224000002301
:1043A000D0EB020263EBE073009821464FEAE07421
:1043B000B8EB000061EB0401E9E783F000435BE741
:1043C00081F0004158E72DE9FE4F81EA030404F033
:1043D000004421F0004100944FF0000B23F0004313
:1043E00050EA01045ED052EA03045BD0C3F30A54DE
:1043F000C1F30A552C44A4F2F3340194A0FB0254F7
:10440000C1F3130141F48011C3F3130343F4801388
:1044100001FB024400FB034E840A970A44EA8154DC
:1044200047EA8357A4FB076802958D0A05FB0785B9
:104430004FEA932C04FB0C542705029D4FEA0658C3
:1044400047EA1637B5EB08056EEB070C870E920EA0
:1044500047EA811742EA8312A7FB0201B6EB0B0180
:1044600064EB00042B0D43EA0C335E1844EB1C5044
:10447000DA465146E7FB0201C5F313044FEA0B335A
:1044800043EA14534FEA0432019C43EA0603A4F1C1
:104490000C040294009CCDE900B400F0FDF803B0D8
:1044A000BDE8F08F00200146F9E730B5041E71F138
:1044B000000404DB4FF00044404264EB0101141E91
:1044C00073F1000405DB1C464FF00043524263EBDE
:1044D0000403101A8B4101D2012030BD002030BDF1
:1044E0000EB540F2334102910021CDE900110A4698
:1044F0000B4600F0D1F803B000BD00F0004230F0F0
:1045000000400AD0C10D01F56071C0F3160042EA07
:104510000151C2084007114370470020014670470F
:1045200001F0004330B421F0004150EA010206D00E
:104530000A0DA2F56072C1F31301002A02DC30BC3F
:1045400000207047440F44EAC104C100E01830BCA9
:1045500000EBC25000F031B8202A04DB203A00FA08
:1045600002F1002070479140C2F1200320FA03F3CA
:10457000194390407047202A04DB203A21FA02F0C8
:104580000021704721FA02F3D040C2F1200291408D
:10459000084319467047202A06DBCB17203A41FA18
:1045A00002F043EAE07306E041FA02F3D040C2F1C0
:1045B000200291400843194670470029A8BF704760
:1045C000401C490008BF20F00100704710B4B0FA49
:1045D00080FC00FA0CF050EA010404BF10BC7047E4
:1045E00049B1CCF1200421FA04F411FA0CF118BFFE
:1045F000012121430843A3EB0C01CB1D4FEA0061CD
:104600004FEA102042BF002010BC704700EBC3509F
:1046100010440029A4BF10BC7047401C490008BFCB
:1046200020F0010010BC7047F0B400F0004221F00F
:10463000004120F00040CE0DC30DC1F3160141F43E
:104640000001C0F316004C42154640F40000761EEF
:1046500009E010EB440002D582F00042404288425B
:10466000F7D840005B1EB342F9DA18B1F0BC002164
:10467000FFF7ACBF2846F0BC704710B5141E73F1AD
:10468000000408DA401C41F1000192185B411A4312
:1046900001D120F0010010BD2DE9F04D92469B465E
:1046A00011B1B1FA81F202E0B0FA80F22032904604
:1046B000FFF752FF04460F4640EA0A0041EA0B01A9
:1046C00053465A46084313D0114653EA010019D005
:1046D000C8F140025046FFF74EFF05460E465046D1
:1046E00059464246FFF738FF084305D0012004E051
:1046F00020463946BDE8F08D0020054346EAE076C5
:104700002C4337430A986305E40AA0EB0800002213
:10471000FD0A44EA47540A3002D500200146E9E781
:10472000010510196941DDE9084500196941BDE835
:10473000F04DA2E71CB509480090094801900546D4
:10474000009C06E0E06840F0010394E80700984709
:104750001034AC42F6D3FFF71BFD00004C4A0108B1
:104760006C4A010830B58C1810F8012B12F00F03B9
:1047700001D110F8013B120906D110F8012B03E01A
:1047800010F8015B01F8015B5B1EF9D101E001F853
:10479000013B521EFBD1A142E6D3002030BD0000F8
:1047A0000146806B036C026C13F0500F08D0D206E8
:1047B00048BF00F0AFBB806BC26C0846104700BF1B
:1047C00042F40071016401688A6812F0405F01D010
:1047D00000F05EBB027E002AFAD1CA6A12F4700FA2
:1047E00002D08A685205F3D44A6822F020024A6057
:1047F000016C21F480710164016CC90448BF00F0B0
:1048000047BB016C41F00101016400F041BB0000B5
:10481000806B40210164416C41F00401416400F06F
:1048200079BB0000806B00F073BB00002DE9F04302
:1048300081B040F22C4EC2F2000E9EF90D304FF0C6
:104840004B08B3F1FF3FC8BF4FF023085A064FF0A3
:104850004B0258BF23229C064FF04B0458BF232421
:10486000DD064FF04B0558BF23251E074FF04B06C2
:1048700058BF23265F074FF04B0758BF23279807E1
:104880004FF04B0041F6346158BF2320DB07C2F2E2
:1048900000014FF04B0308BF2323C1E906039EF834
:1048A0000C00C1E9008201F10802F0C242B2B2F18B
:1048B000FF3F4FF04B089EF80E30C8BF4FF0230863
:1048C00044064FF04B0958BF4FF0230985064FF0BF
:1048D0004B0558BF2325C6064FF04B0658BF23266D
:1048E00007074FF04B0758BF232742074FF04B02F3
:1048F00058BF232284074FF04B0458BF2324C0071E
:104900004FF04B0008BF2320C1E9088901F12808B6
:10491000C86358B288E8E000B0F1FF3F4FF04B08A1
:10492000C1E90D24C8BF4FF023085A064FF04B02CF
:1049300058BF23229C064FF04B0458BF2324DD06AA
:104940004FF04B0558BF23251E074FF04B0658BFAD
:1049500023265F074FF04B0758BF232798074FF0D8
:104960004B0058BF2320DB074FF04B0308BF232326
:1049700088659EF91000C1E9108201F14802B0F18A
:10498000FF3F4FF04B08F0C2CB65C8BF4FF0230884
:1049900043064FF04B0358BF232384064FF04B04CC
:1049A00058BF2324C5064FF04B0558BF23250607E3
:1049B0004FF04B0658BF232647074FF04B0758BF11
:1049C000232782074FF04B0258BF2322C0074FF026
:1049D0004B0008BF23208A679EF90F20C1E9188386
:1049E00001F16803B2F1FF3F4FF04B08F0C3C86715
:1049F000C8BF4FF0230853064FF04B0358BF232383
:104A000094064FF04B0458BF2324D5064FF04B05B6
:104A100058BF232516074FF04B0658BF23265707CC
:104A20004FF04B0758BF232790074FF04B0058BF5C
:104A30002320D2074FF04B0208BF2322C1F8980071
:104A40009EF91100C1E9208301F18803B0F1FF3F15
:104A50004FF04B0EF0C3C1F89C20C8BF4FF0230E9F
:104A600043064FF04B0358BF232387064FF04B07F5
:104A700058BF2327C6064FF04B0658BF232605070D
:104A80004FF04B0558BF232544074FF04B0458BF48
:104A9000232482074FF04B024FF04B0C58BF2322C8
:104AA000C00708BF4FF0230CC1E928E3C1E92A760B
:104AB000C1E92C54C1E92E2C01F1C0004FF4C8719A
:104AC000FFF7C8FB01B0BDE8F0830000FEE700007F
:104AD00041F26030C2F2000000F0C6BD0020704715
:104AE0000020704710B540F6F474C2F2000440F69E
:104AF000C621C2F200012046002207F091FA40F6DA
:104B0000C601C2F20001204607F07CFA002010BD69
:104B1000B0B504460EF0F8FE40F6F475C2F200059A
:104B20002846214607F06EFA284607F045FA00208D
:104B3000B0BD00000020704740F6F472C2F20002DF
:104B4000D2F8BC22D2F81432002B1CBF01207047CF
:104B500010B540F6F474C2F200040A46014620463D
:104B600007F05EFA2046BDE8104007F0DDBA00000D
:104B700010B541F60444C2F200042046002104F0BE
:104B8000E9FF2046042104F0E5FF2046082104F057
:104B9000E1FF2046002104F095F92046042104F0AD
:104BA00091F920460821BDE8104004F08BB90000BF
:104BB00041F24840C2F2000001F084B841F20850CE
:104BC000C2F2000001F07EB841F2A840C2F200003B
:104BD00001F078B841F28830C2F2000001F072B8FA
:104BE00041F2E830C2F2000001F06CB841F26850C6
:104BF000C2F2000001F066B841F2C850C2F20000F3
:104C000001F060B87047000010B541F60444C2F2EC
:104C100000042046002104F0D7FD2046042104F0C2
:104C2000D3FD2046082104F0CFFD2046002104F0EA
:104C3000C9F82046042104F0C5F820460821BDE843
:104C4000104004F0BFB8000072B602200EF0E6BAC1
:104C5000F0B581B040F28427044643F60C46C2F218
:104C600000070020C4F20206F86101F059FC316827
:104C7000C9031BD43068C0071CBF012030603068F6
:104C800010F0F20F30D03068C00631D430688006A2
:104C900037D4306840063DD43068000643D43068CD
:104CA000800749D4012001B0F0BD00BFC4B1054662
:104CB000601C10D13068C003DCD53068C00344BF2D
:104CC00030685FEAC030D5D53068C003F2D4D1E790
:104CD0003068C003CED501F023FC401BA042F7D9B9
:104CE000032001B0F0BD00BF002001B0F0BD00BF47
:104CF000F86940F01000F8611020306030688006DC
:104D0000C7D5F86940F00800F861202030603068AD
:104D10004006C1D5F86940F00400F86140203060D9
:104D200030680006BBD5F86940F00200F8618020C9
:104D3000306030688007B5D5F86940F02000F86130
:104D400002203060012001B0F0BD000070B581B0DC
:104D50000022009290F83C20012A03D1022001B0E9
:104D600070BD00BFD1F800E00122BEF10A0F1FFAAA
:104D70008EFC80F83C2009D34FEA4C02036812FAFB
:104D80008EF2A2F11E0403F10C0204E003680EEBA4
:104D90004E0403F1100207251668A54026EA050512
:104DA00015608D68166805FA04F434431460496888
:104DB000062907D801EB81014A1F194651F8345FD3
:104DC0000FE000BF0C2901EB810105D8A1F12302FE
:104DD000194651F8305F04E0A1F14102194651F83B
:104DE0002C5F1F24944025EA04040C600CFA02F2A4
:104DF0000C6842F2043CC4F2010C2243ACF541744D
:104E0000A3420A603ED1BEF1120F07D1DCF80010B8
:104E100041F48001CCF8001034E000BF2EF0010115
:104E200010292FD1DCF80010BEF1100F41F4000161
:104E3000CCF8001026D140F22801C2F20001096826
:104E40004DF68362C4F21B32A1FB0212910C01EBFE
:104E50008101490000910099A1B1009901390091A7
:104E6000009979B1009901390091009951B10099E7
:104E700001390091009929B10099013900910099F7
:104E80000029EAD1002180F83C10002001B070BD5B
:104E9000006842F20011C4F20101884218BF704755
:104EA00040F24040C2F200008178C27800EE101A51
:104EB0009FED151AB8EE400A20EE010A01EE102A05
:104EC0009FED123AB8EE411AB3EE082A21EE021A0B
:104ED00030EE032A81EE021AB6EE002A44F23112B5
:104EE000C0F6010280ED030A31EE021ABDEEC11ACE
:104EF00011EE101A515C00EE101AB8EE400A0121B2
:104F000080ED040A417070473A07543E9A9999BE61
:104F10007047000070470000002804BF0120704760
:104F200010B5016C00293DD0016CC90645D4016C57
:104F300041F202129143023142F204320164C4F29E
:104F40000102116821F440311160136890E81210D9
:104F50002343D0F810E013604A68012422F48072E1
:104F60004A604A68C0F6007442EA0E224A604A6803
:104F700022F040724A604A6842EA0C024A608A683B
:104F800022F400628A60C2688B681A438A60826A6F
:104F90008B68A24223F070638B608B6810D123F082
:104FA000405216E0044600F065F820460021616496
:104FB00084F83C10016CC906B9D5012153E000BF4B
:104FC0001A438A608A6822F040528A60C26A8B68FB
:104FD0001A438A608A6822F002028A608A68037E25
:104FE00090F8204042EA43028A604A6884B142F461
:104FF00000624A604A684EF2000322F460424A604E
:10500000426ACFF6FF734C6803EB4232224301E061
:1050100022F400624A60CA6A40F2000C22F4700274
:10502000CA62C3694269CFF6F07CCC6A0CEB0353C9
:105030002343CB628B6823F400738B6090F830308D
:105040008C6844EA43238B608B6823F480638B6015
:105050008B6843EA82228A6000214164026C01234A
:1050600063F301020264002280F83C20BDE8104096
:1050700008467047F0B587B00446006842F2001158
:10508000C4F2010100268842CDE90566CDE9036638
:10509000029647D042F20001C4F20101884240F07A
:1050A000878043F630000196C4F20200416941F462
:1050B00080714161416901F480710191019901960A
:1050C000016841F001010160006802A900F00100DF
:1050D00001900198072002900320CDE903060020EB
:1050E000C4F2020001F03EF941F2883546F2104068
:1050F000C2F20005C4F202004FF48061C5E9000667
:1051000005F110004FF400624FF400534FF4807C1F
:1051100080E80E104FF40030C5E90266C5E90806C4
:105120003DE000BF43F630000196C4F20200416941
:10513000032741F400714161416901F4007101915B
:1051400001990196016841F001010160006802A91E
:1051500000F0010001900198602002900020C4F24C
:105160000200CDE9037601F0FDF846F21040C4F2EA
:10517000020041F2E8353030C2F200054FF0007114
:105180004FF4806285E843000420C5E90362C5E965
:105190000566EE61C5E90860C5E90A762E63284612
:1051A00000F072FE002818BFFFF74EFDA563AC6348
:1051B00007B0F0BDB0B582B00023019390F83C3049
:1051C000012B03D1022002B0B0BD00BF8E460123E7
:1051D000016880F83C308B689446DB0729D18B68E6
:1051E0004DF6836443F001038B6040F22803C2F262
:1051F00000031B68C4F21B34A3FB0434A30C03EBB1
:1052000043030193019BA3B1019B013B0193019BCC
:105210007BB1019B013B0193019B53B1019B013B7E
:105220000193019B2BB1019B013B0193019B002B3F
:10523000EAD18B68DB0503D58B6823F480738B6020
:105240008C68036CE4070BD143F01001016400F19A
:105250004401002001220B681A430A6002B0B0BD6D
:1052600040F20174A34303F5807303644B685B054C
:1052700004D5036C012464F30D330364046C002330
:10528000E4044FF0000444BF446C24F0060444647A
:1052900080F83C30836B44F2A17444F62502C0F6DA
:1052A0000004C0F60002C3E90F4244F61102C0F642
:1052B0000002DA646FF022020A604A6842F20434A3
:1052C00042F080624A608A68054642F480728A60D1
:1052D0004C31184672466346C4F2010400F086FE63
:1052E00022682968D20605D0A4F54172914225D0E2
:1052F00002B0B0BD42F20002C4F20102914215D0E8
:1053000042F20022C4F2010291420CD042F2001299
:10531000C4F201029142EBD12268D20606D0A4F574
:1053200082729142E4D12268D206E1D451F8082F6A
:1053300012F0405FDCD14FF080428CE74FF6045111
:10534000CFF6FF71615811F0405FD1D1A4F53F71E4
:105350004FF080427FE7000090F82020013A012AB8
:1053600008D8006800F11402002013681943116086
:10537000704700BF00F1240201204FF48021136820
:10538000194311607047000010B590F820E0D0F884
:1053900000C0AEF1010EBEF1010FDCF808E011D83B
:1053A0001EF0E05F18D0CEF301640120A040186029
:1053B0008B68DBB1D1F804E0C86840EACE0040EA6F
:1053C000030E17E000F1240301204FF480211A6836
:1053D0001143196010BD00BF00F1240301204FF4F8
:1053E00000111A681143196010BD00BF0868CB682E
:1053F00043EA405E0CF5C07000EB0413240140F852
:1054000004E00C69184640F8044F097D012903D1D6
:10541000016841F48071016050680121D860106812
:10542000986000201A681143196010BD90F8202080
:10543000013A012A30D8B0B546F20060C4F200004B
:10544000026842F001020260026822F47C520260AB
:10545000D1F814E0CC694A6A0368012C43EA0222BD
:1054600002600EF01F024FF0010303FA02F2C3695B
:105470006FEA020C23EA0203C36113D02CBBC3689A
:1054800003EA0C03C360CB688C8844EA034300EB57
:10549000CE0423640B4611E0416A41F4802141624D
:1054A00001207047C3681343C3600B688C8844EACB
:1054B000034300EBCE04236401F10C038C681B88CA
:1054C00043EA044300EBCE04636443688D6943EA16
:1054D0000204D1F810E0096A002D08BF03EA0C04A9
:1054E00044604369BEF1000F43EA020408BF03EAC7
:1054F0000C040129446102D1C1691143C1610168F1
:1055000021F0010101600020B0BD000070470000E3
:10551000B0B590F82040013C012C7DD8D0F800C0F7
:1055200000290CBFDCF80C40DCF81040A4077DD04B
:105530000CF5D8754FEA011C55F80C4014F0040422
:10554000946055F80CE005EB011C19BF4FEADE052D
:1055500055604FEA5E551560DCF80050E64605F0F0
:105560000205D5605EF8044F24075ABFDEF80040FC
:1055700004F00F0408241461DEF800400029C4F38D
:1055800007249461DEF800504FEA15455561DCF8B8
:1055900008201A70026802EB0112D2F8B8214FEA13
:1055A00012225A70026802EB0112D2F8B8214FEAB7
:1055B00012429A70026802EB0112D2F8B8214FEA47
:1055C0001262DA70026802EB0112D2F8BC211A7181
:1055D000026802EB0112D2F8BC214FEA12225A7182
:1055E000026802EB0112D2F8BC214FEA12429A7112
:1055F000026802EB0112D2F8BC214FEA1262DA71A2
:1056000000680CBF00F10C0100F110010020202205
:105610000B681A430A60B0BD00F1240101204FF469
:1056200080220B681A430A60B0BD00BF00F124015C
:1056300001204FF400120B681A430A60B0BD00004D
:1056400090F820100139012984BF002070470068BC
:10565000816882688068C1F38061C2F3C0621144CE
:10566000C0F30070084470472DE9F04F81B0044644
:1056700000684669D0F804908768D0F80CB0D0F87C
:1056800010A0D0F81880F10704D1002530071DD4F0
:1056900024E000BFF90710D00121BA07816009D4C6
:1056A000780700F1AF80380700F1B680204600F09F
:1056B000A1FA02E0204600F09FFA0025F80500F16B
:1056C0008780F80300F1B180300707D51BF0100088
:1056D00004D0206845F400751021C160700708D51A
:1056E0001BF0080005D020680821C160204600F0AA
:1056F000C9F9B00706D52068C068800702D02046E7
:1057000000F0C2F9700607D51AF0100004D0206826
:1057100045F4806510210161B00608D51AF0080033
:1057200005D0206808210161204600F0FFF9F0064D
:1057300006D520680069800702D0204600F0F8F9FD
:10574000B00308D519F0100005D020681021416081
:10575000204600F0EFF9F00308D519F0080005D055
:10576000206808214160204600F050FA300440F1E2
:105770009B805FEA497040F1948006F4807008EAEB
:10578000102028435FEA8871014648BF41F00201BA
:10579000B20558BF01465FEA48700D4648BF45F064
:1057A0000405700558BF0D46300540F17A8018F0A9
:1057B000700000F076801038000905286CD8DFE80A
:1057C00000F003655D61596945F0080564E000BFBC
:1057D00020684FF48071BA0581600BD4780515D428
:1057E00038051DD4204600F009FAF8037FF56CAFA8
:1057F0001BE000BF204600F003FAF8037FF564AF1A
:1058000013E000BF4FF4006558E700BF05F50055F1
:10581000F8037FF559AF08E04FF480554EE700BF1D
:1058200005F58045F8037FF54FAF20684FF48031D0
:10583000BA0381600AD4780310D4380314D4204604
:1058400000F0E0F930073FF541AF47E7204600F0B0
:10585000DBF930073FF53AAF40E700BF05F50045FB
:1058600030073FF533AF39E705F5803530073FF5B1
:105870002DAF33E745F080050EE000BF45F0200571
:105880000AE000BF45F0400506E000BF45F0100506
:1058900002E000BF45F480752068816921F0700145
:1058A000816120680421416055B1606A40EA0501C8
:1058B0002046616201B0BDE8F04FFFF727BE00BF90
:1058C00001B0BDE8F08F0000002804BF0120704740
:1058D000B0B5044690F8200010B9204600F06EF8EC
:1058E0002068016841F00101016000F019FE0546E1
:1058F00020684168C90705D100F012FE401B0B2843
:10590000F6D310E0016821F00201016000F008FE0A
:10591000054600BF2068416889070DD500F000FEEC
:10592000401B0B28F6D3606A052140F4003060620A
:10593000012084F82010B0BD217E0268012922F0E8
:10594000800208BF80320260617E0268012922F075
:10595000400208BF40320260A17E0268012922F0A5
:10596000200208BF20320260E17E0268012922F095
:10597000100218BF10320260217F0268012922F054
:10598000080208BF08320260617F0268012922F024
:10599000040208BF04320260D4E901C2D4E903352D
:1059A00061691A432A431143ACF101021143C161F9
:1059B00000200121606284F82010B0BD2DE9F04381
:1059C00087B040F20044C4F202040068A4F5CE316E
:1059D00000268842CDE90566CDE90366029603D02C
:1059E00007B0BDE8F08300BF43F640000196C4F263
:1059F0000200016802AD41F08061016001684FF072
:105A0000020801F0806101910199019601684FF04F
:105A1000030941F0007101600168092701F000717C
:105A200001910199019650F8101C41F0020140F8D3
:105A3000101C50F8100C294600F00200019001984B
:105A400020200290012004902046CDF80C80CDF853
:105A50001490069700F086FC4020CDE9020820460D
:105A60002946CDE90469069700F07CFC402002211C
:105A7000032200F0F1FD402000F0DCFD07B0BDE89E
:105A8000F083000070470000F0B589B007AC6A46AB
:105A900000212346FFF73CFD90B140F20420C2F202
:105AA000000001790531CAB2322A01713CD340F2BB
:105AB0003420C2F200000221017009B0F0BD00BF25
:105AC00040F20426C2F200060099326840F2342007
:105AD000C2F2000003239142037017D17079D8B14C
:105AE00006F10805B11D28460DF0DEF8049848B10E
:105AF000002700BFE11928460DF0D6F804980137B9
:105B00008742F7D3F11D28460DF0CEF8307958B111
:105B10000138307109B0F0BD9DF8101007A809F0E8
:105B200099FE30790028F3D109B0F0BD704700002C
:105B30007047000070470000B0B5044690F82000A0
:105B400001281DD1022084F820002068016821F07E
:105B50000101016000F0E4FC054600BF20684068D8
:105B6000C00713D000F0DCFC401B0B28F6D3606AA2
:105B700040F400306062052084F820000120B0BDB0
:105B8000606A40F4002060620120B0BD00206062C5
:105B9000B0BD0000B0B5044690F82000022819D12D
:105BA0002068016841F00101016000F0B9FC054680
:105BB00020684168C90713D100F0B2FC401B0B28D4
:105BC000F6D3606A40F400306062052084F820005B
:105BD0000120B0BD606A40F4801060620120B0BD59
:105BE000016821F002010160012084F820000020FA
:105BF000B0BD000070470000704700007047000013
:105C000070470000704700007047000070470000B8
:105C100070B5866D044600F083FC94F835100229B7
:105C200028D105462068216C026822F01602026025
:105C3000426922F08002426109B9A16C19B1016880
:105C400021F008010160016821F00101016000BF3D
:105C500020680068C00715D000F062FC401B0628D1
:105C6000F6D320206065032084F83500002184F8F5
:105C7000341070BD802060650120002184F834104C
:105C800070BD00BFE06D3F2101FA00F0B06001205F
:105C900084F835000020002184F8341070BD000025
:105CA00090F83510022909D1052180F835100068D7
:105CB000016821F0010101600020704780214165E9
:105CC00001207047F0B581B00021009140F2280119
:105CD000C2F200010B68D0E9166148F2B5153768C9
:105CE0000822C1F64E358A403A42A3FB05350CD056
:105CF00003681C68640708D51C6824F004041C6051
:105D0000B260426D42F00102426501228A403A428D
:105D100008D003685B691B0604D5B260426D42F08F
:105D20000202426504228A403A4208D003681B6896
:105D30009B0704D5B260426D42F004024265102216
:105D40008A403A4219D001680B681B0715D5B2602A
:105D50000B680A685B0309D4D20509D40A6822F0EB
:105D600008020A60016C29B907E000BF110341D4A1
:105D7000016C11B1044688472046C26D202101FA0A
:105D800002F33B4243D001680F68FF063FD5B36082
:105D900090F835700B68052F1CD123F016030B60AB
:105DA0004B6923F080034B61036C0BB9836C1BB10F
:105DB0000B6823F008030B603F219140B160012183
:105DC00080F83510016D0022002980F8342054D16C
:105DD00058E000BF0A685B0310D4D20512D40A68E9
:105DE00022F010020A60012180F83510002180F8AD
:105DF000341007E0816C0029BCD1BEE7110301D447
:105E0000416C00E0C16B11B1044688472046416DEA
:105E1000C1B3416DC9072ED0052180F83510016846
:105E2000AA0A0B6823F001030B60009B0133934225
:105E300000931AD80B68DB0717D0009B01339342FD
:105E4000009312D80B68DB070FD0009B01339342FD
:105E500000930AD80B68DB0707D0009B01339342FD
:105E6000009302D80B68DB07DFD1012180F83510E1
:105E7000002180F83410C16C21B101B0BDE8F040C0
:105E8000084700BF01B0F0BD2DE9F041044600F025
:105E900047FBECB10546022084F83500002021685C
:105EA00084F83400086820F0010008602168086860
:105EB000C00711D000F034FB401B0528F6D903259C
:105EC00020230320636584F83550BDE8F08100BFCE
:105ED0000120BDE8F08100BF086848F23F02CFF220
:105EE0001002D4E9013500EA020C04F10C0898E82C
:105EF000C10143EA0C032B431843D4E9072E304376
:105F000038431043626A40EA0E00042A40EA08035C
:105F10001CD1206BD4E90A2E40EA0E001843086019
:105F20004869BEF1000F20F0030040EA020040F093
:105F3000040C11D0B8F5005F36D0B8F1000F45D190
:105F4000022A46D0012A3BD032B942E00B604869B0
:105F500020F0070040EA020C01F0F8004AF6AB22FC
:105F60001038CAF6AA22A0FB02231A0944F2281309
:105F7000C1F814C0C0F601039A5C40F2FF335F28F9
:105F80004FF03F0021EA030100FA02F088BF04311C
:105F9000C4E916128860002301250020636584F897
:105FA0003550BDE8F08100BF032AD5D80125402334
:105FB0000120DFE802F0030E030500BF82E700BF07
:105FC000AEF1C070B0FA80F0400904E0032A04D3B7
:105FD000C2D1CEF300600028BED0012540230120AD
:105FE000636584F83550BDE8F081000090F834C056
:105FF000BCF1010F04BF0220704770B54FF0010CD7
:1060000080F834C0D0F858E090F835C0BCF1010FEA
:1060100038D14FF0020C80F835C04FF0000CC0F8BA
:1060200054C0D0F800C08468056CC06DDCF8006016
:10603000402C26F48026CCF80060CCF804300B46C7
:1060400004BF13460A463F2101FA00F0CCF808309D
:10605000CCF80C20CEF80800DCF8000040F0160068
:10606000CCF800002DB1DCF8000040F00800CCF8BE
:106070000000DCF8000040F00100CCF80000002037
:1060800070BD00BF002180F83410022070BD0000F8
:10609000B0B5044600F044FA054640F20400C2F2EE
:1060A00000000078611C18BF044400BF00F038FAFB
:1060B000401BA042FAD3B0BD2DE9F04381B040F2BD
:1060C0008428C2F2000898F81820012A04D102207E
:1060D00001B0BDE8F08300BF0546012088F8180034
:1060E0004CF250308946FEF7B3FD28B1002188F804
:1060F000181001B0BDE8F0834FF0FF30C9F8000080
:10610000286843F610470128C4F202071CD1286909
:106110003968000221F440713960396880B241F079
:10612000040139603968084340F4803038604CF22B
:106130005030FEF78DFD396821F00401396057F8C1
:10614000101C89053BD452E0D5E9026030448642F8
:1061500030D2F000841C00BF28694FF44072C1B2F5
:10616000032939684FEA002021F440713960396809
:1061700038BF82B241EA02003860386820F0780007
:106180003860386820433860386840F480303860C0
:106190004CF25030FEF75CFD3968002821F07A019E
:1061A000396047D1D5E9020101360844864204F13D
:1061B0000804D1D3002057F8101C890517D557F8CB
:1061C000101C21F4007147F8101C57F8101C41F402
:1061D000006147F8101C57F8101C21F4006147F8C3
:1061E000101C57F8101C41F4007147F8101C57F8A8
:1061F000101C49057FF57AAF57F8101C21F4806117
:1062000047F8101C57F8101C41F4805147F8101C37
:1062100057F8101C21F4805147F8101C57F8101C37
:1062200041F4806147F8101C002188F8181001B073
:10623000BDE8F083C9F8006057F8101C8905BED48A
:10624000D5E7000043F61041C4F20201086840F0AF
:10625000004200200A6070472DE9F04140F284249A
:10626000C2F20004277E012F04BF0220BDE8F081A6
:106270000546012020764CF2503098460F461646CF
:10628000FEF7E6FC20B100212176BDE8F08100BFD9
:106290002A46022D43F61045C4F202051ED0012AFB
:1062A000314638460CD03ABB2A6822F440722A6044
:1062B0002A682A602A6842F001022A6001702CE0F4
:1062C0002A6822F440722A602A6842F480722A60A6
:1062D0002A6842F001022A6001801EE0286820F44A
:1062E00040702860286840F400702860286840F0FA
:1062F000010028603E6010E02A6822F440722A60A3
:106300002A6842F440722A602A6842F001022A6038
:106310000160BFF36F8FC0F804804CF25030FEF77D
:1063200097FC296821F00101296000212176BDE850
:10633000F081000043F60440C4F20200C168B1F1EC
:10634000FF3FC4BF0020704740F22311C4F26751E1
:10635000016048F6AB11CCF6EF510160C068C00F88
:10636000704700002DE9F04F83B000F1200200F1EA
:106370003E4741F60045009207F1FF77C4F202055F
:1063800008224FEAB726A84208BF072200254FF08F
:1063900000084FF00009072E38BF4FEAB7220192DC
:1063A0000AE000BF09F1010908F10208B9F1100F74
:1063B00005F1040500F0A2800F68012202FA09FE2F
:1063C00017EA0E0AEED0D1F804C003220CF003073E
:1063D0007E1E02FA08F4012E6FEA040B12D88468BC
:1063E000CE6804EA0B0406FA08F634438460446875
:1063F00024EA0E06CCF3001404FA09F4264346609E
:1064000004E000BF032F01D103271EE0C6688C689B
:1064100006EA0B0604FA08F42643022FC66014D1DC
:106420006FF00302009E02EA590756F807C005F014
:106430001C040F220B69A2402CEA0202A3401A435B
:10644000F251D1F804C00CF00307026807FA08F310
:1064500002EA0B021A431CF4403F0260A2D0002261
:1064600043F644030292C4F202031A6843F600445E
:1064700042F480421A601A68C4F2010402F48042B5
:106480000292029A29F003024FF6084C2244CFF6FA
:10649000FF7C52F80C3005F00C070F26BE40B343CA
:1064A000019E06FA07F73B4342F80C30A2684B689E
:1064B00042EA0A0743F60C4CDE0258BF22EA0A07FA
:1064C000A760C4F2010CDCF800209E0242EA0A0731
:1064D00058BF22EA0A07CCF8007062689E0342EABD
:1064E0000A0758BF22EA0A0767602268DB0342EA0C
:1064F0000A0758BF22EA0A07276053E703B0BDE83E
:10650000F08F0000426902EA0103914341EA03412E
:1065100081617047002A08BF09048161704700004B
:1065200041F63060C2F200000068704780B582B06A
:10653000FFF7F6FF4EF21401CEF200010A68496837
:106540000132511A019101994FF47A735943B1FB09
:10655000F2F100FB031002B080BD000040F2040025
:1065600041F63061C2F20000C2F2000100780A6810
:10657000104408607047000080B543F60040C4F244
:106580000200016841F400710160016841F480611A
:106590000160016841F480710160032000F088F817
:1065A000032000F005F800F027F8002080BD00006F
:1065B00070B540F20406C2F2000640F228013278BB
:1065C000C2F200014FF47A730968B3FBF2F2044699
:1065D000B1FBF2F1084602F057FB0F2C4FF001051A
:1065E00008D838B94FF0FF3021460022002500F0CE
:1065F00033F87460284670BD82B0002043F6400135
:106600000190C4F202014A6842F480424A604A683A
:1066100002F480420192019A0090086840F0805094
:106620000860086800F0805000900098052002B0D3
:1066300000F03EB8002848BF704700F01F0101225B
:1066400002FA01F11C2202EAD0004EF20012CEF250
:10665000000281507047000010B54EF60C5CCEF27F
:10666000000CDCF80030C3F3022E8EF00704042C7B
:1066700028BF0424BEF103034FF0FF3E0EFA04F4DA
:1066800038BF0023A14399400EFA03F39A43114304
:1066900000F00F0200F160430901043A03F564437E
:1066A0006244002848BF02F10C03197010BD0000BD
:1066B0004EF60C51CEF200010A684FF6FF031A4065
:1066C00060F30A2242F0806040F0FD70086070477D
:1066D0007047000002680020516270472DE9F041C8
:1066E000D0F80080D8F8243091B1D8F82870B1F1F2
:1066F000010C03EB17414FD05FFA8CF708F582735A
:10670000042F0CF0030E0BD2002700242BE000BF57
:1067100043EA02410020C8F82810BDE8F08100BF1C
:106720000CF0FC0508F1F406002400BF56F8107FB9
:1067300044F0020001EB174144F00107FFB253F8A7
:106740002770C0B253F8200001EB174101EB104055
:1067500044F00301C9B253F821100434E7B2AF4248
:1067600000EB1141E2D1BEF1000F15D053F8270024
:10677000BEF1010F01EB10410ED0601CC0B253F806
:106780002000BEF1020F01EB104105D0A01CC0B2E9
:1067900053F8200001EB104141EA024008EB8C0164
:1067A000C1F804010020BDE8F0810000D0F8E00449
:1067B00005F0F6BF01EBC102D0F8E03400EB820037
:1067C000026A184605F050BF01EBC102D0F8E03470
:1067D00000EB8200D0F86022184605F0A3BF00004D
:1067E000D0F8E00405F0DEBF10B501F00F0E0A4648
:1067F0004FFA81FC0EEBCE0100EB810303F515711E
:10680000BCF1000F48BF03F1140190F89434D20991
:10681000012B4A7081F800E004BF022010BD02681D
:10682000012380F894340446104606F0C5FD00208C
:1068300084F8940410BD0000037901F00F029A421D
:1068400084BF0120704710B502EBC20300EB830345
:106850004FFA81FC8E4603F51571BCF1000F48BF5D
:1068600003F114014FEADE134B7090F894344FF0AB
:10687000000C012B81F802C00A7004BF022010BD79
:106880000268012380F894340446104607F088F823
:10689000002084F8940410BD01F00F0101EBC10148
:1068A00000EB8100D0F868027047000010B54FFA85
:1068B00081FE01F00F0CBEF1000F6FF3DF220CEB35
:1068C000CC010DD400EB810E00240EF515718EF86D
:1068D00055428EF854C2CEF85C228EF8583209E048
:1068E00000EB810101F814CF01244C708A600B7118
:1068F000A1F81AC0022B04BF00224A7190F8942418
:10690000012A04BF022010BD0268012380F89434DC
:106910000446104606F0C2FB002084F8940410BD23
:1069200010B501F00F0E0EEBCE0100EB81044FF01D
:10693000000CC4F868C284F855C290F806C004F58B
:106940001571C4F86022C4F86432BCF1010F84F8F8
:1069500054E208BFCA610068624607F06BF8002085
:1069600010BD0000B0B5027901F00F0494424FF061
:1069700001022CD801EBC10300EB83034FFA81FC29
:1069800003F5157304EBC405C90900EB8505BCF1DB
:10699000000F48BF05F11403597090F894149A70D1
:1069A00001291C7004BF0220B0BD0168054680F8B3
:1069B00094240846194607F01DF82CB92868A979CF
:1069C00005F29C4206F0BEFF002285F89424104692
:1069D000B0BD000001F00F0C0CEBCC0100EB81010D
:1069E00001F814CF4FF0000C0B618379C1F814C08B
:1069F0004FF0010CCA60012B81F801C008BFCA61C9
:106A000080B500681A4607F015F8002080BD000028
:106A10002DE9F04F87B005688246284607F026FA30
:106A200010B107B0BDE8F08FDAF8000007F04CFABB
:106A30000028F6D0D5F80808C0F30D21DAF80000D8
:106A4000CAF8D41407F040FA0146DAF800008907C2
:106A500003D5416901F00201416105F5006104912E
:106A600007F032FA0146DAF80000C906059535D577
:106A7000816921F0100181612C6A04F00F0000EBA4
:106A8000C0000AEB8001C4F34340062801F51575E8
:106A900012D002281BD147F6F07014EA000616D077
:106AA000E96834090598224607F012FAE86800EB15
:106AB0001610E86008E000BF05980AF29C41082221
:106AC00007F006FAC4F30A14686920446861DAF82A
:106AD0000000816941F010018161059D07F0F4F922
:106AE000000340F1F180DAF8000007F0CBF900284C
:106AF00000F0EA8006460AF29C404FF43068002419
:106B00004FF0000B069019E005EB080002218160B0
:106B1000B80642BF05EB080020218160B80442BFDF
:106B200005EB08004FF4005181600BF1010B760872
:106B300008F1200804F1240400F0C680F007F4D026
:106B4000DAF800005FFA8BF9494607F0B5F9074615
:106B5000C00760D005EB080001218160DAF8000071
:106B600008EB0001036C8A689AF80650012D25D1C4
:106B7000150733D4950600F19F8043F20B05C4F648
:106B80005475AB42059D02D312F4004230D10AEB9A
:106B90000402D2F8743209696FF3DF41A3EB0101FB
:106BA000C2F868129CBBD2F86432002B00F08A80D5
:106BB000D2F860020844C2F8600228E043F20B05F4
:106BC000C4F65475FF35AB4218D1059D10040FD49F
:106BD000900644BF2020886019E000BF43F20B00FC
:106BE000C4F65470059D834215D312F4004012D0B0
:106BF0004FF40040886038070FD43DE0059D34B95C
:106C0000DAF8641219B90021069A06F09BFE504684
:106C10004946FFF7D9FD38072ED505EB08000821B6
:106C20008160DAF8000043F20B02056C4044816891
:106C3000C4F6547295420BD311F4004108D04FF4BE
:106C400000418160504600F019FD059D0AE000BF3B
:106C5000504600F013FD43F20B00C4F65470854219
:106C6000059D09D39AF80600012805D1DAF800003D
:106C7000069A012106F066FEF80642BF05EB080001
:106C800010218160B8077FF543AF6869000604D51D
:106C90000499486840F4806048600AEB040090F86A
:106CA000571201297FF430AF002180F85712504667
:106CB000494600F031FB27E720208860059D380712
:106CC000ABD4D9E701219FE7DAF80000CDF818A08E
:106CD00007F0FAF8400340F1D3800698006807F007
:106CE000C9F8002800F0CC800646069805F5106922
:106CF00000F1140100F29C40002703910190CDF8AF
:106D0000089004E0760807F1010700F0B980F00769
:106D1000F8D006985FFA87FA0068514607F0BAF88B
:106D20000446C00726D0049A07F00F00516B0123D8
:106D300003FA00F021EA0000506309EB471083607A
:106D400006988079012811D1039907EBC70001EB60
:106D50008000D0E902121144C1603FB9006928B92E
:106D60000698019A0068012106F0ECFD069851464C
:106D7000FFF720FD200742BF09EB47100821816083
:106D8000E00642BF09EB471010218160600642BF58
:106D900009EB471040218160A00716D528463946E7
:106DA00006F0F6FF039907EBC70001EB800010F82F
:106DB000031F012905D1002101700698514600F0FA
:106DC000A7FA09EB47100221816020069AD50399A2
:106DD00007EBC70001EB8008D8E90420824291D379
:106DE0000699D8F808300C68111A994238BF0B463A
:106DF00004EB4711D1F818C903F1030E1FFA8CF305
:106E0000B3EB9E0F2DD301F5106900BFD8F8102009
:106E1000824224D9101A069AD8E902B195795845C8
:106E200038BF83461FFA8BF3204652460095059DD6
:106E300007F0F6FAD8F80C00D8F814105844C8F83F
:106E40000C0001EB0B00C8F81400D9F818100BF176
:106E5000030289B2B1EB920FD8D2D8F81020DDF836
:106E6000089082423FF64EAF07F00F00D4F8341876
:106E7000012202FA00F021EA0000C4F8340841E7D8
:106E8000DDF81890D9F8000007F01EF8002821D48A
:106E9000D9F8000007F018F800053AD4D9F8000036
:106EA00007F012F8C00445D50499486820F00100A5
:106EB0004860D9F80000102106F06AFF99F8040034
:106EC000010600F0EC80C1B2042900F0030035D2C5
:106ED00000219AE00499486820F00100486099F880
:106EE000CC04012808D1002089F8CC0448460021B0
:106EF000FFF7EEFB03E000BF484600F0A3FBD9F824
:106F00000000416901F00041416106F0DDFF00052C
:106F1000C4D504988068C00702D0484600F0D6FB6C
:106F2000D9F80000416901F40061416106F0CCFF2D
:106F3000C004B9D4D9F80000DDE000BF6FF06002F2
:106F400002EA411200234FF67F370021EE18C6F8FF
:106F50000879D6F80059803325F40015C6F8005991
:106F6000C6F8087BD6F8005B9A4225F40015C6F8EF
:106F7000005BD6F8005B01F1040145F00065C6F83E
:106F8000005BC6F82879D6F8205925F40015C6F814
:106F90002059C6F8287BD6F8205B25F40015C6F8E2
:106FA000205BD6F8205B45F00065C6F8205BC6F88C
:106FB0004879D6F8405925F40015C6F84059C6F866
:106FC000487BD6F8405B25F40015C6F8405BD6F840
:106FD000405B45F00065C6F8405BC6F86879D6F8B6
:106FE000605925F40015C6F86059C6F8687BD6F8D4
:106FF000605B25F40015C6F8605BD6F8605B45F071
:107000000065C6F8605B059DA0D1002847D005F556
:10701000106202EB41134FF67F374E019F60955986
:10702000059B25F4001503F53063955103EB4115DD
:10703000AF609D59012825F400159D519D5945F0DB
:1070400000659D512BD04E1C02EB46147501A760C4
:10705000545903EB461624F400145451B7605F5999
:10706000022827F400175F515F5947F000675F510E
:1070700015D0881C02EB40174FF67F364101BE60E9
:10708000575803EB401027F40017575086605858A4
:1070900020F400105850585840F000605850049F99
:1070A0008421F869442240F00110F86199F80F003A
:1070B00000284FF00B0008BF142108BF42F22B003C
:1070C0007B5808BF102218437850B85840F00B0086
:1070D000B850386809F29C4220F4FE603860D9F854
:1070E000000099F8061006F02DFCD9F8000041695F
:1070F00001F48051416106F0E7FE0146D9F8000035
:1071000089041AD506F00CF8D9F8000006F0A0FEA4
:10711000D9F8004089F8070000F0A4FB99F807208F
:107120000146204607F0F0F8484600F075FAD9F815
:107130000000416901F40051416106F0C5FE0007FD
:1071400006D4D9F8000006F0BFFE00060DD437E0E3
:10715000484600F07BFAD9F80000416901F00801C7
:10716000416106F0B1FE00062AD50599886920F034
:107170008000886199F80400022821D309F515746C
:1071800009F11405012640F27B2704E0013686420E
:1071900007F1240714D219F807100129F6D106F0D7
:1071A0000F0000EBC0023006D9F8000005EB8201A9
:1071B00058BF04EB820106F05BFD99F80400E5E797
:1071C000D9F8000006F080FEC0024BD4D9F80000C8
:1071D00006F07AFE059D80027CD599F804100229FC
:1071E00026D305F53260013909F51F72012304E049
:1071F0002030013902F124021AD007681678012ED6
:10720000F6D1B7F1FF3FF3DCD9F8D46486EA17472B
:10721000FF07EDD102F8013CAF6947F08007AF618D
:107220006F693F06E4D40499486840F400704860F0
:10723000D9F80000416901F40011416106F044FEF3
:1072400040004DD54846FFF7B1FAD9F80000416932
:1072500001F08041416106F037FE40077FF5E1AB68
:1072600045E000BF99F80400022827D3059909F1E9
:10727000140401F5126509F13B064FF001080127DE
:1072800006E000BF01372035874206F1240615D2FB
:1072900029687278012AF5D1B1F1FF3FF2DC07F0DD
:1072A0000F0000EBC001D9F8000004EB810186F863
:1072B000008006F0DDFC99F80400E3E7D9F800004F
:1072C000416901F48011416106F0FEFD059D8002D7
:1072D0003FF583AFD9F8000006F0F6FD4000B1D4C9
:1072E000D9F8000006F0F0FD40077FF59AABD9F819
:1072F00000004468610704D54846FFF771FAD9F8E1
:10730000000041682143416007B0BDE8F08F0000F4
:10731000D0F8E00405F0AABAD0F8E00405F0BCBA51
:10732000002804BF01207047F0B581B0044605680D
:1073300090F8950428B9002084F89404204600F0C1
:1073400027F90320B5F1A04F84F8950404BF00206D
:10735000A071206806F0EEFA94E80F00267C0096F3
:1073600005F0EEFE002840F000812068002106F0C4
:1073700005FE002840F0F98094F804E0BEF1000F0B
:1073800000F0EC800EF0030CBEF1040F4FF0000291
:1073900040D30EF0FC03A4F190000321012500BFAF
:1073A000CE1E80F8A460A0F8BE608E1E80F8C86073
:1073B000A0F8E2604E1E80F8EC60A0F8066180F84C
:1073C0001011A0F82A110E1D013180F8A55080F887
:1073D000A820C0E92B22C0F8B42080F8C95080F85A
:1073E000CC20C0E93422C0F8D82080F8ED5080F8D5
:1073F000F020C0E93D22C0F8FC2080F8115180F84F
:107400001421C0E94622C0F820219030994231462B
:10741000C6D1F21EBCF1000F31D004F1140002EB12
:10742000C20100EB8105012300F821200021BCF1FD
:10743000010F6B706A832971C5E9021129611ED0A1
:10744000551C05EBC50600EB8607BCF1020F7B70EF
:1074500000F826507D833971C7E9021139610ED0D9
:10746000911C01EBC10200EB8203012500F8221000
:1074700000205D7059831871C3E902001861BEF1E4
:10748000000F6BD0BEF1040F4FF0000236D30EF0A8
:10749000FC000321234600BFCF1E83F854728F1EC9
:1074A00083F878724F1E83F8C0120D1D013183F8E6
:1074B000552283F85822C3E99722C3F8642283F83F
:1074C000792283F87C22C3E9A022C3F8882283F8BA
:1074D0009D2283F89C7283F8A022C3E9A922C3F8F5
:1074E000AC2283F8C12283F8C422C3E9B222C3F8D4
:1074F000D022903381422946CED1EA1EBCF1000F42
:107500002CD004F5157002EBC20300EB83070021B9
:10751000BCF1010F797000F823203971C7E902111D
:1075200039611BD0531C03EBC30700EB8706BCF18A
:10753000020F717000F827303171C6E90211316114
:107540000CD0911C01EBC10200EB820300275F709D
:1075500000F822101F71C3E902771F6194E80F0041
:10756000277C009705F08AFF30B1022084F895044B
:10757000012001B0F0BD00BF00206074012084F83C
:107580009504206805F06AFF002001B0F0BD0000FE
:10759000B0B586B000680024B0F1A04F0594CDE9E5
:1075A00003440294019401D006B0B0BD43F6300507
:1075B0000094C4F20205286801A940F00100286087
:1075C000286800F00100009000984FF4C05001902E
:1075D0000220CDE90204032004900A200590002037
:1075E000C4F20200FEF7BEFE6868032140F080008E
:1075F000686000946869032240F4804068616869AB
:1076000000F48040009000984320FFF725F84320C5
:10761000FFF710F806B0B0BD10B50446C07928B128
:10762000022801D0FDF710FB012100E00021D4F871
:10763000E00405F0B9F9D4F8E004BDE8104005F025
:1076400067B90000D0F8E00405F094B9D0F8E00480
:1076500005F09AB990F89424012A04BF02207047DB
:1076600010B5012280F89424417402680446104643
:1076700006F038FE002084F8940410BDD0F8E02411
:1076800000F29C41104605F0A5B9000010B5044673
:1076900090F89404012804BF022010BD2068012145
:1076A00084F89414C168490606D5617B012903D189
:1076B000816B41F48031816306F062FB206805F044
:1076C000BDFE002084F8940410BD000010B50446EF
:1076D000D0F8E00405F0D4F92068D0F8001E41F09D
:1076E0000101C0F8001EE07A002808BF10BD4EF668
:1076F0001050CEF20000016841F00601016010BD9B
:10770000002804BF012070472DE9F04143F6080826
:10771000C4F202080446D8F8F8030D4600F007004A
:10772000884207D288F8F853D8F8F80300F0070029
:10773000A84277D12068810717D5410705D5D8F829
:10774000001041F4E051C8F80010010705D5D8F841
:10775000001041F46041C8F80010D8F80010A26889
:1077600021F0F0011143C8F80010C00740D1D8F84B
:10777000F80300F00700A84207D988F8F853D8F8B2
:10778000F80300F00700A8424CD12068410707D554
:10779000D8F80010E26821F4E0511143C8F8001055
:1077A000000708D5D8F80000216920F4604040EABD
:1077B000C100C8F8000000F083F8D8F8001044F2C7
:1077C000D002C1F30311C0F60102515C40F228025D
:1077D00020FA01F140F20800C2F200000068C2F293
:1077E00000021160FEF7E4FE0020BDE8F08100BF5A
:1077F0006068811E022907D258F8081C89015CBF05
:107800000120BDE8F08111E0012807D158F8081CDB
:1078100089035CBF0120BDE8F08107E058F8081C2F
:10782000890703D40120BDE8F08100BFD8F800101B
:1078300021F003010843C8F80000FEF771FE064678
:1078400041F28837D8F80000616800F00C00B0EB16
:10785000810F8CD0FEF764FE801BB842F2D9032062
:10786000BDE8F08140F22800C2F2000000687047D5
:1078700040F2280043F60801C2F20000C4F20201FF
:107880000068096844F2E002C1F38221C0F60102F7
:10789000515CC8407047000040F2280043F60801E0
:1078A000C2F20000C4F202010068096844F2E0027A
:1078B000C1F34231C0F60102515CC840704700007C
:1078C00010B543F60404C4F20204606800F00C0032
:1078D00008280BD0042819BF42F20040C0F2F4007F
:1078E00047F64000C0F27D1010BD00BF206821683F
:1078F0002368490247F64001C0F27D1100F03F02C3
:10790000C3F388105CBF42F20041C0F2F401A1FB56
:1079100000010023FCF754FC21680222C1F301415D
:1079200002EB4101B0FBF1F010BD0000002804BFE4
:10793000012070472DE9F04182B00446007843F6FB
:107940000006C007C4F202060CD0B06800F00C00BC
:10795000042840F081803068800303D560680028E7
:1079600000F06881207880071BD5B06810F00C0FFC
:1079700009D0B06800F00C00082840F087807068DB
:10798000400200F183803068800703D5E068012859
:1079900040F050813068216920F0F80040EAC100D1
:1079A00030602078000713D4207840072AD4A569D6
:1079B000002D00F03A81B06800F00C00082840F07B
:1079C000A580012D40F00E81012002B0BDE8F081BC
:1079D0006069002800F082800020C4F24720012165
:1079E000C0F8801EFEF79CFD054600BF706F800743
:1079F000DAD4FEF795FD401B0228F7D9032002B028
:107A0000BDE8F081306C5FEAC0080AD40020019024
:107A1000306C40F080503064306C00F08050019049
:107A2000019847F20007C4F200073868C00547D440
:107A3000386840F480703860FEF772FD054600BF7C
:107A40003868C0053CD4FEF76BFD401B0228F7D90F
:107A5000032002B0BDE8F081B06800F00C000828F7
:107A600003D1706840023FF576AF61683068B1F5C8
:107A7000803F07D0B1F5A02F40F09A8040F48020DD
:107A80003060306840F4803030609AE0E068002870
:107A900040F20000C4F247205CD001210160FEF7F3
:107AA0003FFD0546306880073FF574AFFEF738FDAF
:107AB000401B0228F6D9032002B0BDE8F08100BFC8
:107AC000A168306F012905D0052955D140F0040087
:107AD0003067306F40F00100306756E00020C4F29C
:107AE00047200021C0F8801EFEF71AFD054600BFA2
:107AF000706F80077FF558AFFEF712FD401B02281C
:107B0000F6D9032002B0BDE8F08100BF0027C4F21F
:107B1000472700203866FEF703FD022D05460DD1EC
:107B20003068800140F18A80FEF7FAFC401B022891
:107B30004FF00300F4D902B0BDE8F0813068800155
:107B400073D5FEF7EDFC401B02284FF00300F5D97A
:107B5000F1E700BF00210160FEF7E2FC054600BF2F
:107B6000306880077FF51DAFFEF7DAFC401B022866
:107B70004FF00300F4D9DEE720F001003067306FEA
:107B8000002920F0040030677AD0FEF7C9FC0546D2
:107B900041F28837306F800700F18480FEF7C0FC27
:107BA000401BB842F6D9032002B0BDE8F08100BF07
:107BB00020F4803030603068002920F4802030606C
:107BC0007AD0FEF7ADFC0546306880033FF5CAAEBB
:107BD000FEF7A6FC401B6428F6D9032002B0BDE8DE
:107BE000F08100BF7068E16900F480028A4221D10F
:107BF000216A00F03F028A421CD147F6C071626AD6
:107C00000140B1EB821F15D1A16A4FF6FF73C90382
:107C1000994300F44032A1F580318A420AD1E16AE9
:107C200000F07060B0EB016F04D1002002B0BDE83D
:107C3000F08100BF012002B0BDE8F08104F11C0515
:107C40002FCD084340EA8210D9034FF6FF729143CB
:107C5000A1F5803140EA0560084370600120386674
:107C6000FEF75EFC044600BF30688001DDD4FEF7FD
:107C700057FC001B02284FF00300F5D95BE700BF5B
:107C8000FEF74EFC054641F2883700BF306F800793
:107C900008D5FEF745FC401BB8424FF00300F5D96C
:107CA00049E700BFB8F1000F3FF581AE306C20F01E
:107CB000805030647BE600BFFEF732FC054600BF13
:107CC000306880037FF54EAEFEF72AFC401B642827
:107CD0004FF00300F4D92EE710B584B040F228012C
:107CE000C2F20001096841F6F112C0F27652A1FB1E
:107CF0000212510A642251430291029904460391EF
:107D00000168486820F0200048604868000607D4F1
:107D10004868400637D44868800768D49CE000BFB4
:107D20004BF23900C0F600006064039810B303986A
:107D30000138039094F8510007281FD00398C8B168
:107D400003980138039094F85100072816D003983F
:107D500080B103980138039094F8510007280DD0A2
:107D6000039838B103980138039094F8510007281C
:107D7000DBD103E0606D40F0400060650298039045
:107D800048684006C7D54AF69D70C0F600002064DA
:107D9000039818B303980138039094F8510007280A
:107DA00020D00398D0B103980138039094F8510083
:107DB000072817D0039888B103980138039094F8E6
:107DC000510007280ED0039840B103980138039062
:107DD00094F851000728DBD104E000BF606D40F04B
:107DE00040006065029803904868800734D5A06C15
:107DF00090B300210165FDF70BFF00281CBF402058
:107E000060652168486820F0020048600398F8B176
:107E1000039801380390886880071DD40398B8B18F
:107E20000398013803908868800715D4039878B1C7
:107E3000039801380390886880070DD4039838B1FF
:107E400003980138039088688007DFD504E000BFFD
:107E5000606D40F0400060654868C00712D0E06C7B
:107E600080B100210165FDF7D3FE00281CBF402032
:107E700060652168086820F040000860486820F0CC
:107E8000010048600023E387E386606D4FF0010C3A
:107E900040284FF001001CBF636500200193CA68B1
:107EA00001928A680192019A01938968019101996E
:107EB00084F851C004B010BD41F66431C2F2000133
:107EC000884218BF704710B582B00020C4F202008B
:107ED0004FF400410122FEF71DFB41F66434C2F26B
:107EE0000004204600F01EF8012805D041F6643059
:107EF000C2F20000FFF7F0FE002001902168CA687E
:107F000001928A680192019A009089680091009913
:107F100040F2F031C2F200010876086202B0BDE81A
:107F20001040704790F8510070470000B0B582B023
:107F300001684A688B6803F04105012D08D112F0F1
:107F4000400505D0016C02B0BDE8B040084700BF55
:107F50009D0707D512F0800504D0416C02B0BDE842
:107F6000B040084713F4B07F18BF12F0200501D1CC
:107F700002B0B0BD5D0618D590F85150032D09D15F
:107F800000200190C868019088680190019802B0B3
:107F9000B0BD00BF456D45F0040545650025019560
:107FA000CD6801958D680195019D9D0604D4DB0582
:107FB00011D4436DDBB9DBE7456D45F0010545653F
:107FC000002501958D6801950D6825F040050D602F
:107FD000019DDB05EDD5436D43F0080343650023A8
:107FE00001938B680193019B436D002BC0D04B68BC
:107FF000920723F0E0034B604FF0010380F851300B
:1080000026D04A684BF2550422F003024A60C16C44
:10801000C0F6000459B1054608460C65FDF740FE60
:108020000146284619B1416D41F040014165816C1E
:1080300000299DD00C6504460846FDF731FE002856
:1080400096D0606D40F04000606502B0B0BD00BFEA
:1080500002B0BDE8B040FFF72FBF000070B528B1F7
:10806000416A29B100210161142106E0012070BD9F
:108070004168B1F5827F02D01C21002242500026C7
:10808000866290F8511029B980F85060054600F0DA
:108090003DF82846022180F8511090E82E0002F4A5
:1080A00082720C6803F4044324F040040C601A4408
:1080B00005F4006305691A4405F0020345691A4492
:1080C00005F001038569C4691A4405F400731A4474
:1080D00004F03803046A1A4404F08003846A1A43E3
:1080E00004F400531A430A60436A042202EA154268
:1080F00003F010031A444A60CA6922F40062CA619C
:108100000121466580F85110304670BD2DE9F04FD1
:1081100087B00446006843F60041C4F2000100271E
:108120008842CDE90577CDE90377029734D043F64D
:108130000001C4F20001884240F0AB80002043F609
:1081400030010190C4F202010A6942F480420A61DE
:108150000A6902F480420192019A01900A6842F091
:1081600002020A60096801F00201019101994FF4CD
:10817000604102910221CDE903100520069040F6EE
:108180000000C4F202000591A0F5806002A9FEF78C
:10819000E9F807B0BDE8F08F43F630000197C4F26C
:1081A0000200016940F6000B41F4004101610169E0
:1081B000C4F2020B01F40041019101990197016899
:1081C00002AE41F00401016000684FF0020A00F0C5
:1081D0000400019001984FF4A050029001254FF047
:1081E000060858463146CDE903A70595CDF8188015
:1081F000FEF7B8F84FF40069CDF8188046F2100881
:1082000058463146CDE9029ACDE90455C4F2020838
:10821000FEF7A8F841F24845C2F200054FF4806B22
:108220004FF4005A4FF400362846C5E90087C5E9E7
:108230000277C5E904B9C5E906A7C5E90867FDF7EE
:1082400023FE002818BFFCF7FFFCE564AC6341F295
:10825000A84508F17800C2F200050021402285E817
:1082600007002846C5E9031BC5E9059AE961C5E988
:108270000861FDF709FE002818BFFCF7E5FC332074
:1082800002210222A564AC63FEF7E6F93320FEF773
:10829000D1F907B0BDE8F08F2DE9F04182B0044676
:1082A00090F8510001281AD100294FF0010018BFA1
:1082B000002A03D102B0BDE8F08100BF60681D460E
:1082C0001746B0F5827F03D1A068002800F0BC807B
:1082D0000E46FEF725F994F85010012904D102202A
:1082E00002B0BDE8F08100BF8046012084F8500054
:1082F0000420002184F851006165A663A787E78701
:108300002163A186E186A2682068B2F5004F21644E
:10831000616437D0016849063FD5E168E08F0029E4
:1083200043D000287AD0681C0BD11AE0C068A16B3A
:1083300021F8020BA163E08F0138E087E08F00286D
:108340006CD020688168C907F0D1FEF7E9F8A0EB8E
:108350000800A842F2D342E0FEF7E2F8E08F0028DE
:108360005CD020688168C907F6D0C068A16B21F88D
:10837000020BA163E08F0138E087E08F0028F0D185
:108380004CE000BF016821F040010160016821F468
:108390008041016001684906BFD4016841F0400195
:1083A0000160E168E08F0029BBD1B8B3681C0CD133
:1083B00024E000BF007BA16B0870A06B0130A063BC
:1083C000E08F0138E087E08F40B320688168C907FB
:1083D000F0D1FEF7A5F8A0EB0800A842F3D30120E6
:1083E00084F85100002084F85000032002B0BDE85A
:1083F000F08100BFFEF794F8E08F78B120688168C3
:10840000C907F7D0007BA16B0870A06B0130A06397
:10841000E08F0138E087E08F0028EFD16068B0F589
:10842000827F0ED1A068B0F5004F02D0B0F5806F0A
:1084300016D12168B0F5806F0A6822F040020A6008
:108440000ED1204601210DE0042084F85100204681
:108450000A463B46009500F061F902B0BDE8F081A4
:108460002046802100222B46CDF8008002F0E8FE55
:1084700028B1606D40F0200060652020606501201B
:1084800084F85100002084F85000606D002818BF67
:10849000012002B0BDE8F081704700007047000085
:1084A0002DE9F04184B01D4616460F460446FEF7FE
:1084B00037F894F8511001290ED18046002F4FF063
:1084C000010018BF002E03D104B0BDE8F08100BF49
:1084D00094F85000012803D1022004B0BDE8F081D7
:1084E000012084F850000320002184F851006165C8
:1084F0002763A686E686A163A187E187A068216439
:10850000B0F5004F2068616407D1016821F0400197
:108510000160016841F4804101600168490603D4AB
:10852000016841F0400101606168731EE268B1FAC0
:1085300081F1B3FA83F349095B09B2F5006F41EAAF
:10854000030139D131B137F8021BC1602763E08ED6
:108550000138E086E08E002870D0681C0BD11AE04C
:10856000216B31F8022BC2602163E08E0138E08676
:10857000E08E002862D0206881688907F0D4FDF77A
:10858000CFFFA0EB0800A842F2D338E0FDF7C8FF08
:10859000E08E002852D0206881688907F6D5216BCB
:1085A00031F8022BC2602163E08E0138E086E08E54
:1085B0000028F0D142E000BF39B139780173206B57
:1085C00001302063E08E0138E086E08EB0B3681C95
:1085D0000BD123E0216B09780173206B01302063FC
:1085E000E08E0138E086E08E40B32068816889071C
:1085F000F0D4FDF795FFA0EB0800A842F3D30120CB
:1086000084F85100002084F85000032004B0BDE835
:10861000F08100BFFDF784FFE08E78B120688168AB
:108620008907F7D5216B09780173206B013020632E
:10863000E08E0138E086E08E0028EFD1204602214E
:1086400001222B46CDF8008002F0FAFDE0B1606D0A
:1086500040F02000606520206065A06838B90020E7
:1086600002902068C16802918068029002980120FF
:1086700084F85100002084F85000606D002818BF75
:10868000012004B0BDE8F08140F22800C2F20000F1
:10869000006849F68171C1F25E61A0FB0101480DDD
:1086A0004FF47A71484303906068B0F5827F0BD134
:1086B0002046802100222B46CDF8008002F0C0FD2C
:1086C0000028C4D1C9E700BF03980028C5D003988B
:1086D00001380390206880680006BED50398002802
:1086E000BBD0039801380390206880680006B4D599
:1086F00003980028B1D0039801380390206880685F
:108700000006AAD503980028A7D003980138039043
:10871000206880680006D7D49FE700002DE9F04369
:1087200083B01E4615460F460446FDF7F9FE94F841
:1087300051108146012909D1002F4FF0010018BFC7
:10874000002D0FD103B0BDE8F08300BF6068B0F525
:10875000827F0DD104294FF00200F3D1A1680029D6
:10876000EAD0EFE7002EEDD094F85000012803D1B5
:10877000022003B0BDE8F083012084F8500094F893
:108780005100002104281CBF052084F851006165B8
:10879000A563E687A6872763E6862068A686216408
:1087A00061640168490603D4016841F04001016039
:1087B0006168731EE268B1FA81F1B3FA83F3DDF800
:1087C000288049095B09B2F5006F41EA030165D1D0
:1087D00031B137F8021BC1602763E08E0138E086B3
:1087E000012518F1010032D102E000BFFDF798FE2B
:1087F000E08E18B9E08F002800F0B880206881680A
:1088000089070CD5E18E51B1012D08D1216B0025CE
:1088100031F8022BC2602163E18E0139E186816863
:10882000C907E3D0E18F0029E0D0C068A16B012522
:1088300021F8020BA163E08F0138E087D6E700BF83
:10884000FDF76EFEA0EB0900404580F0A580E08EAC
:1088500018B9E08F002800F08980206881688907B6
:108860000CD5E18E51B1012D08D1216B002531F8D5
:10887000022BC2602163E18E0139E1868168C9075C
:10888000DED0E18F0029DBD0C068A16B012521F883
:10889000020BA163E08F0138E087D1E739B1397865
:1088A0000173206B01302063E08E0138E0860125E2
:1088B00018F1010032D101E0FDF732FEE08E10B96F
:1088C000E08F002852D02068816889070ED5E18E9C
:1088D00061B1012D0AD1216B002509780173216B4B
:1088E000206801312163E18E0139E1868168C90781
:1088F000E2D0E18F0029DFD0C068A16B01250870AC
:10890000A06B0130A063E08F0138E087D4E700BF9F
:10891000FDF706FEA0EB090040453DD2E08E08B908
:10892000E08F18B32068816889070ED5E18E61B1A8
:10893000012D0AD1216B002509780173216B206874
:1089400001312163E18E0139E1868168C907DFD0F9
:10895000E18F0029DCD0C068A16B01250870A06BF5
:108960000130A063E08F0138E087D1E72046022183
:1089700001224346CDF8009002F062FCB0B1606D78
:1089800040F02000606520206065002084F85000E1
:10899000012003B0BDE8F083012084F851000020DD
:1089A00084F85000032003B0BDE8F08340F22800B3
:1089B000C2F20000006849F68171C1F25E61A0FB5D
:1089C0000101480D4FF47A71484302906068B0F598
:1089D000827F0BD12046802100224346CDF80090B3
:1089E00002F02EFC0028CAD124E000BF029808B390
:1089F0000298013802902068806800061AD5029813
:108A0000C0B102980138029020688068000611D534
:108A1000029878B1029801380290206880680006B8
:108A200008D5029830B10298013802902068806819
:108A30000006DBD4A06838B9002001902068C16826
:108A40000191806801900198012084F85100002074
:108A500084F85000606D002818BF012003B0BDE805
:108A6000F083000070B590F85150012D08D1002915
:108A70004FF0010C18BF002A0ED1604670BD00BF38
:108A80004468B4F5827F0DD1042D4FF0020CF4D16F
:108A90008568002DEBD0F0E7002BEED090F8505019
:108AA000012D01D1022070BD012580F8505090F8B1
:108AB00051500024042D1CBF052580F851504465F9
:108AC00001638386C38682638387C387C0E91044BA
:108AD00090F851104BF281034BF28906C0F6000367
:108AE000C0F600060568D0F84CC0042908BF1E4631
:108AF0004BF291014BF23D13C0F60001C0F60003AA
:108B000008BF0B464BF26101C0F60001CCE90F36FD
:108B1000CCE91314C38F064605F10C016046FDF73E
:108B200065FA38B1706D40F010007065012086F86C
:108B3000504070BD3568316BB06C6B6805F10C024C
:108B400043F001036B60C0E90F44C0E91344F38EA6
:108B5000FDF74CFA40B1706D40F0100070650020D8
:108B600086F85000012070BD30683546016849061E
:108B700003D4016841F0400101604FF0000C85F81A
:108B800050C0416841F020014160416841F002015C
:108B90004160604670BD000041F66431C2F20001E0
:108BA000884218BF704770B582B00024C4F2020436
:108BB00020464FF400410122FDF7ACFC40F2F035B5
:108BC000C2F20005287E012846D10220287641F60F
:108BD0006430C2F20000FFF7A5F9012814D1204645
:108BE0004FF400410022FDF795FC41F6643040F25D
:108BF000A62105F10802C2F20000C2F20001022320
:108C00000226FFF72FFFB8B320464FF400410122A0
:108C1000FDF780FC41F66434C2F200042046FFF701
:108C200081F9012805D041F66430C2F20000FFF757
:108C300053F8002001902168CA6801928A68019265
:108C4000019A01908968019101992876286202B001
:108C5000BDE87040704700BF287E0228F7D172B689
:108C6000A888E8802889688162B60320287602B047
:108C7000BDE87040704700BF2E7602B0BDE870407E
:108C80007047000070470000411E0020B0EB116FDC
:108C90001CBF012070474EF21002CEF2000251605C
:108CA0004EF62351CEF20001F0230B7007219060A5
:108CB00011607047704700007047000090F83C203A
:108CC000012A04BF02207047B0B501F108053CCD70
:108CD000D1E900CE23F47C5322F470521A432EF4CF
:108CE000F0431A432CF4E0431A4324F4C0431A43DC
:108CF0002A43C96922F48042036811435964002160
:108D000080F83C100020B0BD90F83C20012A4FF0C4
:108D1000020254D010B580F83D200268D2F804E079
:108D2000D2F808C00C682EF07003234341F2FF74A0
:108D3000C4F20004A24253600EDC40F2FF73C4F29E
:108D400000039A4216DCB2F1804F2BD040F2004370
:108D5000C4F2000324E000BF40F2FF33C4F2010379
:108D60009A4213DC41F60003C4F200039A4219D080
:108D7000002313E040F60003C4F200039A4211D02E
:108D800040F60043C4F200030AE000BF44F20003CF
:108D9000C4F201039A4205D040F20043C4F2010339
:108DA0009A4204D149682CF0800319439160012153
:108DB000002280F83D1080F83C20BDE810401046AD
:108DC00070470000C1B1042908D0082914BF45220A
:108DD0004422825C012A05D016E000BF4322825C57
:108DE000012A11D10222082910D0042914BF80F8C9
:108DF000452080F843200BE090F84220012A03D15F
:108E0000022280F8422003E00120704780F84420CD
:108E1000006801F00F010422036A02FA01F123EA5B
:108E200001020262026A11430162416C41F2FF7267
:108E3000C4F2000241F40041904241640EDC40F271
:108E4000FF71C4F20001884216DCB0F1804F2BD0D4
:108E500040F20041C4F2000124E000BF40F2FF31C3
:108E6000C4F20101884213DC41F60001C4F20001A2
:108E7000884219D0002113E040F60001C4F200013D
:108E8000884211D040F60041C4F200010AE000BF60
:108E900044F20001C4F20101884205D040F20041D1
:108EA000C4F20101884206D1816801F00701062958
:108EB00004BF00207047016841F0010101600020FB
:108EC0007047000010B5026801F00F0E4FF0040C5F
:108ED000146A0CFA0EF324EA03031362136A136292
:108EE000146A41F211131C4206D1D2F820C040F29C
:108EF00044441CEA040F0DD0146A1C4211D1136AB9
:108F000040F2444423420CD1136823F00103136060
:108F100007E000BF546C24F400445464146A1C42FB
:108F2000EDD0082912D004290AD000294FF0010100
:108F300014BF80F8451080F84210002010BD00BF1B
:108F4000012180F84310002010BD00BF012180F8EE
:108F50004410002010BD0000002804BF012070470D
:108F600010B5044690F83D0028B9002084F83C0074
:108F7000204600F01FF8022084F83D002068211DE3
:108F800002F092FA012084F8460084F83E0084F84A
:108F90003F0084F8400084F8410084F8420084F8DF
:108FA000430084F8440084F8450084F83D00002024
:108FB00010BD00002DE9F04182B0016840F200428E
:108FC000C4F2010291423DD040F60002C4F2000218
:108FD000914233D18046002043F640010190C4F213
:108FE00002010A6841F2085442F004020A6009686A
:108FF000C2F2000401F004010191019946F2580106
:10900000C4F202014FF08062402384E80E0004F1B4
:109010000C014FF480654FF480564FF48047E1C156
:10902000C4E9070060622046FCF72EFF002818BF45
:10903000FBF70AFEC8F82840C4F8388002B0BDE843
:10904000F08100BF0020009043F64000C4F202000F
:109050004168002241F0020141604068002100F0B7
:109060000200009000982C20FDF7F6FA2C2002B0A8
:10907000BDE8F041FDF7DEBA90F83D1001291CBFB4
:1090800001207047022180F83D10006841F2FF7214
:10909000C168C4F20002904241F00101C1600DDCE0
:1090A00040F2FF71C4F20001884215DCB0F1804F3C
:1090B0002AD040F20041C4F2000123E040F2FF3127
:1090C000C4F20101884213DC41F60001C4F2000140
:1090D000884219D0002113E040F60001C4F20001DB
:1090E000884211D040F60041C4F200010AE000BFFE
:1090F00044F20001C4F20101884205D040F200416F
:10910000C4F20101884206D1816801F007010629F5
:1091100004BF00207047016841F001010160002098
:109120007047000090F83C20012A4FF002026CD0FA
:1091300080B580F83D20D0F800C04FF67772DCF89B
:10914000083023EA0202CCF808200B684F2B29DCF8
:109150001F2B45DD202B46D0302B44D0402B40F038
:10916000AF80D1F804E0C968DCF82030DCF82020BA
:1091700022F00102CCF82020DCF8182022F0F002C6
:1091800042EA011123F00A0242EA0E02CCF818105A
:10919000CCF82020DCF8081041F0470121F0300124
:1091A00028E000BF6F2B33DDB3F5005F74D0B3F55B
:1091B000805F21D0702B40F08380D1E901E3C96842
:1091C000DCF8082043EA0E0322F47F4243EA01213F
:1091D0001143CCF80810DCF8081041F0770109E0E1
:1091E0000BB1102B6CD1DCF8081021F07001194381
:1091F00041F00701CCF808100022012180F83D1051
:10920000002180F83C10BDE880401046704700BF48
:10921000502B21D0602B53D1D1F804E0C968DCF881
:109220002030DCF8202022F01002CCF82020DCF8DE
:10923000182022F4704242EA013123F0A00242EAEF
:109240000E12CCF81810CCF82020DCF8081041F0F1
:10925000670121F01001CDE7D1F804E0C968DCF81E
:109260002030DCF8202022F00102CCF82020DCF8AD
:10927000182022F0F00242EA011123F00A0242EA29
:109280000E02CCF81810CCF82020DCF8081041F0C1
:10929000570121F02001ADE7D1E901E3C968DCF80D
:1092A000082043EA0E0322F47F4243EA01211143DE
:1092B000CCF80810DCF8081041F480419AE700BFB0
:1092C00001229AE7704700007047000070B504461D
:1092D0000068C5680669B10716D515F0020113D0FC
:1092E0006FF002010161012121778069800703D0BD
:1092F0002046FFF7E9FF05E0204600F00FF9204681
:1093000000F04EFA00202077700719D515F0040000
:1093100016D020686FF00401016102212177806975
:1093200010F4407F04D02046FFF7CEFF06E000BFD8
:10933000204600F0F3F8204600F032FA00202077B3
:10934000300717D515F0080014D020686FF0080119
:10935000016104212177C069800703D02046FFF70F
:10936000B3FF05E0204600F0D9F8204600F018FAD7
:1093700000202077F00619D515F0100016D02068CF
:109380006FF01001016108212177C06910F4407F5E
:1093900004D02046FFF798FF06E000BF204600F00B
:1093A000BDF8204600F0FCF900202077F00718BF38
:1093B00015F0010002D1300609D412E020686FF0E8
:1093C00001010161204600F079FC300609D515F055
:1093D000800006D020686FF0800101612046FFF711
:1093E00069FC700609D515F0400006D020686FF0C2
:1093F00040010161204600F085FCB00658BF70BDF9
:1094000015F0200008D021686FF0200220460A6184
:10941000BDE87040FFF750BC70BD00002DE9F04181
:1094200086B0006840F20041C4F201010026884283
:10943000CDE90466CDE90266019621D040F600012F
:10944000C4F20001884265D1002043F6300100904B
:10945000C4F202010A6842F002020A60096801F0DF
:10946000020100910099802101910221CDE90210B1
:10947000CDE9040140F20040C4F2020047E000BF21
:1094800043F630000096C4F20200016840F2004446
:1094900041F0010101600168C4F2020401F0010120
:1094A000009100990096016801AD41F00201016050
:1094B00001684FF0020801F0020100910099009646
:1094C0000168032741F0040101600068294600F0AB
:1094D00004000090009880200190A4F58060CDE900
:1094E000028604960597FCF73DFF20462946CDE904
:1094F0000178CDE903660597FCF734FF4FF4E0707F
:10950000CDE9010804F58060CDE90366059701A95E
:10951000FCF728FF06B0BDE8F081000070470000AE
:1095200090F83C30012B04BF022070474FEAB20292
:10953000032A00F2FF802DE9F043DFE802F003B1D7
:109540003F7F00BF036840F200461C6A1A6A24F09D
:10955000020422F001021A621A46D3F804C052F83B
:1095600018EF8F6843F48065C4F20106B54244EAFF
:10957000070405D1CF6824F00C0427F004073C430E
:109580000F68B54206D1D1E905582CF440762E4338
:1095900046EA080C2EF073063743C3F804C09F61F7
:1095A0004F6809695F631C629F6947F008079F6104
:1095B0009F6927F004079F61B1E000BF036840F294
:1095C00000481C6A1A6A24F4007422F480721A6239
:1095D0001A46D3F804C052F81CEF8F6843F4806534
:1095E000C4F20108454544EA072408D1CF6840F297
:1095F000FF463F0224F4406427EA06063443D1F8CC
:109600000090454506D1D1E905562CF440572E432C
:1096100047EA061C2EF0730747EA0907C3F804C09F
:10962000DF614F680969DF631C62DF6947F0080783
:10963000DF61DF6927F00407DF6170E0036840F253
:109640000045D3F820C01A6A43F4806722F48052A0
:109650001A621A465C6852F81C8FD1F800E08E68D6
:10966000C4F20105AF4204D14D6924F4804444EAB8
:1096700085142CF4005747EA063728F4E64646EAF4
:109680000E265C60DE614E6809691E641F62DF6938
:1096900047F40067DF61DF6927F48067DF613DE041
:1096A000036840F200481C6A1A6A24F0200422F081
:1096B00010021A621A46D3F804C052F818EF8F68E5
:1096C00043F48065C4F20108454544EA071407D114
:1096D000CF686FF0400624F0C00406EA0716344352
:1096E000D1F80090454506D1D1E905562CF44067E4
:1096F0002E4347EA860C2EF4E64747EA0927C3F8CB
:1097000004C09F614F6809699F631C629F6947F4A9
:1097100000679F619F6927F480679F610902136852
:10972000194311600021BDE8F043002280F83C207D
:10973000084670470121002280F83C200846704707
:10974000002804BF0120704710B5044690F83D0082
:1097500028B9002084F83C00204600F01FF80220C1
:1097600084F83D002068211D01F09EFE012084F850
:10977000460084F83E0084F83F0084F8400084F8F6
:10978000410084F8420084F8430084F8440084F8DF
:10979000450084F83D00002010BD00007047000027
:1097A00041F6BC32C2F2000201681268914218BF51
:1097B000704740F21822C2F2000201230421137004
:1097C00000F01EBA70470000C1B1042908D0082972
:1097D00014BF41224022825C012A05D016E000BF5E
:1097E0003F22825C012A11D10222082910D00429CB
:1097F00014BF80F8412080F83F200BE090F83E2015
:10980000012A03D1022280F83E2003E001207047A4
:1098100080F84020006801F01F010122036A02FA6B
:1098200001F123EA01020262026A114341F2FF726E
:10983000C4F20002904201620CDC40F2FF71C4F2FB
:109840000001884214DCB0F1804F37D040F2004173
:1098500016E000BF40F2FF31C4F20101884215DC7E
:1098600041F60001C4F20001884227D0002115E032
:1098700040F60001C4F2000188421FD040F60041CA
:10988000C4F20001884219D01FE000BF44F2000179
:10989000C4F20101884211D040F20041C4F201013A
:1098A000884212D1416C40F2004340F48062C4F21D
:1098B000010341F400419A42416406D1816801F0FC
:1098C0000701062904BF00207047016841F001012B
:1098D000016000207047000070B5B9B1412508292A
:1098E00008BF4025042908BF3F25455D022D04BF60
:1098F000022070BD08291BD0042914BF00F14105C6
:1099000000F13F052D78012D0AD016E0054615F827
:109910003E4F022C04BF022070BD2D78012D0CD1CA
:10992000002A4FF0010C18BF002B09D1604670BD12
:1099300000F140052D78012DF2D0012070BD00BF4F
:10994000022569B1082913D0042914BF80F84150B9
:1099500080F83F504FEAB105032D0FD9E6E700BF6D
:1099600080F83E504FEAB105032D07D9DEE700BF6E
:1099700080F840504FEAB105032DD7D80E46DFE8F6
:1099800005F00365234300BF456A4BF2E554C0F67A
:109990000004EC63456A4BF25164C0F600042C6489
:1099A000456A4BF289640168C0F60004EC64054620
:1099B000406A01F1340C11466246FCF717FB00289F
:1099C000BBD14FF4007161E0C56A4BF2E554C0F6BB
:1099D0000004EC63C56A4BF25164C0F600042C64C9
:1099E000C56A4BF289640168C0F60004EC64054660
:1099F000C06A01F13C0C11466246FCF7F7FA0028F8
:109A00009BD14FF4006141E0056B4BF2E554C0F689
:109A10000004EC63056B4BF25164C0F600042C6447
:109A2000056B4BF289640168C0F60004EC640546DE
:109A3000006B01F1400C11466246FCF7D7FA002892
:109A40007FF47BAF4FF4805120E000BF856A4BF27A
:109A5000E554C0F60004EC63856A4BF25164C0F62D
:109A600000042C64856A4BF289640168C0F6000426
:109A7000EC640546806A01F1380C11466246FCF739
:109A8000B5FA00287FF459AF4FF480612868C268A6
:109A90001143C16006F01F010122036A02FA01F1BD
:109AA00023EA01020262026A114341F2FF72C4F228
:109AB0000002904201620BDC40F2FF71C4F200012F
:109AC000884213DCB0F1804F36D040F2004115E0FF
:109AD00040F2FF31C4F20101884215DC41F6000179
:109AE000C4F20001884227D0002115E040F60001B1
:109AF000C4F2000188421FD040F60041C4F20001C8
:109B0000884219D01DE000BF44F20001C4F20101F7
:109B1000884211D040F20041C4F20101884210D1C4
:109B2000416C40F2004340F48062C4F2010341F40E
:109B300000419A42416404D1816801F0070106297D
:109B400003D0016841F0010101604FF0000C604654
:109B500070BD000010B5026801F01F0E4FF0010C3F
:109B6000146A0CFA0EF324EA0303136240F2004372
:109B7000D2F820C042F48064C4F201039C42C2F8CF
:109B800020C009D1136A41F21114234204D1136A8F
:109B900040F2444423420FD0136A41F2111423428D
:109BA00013D1136A40F2444423420ED1136823F0C8
:109BB0000103136009E000BF536C23F400435364B6
:109BC000136A41F211142342EBD0082912D0042960
:109BD0000AD000294FF0010114BF80F8411080F82D
:109BE0003E10002010BD00BF012180F83F10002072
:109BF00010BD00BF012180F84010002010BD000002
:109C000070B504464FEAB10003284FF0010652D860
:109C10000D4644F218112268C0F6010151F82010D7
:109C2000D36804EB80001940D160406AFCF738F833
:109C3000206805F01F01026A06FA01F122EA01011B
:109C4000016240F20043016A40F48062C4F2010301
:109C50009A4201620DD1016A41F21112114208D1FA
:109C6000016A40F24442114203D1416C21F40041A7
:109C70004164016A41F21112114208D1016A40F2B5
:109C80004442114203D1016821F001010160012029
:109C9000082D0DD0042D07D0002D14BF84F84100ED
:109CA00084F83E0006E000BF84F83F0002E000BFF9
:109CB00084F840000026304670BD0000016840F284
:109CC0000040C4F20100814200D070470068C00625
:109CD00048BF704710B5FCF729FC40F23C34C2F293
:109CE0000004206006F07CFDFCF720FC6168401A4F
:109CF000E060FCF71BFC21686060401AA060BDE8D2
:109D00001040704770470000704700007047000027
:109D1000B0B582B001680A68CC684B6902F02F05C3
:109D2000202D04F0200505D125B102B0BDE8B040DA
:109D300001F0B6BE5FEA027C1EBF03F0010E04F420
:109D4000907313EB0E0341D1036BD50618D5012B8D
:109D500016D114F0100313D0002201920A68019268
:109D60004A680192019A496949064BD4818DC28D96
:109D7000C38D002B18BF914240F0068202B0B0BDE7
:109D800013062DD514F080032AD090F84120212A03
:109D9000F4D18268B2F5805F03D10269002A00F035
:109DA0007982026A531C036212784A60C28C013ABB
:109DB0001304C284E2D1C86820F08000C860C8687B
:109DC00040F04000C86002B0B0BD00BFD30718BF6C
:109DD00014F4807340F0E280530700F1E580EAE07C
:109DE0005206CBD514F04002C8D0CA6822F0400217
:109DF000CA60202180F8411002B0BDE8B04000F0F8
:109E00003DBC00BFC26B11684B68858D99B20029BB
:109E100000F0B480A94280F0B180C385D169B1F56A
:109E2000807F00F0A080016851E8031F026821F4E0
:109E3000807142E80313DBB1016851E8031F026837
:109E400021F4807142E8031393B1016851E8031FC4
:109E5000026821F4807142E803134BB1016851E8B4
:109E6000031F026821F4807142E80313002BDAD14A
:109E7000016851E8051F026821F0010142E805135D
:109E8000BBB3016851E8051F026821F0010142E8F7
:109E9000051373B3016851E8051F026821F0010141
:109EA00042E805132BB3016851E8051F026821F051
:109EB000010142E80513002BDAD11AE0016851E8EC
:109EC000051F026821F0400142E80513DBB101687B
:109ED00051E8051F026821F0400142E8051393B1E3
:109EE000016851E8051F026821F0400142E80513AE
:109EF0004BB1016851E8051F026821F0400142E8BA
:109F00000513002BDAD1202180F8421000210163D3
:109F1000016851E8031F026821F0100142E80313B1
:109F2000DBB1016851E8031F026821F0100142E82B
:109F3000031393B1016851E8031F026821F0100177
:109F400042E803134BB1016851E8031F026821F096
:109F5000100142E80313002BDAD1C16B0446084616
:109F6000FBF756FE204602214163818DC28D891A7E
:109F700089B202B0BDE8B040FFF7C6BE8D427FF4A3
:109F8000FDAED269B2F5807F7FF4F8AE0222426363
:109F900002B0BDE8B040FFF7B7BE00BF436C43F06E
:109FA00001034364530706D5BEF1000F03D0436C91
:109FB00043F002034364930706D5BEF1000F03D0BC
:109FC000436C43F004034364BCF1000F06D55EEA22
:109FD000050303D0436C43F008034364436C002B38
:109FE0003FF4CCAE920605D525B1044601F058FDEC
:109FF000216820464969426C01F0400102F00802E4
:10A00000891800F0B98000BF016851E8031F026899
:10A0100021F4907142E80313BBB3016851E8031FB8
:10A02000026821F4907142E8031373B3016851E8A8
:10A03000031F026821F4907142E803132BB30168F7
:10A0400051E8031F026821F4907142E80313002BCA
:10A05000DAD11AE0016851E8051F026821F0010118
:10A0600042E80513DBB1016851E8051F026821F0E1
:10A07000010142E8051393B1016851E8051F026828
:10A0800021F0010142E805134BB1016851E8051FB9
:10A09000026821F0010142E80513002BDAD1016BBF
:10A0A000012924D1016851E8031F026821F0100141
:10A0B00042E80313DBB1016851E8031F026821F095
:10A0C000100142E8031393B1016851E8031F0268CD
:10A0D00021F0100142E803134BB1016851E8031F5E
:10A0E000026821F0100142E80313002BDAD120218D
:10A0F00080F842100021016301684969490640F176
:10A10000C380016851E8051F026821F0400142E860
:10A110000513DBB1016851E8051F026821F0400119
:10A1200042E8051393B1016851E8051F026821F068
:10A13000400142E805134BB1016851E8051F026870
:10A1400021F0400142E80513002BDAD1C16B002950
:10A1500000F09A804BF2E962C0F60002044608461D
:10A160000A65FBF79DFD00283FF408AEE06B016D2A
:10A1700002B0BDE8B04008470446FFF7C7FD002025
:10A18000606402B0B0BD00BF891A00BF026852E827
:10A19000032F036822F4907243E80325BDB30268DD
:10A1A00052E8032F036822F4907243E8032575B345
:10A1B000026852E8032F036822F4907243E80325F3
:10A1C0002DB3026852E8032F036822F4907243E82B
:10A1D0000325002DDAD11AE0026852E8052F036842
:10A1E00022F0010243E80525DDB1026852E8052F9F
:10A1F000036822F0010243E8052595B1026852E8A0
:10A20000052F036822F0010243E805254DB10268DD
:10A2100052E8052F036822F0010243E80525002DCE
:10A22000DAD1202280F8422000220263026852E83C
:10A23000032F036822F0100243E80325DDB1026812
:10A2400052E8032F036822F0100243E8032595B17A
:10A25000026852E8032F036822F0100243E8032546
:10A260004DB1026852E8032F036822F0100243E860
:10A270000325002DDAD1022289B2426302B0BDE883
:10A28000B040FFF741BD00BF02B0BDE8B040FFF7EE
:10A290003DBD00BF026A32F8023B6FF35F234B60A3
:10A2A000026283E5002804BF0120704710B5044610
:10A2B00090F8410028B9002084F84000204600F0C2
:10A2C00021F8242084F841002068C16821F400515D
:10A2D000C160204601F064FC2068016921F49041CE
:10A2E0000161416921F02A014161C16841F40051D5
:10A2F000C16000202021606484F8411084F842107D
:10A30000606310BD2DE9F04387B0044641F20000C0
:10A310002168C4F20100002681420696CDE9046658
:10A320000396029602D007B0BDE8F08343F63001F1
:10A330000196C4F202014A6946F2884842F01002CE
:10A340004A614A6900F5704002F010020192019AD8
:10A3500001960A68C4F2020842F001020A60096824
:10A3600001F00101019101994FF4C06102910221B4
:10A37000CDE90316032105910721069102A9FBF7F8
:10A38000F1FF41F2C85508F13000C2F200054FF06C
:10A3900000674021C5E9000705F108004FF4806916
:10A3A00080E842022846C5E90566C5E907666E628F
:10A3B000FBF76AFD002818BFFAF746FCA563AC63FB
:10A3C00041F26855C2F200050020C5E90200C5E966
:10A3D0000490C5E90600C5E908002846C5E90087DC
:10A3E000FBF752FD002818BFFAF72EFC25200321A9
:10A3F0000022E563AC63FCF72FF92520FCF71AF97E
:10A4000007B0BDE8F083000070B582B090F842500C
:10A41000202D0BD113460A460146002A4FF00100B9
:10A4200018BF002B06D102B070BD00BF022002B0E1
:10A4300070BD00BF002622200E638A628B854E64A9
:10A4400081F842000C680D46C86B4BF6710C4BF658
:10A45000D111C0F6000CC0F60001C0E90FC14BF2EB
:10A46000F561C0F60001C0E91316211DFBF7BEFD22
:10A4700040B110206864202085F84200012002B01D
:10A4800070BD00BF019628682946026801924068A5
:10A4900001900198286928B3086850E8030F0A68FA
:10A4A00040F4807042E80303E3B1086850E8030F0A
:10A4B0000A6840F4807042E803039BB1086850E8E2
:10A4C000030F0A6840F4807042E8030353B1086840
:10A4D00050E8030F0A6840F4807042E80303002B41
:10A4E000DAD100BF086850E8050F0A6840F00100A3
:10A4F00042E80503DBB3086850E8050F0A6840F03E
:10A50000010042E8050393B3086850E8050F0A68A4
:10A5100040F0010042E805034BB3086850E8050F1E
:10A520000A6840F0010042E80503002BDAD11EE082
:10A53000086850E8050F0A6840F0400042E805034B
:10A54000FBB1086850E8050F0A6840F0400042E897
:10A550000503B3B1086850E8050F0A6840F04000F1
:10A5600042E80503002B4FF000003FF45CAF0868A1
:10A5700050E8050F0A6840F0400042E80503002B50
:10A58000D6D1002002B070BD006841F20001C4F2D3
:10A590000101884218BF704740F6C740C2F2000070
:10A5A00009F082B870470000B0B590F84140202C07
:10A5B0001CBF0220B0BD1346024600294FF0010027
:10A5C00018BF002B00D1B0BD4FF0000C212011624C
:10A5D0009384D384C2F844C082F8410014681546BD
:10A5E000906B4BF6E91E4BF69922C0F6000EC0F6B2
:10A5F0000002C0E90FE24BF2F562C0F60002C0E9CA
:10A60000132C221DFBF7F2FC30B1102068642020CF
:10A6100085F841000120B0BD286829466FF040024E
:10A62000026000BF086850E8050F0A6840F080002B
:10A6300042E8050303B3086850E8050F0A6840F0D4
:10A64000800042E80503BBB1086850E8050F0A68BE
:10A6500040F0800042E8050373B1086850E8050F38
:10A660000A6840F0800042E80503002B4FF000002C
:10A6700008BFB0BDD6E700BF0020B0BD70470000E6
:10A680007047000040F28432C2F200020121002330
:10A690004FF07E501171117044F23421C2E902036F
:10A6A00002F13C00C0F60101C2E908339362136174
:10A6B000536104F0FBBF000070B52DED048B82B038
:10A6C00040F28436C2F200060C460546F068317846
:10A6D00096ED022A01300129F06001D114281AD325
:10A6E000B5EE402AF1EE10FA0FDDB0EE608AB0EE62
:10A6F000409AFBF71BFF716BB0EE490A411AB16338
:10A7000096ED022AF0EE480A70630020B1EE422A6C
:10A71000F06086ED022A96ED043A96ED054A96ED34
:10A72000081A30EE433A30EEC44A23EE023A24EEE1
:10A73000022A86ED040A01A86946B0EE410AC6ED78
:10A74000050A86ED063A86ED072A04F01FFD9DED09
:10A75000010A9DED001A20EE002A21EE013A33EEA7
:10A76000422AB8EE003A20EE030A20EE010A96EDE6
:10A77000061A96ED073A21EE000A22EE032A9FED13
:10A780002E1A30EE020AB2EE0E2A9FED2C8A96EDBA
:10A790000A4A20EE011A20EE020A20EE080A9FED76
:10A7A000282A30EE040A9FED273AB4EE420AF1EE71
:10A7B00010FAC8BFB0EE420AB4EE430AF1EE10FA46
:10A7C000C8BFB0EE403A31EE030A06F13C0086ED18
:10A7D000090A86ED0A3A04F07DFF96ED090A96ED26
:10A7E000081A20EE080A9FED188A30EE010AF0EEF2
:10A7F000480A09F057FBB5EE400A30EE081AF1EEB0
:10A8000010FAB8BFB0EE410A86ED080A96ED020ACA
:10A810009FED0E1A9DED002A20EE010A20EE021A8D
:10A820009DED012A85ED001A20EE020A84ED000A52
:10A8300002B0BDEC048B70BDCDCC4C3F17B7513886
:10A8400000007A4400007AC40000B4439A99993E0B
:10A85000FEE70000B0B584B041F2D020C2F20000A3
:10A8600042F2000C4FF000534FF060610024C4F23C
:10A87000010C4FF480320125C0E90A13032103942F
:10A88000047680F82040C16180F83050C0E900C2F1
:10A89000C0E90244C0E90454FAF73EFB002818BF9F
:10A8A000FAF7D2F941F2D020C2F200006946CDE9B0
:10A8B00000450294FAF74AFA002818BFFAF7C4F9DB
:10A8C0000120009041F2D0200224C2F2000069462B
:10A8D0000194FAF73BFA002818BFFAF7B5F90320FC
:10A8E000019041F2D020C2F2000069460094FAF7CC
:10A8F0002DFA002818BFFAF7A7F904B0B0BD000080
:10A90000B0B584B041F2183001210024C2F2000039
:10A91000C0F6007142F2001CC0E90A140221C4F220
:10A92000010C4FF480324FF000730125C16100F13A
:10A9300008010394047680F8204080F83050C0E984
:10A9400000C238C14561FAF7E7FA002818BFFAF7E4
:10A950007BF90520CDE9000541F21830C2F2000074
:10A9600069460294FAF7F2F9002818BFFAF76CF971
:10A97000062000900220019041F21830C2F200003F
:10A980006946FAF7E3F9002818BFFAF75DF904B051
:10A99000B0BD000080B541F2603046F60001C2F261
:10A9A0000000C4F200010322002380E80E0000F141
:10A9B0000C014FF4002C4FF4401E81E808508361D5
:10A9C0008383FAF781FF002808BF80BDBDE880407F
:10A9D000FAF73AB980B582B0002043F63001019011
:10A9E000C4F202010A6842F480020A600A6802F4B2
:10A9F00080020192019A00900868002240F4001041
:10AA000008600868022100F40010009000980B20F4
:10AA1000FBF722FE0B20FBF70DFE0E20002100228B
:10AA2000FBF71AFE0E20FBF705FE10200221022282
:10AA3000FBF712FE1020FBF7FDFD3820012100225C
:10AA4000FBF70AFE3820FBF7F5FD3A200021002233
:10AA5000FBF702FE3A20FBF7EDFD44200321012223
:10AA6000FBF7FAFD4420FBF7E5FD46200321022217
:10AA7000FBF7F2FD462002B0BDE88040FBF7DABDEF
:10AA80002DE9F04F87B0002543F630000695CDE95B
:10AA90000455CDE902550195C4F20200016840F267
:10AAA000000941F0040101600168C4F2020901F0EB
:10AAB0000401019101990195016809F5006A41F0CD
:10AAC000800101600168002201F08001019101997B
:10AAD000019501684FF4005641F0010101600168E1
:10AAE00001F00101019101990195016841F0020114
:10AAF0000160016801F0020101910199019501686D
:10AB000041F00801016000684FF4005100F00800B6
:10AB1000019001985046FBF7FDFC09F58064204642
:10AB20004FF4805101220127FBF7F4FC48464FF413
:10AB300080710022FBF7EEFC48464FF400410122F1
:10AB4000FBF7E8FC09F54068404604210022FBF7CA
:10AB5000E1FC204608210022FBF7DCFCCDE902677E
:10AB600002AE4FF0020B50463146CDE904B5FBF77B
:10AB7000F9FB4FF48050CDE9020720463146CDE97C
:10AB80000477FBF7EFFB4FF4807002A981E881089E
:10AB9000484631460595FBF7E5FB4FF40040CDE90B
:10ABA000020748463146CDE90477FBF7DBFB04207A
:10ABB000CDE9020740463146CDE90455FBF7D2FB0B
:10ABC000082002A981E88108204631460595FBF757
:10ABD000C9FB07B0BDE8F08FB0B541F60C3043F6C5
:10ABE0000001C2F20000C4F200014FF4827200239F
:10ABF00080E80E0000F10C014FF0020C4FF0010E46
:10AC00004FF40074382581E808500A21C0E9064550
:10AC1000C0E90833C0E90A31FDF720FA002808BF6F
:10AC2000B0BDBDE8B040FAF70FB8000070B541F60E
:10AC3000643043F60041C2F20000C4F200014FF458
:10AC4000827200234FF4006C4FF0020E012480E862
:10AC50000E5000F114014FF40075202670C10A2136
:10AC6000C0E90833C0E90A31FDF7F8F9002808BF48
:10AC700070BDBDE87040F9F7E7BF000010B58EB0B9
:10AC800041F6BC3040F600020021C2F20000C4F2DE
:10AC9000000268230D91CDE90B110991CDE907114F
:10ACA000CDE90511CDE90311CDE90111C0E900217C
:10ACB000C0E9021301618161FEF74EF9002818BF57
:10ACC000F9F7C2FF4FF480500A9041F6BC30C2F24F
:10ACD00000000AA9FEF726FA002818BFF9F7B4FF0A
:10ACE00041F6BC30C2F20000FEF72AFD002818BF72
:10ACF000F9F7AAFF41F6BC300024C2F2000008A90F
:10AD0000CDE90844FEF700F8002818BFF9F79CFFCA
:10AD10006020CDE9010441F6BC30C2F2000001A977
:10AD2000042203940594FEF7FBFB002818BFF9F7F3
:10AD30008BFF41F6BC30C2F20000FEF76FFB0EB095
:10AD400010BD000010B596B041F6044040F200423C
:10AD50000021C2F20000C4F2010280241591CDE965
:10AD600013111191CDE90F11CDE90D11CDE90B11A1
:10AD7000CDE90911CDE90711CDE90511CDE903119F
:10AD8000CDE9011101234FF0200C40F6330E80E88D
:10AD90000C50C0E904118461FEF7DEF8002818BFEA
:10ADA000F9F752FF4FF48050129041F60440C2F27E
:10ADB000000012A9FEF7B6F9002818BFF9F744FF02
:10ADC00041F60440C2F20000FEF7BAFC002818BFAA
:10ADD000F9F73AFF702010908020119041F604405E
:10ADE000C2F2000010A9FDF78FFF002818BFF9F785
:10ADF0002BFF602009900020CDE90A00CDE90C006E
:10AE0000CDE90E0041F60440C2F2000009A900227B
:10AE1000FEF786FB002818BFF9F716FF41F604403D
:10AE2000C2F2000009A90422FEF77AFB002818BF2D
:10AE3000F9F70AFF41F60440C2F2000009A908220E
:10AE4000FEF76EFB002818BFF9F7FEFE7020099090
:10AE500041F60440C2F2000009A90C22FEF760FB93
:10AE6000002818BFF9F7F0FE00200421CDE9010009
:10AE70000390CDE904104FF40051089041F60440CE
:10AE80000691C2F2000001A9FDF718FF002818BFC3
:10AE9000F9F7DAFE41F60440C2F20000FEF7BEFA0E
:10AEA00016B010BD80B541F64C4041F20001C2F22F
:10AEB0000000C4F2010100234FF00C0C4FF4E1320A
:10AEC00080E80E00C0E90333C0E905C3C361FFF7A2
:10AED000E9F9002808BF80BDBDE88040F9F7B4BE9D
:10AEE00080B540F6F47040F20C01C2F20000C2F2EC
:10AEF0000001002201F07EFB002818BFF9F7A4FE34
:10AF000040F6F47040F22C01C2F20000C2F20001DF
:10AF100001F0E2FD002818BFF9F796FE40F6F47044
:10AF200040F2C801C2F20000C2F2000101F05EF876
:10AF3000002818BFF9F788FE40F6F470C2F200004E
:10AF400001F0F4FD002808BF80BDBDE88040F9F79E
:10AF50007BBE0000FEE70000FEE7000041F2286033
:10AF6000C2F20000FBF754BD10B540F60000C4F279
:10AF700002004FF4005100220024FBF7CBFA40F20C
:10AF80007430C2F20000047210BD0000704700006F
:10AF900041F66430C2F20000FCF7C8BF82B0002165
:10AFA000019140F22801C2F20001096841F6F11254
:10AFB000C0F27652A1FB0212510A64225143009161
:10AFC000009919B300990139009101688A689207C4
:10AFD00021D40099D1B100990139009101688A68A2
:10AFE000920718D4009989B100990139009101683C
:10AFF0008A6892070FD4009941B1009901390091F4
:10B0000001688A689207DBD505E000BF0168426DE0
:10B0100042F0400242650A6822F040020A604A6833
:10B0200022F0E0024A60C96801910199072180F885
:10B03000511002B07047000001684A6822F0800297
:10B040004A600A6822F040020A60072180F8511025
:10B0500070470000806B0021C187C186FCF72CBFC0
:10B06000806B01684A6822F003024A60416D41F03A
:10B0700010014165012180F85110FCF71DBF00004F
:10B08000806BFDF70BBA0000806BFDF7FBBD000085
:10B09000B0B582B0846B0546FBF742FA29680968AF
:10B0A000C90545D484462068A168426822F0200280
:10B0B000426049B96268B2F5827F05D1416821F0EA
:10B0C0000301416018E000BF426822F001024260C3
:10B0D0006268B2F5827F0CD1B1F5004F02D0B1F5B4
:10B0E000806F09D10268B1F5806F22F040020260E2
:10B0F00002D12046012101E0204680210022642364
:10B10000CDF800C000F09CF828B1606D40F0200040
:10B110006065202060650020E087012084F85100F0
:10B12000606D28B1204602B0BDE8B040FCF7C4BE57
:10B13000204602B0BDE8B040FDF7AEB9B0B582B070
:10B14000846B0546FBF7ECF929680968C90529D421
:10B150000546206801224168642321F020014160F6
:10B1600020460221009500F06BF808B3606D40F0B6
:10B1700020006065606D40F02000606520684168D7
:10B1800021F0030141600020E086E087012084F87F
:10B190005100606D30B1204602B0BDE8B040FCF710
:10B1A0008BBE00BF204602B0BDE8B040FDF7F4BC46
:10B1B00040F22800C2F20000006849F68171C1F235
:10B1C0005E61A0FB0101480D4FF47A714843019084
:10B1D0006068B0F5827F09D1204680210022642377
:10B1E000009500F02DF80028C0D1C7E7019800288D
:10B1F000C4D0019801380190206880680006BDD550
:10B2000001980028BAD00198013801902068806820
:10B210000006B3D501980028B0D0019801380190FC
:10B22000206880680006A9D501980028A6D001985A
:10B2300001380190206880680006D7D49EE700009E
:10B240002DE9F04381B0089C984615460E4681468C
:10B25000FBF766F9201A00EB0804FBF761F940F2EE
:10B260002801C2F200010968C1F3CB3161430091AA
:10B27000D9F800108A683240921BB2FA82F2520961
:10B28000AA4203D1002001B0BDE8F083074618F1BF
:10B2900001000ED130E000BF009801380090D9F8CD
:10B2A000000080683040801BB0FA80F04009A8425E
:10B2B000E8D0FBF735F9C01BA04227D20098002840
:10B2C000EAD10024EBE700BF88683040801BB0FA69
:10B2D00080F04009A842D5D088683040801BB0FA81
:10B2E00080F04009A842CDD088683040801BB0FA79
:10B2F00080F04009A842C5D088683040801BB0FA71
:10B3000080F04009A842DFD1BCE700BFD9E90001C5
:10B310004268B1F5827F22F0E00242600BD1D9F899
:10B320000810B1F5004F02D0B1F5806F03D101686C
:10B3300021F040010160D9F82810B1F5005F07D174
:10B34000016821F400510160016841F4005101607D
:10B35000012089F85100002089F85000032001B035
:10B36000BDE8F08370470000FBF7F8B870B592B005
:10B3700006AC20463021F8F76DFF002543F640006B
:10B380000595CDE90355CDE901550095C4F20200BC
:10B390000168022641F080510160006800F0805091
:10B3A0000090009847F200000095C4F20000016888
:10B3B00041F480410160006800F4804000900098F2
:10B3C000012006904FF4803007904FF480000D90DC
:10B3D00019200E904FF4A870CDE90F0607201190A8
:10B3E00020460C96FCF7A2FA18B172B6022007F0BC
:10B3F00015FF0F20CDE901064FF4A05004904FF443
:10B400008050059001A805210395FCF779F918B142
:10B4100072B6022007F002FF12B070BD4EF68850DF
:10B42000CEF20000016841F4700101607047000035
:10B4300010B541F6EC54C2F200042078022821D065
:10B44000012815D0002818BF10BD04F07DFD06F0BE
:10B45000E1FCF8B104F0CEFA06F022FF05F0DCFCC6
:10B4600003F040FF05F00CF80120207010BD00BF74
:10B4700004F01EFB04F0D6FA06F034FFBDE81040DD
:10B4800007F046BC072005F001FABDE8104007F0C0
:10B49000B5BE00BF0220207010BD000041F6044080
:10B4A000C2F20000FDF712BFB0B540F6FF3E0568DE
:10B4B000C4F2000E40F2004C7045C4F2010C25DCD1
:10B4C000B0F1804F2FD040F20043C4F20003984205
:10B4D00029D040F60003C4F20003984223D041F67D
:10B4E000FF73C4F20003984228DC70453ADCB0F1E7
:10B4F000804F5BD040F20043C4F20003984255D025
:10B5000040F60003C4F200034EE000BF40F60043E3
:10B51000C4F20003984206D0604504D00023C4F270
:10B5200001039842DBD14B6825F0700243EA020523
:10B5300041F6FF73C4F200039842D6DD43F6FF7371
:10B54000C4F2010398421FDC42F20003C4F200037C
:10B5500098422BD00023C4F20103984226D06045C4
:10B5600024D028E040F60043C4F2000398421DD0E6
:10B5700041F60003C4F20003984217D041F600439D
:10B58000C4F2000310E000BF44F20003C4F2010360
:10B5900098420BD044F60003C4F20103984205D050
:10B5A00044F20043C4F20103984204D1CB6825F46D
:10B5B000407243EA02050A688C684B69C46240F431
:10B5C00080648262644504BF09690163026825F0F2
:10B5D000800142F0040219430260012242610160CD
:10B5E000B0BD000010B5846B616A814212D0A16ABF
:10B5F000814217D0E16A81421CD0216B814220D167
:10B60000C06908210028217704BF012084F8410087
:10B6100017E000BFC16901200029207708BF84F826
:10B620003E000EE0C0690221217750B9012084F864
:10B630003F0006E0C0690421217710B9012084F899
:10B6400040002046FEF7ACF80020207710BD000037
:10B6500010B5846B616A81420AD0A16A814209D027
:10B66000E16A814208D0216B814207D1082004E0C1
:10B67000012002E0022000E0042020772046FEF7AF
:10B68000A1F80020207710BD10B5846B616A81425B
:10B690000CD0A16A81420FD0E16A814212D0216BA5
:10B6A000814215D0012084F83D0016E0012020776A
:10B6B00084F83E0011E000BF02202077012084F8CA
:10B6C0003F000AE004202077012084F8400004E0D5
:10B6D00008202077012084F841002046FDF7F2FD84
:10B6E0000020207710BD0000806B0021C185FEF78F
:10B6F0000DBB0000806B01684A6990F84130212B36
:10B700002DD112F080022AD00021C184016851E8B5
:10B71000031F026821F0C00142E80313DBB1016896
:10B7200051E8031F026821F0C00142E8031393B1FE
:10B73000016851E8031F026821F0C00142E80313C9
:10B740004BB1016851E8031F026821F0C00142E8D3
:10B750000313002BDAD1202180F8411001684969D8
:10B7600090F84220222A40F07D8011F0400179D0EB
:10B770000021C185016851E8031F026821F490711E
:10B7800042E80313BBB3016851E8031F026821F4C8
:10B79000907142E8031373B3016851E8031F026814
:10B7A00021F4907142E803132BB3016851E8031FA1
:10B7B000026821F4907142E80313002BDAD11AE0F9
:10B7C000016851E8051F026821F0010142E80513F4
:10B7D000DBB1016851E8051F026821F0010142E870
:10B7E000051393B1016851E8051F026821F00101BA
:10B7F00042E805134BB1016851E8051F026821F0CA
:10B80000010142E80513002BDAD1016B012924D193
:10B81000016851E8031F026821F0100142E8031398
:10B82000DBB1016851E8031F026821F0100142E812
:10B83000031393B1016851E8031F026821F010015E
:10B8400042E803134BB1016851E8031F026821F07D
:10B85000100142E80313002BDAD1202180F84210B6
:10B8600000210163416C41F010014164FEF74EBAC2
:10B870000168806B0968C90500F19F800021C185BE
:10B88000016851E8031F026821F4807142E8031344
:10B89000E3B1016851E8031F026821F4807142E8B6
:10B8A00003139BB1016851E8031F026821F4807102
:10B8B00042E8031353B1016851E8031F026821F401
:10B8C000807142E80313002BDAD100BF016851E810
:10B8D000051F026821F0010142E80513BBB30168AE
:10B8E00051E8051F026821F0010142E8051373B316
:10B8F000016851E8051F026821F0010142E80513C3
:10B900002BB3016851E8051F026821F0010142E8EC
:10B910000513002BDAD11AE0016851E8051F02680F
:10B9200021F0400142E80513DBB1016851E8051F31
:10B93000026821F0400142E8051393B1016851E823
:10B94000051F026821F0400142E805134BB1016870
:10B9500051E8051F026821F0400142E80513002B61
:10B96000DAD1202180F84210016B012925D100BFD6
:10B97000016851E8031F026821F0100142E8031337
:10B98000DBB1016851E8031F026821F0100142E8B1
:10B99000031393B1016851E8031F026821F01001FD
:10B9A00042E803134BB1016851E8031F026821F01C
:10B9B000100142E80313002BDAD100214163016B2F
:10B9C000012918BFFEF7E0BD818DFEF79DB900008B
:10B9D000806B01214163016B012918BFFEF7E2BDB5
:10B9E000818D4908FEF790B90168806B0968C90527
:10B9F00048BFFEF743BE0021C18400BF016851E883
:10BA0000051F026821F0800142E8051383B3016835
:10BA100051E8051F026821F0800142E805133BB39D
:10BA2000016851E8051F026821F0800142E8051312
:10BA3000F3B1016851E8051F026821F0800142E876
:10BA40000513002BDAD113E0016851E8031F0268E7
:10BA500041F0400142E80313002B08BF7047016822
:10BA600051E8031F026841F0400142E8031393B11B
:10BA7000016851E8031F026841F0400142E80313E6
:10BA80004BB1016851E8031F026841F0400142E8F0
:10BA90000313002BD8D17047806BFEF7F1BD000077
:10BAA00081B090F84210222921D183680246B3F573
:10BAB000805F09D152F8281F52F8183C002B63D040
:10BAC00003685B680AE000BF52F8281F13B90369D6
:10BAD000002BF5D003685B6803F07F030B701168DF
:10BAE00001311160C18D01390A04C18502D001B054
:10BAF000704700BF0168CA6822F02002CA60CA68A5
:10BB000022F48072CA604A6922F001024A6120214F
:10BB100080F8421000214163026B012A3CD101638D
:10BB2000016851E8031F026821F0100142E8031385
:10BB3000DBB1016851E8031F026821F0100142E8FF
:10BB4000031393B1016851E8031F026821F010014B
:10BB500042E803134BB1016851E8031F026821F06A
:10BB6000100142E80313002BDAD101680A68D206FB
:10BB700006D5002200920A68009249680091009957
:10BB8000818D01B0FEF7C0B8026852686FF35F2282
:10BB900021F8022B8162A5E701B0FEF7F5BC000099
:10BBA000B0B50446006804F108030ECB05691943DB
:10BBB00025F440552A4302616269E3691143C26872
:10BBC000194349F20C639A431143C1604169A26968
:10BBD00021F4407141F20043114340F48062C4F209
:10BBE00001039A42416103D1FBF756FE02E000BF18
:10BBF000FBF73EFEE1694FF69C7563681922C0F6BB
:10BC0000FF75B1F5004FA0FB02011FD15A00DB0FF9
:10BC1000F8F7D6FA48F21F51C5F2EB11A0FB012349
:10BC20005A0905F1805302FB0300322303EBC000E5
:10BC3000A0FB01014FF4F87000EA111000EB0210B4
:10BC4000C1F34211084421688860B0BD9A009B0F7F
:10BC5000F8F7B6FA48F21F51C5F2EB11A0FB012329
:10BC60005A0902FB0500322303EB0010A0FB01017F
:10BC7000F02000EA511000EB0210C1F34311084418
:10BC800021688860B0BD000041F64C40C2F200005F
:10BC9000FEF73EB8D0F8D42200EB820CDCF8C032BC
:10BCA000002B04BF03207047B0B501F00F0404EB74
:10BCB000840200EB820E5EF8142F5AB1D0F8C852FD
:10BCC00004EBC40405EB8404E469B2FBF4F505FB62
:10BCD00014229AB10020C3F81402DCF8C422D2F86E
:10BCE00010C0BCF1000F08BFB0BDD3F808020A466F
:10BCF00003F50471E0470020B0BD00BF002200231F
:10BD0000CEF8002000F0CAFE0020B0BDB0B5D0F8DB
:10BD1000D42200EB8202D2F8C0529DB1044600F05A
:10BD200053FDD4F8D412C5F80C0204EB8101D1F80C
:10BD3000C412D5F80402CA6805F5037190470020C3
:10BD4000B0BD00BF0320B0BD70B58121044600F036
:10BD500079FC00252046012184F8375000F072FC60
:10BD60002046822184F8775100F06CFCD4F8D4028C
:10BD700004F5307656F8201084F84B50656489B18C
:10BD800004EB8000D0F8C40240688047D4F8D402A5
:10BD900056F8200001F07AF9D4F8D40246F8205081
:10BDA000C4F8BC52002070BD10B5D0F8D41200EB1E
:10BDB0008100D0F8C0428CB1D0F8C41259B194F8C7
:10BDC0000002FF2807D08B6894F80122214698478B
:10BDD000FF2084F80002002010BD00BF032010BD2A
:10BDE000014640F2A8000A22C2F200000A80704711
:10BDF000F0B581B040F26407C2F20007044638464D
:10BE0000822100F01FFB06463846012100F01AFB94
:10BE100005463846812100F015FB002E1CBF10217D
:10BE2000B171002D1CBF4021A98000281CBF4021FA
:10BE30008180432140F26400C2F20000218001B001
:10BE4000F0BD0000F0B581B040F26407C2F2000717
:10BE500004463846822100F0F5FA064638460121AC
:10BE600000F0F0FA05463846812100F0EBFA002E8A
:10BE70001CBF1021B171002D1CBF4FF40071A980AF
:10BE800000281CBF4FF400718180432140F2640000
:10BE9000C2F20000218001B0F0BD0000F0B581B019
:10BEA00040F26407C2F2000704463846822100F0DF
:10BEB000C9FA06463846012100F0C4FA054638465C
:10BEC000812100F0BFFA002E1CBF1021B171002D9E
:10BED0001CBF4021A98000281CBF40218180432134
:10BEE00040F26400C2F20000218001B0F0BD000009
:10BEF0002DE9F04104464FF4077001F0C9F800281D
:10BF000050D04FF407710546F8F7A4F9D4F8D402DD
:10BF1000402704EB8000C0F8C052207CC4F8BC521B
:10BF2000002808BF4FF400772046812102223B46BB
:10BF3000022600F0C7FC4FF0010820460121022232
:10BF40003B4684F8378000F0BDFC1020606420463A
:10BF500082210322082384F8778100F0B3FCD4F80F
:10BF6000D4020027C5F8047204EB8000D0F8C402A4
:10BF700084F84B8000688047C5F81472C5F81872C1
:10BF8000D5F8042252B1207C01210028204614BF9C
:10BF900040234FF4007300F0A9FC00263046BDE8B2
:10BFA000F08100BFD4F8D402002104EB8000C0F877
:10BFB000C0120220BDE8F081D0F8D41200EB81015C
:10BFC000D1F8C012002904BF0320704780B590F853
:10BFD00010C0D1F8042240230121BCF1000F08BF9A
:10BFE0004FF4007300F082FC002080BD00290FBFD9
:10BFF0000320D0F8D42200EB8200C0F8C41218BF8E
:10C0000000207047D0F8D42200EB8200D0F8C002A4
:10C0100000280EBF0320C0F8041200207047000063
:10C02000D0F8D43200EB8300D0F8C00200280FBF54
:10C030000320C0F80812C0F810220020704700004A
:10C04000F0B581B0D0F8D42200EB8203D3F8C0421F
:10C050000022002C8DF80320ADF8002060D00D7870
:10C0600015F0600218D0202A58D1CA88002A29D099
:10C070006DB2B5F1FF3F2FDD4978402A84F80012F8
:10C08000214628BF402284F8012200F099F80024BC
:10C09000204601B0F0BD00BF4A780B2A3ED80024EC
:10C0A000DFE802F008063C3C3C3C3C3C3C3C2A3887
:10C0B000EEE700BF90F89C22032A2FD169460222A6
:10C0C00021E000BFD3F8C40200228368487800242E
:10C0D0009847204601B0F0BDD3F8C43206469D68AB
:10C0E0004B780F4618462146A847FA883046072A5B
:10C0F00028BF0722214606E090F89C22032A0DD192
:10C100000DF10301012200F077F80024204601B070
:10C11000F0BD00BF90F89C22032AB9D000F044F88B
:10C120000324204601B0F0BDD0F8D41200EB810109
:10C13000D1F8C022002A04BF03207047D2F814129D
:10C1400000294FF0010101D00846704780B5C2F8C0
:10C150001412D2F81032D2F808228121836200F042
:10C160009DFC0021BDE880400846704780B5D0F8AE
:10C17000B82252689047002818BF032080BD0000F5
:10C18000002070470020704780B513460A46002102
:10C1900000F0ACFB002080BD80B513460A460021AC
:10C1A00000F07CFC002080BD10B58021044600F02A
:10C1B00043FC20460021BDE8104000F03DBC0000DB
:10C1C00080B513460A460321C0F894120021C0F836
:10C1D0006421C0E9553300F089FB002080BD0000D8
:10C1E00080B50521C0F8941200210022002300F040
:10C1F0007DFB002080BD000080B513460A46022169
:10C20000C0F8941200214262C0E9053300F046FCF8
:10C21000002080BD80B50421C0F8941200210022C6
:10C22000002300F03BFC002080BD000010B540F270
:10C230001C54C2F200040A4602A0214600F044F950
:10C24000204610BD43444320436F6E66696700007B
:10C2500040F2B4001222C2F200000A8070470000CF
:10C2600010B540F21C54C2F200040A4602A0214656
:10C2700000F02AF9204610BD43444320496E7465FE
:10C28000726661636500000040F2DC000422C2F2C5
:10C2900000000A807047000010B540F21C54C2F242
:10C2A00000040A4602A0214600F00EF9204610BD07
:10C2B0007778640010B540F21C54C2F200040A46BC
:10C2C00002A0214600F000F9204610BD5844722D0E
:10C2D0005000000047F61020C1F6FF700268836826
:10C2E0004FF01A0C9B18A1F800C000F0A680B0B562
:10C2F0004FF0370C1A0F0CEB13714068B3F1204F5D
:10C3000038BF02F1300140F2E002C2F20002917047
:10C3100019014FF0000E0CEB117582F803E0C3F326
:10C320000364B1F1204F38BF04F1300519021571D3
:10C330000CEB117582F805E0C3F30354B1F1204F03
:10C3400038BF04F13005190395710CEB117582F8B3
:10C3500007E0C3F30344B1F1204F38BF04F13005C7
:10C36000190415720CEB117582F809E0C3F303345C
:10C37000B1F1204F38BF04F13005190595720CEB6F
:10C38000117582F80BE0C3F30324B1F1204F38BFDD
:10C3900004F1300519061573C3F303140CEB117582
:10C3A000B1F1204F4FEA037103F00F0382F80DE063
:10C3B00038BF04F1300503F13704957382F80FE0BC
:10C3C000B1F1204F38BF03F13004010F0CEB1073B3
:10C3D000147482F811E0B0F1204F38BF01F130033E
:10C3E00001010CEB1174937482F813E0C0F3036342
:10C3F000B1F1204F38BF03F1300401021475C0F3CE
:10C4000003530CEB1174B1F1204F4FEA003182F865
:10C4100015E038BF03F130040CEB1173947582F80A
:10C4200017E0C0F30340B1F1204F38BF00F13003F3
:10C43000137682F819E0BDE8B04040F2E000C2F2A5
:10C4400000007047B0F802C003789C459CBF0020F4
:10C45000704780B508E000BF82788A4208BF80BD7F
:10C4600073449AB262452DD290F800E0704442784D
:10C47000052A02D182788A4225D073449AB2624555
:10C4800020D290F800E070444278052A02D18278E8
:10C490008A4218D073449AB2624513D290F800E0F1
:10C4A00070444278052A02D182788A420BD07344C4
:10C4B0009AB2624506D290F800E070444278052AAC
:10C4C000CAD0CDE7002080BD002808BF704710B556
:10C4D0000378ABB100F1020E4FF0000C734600BFC1
:10C4E00013F8014CA4B11C78D4B15C78002C5BD05B
:10C4F0009C780CF1040C002C03F10403F0D111E042
:10C500004FF0000C5FFA8CF3022404EB43030EE0BF
:10C510004CF0010C5FFA8CF33F2B07D84AE000BFC8
:10C520004CF0020C5FFA8CF33F2B43D9802313802D
:10C5300003220B704A70037893B3023002224FF04B
:10C54000000C00BFD4B251FA82FE0B558EF801C028
:10C5500010F8013C23B3941C5FFA84FE51FA84F472
:10C5600001F80E3084F801C00378CBB1141D5FFAD6
:10C5700084FE51FA84F401F80E3084F801C0437847
:10C5800073B1941D5FFA84FE51FA84F401F80E3001
:10C5900084F801C083780832002B00F10400D1D167
:10C5A000BDE81040704700BF4CF0030C5FFA8CF3FD
:10C5B0003F2BBBD84FF0000C1EF8013C73B19EF826
:10C5C00000307BB19EF8013083B19EF802300CF14F
:10C5D000040C002B0EF1040EEED193E74CF0010C8D
:10C5E00090E700BF4CF0020C8CE700BF4CF0030C4E
:10C5F00088E70000002804BF032070470023C0F82C
:10C60000B832C0F8C4320029C0F8D03218BFC0F820
:10C61000B412012180F89C12027000F0D9B8000019
:10C6200080B5D0F8C802FAF707F940F20032C1002D
:10C63000C0F2013222FA01F1032888BF0321C8B2F7
:10C6400080BD000080B5D0F8C802FAF7CDF840F2FE
:10C650000032C100C0F2013222FA01F1032888BF82
:10C660000321C8B280BD0000B0B589B190F89C220A
:10C67000032A54D1D0F8B8225269002A4FD000239F
:10C68000C0F8D4329047002808BF0020B0BD00BFDA
:10C69000D0F8941202293BD18169038C99420FD9B9
:10C6A000CA1A416A8261194441620446FFF774FD67
:10C6B000204600210022002300F018F927E000BFE7
:10C6C00010D142698A420DD3D0F898128A4209D219
:10C6D0000021002204460025FFF75EFDC4F89852B1
:10C6E000E6E700BF90F89C12032909D1D0F8B812F0
:10C6F000C96829B10022C0F8D422044688472046E0
:10C700008021044600F098F92046FFF769FD204695
:10C7100090F8A01200291CBF002180F8A012002070
:10C72000B0BD000010B579B190F89C22032A22D147
:10C73000D0F8B8229269F2B10023C0F8D432904701
:10C74000002808BF002010BDD0F89412032912D190
:10C75000D0F85811B0F8602191420FD98B1AD0F857
:10C760006411C0F858311144C0F86411934288BF75
:10C770001A46FFF709FD002010BD00BF90F89C127B
:10C78000032909D1D0F8B812096929B10022C0F8EB
:10C79000D422044688472046FFF73CFD002010BD08
:10C7A00000207047012180F89C12D0F8B8120029AF
:10C7B00004BF0020704780B54A680179904700287F
:10C7C00018BF032080BD0000D0F8C802FAF764B893
:10C7D000017809B10020704710B541F22861C2F21A
:10C7E0000001C1F8E004C0F8C8124FF0A040086092
:10C7F000042008714FF40070C8800220C1F80900BD
:10C800000020C8810846FAF78BFD002818BFF8F70A
:10C810001BFA41F22864C2F2000420468021F9F795
:10C8200059FF204600214022F9F758FF20460121F8
:10C830008022F9F753FFBDE8104000207047000048
:10C84000D0F8C80201F07F034AB203EBC30301EB47
:10C85000C10100EB830300EB810000F25620002AA7
:10C8600048BF03F11600007870470000D0F8D422CA
:10C8700000EB8202D2F8B822002A04BF03207047DE
:10C8800090F89C32032B05D1126A1AB180B59047FB
:10C89000002080BD00207047D0F8D42200EB820237
:10C8A000D2F8B822002A04BF0320704790F89C32C7
:10C8B000032B05D1526A1AB180B59047002080BD84
:10C8C0000020704780B59446D0F8C8021A466346E7
:10C8D000F9F7ECFF40F20032C100C0F2013222FA57
:10C8E00001F1032888BF0321C8B280BD80B5D0F80C
:10C8F000C802FAF715F840F20032C100C0F2013266
:10C9000022FA01F1032888BF0321C8B280BD0000CC
:10C91000F0B581B00126002580F89C62C0F89452E1
:10C9200004464560D0F8B802C4F8A45284F8A05276
:10C9300040B1426832B120460021904705460028A8
:10C9400018BF032520460021002240234027FFF77F
:10C95000B9FF204680210022402384F86361A4F8B7
:10C960006071FFF7AFFF84F823602846278401B089
:10C97000F0BD000090F89C12042904BF90F89D12AD
:10C9800080F89C120020704790F89C12032908D16F
:10C99000D0F8B81229B1C96919B180B58847BDE886
:10C9A000804000207047000002460020117470474C
:10C9B00080B5D0F8C802FAF74DFE40F20032C1004F
:10C9C000C0F2013222FA01F1032888BF0321C8B264
:10C9D00080BD0000B0B500F2AA240546204600F054
:10C9E0006FF80121C5F8941295F8AA12B5F8B03283
:10C9F00001F01F02022AC5F898320FD0012A07D091
:10CA000092B928462146BDE8B04000F091B800BF79
:10CA100028462146BDE8B04000F0FCBA2846214631
:10CA2000BDE8B04000F046BA01F080012846BDE8FC
:10CA3000B04000F001B8000080B5D0F8C802F9F7A6
:10CA400091FF40F20032C100C0F2013222FA01F13E
:10CA5000032888BF0321C8B280BD000080B5D0F88C
:10CA6000C802FAF713FE40F20032C100C0F20132F0
:10CA700022FA01F1032888BF0321C8B280BD00005B
:10CA8000014690F89C02042204281CBF91F89C02E5
:10CA900081F89D02002081F89C22704780B5D0F873
:10CAA000C802F9F797FF40F20032C100C0F201322C
:10CAB00022FA01F1032888BF0321C8B280BD00001B
:10CAC0000A7802704A7842704A8842808A88828056
:10CAD000C988C1807047000010B582B004460020AC
:10CAE000ADF80600B1B1D4F8D42204F52E70C4F824
:10CAF000B81250F82200C16A21B10DF10600884732
:10CB0000C4F8D002D4F8D8020130C4F8D80200200A
:10CB100002B010BD032002B010BD0000D0F8B82252
:10CB2000002A04BF0020704712681047FFF796BF25
:10CB300070B582B00A7812F060020FD0402A02D09D
:10CB4000202A40F0D780D0F8D42200EB8202D2F81D
:10CB5000B822926802B0BDE8704010474A78092AAE
:10CB600000F2C880DFE802F00630C658C66284C60C
:10CB70001C4200BF90F89C22013A022A00F2BA80BF
:10CB8000C988022940F0B680D0F8A41203220029F7
:10CB900008BF0122014641F80C2F02226CE100BFC0
:10CBA000C988012940F0A68090F89C124A1E022AEA
:10CBB00080F09A800024014641F8084F0122FFF7D7
:10CBC0001BFB204602B070BD90F89C22013A022A5D
:10CBD00000F2908049880024012940F09480C0F838
:10CBE000A442FFF717FB204602B070BD498840F20F
:10CBF0001855C2F2000511F0FE0F297052D08021A5
:10CC00000446FFF719FF20460021FFF715FF032414
:10CC1000204602B070BD00BF4A88022A60D0012AB7
:10CC200068D10121C0F8A4122FE100BF8A88002A30
:10CC300060D1CA88002A5DD14D887F2D5AD890F8DE
:10CC40009C12032956D0E9B280F89E520446FFF7A1
:10CC5000AFFE20462646FFF7DDFA002D14BF022066
:10CC6000012086F89C020024204602B070BD00BF5F
:10CC70004A884FF0FF3303EB12230026062BADF852
:10CC8000066000F2FF80DFE813F007004F0041006C
:10CC9000FD00FD005F006D000D46D0F8B4120A687B
:10CCA000D9E000BF90F89C22032A6BD0022A40F002
:10CCB00091800A0600F0E98001F00102C9B24260E9
:10CCC0000546FFF72BFF002800F0A6800446284603
:10CCD0008021FFF7B1FE28460021FFF7ADFE73E08B
:10CCE000497980F8A012D0E0032903D1011D012267
:10CCF000C2E000BF80210446FFF79EFE20460021CF
:10CD00000024FFF799FE204602B070BDD2B2052A7A
:10CD100000F2B880DFE802F004968E928A9A00BF93
:10CD2000D0F8B422526894E00D46017C0446D0F855
:10CD3000B80200290CBF816AC16A0DF1060088475C
:10CD4000014602201CE000BF027C002A40F09A80CD
:10CD50000446D0F8B8020D46416B0DF10600884735
:10CD60007EE000BF027C002A40F08C800446D0F8B0
:10CD7000B8020D46016B0DF10600884701460720F9
:10CD800048706EE00A0635D0426801F001018A421F
:10CD900000F07B80D1B20446FFF7E8F929782046FD
:10CDA00061602546FFF7BAFE002800F08180044646
:10CDB00028468021FFF740FE28460021FFF73CFE71
:10CDC00029792846FFF7D2F9022085F89C022046EF
:10CDD00002B070BD80210446FFF72EFE20460021E0
:10CDE000FFF72AFE29782046FFF7C0F903242046E2
:10CDF00002B070BD022201F0010180F89C22416066
:10CE0000002105460024FFF7B1F92846FFF702FA92
:10CE1000204602B070BD00BF2846FFF7FBF9032093
:10CE200085F89C020024204602B070BDD0F8B422E0
:10CE300052690EE0D0F8B422D2680AE0D0F8B422E9
:10CE4000126906E0D0F8B422926802E0D0F8B42269
:10CE50009269BAB10D460446007C0DF10601904777
:10CE60000146EA8882B1BDF80630ABB1934238BFC3
:10CE70001A46ADF806202046FFF7BEF900242046EA
:10CE800002B070BD044608E02046FFF7C3F9002455
:10CE9000204602B070BD00BF20468021FFF7CCFDC8
:10CEA00020460021FFF7C8FD0024204602B070BDD7
:10CEB0002846EAE770B50A780D46097912F0600253
:10CEC00004460BD0402A01D0202A3CD12046FFF74F
:10CED00057F9002855D0002070BD00BF687848B3CE
:10CEE000012815D003282ED194F89C02032813D1D1
:10CEF000688838B911F07F0004D0E88810B920465E
:10CF0000FFF79AFD2046FFF785F9002070BD00BFAE
:10CF100094F89C02032821D0022814D1480612D08C
:10CF20002046FFF789FD20468021FFF785FD002080
:10CF300070BD00BF94F89C0203282FD0022808BFC0
:10CF40005FEA416056D020468021FFF775FD2046FC
:10CF50000021FFF771FD002070BD00BF6888002828
:10CF6000B9D10E46480603D020463146FFF758FB9C
:10CF70002046FFF74FF920463146FFF701F9002818
:10CF8000A9D1D4F8B80282680020002AC4F8D402DB
:10CF9000A1D020462946BDE87040104701F00F009F
:10CFA00000EB8000802904EB80002CBF90F8230068
:10CFB00090F863010028C6D001F07F0000EB8000EC
:10CFC00004EB800000F1140501EB810004EB80000C
:10CFD000802938BF00F5AA75480605D02046FFF71E
:10CFE0002FFC08B1012000E0002005F10E01A8731C
:10CFF0000AE000BF08064FF0140058BF4FF4AA70B3
:10D000002118002001F80E0F20460222FFF7F4F845
:10D01000002070BDB0B50A7812F0600218BF402A37
:10D0200010D190F89C22013A022A0DD88A8812F079
:10D03000FE0F09D10C46D1B20546FFF7A3F878B12F
:10D040000320B0BD202AECD080210446FFF7F4FC79
:10D05000204600210024FFF7EFFC2046B0BD00BFB2
:10D06000D5F8B8128A68002AEAD000212846C5F807
:10D07000D41221469047E1880446002908BF002CBD
:10D08000EBD12846FFF7C6F80020B0BD704700007E
:10D0900040F29C50C2F200007047000010B50A78C0
:10D0A0004B78D0F81CE802F00F04012B4FEA421C29
:10D0B00018D10123A34043EA0E03C0F81C38604492
:10D0C000D0F800391B0428D48B6800F5106009796A
:10D0D00004686FF3DF2343EA814144EA825211433B
:10D0E00016E000BF4FF48032A24042EA0E02C0F8C0
:10D0F0001C286044D0F8002B12040ED48A6800F576
:10D10000306009796FF3DF22036842EA81411943F5
:10D1100041F0805141F400410160002010BD000049
:10D120000146D0F8000940F2FF729043C1F80009AF
:10D13000D1F8040840F480720020C1F80428704738
:10D1400082B002F47F42B2F5807F40F09980826B1A
:10D150004FF6BF7322F480328263C268CFF6BD738C
:10D160001A40C260029BC268DBB222F44012012B5B
:10D17000C26003D1C26842F48012C26000220092F1
:10D18000009A01320092009AB2F1706F00F2F080C2
:10D190000269002A21D4009A01320092009AB2F169
:10D1A000706F00F2E5800269002A16D4009A0132FD
:10D1B0000092009AB2F1706F00F2DA800269002AE0
:10D1C0000BD4009A01320092009AB2F1706F00F213
:10D1D000CF800269B2F1FF3FD2DC0A220092009AAE
:10D1E000AAB100BF009A013A0092009A7AB1009A5F
:10D1F000013A0092009A52B1009A013A0092009AC4
:10D200002AB1009A013A0092009A002AEAD10269F2
:10D2100042F001020261009A01320092009AB2F1DA
:10D22000706F00F2A5800269D20720D0009A013207
:10D230000092009AB2F1706F00F29A800269D207F0
:10D2400015D0009A01320092009AB2F1706F00F28C
:10D250008F800269D2070AD0009A01320092009AA8
:10D26000B2F1706F00F284800269D207D3D14FF01F
:10D27000000C01F47F01B1F5803F40F099808FE010
:10D28000C26842F04002C26000220192019A01325B
:10D290000192019AB2F1706F72D80269002A1ED40D
:10D2A000019A01320192019AB2F1706F68D8026955
:10D2B000002A14D4019A01320192019AB2F1706FDE
:10D2C0005ED80269002A0AD4019A01320192019AB9
:10D2D000B2F1706F54D80269B2F1FF3FD6DC0A2276
:10D2E0000192019AAAB100BF019A013A0192019AF2
:10D2F0007AB1019A013A0192019A52B1019A013A26
:10D300000192019A2AB1019A013A0192019A002AE6
:10D31000EAD1026942F001020261019A01320192EE
:10D32000019AB2F1706F2BD80269D2071DD0019A11
:10D3300001320192019AB2F1706F21D80269D207CD
:10D3400013D0019A01320192019AB2F1706F17D88D
:10D350000269D20709D0019A01320192019AB2F111
:10D36000706F0DD80269D207D7D14FF0000C09E0D9
:10D370004FF0030C01F47F01B1F5803F18D10FE0AD
:10D380004FF0030C826B13F47F4F14BF22F48032F2
:10D3900042F48032826301F47F01B1F5803F07D10E
:10D3A000816841F006018160816841F0200181605F
:10D3B000604602B07047000010B54A7891F800E06E
:10D3C00047F6000CCEF6334C012A4FEA4E1227D115
:10D3D0000244D2F8001902F51063B1F1FF3F4FF09B
:10D3E000010407DC196841F000611960196841F017
:10D3F000804119600EF00F01D0F83C2804FA01F1C9
:10D400008A43C0F83C28D0F81C2822EA0101C0F861
:10D410001C18186800EA0C010020196010BD00BF3C
:10D42000811801F53063D1F8001B0CF1707CB1F16B
:10D43000FF3F4FF48034DDDCD4E700000146D0F834
:10D44000000E20F00300C1F8000ED1F8040820F00F
:10D4500002020020C1F80428704700000146D0F8FD
:10D46000000E20F00300C1F8000ED1F8040840F0CF
:10D4700002020020C1F80428704700002DE9F04F97
:10D4800086B0C3F3074516468E460021C0F8041146
:10D49000C0F80811C0F80C11C0F81011C0F8141130
:10D4A000C0F81811C0F81C11C0F82011C0F82411E0
:10D4B000C0F82811C0F82C11C0F83011C0F8341190
:10D4C000C0F83811C0F83C1145B1816B21F400114E
:10D4D0008163816B41F4002111E000BFD0F8041892
:10D4E00041F00201C0F80418816B41F4001181631E
:10D4F000816B21F400218163816B21F4802106F48A
:10D500007F4281630021B2F5807FC0F8001E07D101
:10D51000D0F80028B1EB1E6F08D1C0F8002809E050
:10D52000D0F8001841F0030102E000BF42F0010111
:10D53000C0F8001800210491049901310491049964
:10D54000B1F1706F52D8016900291ED404990131DC
:10D5500004910499B1F1706F48D80169002914D47D
:10D560000499013104910499B1F1706F3ED80169B9
:10D5700000290AD40499013104910499B1F1706F22
:10D5800034D80169B1F1FF3FD6DC002104914FF49A
:10D59000846101610499013104910499B1F1706FC2
:10D5A00024D8016989061DD5049901310491049993
:10D5B000B1F1706F1AD80169890613D50499013148
:10D5C00004910499B1F1706F10D80169890609D5E9
:10D5D0000499013104910499B1F1706F06D8016981
:10D5E0008906D7D44FF0000A02E000BF4FF0010ACD
:10D5F000002105910599013105910599B1F1706FEF
:10D600004ED8016900291ED405990131059105996B
:10D61000B1F1706F44D80169002914D40599013122
:10D6200005910599B1F1706F3AD8016900290AD4C2
:10D630000599013105910599B1F1706F30D80169F3
:10D64000B1F1FF3FD6DC0021059110210161059960
:10D65000013105910599B1F1706F21D80169C906B1
:10D6600020D50599013105910599B1F1706F17D851
:10D670000169C90616D50599013105910599B1F1E0
:10D68000706F0DD80169C9060CD505990131059156
:10D690000599B1F1706F03D80169C906D7D401E0CB
:10D6A0004FF0010A5FFA8EF94FF00008B9F1000F50
:10D6B000C0F81088C0F81488C0F81C8800F00D81EC
:10D6C000CDF80CA0CDE9015ED0F800194FF0006450
:10D6D00004EA11114FF67F35B9F1010BC0F80019BA
:10D6E000C0F81089C0F8085974D0A9F102010329C3
:10D6F0000BF0030A04D20121BAF1000F40D169E016
:10D7000000962BF0030700F5186600234FF0904CAD
:10D710004FF67F324FF0000E56F8601C0EF1040EEB
:10D720000CEAE17146F8601C46F8503C46F8582C6B
:10D7300056F8401C77450CEAE17146F8401C46F863
:10D74000303C46F8382C56F8201C0CEAE17146F8BB
:10D75000201C46F8103C46F8182C31680CEAE171A0
:10D7600031603361B26006F18006D5D1009E0EF1C2
:10D7700001014FF67F354FF00064BAF1000F29D058
:10D7800000F510634F01B446DE594FF0904202EAB3
:10D79000E67603EB4111DE51664600274FF67F33F4
:10D7A000BAF1010F0F618B6014D00E6ABAF1020F4B
:10D7B00002EAE67266460A620F638B620AD00A6C5E
:10D7C0004FF0904303EAE2720A6400220A654FF6C2
:10D7D0007F328A64D0F8001BBBF1000F04EA1111FC
:10D7E000C0F8001B4FF00001C0F8101BC0F8085B28
:10D7F000DDE9015EDDF80CA06FD0A9F1020103297B
:10D800000BF0030C04D20121BCF1000F3BD164E00A
:10D81000A94600962BF0030500F5386600234FF06B
:10D8200090474FF67F32002156F8604C043107EAEA
:10D83000E47446F8604C46F8503C46F8582C56F8CC
:10D84000404C8D4207EAE47446F8404C46F8303CC0
:10D8500046F8382C56F8204C07EAE47446F8204C79
:10D8600046F8103C46F8182C346807EAE474346033
:10D870003361B26006F18006D6D1009E01314D467B
:10D88000BCF1000F29D000F530634F013446DE595A
:10D890004FF0904202EAE67603EB4111DE51264654
:10D8A00000274FF67F33BCF1010F0F618B6014D05E
:10D8B0000E6ABCF1020F02EAE67226460A620F63A4
:10D8C0008B620AD00A6C4FF0904303EAE2720A645A
:10D8D00000220A654FF67F328A64D0F810181EF4D1
:10D8E0007F0F21F48071C0F810186FF08041C0F8EC
:10D8F0001880416103D1816941F010018161816922
:10D9000043F60002C8F23C02114316F47F0F816116
:10D9100003D0816941F008018161012D05D1816940
:10D9200041F0804141F004018161504606B0BDE8FC
:10D93000F08F00000146806820F0010200208A601C
:10D9400070470000D0F840C043F20B03C4F6547394
:10D950009C4503D3D0F8003B002B1ED40023C0F815
:10D96000103BD0F8103B012943F40023C0F8103BD2
:10D97000D0F8103B43F01803C0F8103BD0F8103B30
:10D9800043F0C043C0F8103B07D1C0F8142BD0F8C7
:10D99000001B41F08021C0F8001B002070470000F0
:10D9A0004A780B78012A4FEA431210440ED1D0F87E
:10D9B000002922F40012C0F80029097901F0FE01C3
:10D9C000022914D100F510600DE000BFD0F8002B43
:10D9D00022F40012C0F8002B097901F0FE0102299F
:10D9E00005D100F53060016841F0805101600020F0
:10D9F000704700000A784B785101012B084407D189
:10DA0000D0F80019002900F5106107D50BE000BF20
:10DA1000D0F8001B002900F5306104D41AB1086861
:10DA200020F080400860086840F4001200200A607E
:10DA300070470000F0B54B78002591F800C04FF614
:10DA4000FF76CFF6F875012BCEF207062CD10C69C4
:10DA500000EB4C1EDEF81079002C0EF510634FD051
:10DA60003D401D611D69BCF1000F05EA06051D6101
:10DA70008E6800F09B80A519013DB5FBF6F50026E8
:10DA8000C1F6F8761F6906EAC5463E431E610E7967
:10DA9000012E40F098801E6926F0C0461E614FF0AE
:10DAA000C04606EA45758BE000EB4C13D3F8107BBB
:10DAB0004FF6FF742F40C3F8107BD3F8107BC0F2F1
:10DAC00007043740C3F8107B8D680E69BCF1000F66
:10DAD00003F530633CD0002E3ED07719013FB7FBF1
:10DAE000F5F740F2000CBEB26E430E62C1F6F87C50
:10DAF0001D690CEAC7472F4326401F6133E000BF72
:10DB000007EA06041C611C6944F400241C611C69BA
:10DB100025400024012A1D615DD000F510634FEA05
:10DB20004C169F5947F004479F510F79012F33D16D
:10DB3000D0F80878F558FF054FF0805758BF4FF0E0
:10DB400000572F43002AF75060D00020F0BD00BFDF
:10DB5000002E18BF0D610D621F6905EA04063743E8
:10DB60001F614FF400261F69012A47EA06071F615B
:10DB700003D1CA68002A18BF5A61097901293DD129
:10DB8000D0F808081968C0054FF0805058BF4FF012
:10DB90000050084331E000BF002CD6D00CF00F013C
:10DBA000012202FA01F100F6340329E0B44205D95A
:10DBB0000E614FF40025344602E000BF4FF400250B
:10DBC0001E6935431D6125461E696FF3DF453543E8
:10DBD000012A1D61A1D1CA69002A18BFCEF81429F3
:10DBE000097901290AD1D0F80818DEF80009C90519
:10DBF0004CBF40F0805040F0005018604FF004419E
:10DC00001868084318600020F0BD00BFA2B2002AC7
:10DC10009BD0D61C4FF0FF33C96803EB960300F589
:10DC200080504FEA0C32032BC6F381030ED3B708A2
:10DC300027F003060F68043E17504F6817508F688F
:10DC40001750CF6801F110011750F3D1002B3FF4AA
:10DC50007CAF0F68012B87503FF477AF4F68022BE2
:10DC600087503FF472AF896881500020F0BD0000FA
:10DC700081B0002200924A780978012A4FEA4111C6
:10DC80003AD100F510625058B0F1FF3F3ADC8858A5
:10DC900042F2107340F000608850885840F0804095
:10DCA00088500098013000900098984264D85058ED
:10DCB000B0F1FF3F26DC00980130009000989842B8
:10DCC0005AD85058B0F1FF3F1CDC0098013000904A
:10DCD0000098984250D85058B0F1FF3F12DC00989D
:10DCE000013000900098984246D85058B0F1FF3F5C
:10DCF0004FF00000D5DD3CE000F530625058B0F147
:10DD0000FF3F03DD002001B0704700BF885842F29A
:10DD1000107340F000608850885840F08040885070
:10DD20000098013000900098984225D85058B0F1E2
:10DD3000FF3FE7DC009801300090009898421BD824
:10DD40005058B0F1FF3FDDDC0098013000900098A2
:10DD5000984211D85058B0F1FF3FD3DC0098013001
:10DD600000900098984207D8505800284FF00000C3
:10DD7000D6D401B0704700BF012001B07047000049
:10DD80000146806840F0010200208A607047000070
:10DD900081B000220092009A01320092009AB2F102
:10DDA000706F51D80269002A1ED4009A0132009285
:10DDB000009AB2F1706F47D80269002A14D4009A11
:10DDC00001320092009AB2F1706F3DD80269002AC8
:10DDD0000AD4009A01320092009AB2F1706F33D8DF
:10DDE0000269B2F1FF3FD6DC8901002220310092A6
:10DDF00001610099013100910099B1F1706F23D850
:10DE0000016989061DD50099013100910099B1F190
:10DE1000706F19D80169890613D5009901310091F5
:10DE20000099B1F1706F0FD80169890609D5009981
:10DE3000013100910099B1F1706F05D8016989062F
:10DE4000D7D4002001B07047032001B07047000014
:10DE5000D0F8080800F0060180074FF0020058BF14
:10DE60000F20002908BF084670470000406900F0F5
:10DE700001007047D0F81818D0F81C08084080B28C
:10DE800070470000D0F81818D0F81C080840000CA3
:10DE900070470000D0F810C8D0F8343801F00F02F5
:10DEA00023FA02F2D20100EB4110D2B2D0F80809F5
:10DEB00042EA0C010840704700EB4111D1F8081B01
:10DEC000D0F81408084070474169806908407047DD
:10DED00010B5930802F0030E2CD05A1E032A03F04B
:10DEE000030C0FD323F003034FF480528458043BF8
:10DEF0000C6084584C6084588C608458CC6001F16C
:10DF00001001F3D1BCF1000F14D04FF480528458AB
:10DF10000B46BCF1010F43F8044B05D11946BEF185
:10DF2000000F0AD11EE000BF8258BCF1020F4A6008
:10DF30001AD10831BEF1000F14D04FF4805280582E
:10DF40000A46BEF1010F02F8010B04BF104610BDD6
:10DF5000020ABEF1020F4A7004BF881C10BD000CFB
:10DF600088700331084610BD4FF4805282588A6091
:10DF70000C31BEF1000FE0D1F4E70000B0B504466B
:10DF8000C068002920F0C040E06000F099800129BD
:10DF900040F0B080E0680A2540F00050E0600A20C0
:10DFA000F8F776F854F8140FC00740F09C800A2068
:10DFB000F8F76EF82068C00740F09E800A20F8F756
:10DFC00067F82068C00740F0A5800A20F8F760F8DD
:10DFD0002068C00740F0AC800A20F8F759F82068A4
:10DFE000C00740F0B3800A20F8F752F82068C00755
:10DFF00040F0BA800A20F8F74BF82068C00740F0DC
:10E00000C1800A20F8F744F82068C00740F0C880B3
:10E010000A20F8F73DF82068C00740F0CF800A20BA
:10E02000F8F736F82068C00740F0D6800A20F8F7E5
:10E030002FF82068C00740F0DD800A20F8F728F8A4
:10E040002068C00740F0E4800A20F8F721F8206833
:10E05000C00740F0EB800A20F8F71AF82068C007E4
:10E0600040F0F2800A20F8F713F82068C00740F06B
:10E07000F9800A20F8F70CF82068C00740F000810A
:10E080000A20F8F705F82068C00740F007810A2049
:10E09000F7F7FEFF2068C00740F00E810A20F7F76F
:10E0A000F7FF2068C00740F016810A20F7F7F0FF5D
:10E0B0002068C825A5F1C800B0FA80F04009B0BDBD
:10E0C000E0680A2540F08040E0600A20F7F7E0FFB2
:10E0D00054F8140FC00706D00A20F7F7D9FF2068BC
:10E0E000C00711D11425A5F1C800B0FA80F040098D
:10E0F000B0BD00BF0120B0BD1425A5F1C800B0FA25
:10E1000080F04009B0BD00BF0A20F7F7C1FF2068CA
:10E11000C00707D11E25A5F1C800B0FA80F040095C
:10E12000B0BD00BF0A20F7F7B3FF2068C00707D1D2
:10E130002825A5F1C800B0FA80F04009B0BD00BFA5
:10E140000A20F7F7A5FF2068C00707D13225A5F1FF
:10E15000C800B0FA80F04009B0BD00BF0A20F7F750
:10E1600097FF2068C00707D13C25A5F1C800B0FA89
:10E1700080F04009B0BD00BF0A20F7F789FF206892
:10E18000C00707D14625A5F1C800B0FA80F04009C4
:10E19000B0BD00BF0A20F7F77BFF2068C00707D19A
:10E1A0005025A5F1C800B0FA80F04009B0BD00BF0D
:10E1B0000A20F7F76DFF2068C00707D15A25A5F19F
:10E1C000C800B0FA80F04009B0BD00BF0A20F7F7E0
:10E1D0005FFF2068C00707D16425A5F1C800B0FA29
:10E1E00080F04009B0BD00BF0A20F7F751FF20685A
:10E1F000C00707D16E25A5F1C800B0FA80F040092C
:10E20000B0BD00BF0A20F7F743FF2068C00707D161
:10E210007825A5F1C800B0FA80F04009B0BD00BF74
:10E220000A20F7F735FF2068C00707D18225A5F13E
:10E23000C800B0FA80F04009B0BD00BF0A20F7F76F
:10E2400027FF2068C00707D18C25A5F1C800B0FAC8
:10E2500080F04009B0BD00BF0A20F7F719FF206821
:10E26000C00707D19625A5F1C800B0FA80F0400993
:10E27000B0BD00BF0A20F7F70BFF2068C00707D129
:10E28000A025A5F1C800B0FA80F04009B0BD00BFDC
:10E290000A20F7F7FDFE2068C00707D1AA25A5F1DF
:10E2A000C800B0FA80F04009B0BD00BF0A20F7F7FF
:10E2B000EFFE2068C00707D1B425A5F1C800B0FA69
:10E2C00080F04009B0BD00BF0A20F7F7E1FE2068EA
:10E2D000C0077FF4EAAEBE25A5F1C800B0FA80F011
:10E2E0004009B0BD0246D0F8000801F07F0120F4DB
:10E2F000FE60C2F80008D2F8000840EA01110020D0
:10E30000C2F8001870470000022A02465FD145F2A9
:10E310004030CFF6277043F200530844C0F20C039C
:10E32000984203D24FF4705053E000BF41F6406072
:10E33000CFF61B7044F240230844C0F20F0398420A
:10E3400002D24FF4605044E0A1F5740044F68073AB
:10E35000A0F51050C0F21203984203D24FF450506F
:10E3600037E000BFA1F183704DF22063A0F5E740D4
:10E37000C0F21303984203D24FF4405029E000BF8B
:10E380004BF26060CFF6E5604EF260330844C0F2B5
:10E390001603984202D24FF430501AE04DF200308A
:10E3A000CFF6CE6047F240730844C0F21B03984298
:10E3B00002D24FF420500CE045F6C030CFF6B360E7
:10E3C00049F2C0130844C0F2210398420AD24FF424
:10E3D0001050D16821F47051D160D1680143002000
:10E3E000D1607047A1F1B77047F22053A0F55850A3
:10E3F000C0F23803984203D24FF40050E9E700BF5F
:10E4000045F2E040CFF6596049F6E0430144C0F2DE
:10E4100041034FF4C050994238BF4FF4E050D8E761
:10E4200010B5DDF808C0BCF1000F2CD15BB303F1CF
:10E43000030E4FF0FF3303EB9E0300F580541203ED
:10E44000032BCEF3810C0FD34FEA9E0323F003037B
:10E450000868043B10514868105188681051C8681A
:10E4600001F110011051F3D1BCF1000F0BD008687D
:10E47000BCF1010FA05006D04868BCF1020FA050BB
:10E480001CBF8868A050002010BD0000FEE70000FF
:10E490004EF60C50BFF34F8FCEF2000001680422FD
:10E4A00001F4E061C0F2FA5211430160BFF34F8FF3
:10E4B00000BF00BF00BF00BFFAE7000070B540F624
:10E4C0005455C2F20005687801281DD1A878A0F142
:10E4D00021010F2900F27E80DFE811F01000880092
:10E4E00090006201620148014E0162016201620115
:10E4F00062016201620162016201C801686802F0A2
:10E50000FFF80020287070BDEA78511E052933D22B
:10E51000A8780238232800F24381DFE810F02500B4
:10E52000830041014101410141014101410141019A
:10E5300041014101410141014101410141014101CB
:10E5400041014101410141014101410141014101BB
:10E55000410141014101410141014101A500670023
:10E56000B50041019B0000BF696811F8010B03F081
:10E5700003FD0020287070BD082AC9D0002A40F091
:10E580000F81AA78A2F1F0010E2900F2CB80DFE81A
:10E5900011F00F00370131013D0143002600250134
:10E5A0001B012B01070107010701070107014301B7
:10E5B00040F22821C2F200010A78002A00F05281BC
:10E5C00040F2BC20C2F2000000210171002028703E
:10E5D00070BD00BFF4281FD0F52840F0E180042072
:10E5E00002F054F90020287070BD00BF6868007800
:10E5F00002F052F80020287070BD00BF686805F175
:10E600000C040078214604F0C7FB2046042101F0E9
:10E610005FF90020287070BD032002F037F9002058
:10E62000287070BD68680078FF2800F0AB8005F1A5
:10E630000C0405F10802214603F0E0F96978A87896
:10E640002A7A022940F0A880214604F0C3FF002066
:10E65000287070BDD5F804C0032902F0030E85F8B8
:10E660008C2027D200223DE06868016840F2BC207F
:10E67000C2F2000040F8141F0021416002F040F88F
:10E680000020287070BD00BF686805F10C04407858
:10E69000214604F081FB6A780421A878022A2972B5
:10E6A00021464FF0040240F0788004F093FF0020F0
:10E6B000287070BD02F07C030CF10104002200BF41
:10E6C000A01810F8011CAE1886F88D10A15C043259
:10E6D00086F88E104178934286F88F10807886F8FD
:10E6E0009000EDD1BEF1000F00F05A801CF802003E
:10E6F000A918BEF1010F81F88D0000F05180501C67
:10E700001CF800102844BEF1020F80F88D1000F0B4
:10E710004780901C1CF80010284480F88D100020C1
:10E72000287070BD501E302800F23A80DFE800F0FB
:10E730001A3838803838383838383838383838382F
:10E740003838383838383838383838383838383849
:10E7500038383838841E2438383838383838389EB5
:10E760008A0000BF03F046F940E000BF01F0FEFF61
:10E770000020287070BD00BF01F06EFF00202870DF
:10E7800070BD00BF40F2BC20C2F200000121417008
:10E790000020287070BD00BF214604F06BFE18B148
:10E7A0000020287070BD00BF40F22820C2F2000097
:10E7B0000021017040F2BC20C2F20000017085F817
:10E7C0008C100020287070BD40F2BC20C2F2000006
:10E7D000012181700020287070BD00BF03F0D0FEC1
:10E7E0000020287070BD00BF02F000FBF0202873ED
:10E7F00031E000BF062002F049F80020287070BD0B
:10E80000012002F043F80020287070BD022002F0C1
:10E810003DF80020287070BD40F2BC20C2F200001C
:10E820000021017040F22820C2F20000C6E700BFBC
:10E8300003F092FB08E000BF002085F88C00002068
:10E84000287070BD00F06EFE6FF00101002818BF47
:10E850006FF00F0129730120287202F0E7F9002000
:10E86000287070BD08700020287070BDFFF710FE82
:10E870002DE9F04140F65456C2F200063478F7F71D
:10E880004FFE40F2BC25C2F200051CB1A860BDE8F5
:10E89000F08100BF6978E860012919D129698842AF
:10E8A000F5D0687906F10D0106F1080203F0A6F82B
:10E8B00068797178327A3073B07801320229327215
:10E8C00040D106F10C01D2B204F084FE49E000BF51
:10E8D000A978012914D129698842D8D006F10C04FD
:10E8E00006F10801204602F0B3FA002800F09E80ED
:10E8F0000020A870F7F714FE2861BDE8F08100BF82
:10E9000040F22827C2F200073978C9B3A968411A32
:10E91000B1F5FA7F56D92878F0210028B17000F0BF
:10E92000938006F10C01002004F036FA06F1100184
:10E93000012004F031FA06F11401022004F02CFA4F
:10E940000C2092E006F10C01D2B204F093FD40B924
:10E9500040F22820C2F2000000210170297086F8E0
:10E960008C1068790130C1B22F29687102BF002074
:10E9700068716870F7F7D4FD2861BDE8F08100BFC9
:10E9800096F88C1000293FF482AF2969884208BFAD
:10E99000BDE8F08128618C250C2400BF70194078F7
:10E9A000311904F0F9F996F88C10A5F18B000135B6
:10E9B00004348842F2D306F10C00BDE8F04104F0C3
:10E9C000D9BE00BF2969401A0228FFF460AF96F84B
:10E9D0008C0000283FF45BAF0C21B1FBF0F1EC7828
:10E9E00041434F1EB4FBF0F1002301FB104006F140
:10E9F0000C02304490F88D0021464FF00008A742E9
:10EA0000D8BF012304F0ACFAE878A74200F1010076
:10EA1000E87007DC25218000B170307202F006F941
:10EA200085F80380E8682861BDE8F0817178B078E6
:10EA3000327A02293ED1214604F0CCFDF7F770FD71
:10EA40002861BDE8F08100BF0020344604F80C0FB7
:10EA50002046F5F70AFC204420A12522F5F7E1FB2A
:10EA60002046F5F702FC012129707178B37802295C
:10EA7000307206F10C01C2B2184603D104F0AAFDAF
:10EA800008E000BF04F0F6FC20B9002038702870C0
:10EA900086F88C0028790130C1B20B29287104D383
:10EAA00000203870287086F88C00E868A86028611B
:10EAB000BDE8F081214604F0DDFC00287FF41AAFA8
:10EAC00040F22820C2F2000000210170297086F86F
:10EAD0008C10F7F725FD2861BDE8F0815844722DB0
:10EAE000502C4F5F56312E325F3236303431342C59
:10EAF0007778642C3130302C32302D33302C393053
:10EB00000000000070B52DED068B82B040F6E86580
:10EB1000C2F20005A97800244A1C0A29AA7005D26D
:10EB2000204602B0BDEC068B70BD00BF95F8C61044
:10EB3000AC700629F4D8DFE811F09900A1000700B5
:10EB400007001901E30009010FF2984095ED1E1A24
:10EB5000032908BF043090ED002A9FEDF48A32EEBD
:10EB6000011AB0EE409AB0EE410AF0EE480A85ED87
:10EB70001E1A05F097F9B5EE400A30EE081AF1EECC
:10EB800010FAB8BFB0EE410A95ED1DAA01A869467A
:10EB900085ED1C0A00F0FAFA9DED000A9DED011AC0
:10EBA0002AEE000A6AEE010A01F0D6FD02F030F802
:10EBB00095ED1E1A95ED1F2A00EE100A31EE422A3D
:10EBC000B8EEC00AB0EEC22AB2EE043A20EE080A4D
:10EBD000B4EE432A30EE090AF1EE10FA85ED200A70
:10EBE0002BDB95F8C60005F17001023801EB8002BD
:10EBF00092ED0C2A92ED0E3A92ED104A30EE022A76
:10EC000085ED1F1A82ED0C2A31EE032A20EE011A3F
:10EC100001EB400092ED125A31EE041AB0F8501098
:10EC200082ED101A20EE001A31EE051A013182ED44
:10EC30000E2A82ED121AA0F8501095ED211A30EE2E
:10EC4000410A9FEDEA1AB0EEC00AB4EE410AF1EEB5
:10EC500010FA40F3828195F8C600022840F0CA807D
:10EC6000012085F8C40085F8C600C7E0012085F8BA
:10EC7000C600204602B0BDEC068B70BD49F69A1066
:10EC80009FEDD11AC3F61970686701A86946B0EE06
:10EC9000408AB0EE410A00F079FA9DED000A9FED3E
:10ECA000D01A9DED012A20EE010A62EE010A01F060
:10ECB00053FD686842F2107188424FF00004FFF47F
:10ECC0002FAF6C6001F0A4FF00EE100A9FEDC21A96
:10ECD000B8EEC00A95F8C40020EE010A30EE080A2A
:10ECE000002885ED200A85ED210AAC67EC6700F06D
:10ECF000318195F8C500002814BF042003202AE1C3
:10ED0000B5F8C010092916D995ED281A95ED2E0AE7
:10ED100002EE101AB8EE422A21EE013A22EE000A63
:10ED200030EE430A9FEDA93AB0EEC04AB4EE434A32
:10ED3000F1EE10FA6ADA9FEDA40A00219FEDA42AF1
:10ED4000C5F88810B0EE401A78E000BF9FED9E0A2B
:10ED50000546F0EE400A01F0FFFC012485F82D4045
:10ED6000204602B0BDEC068B70BD00BF49F69A117B
:10ED70009FED951AC3F6197101AA69676946B0EE4D
:10ED8000408AB0EE410A0646104600F0FFF99DEDBC
:10ED9000001A9DED010A9FED912A9FED913A20EE18
:10EDA000020A61EE030A01F0D7FC686842F21071B2
:10EDB00088424FF00004FFF4B3AE6C6001F028FF0E
:10EDC00000EE100A9FED841AB8EEC00A20EE010A88
:10EDD00095ED211A30EE082A32EE410AB1EE041AFE
:10EDE000B4EE410AF1EE10FA85ED202A40F3A0803E
:10EDF0000120A6E040F20110A5F8C50000246C60D7
:10EE0000204602B0BDEC068B70BD00BF95ED2A3ADE
:10EE100095ED2C4AB1EE415A23EE055A22EE044AF2
:10EE200034EE054A84EE000A20EE011A33EE411A50
:10EE300081EE021A9FED642A85ED220AB5F8C21010
:10EE400085ED241A0A2985ED262A16D395ED294A3F
:10EE500095ED2F3A05EE101AB8EE455A24EE046AE5
:10EE600025EE033A33EE463A9FED586AB0EEC37A88
:10EE7000B4EE467AF1EE10FA18DA0021C5F88C10DB
:10EE8000C5F8941046F62831C4F66E61C5F89C109A
:10EE9000002180F82D104FF40270288085F8C610EC
:10EEA0000124204602B0BDEC068B70BD95ED2B6AA7
:10EEB00095ED2D7AF1EE440A66EE200A25EE077AEA
:10EEC00037EE207A87EE033A0021C5F89C1023EE36
:10EED000044A36EE444A84EE054A9FED3E5A85EDDB
:10EEE000233AB4EE452AF1EE10FA85ED254ACFDC3F
:10EEF000B0EEC02AB0EEC35A32EE055AB6EE002A82
:10EF000025EE025A35EE025ABDEEC55A15EE101A1C
:10EF1000A1F11102D2B2EF2A80F828102CD80021DA
:10EF200080F82D104FF402702880B9E70000B44338
:10EF3000B9EE041AB4EE410AF1EE10FA4FF00000F7
:10EF400012DA41F65851C2F2000181F82A00052078
:10EF500001E000BF022085F8C6000024204602B070
:10EF6000BDEC068B70BD00BF4FF4027186F82D001A
:10EF7000298085F8C60093E7B1EE444A84EE033A4F
:10EF800081EE001A9FED148AB5EE400A0021F0EEE2
:10EF9000480AF1EE10FAC8BF012180F82910064690
:10EFA00033EE410A20EE020A04F07CFFB5EE400A7F
:10EFB000062030EE081AF1EE10FAB8BFB0EE410AA2
:10EFC00086ED090A53E600BF00000000BD37863514
:10EFD000286B6E4E0000C8420000B4439A9919BFD6
:10EFE0009A99193F3D0AD73E3D0AD7BE0080B443E7
:10EFF0002DE9F041D0E900C480684FEA930E03F098
:10F00000030800BF90ED000A90ED011A90ED022A6E
:10F0100090ED033A90ED044A94ED005A94ED017A94
:10F0200094ED026AD4ED030ABEF1000F64D0764677
:10F03000174600BFD1ED001A61EE053A60EE212AB5
:10F0400073EEA22A22EE077A37EE227A63EE062AC0
:10F0500032EE877A64EE200A70EE870AC7ED000A66
:10F06000D1ED012A61EE213A20EE227A33EE877A41
:10F0700022EE055A35EE075A23EE207A35EE075A6E
:10F0800024EE066A36EE056A87ED016A91ED027A92
:10F0900061EE223A20EE075A33EE855A62EE211ACB
:10F0A00031EE855A63EE061A35EE215A64EE200AD7
:10F0B00070EE850AC7ED020A91ED035A61EE073A38
:10F0C00060EE051A73EEA11A62EE222A72EEA11A00
:10F0D00063EE202A71EEA21A24EE066A36EE216A49
:10F0E00001F1100307F1100587ED036A013E19468F
:10F0F0002F469FD1194600E01546B8F1000F00F1E8
:10F10000140023D0464600BFF0EE451A91ED005A98
:10F1100061EE213A60EE052A73EEA22A22EE077A0A
:10F1200037EE227AF0EE462A23EE066A36EE076ABA
:10F1300024EE207A37EE066A0431A5EC016A013E1E
:10F14000F0EE620AB0EE617ADED103E0F0EE471A2B
:10F15000F0EE602A84ED005AC4ED011A84ED026AD3
:10F16000C4ED032A1034BCF1010C114608BFBDE800
:10F17000F08147E7B0B50546016082600901184695
:10F180001C46F5F767F86C60B0BD000080B59FEDD8
:10F19000441A9FED443A20EE011AB0EEC11ABDEEBA
:10F1A000C12AB8EEC22A31EE421A21EE031ABDEE90
:10F1B000C12A12EE102A02F1800E6FF35F2244F290
:10F1C000482CC0F6010C02EE102A6FF35F2E0CEBF8
:10F1D0008203B8EE422A0CEB8E0231EE421A92ED17
:10F1E000002A92ED013A93ED004A93ED015A9FED0A
:10F1F0002E7A33EE426A74EE050A20EE877A76EEB6
:10F20000060A74EE041ADFED292A37EE607AF0EE72
:10F21000080A75EE211A26EE206A61EEA21A21EE86
:10F22000077A36EE216A36EE076A21EE066A24EE88
:10F23000227A36EE476A21EE066A32EE066A81EDE0
:10F24000006A35EE445A32EE036A26EE226A35EE43
:10F25000057A36EE476A32EE027A33EE073A25EE49
:10F26000205A23EE223A21EE066A35EE433A33EE77
:10F27000063A21EE033A22EE222A32EE032A21EE4A
:10F28000021A34EE011AB5EE400AB1EE412AF1EE4F
:10F2900010FAB8BFB0EE421A80ED001A80BD00BF70
:10F2A000610B363B00000044DB0F49BCDB0F493CDF
:10F2B00010B5F7F735F940F24044C2F20004616935
:10F2C000401A642838BF10BDF7F72AF9034641F207
:10F2D0001830A11CC2F2000002226361BDE8104098
:10F2E000F5F768BF10B541F60444C2F20004206887
:10F2F00040F6320101642046F9F7BEFE20460C219B
:10F30000FAF762FA40F24044C2F2000441F2D0201F
:10F3100004F12401C2F200000322F5F74BFF41F291
:10F320001830A11CC2F200000222F5F743FF05E0ED
:10F330006078002818BF10BD607820B9607810B9D7
:10F3400060780028F4D010BD2DE9F04F87B040F26E
:10F35000404BC2F2000B9BF80030BBF82470002B2E
:10F3600000F0968004AB07C33846F5F7B9F80746B6
:10F370008846DBE90604DBF820100391F5F7BDF8B9
:10F380009FED590B81468A4653EC102B3846414677
:10F3900002929846F5F717F84A465346F4F76CFF81
:10F3A000F5F7BEF80146BBF826000191CBF818101E
:10F3B000F5F796F8074620460D46F5F79EF8DDF876
:10F3C00008A004460E463846294652464346F4F7FE
:10F3D000FAFF22463346F4F74FFFF5F7A1F88146CE
:10F3E000BBF82800CBF81C90F5F77AF80446039890
:10F3F0000E46F5F782F807460D462046314652463E
:10F400004346F4F7E0FF3A462B46F4F735FFF5F7AD
:10F4100087F8CBF82000BBF8041001318AB2642AC7
:10F42000ABF8041029D30199B6EE003A00EE101A99
:10F4300030EE030A01EE109ABDEEC00A02EE100A89
:10F4400010EE100A31EE030ABDEEC00AABF806005A
:10F4500010EE100A32EE030ABDEEC00AABF8080047
:10F4600010EE100AABF80A000020CBE90600CBF83A
:10F470002000ABF804008BF800000699002008601B
:10F48000059908600499086007B0BDE8F08F00BFD7
:10F49000BBF806309FED161AFB1A00EE103AB8EED4
:10F4A000C00ABBF82670BBF8083020EE010A80EDD8
:10F4B000000AF81A00EE100ABBF82800BBF80A3060
:10F4C000B8EEC00A20EE010AC01A81ED000A00EE73
:10F4D000100AB8EEC00A20EE010A82ED000A07B059
:10F4E000BDE8F08F00BF00BF7B14AE47E17A843FD8
:10F4F000510AA53D40F24041C2F200010969016094
:10F500007047000040F24041C2F20001C96801604A
:10F510007047000041F60441C2F200010968086426
:10F5200070470000F0B587B043F60C46C4F20206FF
:10F530003068C00313D5642088B100BF3168C903A7
:10F5400038D500BF3168C9033CD500BF3168C90355
:10F5500030D500BF31680438C903EDD468B3FF204B
:10F56000306072B6F6F7E6FE022006900B2000250A
:10F570000490012702A801A902950597F6F79CFDC2
:10F5800000286ED13068C00322D5642000B300BFCC
:10F590003168C9031AD500BF3168C90316D500BF49
:10F5A0003168C90312D500BF31680438C903EDD4EE
:10F5B0000DE000BF01200028D1D10025284607B06A
:10F5C000F0BD00BF01200028C9D1F6E7012008B135
:10F5D000FF2030600024C0F60E0444F25842C2F608
:10F5E00072520220214600230025F6F735FEC0BBEB
:10F5F00042F25002211DC5F64F7202200023002561
:10F60000F6F72AFE68BB43F2561204F10801C3F272
:10F610002E22022000230025F6F71EFE08BB43F22F
:10F620005F2204F10C01C3F2360202200023002500
:10F63000F6F712FEA8B943F2341204F11001C0F239
:10F640003402022000230025F6F706FE48B904F133
:10F650001401022000220023F6F7FEFDB0FA80F02C
:10F660004509F6F7EFFD62B63760284607B0F0BDF2
:10F6700010B594B040F6EC53C2F20003684603F1B3
:10F6800010014C2251F8044B043A40F8044BF9D1D4
:10F690000FCB01F041FD0728044608BF00F0F0FD44
:10F6A000E01FB0FA80F0400914B010BD0B680246AC
:10F6B00042F81C3F4B6803628B684362CB688362ED
:10F6C000D1F810C000F10C030121C0F82CC0FFF7E5
:10F6D00051BD000080B582B001A96A4601238DEDBD
:10F6E000010AFFF785FC9DED000A02B080BD000015
:10F6F00070B594B040F20425C2F2000528604001C4
:10F70000002680B2CDE901064FF6E07040F23424C5
:10F71000039006206971C2F200040121049041F2B5
:10F72000603021700E22CDE907610991C2F200001C
:10F7300001A906920596F5F779FE002841F260309E
:10F74000C2F2000018BF2670F6F7F6F900281CBFB9
:10F750000020207041F26030C2F200000221F5F773
:10F76000FBFD00281CBF00202070687940B140F2EA
:10F77000D84105F10800C2F20001402203F0B6FAB8
:10F78000296803202070CDE90B11002044F23011CC
:10F79000CDE90D000120C0F601010F90F520097898
:10F7A0008DF8400041F260308DF84810C2F2000040
:10F7B0000BA912AA11ABF5F7E7FD00281CBF022028
:10F7C000207041F26034C2F2000400BF2046F5F719
:10F7D00037FF0328FAD314B070BD00002DE9F043C1
:10F7E00081B040F2042040F2B027C2F20000C2F221
:10F7F000000700F10804BD1C2046294603F034FA36
:10F8000010B101B0BDE8F08307F1030800264FF006
:10F81000010909E0E52808BFA7F80090204629461D
:10F8200003F022FA0028ECD13978B8780129F1D117
:10F830007978072906D85E2806D1404600F00AF8F4
:10F840003E80EBE73E70E9E74A1C39447A70C870A5
:10F85000E4E7000040F65452C2F200021378002B95
:10F8600018BF7047013907290AD8DFE801F0051BE6
:10F87000090F0909092700BF007890700020D07097
:10F8800040F201101080FEF719BE00BF40F2214186
:10F89000518000215060416040F201101080FEF75D
:10F8A0000DBE00BF10F8011B91700121D170506096
:10F8B00040F201101080FEF701BE00BF40F62101AA
:10F8C0005180506040F201101080FEF7F7BD00003B
:10F8D00010B58AB00A46014640F20420C2F2000088
:10F8E000006840F23424CDE901000020C2F2000497
:10F8F0000323CDE90300F520237005928DF818004D
:10F9000012B108A8F4F78DFC41F26030C2F2000099
:10F9100001A908AA07ABF5F737FD00281CBF022094
:10F92000207041F26034C2F2000400BF2046F5F7B7
:10F9300087FE0328FAD301200AB010BD2DE9F0415B
:10F940008AB041F26036C2F20006054630460C46E7
:10F95000F6F720F940F20427C2F2000740F23428FB
:10F960007C71C2F200080120002488F80000CDE973
:10F9700006400890680180B2CDE900044FF6E070BF
:10F980000E210290062005910390694630463D60A5
:10F990000494F5F74BFD002841F26030C2F20000FC
:10F9A00018BF88F80040F6F7C7F800281CBF0020F1
:10F9B00088F8000041F26030C2F200000221F5F741
:10F9C000CBFC00281CBF002088F80000787968B1C3
:10F9D00040F2D84107F10800C2F20001402203F0D2
:10F9E00085F9032804BF002088F800000AB0BDE8AC
:10F9F000F081000080B540F64860C2F20000417816
:10FA00000069002918BF0121FFF772FE03F0BCFD59
:10FA100003F012FD40F22820C2F200000021017024
:10FA200080BD000080B5FEF723FFBDE88040FFF7F2
:10FA3000D5BE000041F69440C2F2000090ED093AB4
:10FA400030EE600A90ED0A4A30EE033A90ED061A65
:10FA500090ED072AB1EE445AB4EE443AF1EE10FAB2
:10FA6000B4EE453AC8BFB0EE443AF1EE10FAB8BF72
:10FA7000B0EE453A22EE032A21EE000A90ED0B1A71
:10FA800030EE020AB1EE412AB4EE410A80ED093AA5
:10FA9000F1EE10FAB4EE420AC8BFB0EE410AF1EE40
:10FAA00010FAB8BFB0EE420A80ED0C0A70470000B1
:10FAB000F0B581B02DED028B82B040F2F035C2F28C
:10FAC0000005287E411E022928D3032834D00028AF
:10FAD00040F0B0800020A88141F664300024C2F2DA
:10FAE0000000C4F20204F8F71DFA012814D12046E0
:10FAF0004FF400410022F6F70DFD41F6643040F26C
:10FB0000A4212A1DC2F20000C2F200010223F8F76C
:10FB1000A9FF002800F0E68020468EE0A889013089
:10FB200081B2B1F57A7FA88100F2B08002B0BDEC5D
:10FB3000028B01B0F0BD00BF40F23426C2F20006D5
:10FB400003207070F6F7ECFC2F6B6989890700F1D0
:10FB50009B806A89E9886B89C9B2C3F34603CC01EB
:10FB600043EAC11181EA142383EA131383EA93035E
:10FB700083EA530353402A78DB0740F08F80064620
:10FB8000501E00EE100A9FED891AB8EEC00AB4EEBE
:10FB9000410AF1EE10FAC8BFB0EE410A9FED841A97
:10FBA000B5EE400AF1EE10FAC8BFB0EE401ABDEE55
:10FBB000C10A10EE100A287048082885288D9FED8C
:10FBC0007D8A00EE100AB8EE400A20EE080A85EDA4
:10FBD000070AF6F7ABFC6969411A2961686169781F
:10FBE000288D002900F08080698D95ED080A9FED31
:10FBF000721AB0EEC00AB4EE410AF1EE10FAA0EBB0
:10FC00000101304640F382804EF20002CFF6FF72CF
:10FC100002F580529142C0F27C80B1F5805F00F322
:10FC20007F808A1E12F1030FC0F07F8000202862BF
:10FC30002CE000BF0020C4F202004FF4004101227A
:10FC4000F6F768FC41F66434C2F200042046F8F787
:10FC500069F9012805D041F66430C2F20000F8F7D6
:10FC60003BF8002001902168CA6801928A680192DD
:10FC7000019A01908968019101992876286202B061
:10FC8000BDEC028B01B0F0BD002070700020287622
:10FC900002B0BDEC028B01B0F0BD00BF02F10A0062
:10FCA00000EE100A9FED411AB8EEC00AB4EE410A08
:10FCB000F1EE10FAC8BFB0EE410A9FED3D1AB5EE65
:10FCC000400AF1EE10FAC8BFB0EE401ABDEEC10A0C
:10FCD00010EE100A65282870D8D30220707000201A
:10FCE0002870D3E70120D2E7688500206863A86305
:10FCF000298DA985286268622E63A878411C042892
:10FD0000A97024BF0120A5F80100BFE711F5005F2D
:10FD100002DA012206E000BFB1F5005F7FF781AF94
:10FD20004FF0FF326B6B1A446A63B84223D06A6BA0
:10FD3000AB6B01EE101AD21A00EE102A9FED1F2AAB
:10FD4000B8EEC00AB8EEC11A21EE081A20EE020A77
:10FD50009FED1B2AC71B30EE010A20EE020A01EEBE
:10FD6000107A9FED182AB8EE411A21EE021A80EEA1
:10FD7000010A85ED080A298DAA8D95ED0D1A891ABB
:10FD800000EE101A9FED0D2AB8EEC00AB8EEC11AA7
:10FD900021EE021A20EE080A30EE010A85ED090A6A
:10FDA000298D6985696BA96328636FE70000DC42D0
:10FDB000000000000000B43C004035450000B443A2
:10FDC000ABAA2A3E6F12833A2DE9F04784B040F285
:10FDD0000044C4F20204804620464FF480510022C1
:10FDE000F6F798FB41F60C360620C2F200068DF8B5
:10FDF000040001A9304601224FF47A73F8F750FB52
:10FE000020464FF480510122F6F784FB4FF005099C
:10FE10000DF1050A0DF1060520464FF48051002230
:10FE2000F6F778FB3046514601224FF47A738DF88D
:10FE30000590F8F735FB3046294601224FF47A73D6
:10FE4000F8F72AFABDF8067020464FF480510122D7
:10FE5000F6F760FBF807DFD120464FF4805100220F
:10FE6000F6F758FB41F60C362020C2F200068DF85A
:10FE700009000DF10901304601224FF47A73F8F7B9
:10FE80000FFB4FEA18408DF80A000DF10A013046C9
:10FE900001224FF47A73F8F703FB4FEA18208DF82C
:10FEA0000B000DF10B01304601224FF47A73F8F785
:10FEB000F7FA03A9304601224FF47A738DF80C80CB
:10FEC000F8F7EEFA20464FF480510122F6F722FBB4
:10FED0004FF005080DF10D090DF10E0720464FF406
:10FEE00080510022F6F716FB3046494601224FF4B6
:10FEF0007A738DF80D80F8F7D3FA3046394601222F
:10FF00004FF47A73F8F7C8F9BDF80E5020464FF455
:10FF100080510122F6F7FEFAE807DFD104B0BDE810
:10FF2000F087000070B504460844000BA0EB1430C5
:10FF3000002586B22046FFF747FF0135A8B2B04240
:10FF400004F58054F6D970BDF0B583B040F200449A
:10FF5000C4F2020420464FF480510022F6F7DAFA88
:10FF60006420F6F795F841F60C359F20C2F20005A3
:10FF70008DF805000DF10501284601224FF47A7332
:10FF8000F8F78EFA0DF10601284601224FF47A7334
:10FF9000F8F782F99DF8067002A9284601224FF46D
:10FFA0007A73F8F779F99DF808600DF10A0128468F
:10FFB00001224FF47A73F8F76FF9EF2F0ED1F0B2F8
:10FFC00040280BD19DF80A00C0B2182806D140F293
:10FFD0003420C2F20000012181700AE040F6C640E0
:10FFE000C2F200000178042903D801310170FFF743
:10FFF000ABFF20464FF480510122F6F78BFA03B095
:020000040801F1
:10000000F0BD00002DE9F04F83B040F20048C4F28B
:10001000020815460C46814640464FF480510022A6
:10002000F6F778FA03208DF8060041F60C30C2F29C
:1000300000000DF1060101224FF47A73F8F730FA4F
:10004000834688B140F23420C2F200000221817060
:1000500040464FF480510122F6F75CFABBFA8BF070
:10006000400903B0BDE8F08F41F60C37200CC2F216
:1000700000078DF807000DF10701384601224FF403
:100080007A734FF0010AF8F70BFA200A8DF808008E
:1000900002A9384601224FF47A73F8F701FA0DF1FC
:1000A0000901384601224FF47A738DF80940F8F7B8
:1000B000F7F9A5B141F60C34A9F10106C2F200042A
:1000C0000DF10A072046394601224FF47A73F8F7FA
:1000D000E3F89DF80A00013D06F8010FF2D1404611
:1000E0004FF480510122F6F715FA40F23420C2F2A3
:1000F000000080F802A0BBFA8BF0400903B0BDE815
:10010000F08F00002DE9F04784B040F2004AC4F2BD
:10011000020A16460F46804650464FF48051002290
:10012000F6F7F8F941F60C350620C2F200058DF815
:1001300007000DF10701284601224FF47A73F8F702
:10014000AFF950464FF480510122F6F7E3F95046DB
:100150004FF480510022F6F7DDF9022402A9284667
:1001600001224FF47A738DF80840F8F799F9814627
:1001700080B140F23420C2F20000847050464FF447
:1001800080510122F6F7C6F9B9FA89F0400904B0A6
:10019000BDE8F08741F60C35380CC2F200058DF849
:1001A00009000DF10901284601224FF47A73F8F78E
:1001B00077F9380A8DF80A000DF10A012846012264
:1001C0004FF47A73F8F76CF90DF10B012846012210
:1001D0004FF47A738DF80B70F8F762F99EB141F61F
:1001E0000C35A8F10104C2F2000503AF14F8010FA9
:1001F00039468DF80C00284601224FF47A73F8F73F
:100200004FF9013EF2D150464FF480510122F6F7EA
:1002100081F941F60C364FF00508C2F200060DF1E7
:100220000D070DF10E0500BF50464FF4805100221E
:10023000F6F770F93046394601224FF47A738DF89B
:100240000D80F8F72DF93046294601224FF47A73D4
:10025000F8F722F8BDF80E4050464FF480510122C5
:10026000F6F758F9E007DFD140F23420C2F200007F
:1002700001218170B9FA89F0400904B0BDE8F08726
:100280002DE9F04F81B02DED028BA4B040F2DC26B9
:10029000C2F2000606F138084046FFF733F996ED42
:1002A0000E0A9FED5E1A40F6486780EE010AC2F220
:1002B00000077B6AD7E90B54F86BC6E90F3506F1E6
:1002C000440397F8089097F809A097F80AB0D7E97F
:1002D0000DCED7E9101283E8105006F1500307C382
:1002E000684607F11001902286F85C9086F85EA0BF
:1002F00086F85DB051F8043B043A40F8043BF9D16C
:1003000097E80F0000F0D8FD96ED0E0A02F048FEC7
:1003100007F190037D790FCB009502F085FF00F087
:10032000F3FE40F6EC55C2F2000528465C21F3F7D7
:1003300091FF00F097FE02F005FC707805F1580B74
:10034000022805D0012808D105F1500001E000BFC6
:10035000584690ED000A02F073FF97F8029097F864
:1003600004A0BC79FF7900F0CFFE28465C21F3F7AA
:1003700071FF00F077FE02F0E5FB7078022803D0F1
:10038000012805D105F1500B9BED000A02F058FF42
:100390003470777086F802A086F80390FAF772F945
:1003A000404602F099F99FED1E8AD5ED000A06F14C
:1003B0001000B0EE480A00F0E3FBD5ED010A06F1AB
:1003C0001800B0EE480A00F0DBFBD5ED020A06F19A
:1003D0002000B0EE480A00F0D3FB9FED128AD5ED65
:1003E000050A06F12800B0EE480A00F0C9FBD5ED79
:1003F000060A06F13000B0EE480A00F0C1FBD5ED68
:10040000140A9FED090A06F1080024B0BDEC028B26
:1004100001B0BDE8F04F00F0B3BB00BFD7B3DD3F84
:10042000EC51B83E9A99193F0AD7233D10B500F018
:100430006BFE40F6EC54C2F2000420465C21F3F758
:1004400009FF00F00FFE02F07DFB40F2DC20C2F25B
:100450000000407802280BD0012818BF10BD04F11D
:10046000500090ED000ABDE8104002F0E9BE00BF68
:1004700004F1580090ED000ABDE8104002F0E0BE23
:10048000B0B540F23824C2F200046068032140682D
:10049000002541702570F4F76BFB6570FFF7F0FEE7
:1004A00040F24040C2F2000001210170017831B1F8
:1004B000017821B1017811B101780029F6D1042029
:1004C0006070B0BDB0B52DED048B88B040F2DC2576
:1004D000C2F20005687840F6EC540028C2F200042D
:1004E0004ED0012819D0022840F09D8041F694405A
:1004F000C2F20000017A002900F0958090ED050A13
:1005000004A802F0B9FE9DED040AD4ED160A84EDAC
:10051000150A01F043FE84ED130A41F69440C2F23D
:100520000000C179002900F07E806978012909D195
:1005300090ED040A01A802F09FFE9DED010A84EDF2
:10054000130A01E094ED130AD4ED140A02F04EFBF5
:10055000E87884ED090A98B194ED140A9FED3D1AEC
:10056000B4EE410AF1EE10FA06DD94ED0D0AD4ED79
:100570000E0A03F043F901E09FED350A84ED0A0A03
:1005800041F69440C2F20000807900284BD094EDEF
:10059000070A94ED058A94ED069A01A807A9FEF7CB
:1005A000F5FD9DED010A9DED071A29EE002A28EEC2
:1005B000013A29EE011A28EE000A71EE400A94ED84
:1005C000090A33EE022AC4ED0B0A84ED0C2AFFF768
:1005D00031FA94ED0A1AD4ED0C0A84ED0E0AB0EE4D
:1005E000410A00F053FDB0EE408A94ED070A94ED05
:1005F0000E9A01A807A984ED0D8AFEF7C7FD9DEDAF
:10060000010A9DED071A29EE002A28EE013A29EE8B
:10061000011A28EE000A33EE422A30EE010A84ED78
:100620000F2A84ED100A94ED0F0A94ED101A94ED40
:10063000112A94ED123A30EE020A71EE030A02F02A
:10064000E7FC02F08DFA08B0BDEC048BB0BD00BF32
:100650000000000000008C4210B540F6EC50C2F2E1
:10066000000090ED160A7420B5EE400A40F648648A
:10067000F1EE10FAC8BF7820C2F20004204480EDE9
:10068000000AFFF7FDFD94ED1D0AD4ED1E0ABDE83A
:10069000104001F07DBF000010B5044640F6EC505C
:1006A000C2F200005C21F3F7D5FD40F2DC20C2F27B
:1006B0000000447010BD000070B5044600F024FD39
:1006C00040F6EC55C2F2000528465C21F3F7C2FD66
:1006D00000F0C8FC02F036FA40F2DC26C2F2000656
:1006E0007078022804D0012808D105F1500001E0FB
:1006F00005F1580090ED000A02F0A2FD347070BDC3
:10070000B0B540F2DC24C2F200046178022913D0B3
:1007100001290BD0002918BFB0BD016840F6EC528A
:10072000C2F20002516240689062B0BD90ED000AD2
:10073000BDE8B04002F098BD90ED000A054602F019
:1007400093FDA17831B195ED010ABDE8B04002F00A
:1007500083BD00BFB0BD000040F6EC50C2F2000007
:1007600080ED0F0AC0ED100A7047000002F032BAA7
:1007700010B52DED048B40F6EC50C2F2000090ED68
:10078000140A9FED158AB0EEC09AB4EE489AF1EEC5
:1007900010FA17DB40F2DC24C2F200046078012872
:1007A0000AD040F6EC50C2F200005C21F3F752FD93
:1007B0009FED0A0A01206070BEEE001A20EE010AC9
:1007C00002F052FD0020B4EE489AF1EE10FAB8BFE4
:1007D0000120BDEC048B10BDCDCCCC3D0000000051
:1007E00010B500F061F840F23824C2F200046078DD
:1007F000013806283CD8DFE800F0052F192515330D
:100800003D0000BF207828B901202070FFF70EFEC0
:10081000F4F7FAF9FEF72CFF20B1607807281CBF27
:1008200004206070BDE81040FFF74CBE012020702E
:10083000FFF7FCFDF4F7E8F96078072818D00520E9
:1008400015E000BF00202070F4F792F960780728C7
:100850000ED002200BE000BFFFF7E8FD002006E00D
:10086000FFF786FF20B16078072801D0072060706D
:1008700010BD00BF2078002808BF10BD00202070E8
:10088000F4F776F9BDE81040FAF76EBB40F2382174
:10089000C2F2000120B14A78072A18BF4870704799
:1008A0004870704700000000B0B52DED028B84B099
:1008B00000F06AF940F2DC24C2F2000404F13800CE
:1008C000FEF720FE03A802A901AAFEF73DFD9DED5B
:1008D000030A04F1100000F041F99DED021A8DEDBC
:1008E000030A04F11800B0EE410A00F037F99DED5B
:1008F000011A8DED020A04F12000B0EE410A00F069
:100900002DF98DED010A02F045FB40F6EC55062865
:10091000C2F2000500F208810121814011F00C0FA4
:1009200022D111F0300F0FD1012101FA00F010F0A7
:10093000420F00F0F9809DED021A9DED012A31EE83
:10094000020AB1EE411A17E09DED032A9DED023A2D
:10095000B1EE420AB1EE431A85ED000A85ED011AA7
:1009600032EE032A0EE000BF9DED031A9DED012A31
:10097000B1EE410A31EE021A85ED000A85ED011A49
:10098000B1EE422A9FED703A31EE421A21EE031A7F
:1009900004F1280085ED022A85ED030A85ED041A8D
:1009A00000F0DCF895ED041A85ED050A04F130003D
:1009B000B0EE410A00F0D2F82078F0EE401A02289A
:1009C00085ED060A6CD001285CD0002856D100F0D5
:1009D0000FF994ED0F1A94F85C0085ED080A30EEDB
:1009E000410A01EE100A94F85D00B8EE411AB7EE24
:1009F000002A20EE010ABFEE001A002808BFB0EE60
:100A0000412A94F85E0051A1002808BF043191EDFD
:100A1000001A9FED508A20EE020A30EE010AF0EE35
:100A2000480A03F03FFAB5EE400A30EE081AF1EE3C
:100A300010FAB8BFB0EE410A85ED070A00F0E0F801
:100A400085ED160A00F0EAF804F1080000F086F8D7
:100A500010EE100A20F00040B0EE408AF3F74DFD92
:100A60009FED370B53EC102BF3F71FFD9FED3A0A68
:100A7000002818BFB0EE408A85ED148A04B0BDECA2
:100A8000028BB0BD95ED050A05F1440005F1480162
:100A9000F0EE610AF9F710FE04B0BDEC028BB0BDB8
:100AA00095ED051A95ED0F0AD5ED100A01F0A8FE97
:100AB00000F09EF894ED0F1A94F85C0085ED080A9A
:100AC00030EE410A01EE100A94F85E001FA1B8EE64
:100AD000411A002808BF043191ED002A9FED1D8ABC
:100AE00020EE010A30EE020AF0EE480A03F0DAF9CD
:100AF000B5EE400A30EE081AF1EE10FAB8BFB0EECB
:100B0000410A85ED070A00F07BF885ED160A00F032
:100B100085F804F1080000F021F885ED140A04B00E
:100B2000BDEC028BB0BD00BF9DED030A9DED021A26
:100B30009DED012A85ED000A85ED011A22E700BF2F
:100B40009A9999999999B93F3ACD133F0000344346
:100B5000000000000000B4430000000090ED001A07
:100B600090ED012AB7EE003A33EE413A23EE022A25
:100B700021EE000A30EE020A80ED010A7047000003
:100B800080EC020A7047000041F69440C2F2000077
:100B90000278C3780132D1B24FF0000C9942A0F82C
:100BA00006C080F808C0027038BF704742780379E9
:100BB0000132D1B280F800C04FF0010C994280F8A8
:100BC00006C0427013D380B58178437901314FF06C
:100BD000000ECAB280F801E080F807C09A42817026
:100BE00022BF80F802E001210172BDE88040704719
:100BF00040F2F030C2F2000090ED070A70470000AA
:100C000040F2F030C2F2000090ED090A7047000097
:100C100040F2F030C2F20000406B704740F2F0301A
:100C2000C2F2000090ED080A7047000010B540F6CF
:100C30005454C2F200046178A078227A022905D1C6
:100C400004F10C01BDE8104002F0C4BC04F10C0139
:100C500002F010FC002818BF10BD40F22820C2F29C
:100C600000000021017040F2BC20C2F200000170BF
:100C700084F88C1010BD00002DE9F04381B00D46C2
:100C80000746F5F74DFC40F22C49C2F20009D9F8AD
:100C90000810461AB6F5967F43D3044699F8020029
:100CA00040F20048C4F2020878B9022F03D140464E
:100CB0000821F5F727FC022D04D108F50060042176
:100CC000F5F720FC012089F80200B6F5167F28D937
:100CD00040460821032F03D087B9002201E000BF5E
:100CE0000122F5F717FC08F500600421032D0CD054
:100CF00085B90022F5F70EFC0EE000BFF5F702FC07
:100D000008F500600421032DF2D10122F5F702FC61
:100D100002E000BFF5F7F6FB0020C9F8084089F8AB
:100D2000020001B0BDE8F083B0B540F26C44C2F2FD
:100D30000004207A2073F5F7F3FB4BF27321C4F221
:100D4000E751A0FB0101880B40F23821C2F20001FB
:100D500049686073086840F2502CC2F2000C0368C6
:100D6000DCF800008A68C4E90530106804F1340733
:100D7000E06150682062D2E90B30D2F808E0C4E9A3
:100D80000A03906AC4F824E02063506AD2E913E3AE
:100D9000D2E9155287E80940C4E91025486841782E
:100DA000007861749CF804102074A1739CF805000D
:100DB000DCF83010E07308784978A074E174B0BDB5
:100DC00010B540F26C44C2F20004616804F10C00FA
:100DD0003C22FFF797F9207A082888BF10BD616888
:100DE0000130207201F13C00606010BD10B54FF47D
:100DF00080304FF407714FF48034FFF793F84FF4CD
:100E000090300821FFF78EF840F26C40C2F20000EB
:100E100000210172446010BDB0B540F26C44C2F2D2
:100E20000004201D4FF4803108224FF48035FFF775
:100E3000E9F8207AFF2819BFC0EB001045EA8000CE
:100E40000020207208BF4FF480306060B0BD000009
:100E5000F0B581B040F26C44C2F2000422780D4635
:100E6000082A1DD80646C2EB02104FF4803141EA31
:100E7000800104F10C003C223C27FFF7C3F82178E5
:100E8000207B884212D101302F7004F80C0B3046C1
:100E900021463C22F3F7C5F9002001B0F0BD00BFA8
:100EA000002028702070012001B0F0BD00202070CB
:100EB000012001B0F0BD000084B080B50DF1080C38
:100EC0008CE80F009DF813209FED632A01EE102A95
:100ED000B8EE411A9DED155A21EE024A24EE053A6C
:100EE00080EE036A41F69440C2F2000080ED073ABA
:100EF0009FED5A3A0021C0E90911C16201635FFA0E
:100F000083FE01EE10EAB8EE411A80ED2E0A80ED64
:100F10000B0A26EE036A80ED0A6AB6EE006A25EE39
:100F2000065A24EE055A80EE056AC0E9121180EDDA
:100F3000120A9DED170A24EE012A80ED034A80ED86
:100F4000084A80ED0F4A9DED1D4A80ED0E5A22EEB3
:100F5000000AC0E910119DED147A9DF815C026EE27
:100F6000035A9DED196A80ED115A84EE005A22EE63
:100F7000066A80ED067A80ED0D7A84EE067A01EE3F
:100F800010CA80ED150AC0E900118160C270B8EE88
:100F9000411A189AC0E91711C0E9191125EE030A80
:100FA00080ED180A9DED1B0A22EE011A9FED2C5AC6
:100FB00080ED042AC26680ED1C6A80ED1D2A27EEB2
:100FC000036A169A80ED162A9DED1C2A9DED1E3AA5
:100FD00021EE000AC0E91E11C0E9201180ED1F6A50
:100FE000B7EE006AB4EE450A037180F805C080EDE3
:100FF000051A80ED204A026582EE012AF1EE10FA10
:10100000C8BFB0EE406A83EE065A1A9AC0E92611AC
:10101000C0E92811C0F88C2080ED240AB0EE080A3F
:1010200049F69A11DDE91F2323EE000AC3F6196180
:1010300080ED194A80ED221A80ED252A80ED2A3AAA
:1010400080ED2B5A80ED2C0AC0F8B410C0E92F2394
:10105000BDE8804004B0704717B751386666663FF8
:10106000BD37863541F69440C2F20000002101648C
:10107000C164416201638167C0F88410C165816603
:10108000C0E92611C0E928117047000041F69440DC
:10109000C2F2000090ED103A30EE600A90ED114A75
:1010A00030EE033A90ED0D1A90ED0E2AB1EE445A4F
:1010B000B4EE443AF1EE10FAB4EE453AC8BFB0EEE1
:1010C000443AF1EE10FAB8BFB0EE453A22EE032AE8
:1010D00021EE000A90ED121A30EE020AB1EE412A1A
:1010E000B4EE410A80ED103AF1EE10FAB4EE420A85
:1010F000C8BFB0EE410AF1EE10FAB8BFB0EE420A36
:1011000080ED130A7047000040F6E860C2F200006C
:10111000002101807047000084B0F0B581B02DED52
:10112000068B40F6E8660DF1300CC2F200068CE842
:101130000F007068317801300629706000F2DD839D
:101140000CAADFE811F00700BB003F006700270092
:10115000D500010130464FF48671F3F77BF840F675
:101160004860C2F2000000F12805007A41F65854A8
:10117000C2F2000484F828004BF21770C3F6510045
:101180002ECD84E82F000020C4F82B0084F82F0017
:101190000120B1E392ED080A41F65850C2F2000076
:1011A000FDF7B0FC002800F0A8837078002840F01C
:1011B000A28300207060C6E93500C6F8DB00052078
:1011C0009AE300BFB17892ED051A4A1C0A29B27061
:1011D000C0F0938396ED033AB0EE002A33EE414A15
:1011E000B0EEC40AB4EE420A0021F1EE10FAB1707A
:1011F00040F32C810FF2E871B5EE404AF1EE10FA9F
:10120000C8BF043191ED000A96ED084A30EE044A59
:1012100030E100BF96F8681092ED038A92ED049ACF
:10122000002900F0C380B6F86C00B6F86A100130EF
:1012300082B28A42A6F86C0080F0D88096F8081135
:1012400096F80901002900F08581B8B196ED100AE1
:1012500096ED121AB7EE002A30EE020A9FEDB42A7C
:1012600038EE411AB4EE421AF1EE10FA86ED100A89
:10127000BCBF002086F8090186ED128A96F80A01A3
:10128000B8B196ED110A96ED131AB7EE002A30EEBA
:10129000020A9FEDA72A39EE411AB4EE421AF1EE86
:1012A00010FA86ED110ABCBF002086F80A0186ED0F
:1012B000139A96ED0BAAB0EE4A0A83E144F6206138
:1012C0008842C0F01A8300200024FFF7F5F90320BC
:1012D000FFF7E2F90020C4F24000346286F82840AB
:1012E000C6E93C44C6E90144F060022004E300BFC3
:1012F00041F65850C2F2000090ED010A9FED8D1AA0
:1013000090F8281020EE010A01EE101AB8EE411AEA
:101310009FED892A20EE010A82EE000A71780029E9
:101320004FF0010180F82E1080EE011A80ED060AC0
:1013300080ED051A40F0DF8200207060C6E93900B8
:10134000C6F8EC000620D7E2737841F658504BF20D
:10135000177C41F26F2EC2F20000C3F6D10CC3F627
:10136000832E002B4FF00103C0E907CE80F82F3009
:1013700040F0C18240F64863D0E9025400F1100702
:10138000C2F2000386CFC3E90B5403F1340484E8AE
:10139000865090F82810426A197290F82A1090F836
:1013A00029005A62987207205972A5E2B0EEC80A65
:1013B000B0EEC91A30EE010AB6EE001A9FEDE32A2C
:1013C00020EE010AB4EE420AF1EE10FA22DA96EDAE
:1013D0000B1A9FEDDF2AB4EE421AF1EE10FA19DA79
:1013E0009FEDDC0A31EE000A2AE000BF96F80811F2
:1013F00096ED0BAA0020A6F86C0081F00100B0EE7B
:101400004A0A86F80801B1EE4A1A002918BFB0EE60
:10141000410AD7E09FEDD01AB4EE410AF1EE10FA7E
:1014200040F38C8096ED0B0A9FEDCC1AB4EE410A86
:10143000F1EE10FA40F382809FEDC91A30EE010AF6
:10144000002086ED0B0A706012E200BFB18C96EDB1
:10145000080A01318AB2052AB1841FD30FF27851EC
:10146000B5EE404AF1EE10FAC8BF043191ED004AE2
:1014700034EE004AB4EE424AB8EE000AF1EE10FA39
:10148000C8BFB0EE424AB4EE404A0021F1EE10FA75
:10149000C8BFB0EE440A86ED080AB1840FF2485185
:1014A000B5EE401AF1EE10FAC8BF043191ED004AD2
:1014B00031EE433A34EE004AB4EE424AB8EE000A46
:1014C000F1EE10FAC8BFB0EE424AB4EE404AF1EE77
:1014D00010FAC8BFB0EE440A9FEDE34AB0EEC33A3B
:1014E000B4EE443AF1EE10FA1ADA8C281AD396F8D0
:1014F0002800002800F00A8296ED063A86ED071AC9
:1015000031EE431AB0EEC13AB4EE423AF1EE10FABF
:1015100086ED050A80F20E8203217170EBE100BFB7
:1015200000207060DFEDF10AFFF716F9E5E100BF7A
:101530000AD7233DDB0FC94000007042642840F207
:10154000958101209FEDE90A86F86800002070600F
:101550008EE100BFB8B196ED100A96ED121AB7EE03
:10156000002A30EE020A9FEDF12A38EE411AB4EE5D
:10157000421AF1EE10FA86ED100AC4BF002086F878
:10158000090186ED128A96F80A01B8B196ED110AA2
:1015900096ED131AB7EE002A30EE020A9FEDE32A09
:1015A00039EE411AB4EE421AF1EE10FA86ED110A44
:1015B000C4BF002086F80A0186ED139A96ED0BAAA7
:1015C000B1EE4A0AF0EE400AFFF7C6F8B6F86C0032
:1015D000002840F0848096ED0B0A9FEDD51AB0EEFE
:1015E000CA2A20EE010AB4EE402AF1EE10FA67DDB5
:1015F00041F65850C2F2000096ED101A96ED122AEC
:1016000096ED3C3A90ED006A32EE433A21EE061A2E
:1016100096ED130A96ED3D5A83EE014A96ED111AA6
:1016200030EE453A26EE011A83EE011A9FEDE33AB9
:1016300096F80801B0EEC45AB4EE435AF1EE10FA2F
:101640001BDD9FEDDF6AB4EE465AF1EE10FA14DAB4
:1016500006F12C0101EB800201EB400192ED015AF1
:1016600092ED0B6A8B8C34EE054A013332EE062A7A
:1016700082ED014A8B8482ED0B2AB0EEC12AB4EED2
:10168000432AF1EE10FA1BDD9FEDCD3AB4EE432A6A
:10169000F1EE10FA14DA06F12C0101EB800201EBF5
:1016A000400092ED032A92ED0D3A018D31EE021ABF
:1016B000013130EE030A82ED031A018582ED0D0A35
:1016C00040F20110A6F80901002086ED3C8A86ED63
:1016D0003D9A86ED128A86ED139AC6E9100070686D
:1016E000B0F57A6FC0F00981B6F85010B6F8520024
:1016F00014294FF000054FF0000438BF01251428CD
:1017000038BF0124B6F85420B6F856E0002345EA65
:10171000040C132A4FF0000488BF0124BEF1130FFC
:1017200088BF0123BCF1000F03EA04031AD0002B89
:1017300000F0A48041F65850C2F2000096ED0B1A5A
:1017400090ED022A9FEDA00A4AE000BF9A99193F46
:101750003333333FCDCCCC3D9A9919409A99993E79
:10176000CDCCCCBD00EE101A96ED0C1AB8EE400AA6
:1017700096ED0D2A81EE003A01EE100AB8EE411AFC
:1017800082EE012A96ED164A96ED175A84EE000A6B
:1017900085EE014A41F65850C2F2000096ED0B1A50
:1017A000002BB0EEC33AB0EEC22A33EE022AB6EEF8
:1017B000003A22EE035AB0EEC00AB0EEC42A30EE70
:1017C000020A90ED022A20EE030A9FED7E3A22EEF5
:1017D000000A30EE410A33EE453A80EE030A53D058
:1017E00003EE102A96ED0E4A96ED0F5A06EE10EA19
:1017F00096ED187AD6ED190AB8EE433AB8EE466A75
:1018000084EE034A85EE065A87EE037A80EE866AF6
:10181000B1EE422A0020BEF1140F38BF012050EA79
:101820000C00B0EEC43AB0EEC54AB0EEC75AB0EE06
:10183000C66A33EE044AB6EE003A35EE065A25EE95
:10184000035A22EE052A9FED615A24EE034A32EE36
:10185000011A34EE052A81EE021A11D0BCF1000FF4
:1018600018BFB0EE410A0FE0CDCCCC3E96ED0B0A8E
:10187000F0EE400AFEF770FF3FE000BF012137E0C5
:1018800030EE010A20EE030A9FED511A41F658503E
:10189000B4EE410AC2F20000F1EE10FA4FF002017C
:1018A00080ED030A80ED040A22DB9FED4A1AB4EEB4
:1018B000410AF1EE10FA1BDC012180F82C1070783F
:1018C0000025F584B8B901F085F99FED3F0AC6E916
:1018D0001C55F0EE400AA6F8C45086F8C650756054
:1018E000FEF73AFFB560042006E000BF00000000EC
:1018F00000207170F084082030703078BDEC068BC9
:1019000001B0BDE8F04004B0704700BF01200021E5
:1019100086F828000020C4F2E00186ED061A86ED64
:10192000040A7060F160C6E90800E6E70AD723BD43
:101930006666663F96ED042A9FED243A30EE420A31
:1019400031EE031A80EE010A9FED291A41F6585034
:10195000C2F200000221B4EE410AF1EE10FA80ED6D
:10196000020AFFF6DAADB6EE001AB4EE410AF1EE65
:1019700010FA3FF7D2AD9FED140A0121F0EE400AB4
:1019800080F82B10FEF7E8FE70780028B3D1042011
:10199000C6F86A004CF6CD40C3F64C600021C6E99B
:1019A0000B01C6E90D11F163C6E90111C6E9141175
:1019B000C6E91611C6E9181103209DE70000C842C8
:1019C00000606A47BD3786B500000000BD37863528
:1019D000ACC5A73752499D390AD723BC0AD7233C47
:1019E000CCCCCCBDCCCCCC3D0AD723BD0AD7233D33
:1019F0000AD7A33C0020FEF7E7B900002E2800F22A
:101A00000582DFE810F02F000901E100F500A700D2
:101A10003B015901FF007701C3006D019D00BB0030
:101A20004F018900EB0075001D016301B301310115
:101A300045019F01C701D700CD00EF016100D10131
:101A4000DB01810113018B0193006B004D005700F6
:101A50004300E501A901B1002701BD0139007F0064
:101A60009501F90140F64860C2F2000080790870E3
:101A700001201070704700BF40F64860C2F20000BD
:101A8000D0F89000086004201070704740F648605D
:101A9000C2F20000806F086004201070704700BF21
:101AA00040F64860C2F20000006F08600420107029
:101AB000704700BF40F64860C2F20000406F086007
:101AC00004201070704700BF40F64860C2F200006A
:101AD000006D086004201070704700BF40F6486039
:101AE000C2F20000C06E086004201070704700BF92
:101AF00040F64860C2F20000406A0860042010709E
:101B0000704700BF40F64860C2F20000D0F8940071
:101B1000086004201070704740F64860C2F2000070
:101B2000C069086004201070704700BF40F648602C
:101B3000C2F20000806E086004201070704700BF81
:101B400040F64860C2F2000000690860042010708E
:101B5000704700BF40F64860C2F20000C0780870CD
:101B600001201070704700BF40F64860C2F20000CC
:101B7000D0F88400086004201070704744F2000020
:101B8000C4F29C60086004201070704740F6486002
:101B9000C2F20000007B087001201070704700BF87
:101BA00040F64860C2F20000806C086004201070AB
:101BB000704700BF40F64860C2F20000406C086009
:101BC00004201070704700BF40F64860C2F2000069
:101BD0004078087001201070704700BF40F64860E0
:101BE000C2F20000006A086004201070704700BF55
:101BF00040F64860C2F20000807808700120107042
:101C0000704700BF40F64860C2F20000007A0870DA
:101C100001201070704700BF40F64860C2F200001B
:101C2000C079087001201070704700BF40F648600E
:101C3000C2F20000006E086004201070704700BF00
:101C400040F64860C2F20000806A0860042010700C
:101C5000704700BF40F64860C2F20000D0F888002C
:101C6000086004201070704740F64860C2F200001F
:101C7000406B086004201070704700BF40F6486059
:101C8000C2F200000079087001201070704700BF98
:101C900040F64860C2F20000806B086004201070BB
:101CA000704700BF40F64860C2F2000080690860DB
:101CB00004201070704700BF40F64860C2F2000078
:101CC0004079087001201070704700BF40F64860EE
:101CD000C2F20000C06A086004201070704700BFA4
:101CE00040F64860C2F20000407B0870012010708E
:101CF000704700BF40F64860C2F20000C07A08702A
:101D000001201070704700BF40F64860C2F200002A
:101D1000C06D086004201070704700BF40F6486036
:101D2000C2F20000406E086004201070704700BFCF
:101D300040F64860C2F20000D0F898000860042025
:101D40001070704740F64860C2F20000C06B086037
:101D500004201070704700BF40F64860C2F20000D7
:101D6000D0F88000086004201070704740F648608A
:101D7000C2F20000006B086004201070704700BFC2
:101D800040F64860C2F20000D0F88C0008600420E1
:101D90001070704740F64860C2F20000006C0860A6
:101DA00004201070704700BF40F64860C2F2000087
:101DB000406D086004201070704700BF40F6486016
:101DC000C2F20000806D086004201070704700BFF0
:101DD00040F64860C2F20000C06F08600420107036
:101DE000704700BF40F64860C2F20000C06C086057
:101DF00004201070704700BF40F64860C2F2000037
:101E0000D0F89C000860042010707047002010700B
:101E1000704700002DE9F04140F64864C2F200042A
:101E200020460021A022FEF7EDF8002800F0918066
:101E30002178012908BFBDE8F0810E21218140F2FF
:101E40000141A4F80B100521617344F2000144F232
:101E5000000E0122C4F29C61C4F29C5E002540F297
:101E6000000C4CF238160023C4F27A45C4F2C82C98
:101E7000C3F6B246C4E90421C4E9061E4AF682014B
:101E80002270C4F801306360C4E90853C4E90AC68B
:101E9000C3F2FB7141F26F2341F26F264CF6CD4540
:101EA0000022C3F68323C3F60326C3F64C65C4F2AF
:101EB0002022C4E90C114CF6CD41C4E91036C4E926
:101EC0001252C3F64C51002300254DF20A7740F21E
:101ED0000008626504F16402C4F24003C4F2A01574
:101EE0004FF07C56C3F6A337C4F2F018216582E8A0
:101EF0008201002145F20002A365E5652666C4F271
:101F0000FA31CCF2C37245F200034CF6CD4549F6E6
:101F10009A164CF6CD4704F170084DF20A7EC4F2D1
:101F2000C373C3F6CC55C3F69976C3F68C7788E8AD
:101F3000EE0000210022C3F6234EC4F24821C4F271
:101F40004832C4E90EEEC4E92277C4E924C1C4E9E9
:101F5000262EBDE8F081000080B50020A021FDF70D
:101F6000E1FF40F64860C2F200000021A022BDE877
:101F70008040FEF7C7B8000010B540F648642E2830
:101F8000C2F2000400F2FA80DFE810F030009600A0
:101F90007A00AE00B20086009A009E00C800BA0027
:101FA00054008A00F800F800F800F80072004800B9
:101FB000A200A600DE00D60040007600E600440045
:101FC0006E0050008E004C00EE00EA0066007E00BD
:101FD000AA008200F6006200DA00F2003C00B600BF
:101FE000380034006A009200E20000BF0878A07157
:101FF000C4E000BF0868C4F89000BFE00868C4F8F7
:102000008C00BBE00868C4F88400B7E00868E063AF
:10201000B4E000BF0868A064B0E000BF0868A06238
:10202000ACE000BF0868A065A8E000BF08682065B4
:10203000A4E000BF087894ED070A01EE100AB8EE9C
:10204000411A80EE010A607384ED080A96E000BF31
:102050000868A06792E000BF086860668EE000BF75
:102060000868C4F8940089E00868E06486E000BF6E
:102070000868606282E000BF086820647EE000BFFC
:10208000087860707AE000BF0868A06676E000BF5C
:102090000868206772E000BF087820716EE000BF1A
:1020A000086820616AE000BF0868606566E000BFFC
:1020B0000868C4F8980061E00878E0715EE000BF4D
:1020C000087860715AE000BF0878207256E000BFBF
:1020D0000868E06252E000BF086820634EE000BF7D
:1020E0000868E0664AE000BF0878A07046E000BFDC
:1020F0000878E07042E000BF0868C4F888003DE05E
:10210000087894ED060A01EE100AB8EE411A80EE46
:10211000010A207384ED070A30E000BF08789FEDC4
:102120001E1A00EE100AB8EE400A81EE000AE072B4
:1021300084ED060A22E000BF0868A0631EE000BF2D
:102140000868E0671AE000BF0868606316E000BF37
:102150000868C4F89C0011E0086860640EE000BFE5
:10216000086820660AE000BF0868E06506E000BF76
:102170000868C4F8800001E00868606700F090F823
:1021800061782069002918BF0121FDF7D7FBBDE860
:102190001040FEF775B900BF00409C4641F69440E0
:1021A000C2F2000090ED301A90ED2F2AB4EE401AE2
:1021B000F1EE10FAB8BFB0EE410AB4EE420AF1EE09
:1021C00010FAB8BFB0EE420A90ED221A30EE600A63
:1021D00090ED264A20EE015A35EE044A90ED275A3A
:1021E00090ED2B6A30EEC55A85EE011AB1EE465AD3
:1021F000B4EE464A90ED232A90ED253AF1EE10FA1E
:10220000B4EE454AC8BFB0EE464AF1EE10FAB8BF88
:10221000B0EE454A90ED2D5AB7EE006A90ED287A5F
:1022200036EE456A26EE076A25EE011A90ED2C5A25
:1022300031EE061AB1EE456AB4EE451A80ED264A33
:10224000F1EE10FAB4EE461AC8BFB0EE451AF1EE40
:1022500010FAB8BFB0EE461A24EE024A22EE000A87
:1022600080ED281A30EE040A23EE011A90ED2A2A96
:1022700031EE000AB1EE421AB4EE420AF1EE10FA63
:10228000B4EE410AC8BFB0EE420AF1EE10FAB8BF90
:10229000B0EE410A80ED290AC0ED270A7047000020
:1022A0002DE9F04140F64862C2F2000240F25020AF
:1022B000D2E91B31D2E91DE4C2F2000002F17C0830
:1022C000C0E9031E00F1140198E8E00170C1D2F8E2
:1022D0008C104FF0000CC0E901C30762C0E909810E
:1022E000BDE8F08110B5FCF7E3FF40F25024C2F2E4
:1022F00000042046FDF7FEF8A07908B110BD00BF2C
:10230000216B40F2382E8878C2F2000E01280FBFF0
:10231000002001202071A071DEF804209FED951AA5
:10232000136893ED000AB4EE410AF1EE10FA03DDF2
:10233000052020710120A0710B78012B0AD0022BFF
:1023400004D0032B06D0082001E000BF0920207133
:102350000120A071D2F804C09CF80030012B04D0F9
:10236000497841F00203032B0ED19EF80010B1B161
:10237000DEF81010497800293ED0012938D0022912
:1023800014BF0420032034E00123E3710423022955
:1023900008BF052363719EF800100029E8D19168F9
:1023A0009FED750A91ED001AB4EE401AF1EE10FAA5
:1023B0000EDC91ED011AB4EE401AF1EE10FA07DCD2
:1023C00091ED021AB4EE401AF1EE10FA40F3B88023
:1023D000072020710120A07194ED000A9FED671A7B
:1023E000B4EE410AF1EE10FA40F3838001217DE062
:1023F000022020710120A07194ED072A22EE013AFB
:10240000B4EE403AF1EE10FA08DBB3EE043A83EE94
:10241000022AB4EE402AF1EE10FA09DD0620B4EEED
:10242000410AF1EE10FAC8BF052020710120A07109
:1024300092689FED510A92ED001AB4EE401AF1EE47
:1024400010FA0DDC92ED011AB4EE401AF1EE10FA1A
:1024500006DC92ED021AB4EE401AF1EE10FA57DDE6
:10246000072020710120A07194ED000A9FED431A0E
:10247000B4EE410AF1EE10FAC2BF01216171E171BF
:1024800094ED031A94ED092A92ED140A21EE023A12
:10249000B4EE403AF1EE10FA08DBB1EE411A81EEEB
:1024A000021AB4EE401AF1EE10FA03DD0221617156
:1024B0000121E1719CF8011002291AD194ED052A3D
:1024C00094ED0A1A92ED160A22EE012AB4EE402A81
:1024D000F1EE10FA4FF0030108DB94ED042A82EECE
:1024E000011AB4EE401AF1EE10FA02DD6171012119
:1024F000E17118B9E079002808BF10BDFEF714FC9F
:102500000720FEF7C3F9BDE81040FEF759BC00BF35
:1025100094ED021A94ED082A92ED0B0A21EE023A8C
:10252000B4EE403AF1EE10FA9ADBB1EE411A81EEC8
:10253000021AB4EE401AF1EE10FA95DD90E700BFF2
:1025400094ED021A94ED082A91ED0B0A21EE023A5D
:10255000B4EE403AF1EE10FAFFF63AAFB1EE411A9E
:1025600081EE021AB4EE401AF1EE10FA7FF734AFA2
:102570002EE700BF000008420000C8420000A04251
:1025800040F25020C2F2000000214160FDF778BF08
:1025900040F25020C2F2000080ED040AC0ED050AAE
:1025A00070470000F0B581B040F22C45C2F2000542
:1025B0002978044631B1F3F7B3FF696888420ED237
:1025C00001B0F0BD00206870F3F7AAFF2830686002
:1025D00001202870F3F7A4FF69688842F0D32830FF
:1025E000686068782CA300F03F029A5C210A4FEAE9
:1025F000144EE3B2534348F28106C9B25FFA8EF437
:1026000095F80CC003FB06F751436243C7F3C75369
:1026100071437243C90D9C454FEAD2530CD16A7B7A
:10262000CEB2B24208D1AA7BDEB2B24204D10130AE
:10263000687001B0F0BD00BFF80D28736973AB730B
:10264000E87329746B74F2F7F1F840F21820C2F2C3
:102650000000017861B900BF017849B900BF017875
:1026600031B900BF017819B900BF01780029F2D053
:102670000021017041F6BC3041F63462C2F2000024
:10268000C2F2000204219423F7F726F9687801309A
:10269000687001B0F0BD00BF808C99A5B1BCC7D1F6
:1026A000DAE2EAF0F5FAFDFEFEFDFAF5F0EAE2DA2A
:1026B000D1C7BCB1A5998C808074675B4F44392F1A
:1026C000261E16100B0603020203060B10161E260A
:1026D0002F39444F5B67748070B52DED048B41F644
:1026E000885490ED031A90ED042AC2F2000484EDA0
:1026F000011A84ED022A31EE021AB6EE002A90ED9C
:10270000020A21EE021A9FED3A2A84ED000A20EE19
:10271000020A30EE010AB7EE001A81EE000A4069A3
:102720004BF217712AA2C3F6511102F10C06C4E94B
:102730000301936863CEDFF898C0D2F804E0D26951
:10274000C4E9083004F1280062C004F13C002421EF
:10275000C4E906CE626384ED050AF1F77BFD002033
:10276000C4F27010206640F24C349FED229AC2F2FF
:102770000004B5EE008A2046B0EE480AF0EE490AA1
:10278000FEF7FEF904F10800B0EE480AF0EE490A3F
:10279000FEF7F6F99FED188A04F11000B0EE480A32
:1027A000F0EE490AFEF7ECF904F11800B0EE480A21
:1027B000F0EE490AFEF7E4F99FED100A04F120005B
:1027C000F0EE490ABDEC048BBDE87040FEF7D8B9C5
:1027D000000070410000003F0000C8420000C843F4
:1027E000CDCCCC3D000048420000FA4400007041CE
:1027F00017B7513900000000295C8F3D0AD7233CF0
:10280000B0B52DED0A8B41F68854C2F2000494F85D
:102810003800411C042884F83810C0F07D8194ED04
:102820000F5A94ED106A31EE451A31EEC67AF0EE89
:10283000001A002094ED0A4AB4EE611AB8EE008A3C
:1028400084F8380094ED002A94ED053AF1EE10FA80
:10285000C8BFB0EE611AB4EE481AB0EE489AF1EE75
:1028600010FAC8BFB0EE419A89EE041AB4EE617A4C
:10287000F1EE10FAC8BFB0EE617AB4EE487AF1EE2C
:1028800010FAC8BFB0EE478A22EE054A94ED115AFD
:1028900030EE440A30EE450A20EE03BA22EE060A74
:1028A00094ED122A30EEC00A30EE420A94ED182A56
:1028B00023EE00CAB0EE410A23EE02AA01F04AFB61
:1028C00094ED0A1A2AEE000A88EE011A30EE0BBACD
:1028D000B0EE410A01F03EFB2AEE000A94ED041A24
:1028E00030EE0C0A94ED0A2A94ED104A20EE010A0B
:1028F00030EE044A89EE020A94ED0F3A2BEE015AAB
:102900009FED871A35EE033A9FED865AB4EE413AB1
:10291000F1EE10FAC8BFB0EE413AB4EE453AF1EE2E
:1029200010FAB0EE452AB4EE414AC8BFB0EE432AD1
:10293000F1EE10FAC8BFB0EE414AB4EE454AF1EEEE
:1029400010FAC8BFB0EE445A84ED0F2A84ED105A35
:1029500001F000FB94ED0A1A2AEE000A88EE011A33
:1029600084ED110AB0EE410A01F0F4FA94ED172A51
:102970002AEE003A94ED080AB0EEC22A94ED061A47
:10298000B4EE420AF1EE10FA84ED123A25DA94ED33
:10299000093A32EE402A33EE400A82EE000AB7EEE0
:1029A000003A94ED072A9FED604AB4EE430AF1EE37
:1029B00010FAC8BFB0EE430AB5EE400AF1EE10FAC5
:1029C000C8BFB0EE404A33EE420A33EE443A20EE3E
:1029D000030A30EE020A21EE001A40F24C3594ED63
:1029E000110AC2F2000505F1100084ED181AFEF775
:1029F000B5F894ED121A84ED130A05F11800B0EE43
:102A0000410AFEF7ABF8D4ED130A20EE001A20EECF
:102A1000A02A9FED463A32EE011AB4EE431AF1EEC7
:102A200010FA84ED140A29DD00F0F0FF9FED401A42
:102A30009FED402A20EE010A94ED151A9FED3E8A83
:102A400030EE410A30EE020AF0EE480A01F02AFAAE
:102A5000B5EE400A9FED392A30EE081AF1EE10FA71
:102A6000B8BFB0EE410A30EE020A94ED151AB6EE88
:102A7000002A20EE020A30EE010A01E094ED150A68
:102A80009FED2D8AF0EE480A01F00CFA30EE081A9C
:102A9000B5EE400AF1EE10FAB8BFB0EE410A94ED7F
:102AA000161A9FED242A84ED150A30EE410A30EE05
:102AB000020AF0EE480A01F0F5F930EE081AB5EE18
:102AC000400AF1EE10FAB8BFB0EE410A9FED1B1AB2
:102AD00094ED042A30EE010A80EE020A9FED181AE6
:102AE00005F1200020EE010AFEF738F894ED0C1AEB
:102AF000B1EE412AB4EE410AF1EE10FAB4EE420A08
:102B0000C8BFB0EE410AF1EE10FAB8BFB0EE420A0B
:102B1000606D84ED170AA065BDEC0A8BB0BD00BFE7
:102B20000000C8420000C8C2000000000AD7233CD1
:102B3000E12E6542000034430000B443000034C37A
:102B400039FA8E3C10B541F68854C2F2000404F103
:102B50003C002421F1F77EFBA069206610BD000037
:102B600040F27430C2F20000417A07291ED80122D7
:102B70008A4012F00C0F15D112F0420F0ED1012233
:102B800002FA01F111F0810F10D040F219410270E8
:102B9000A1F2251080B2FCF7BDBC00BF00F10A0114
:102BA00006E000BF00F10C0102E000BF00F10E01E1
:102BB00009880322282988BF01222929027005D308
:102BC000A1F2251080B2FCF7A5BC00BF002080B2A6
:102BD000FCF7A0BC40F2F030C2F2000000214162DC
:102BE000028D8285416381637047000041F6944005
:102BF000C2F2000090ED1E3A30EE600A90ED1F4ADE
:102C000030EE033A90ED1B1A90ED1C2AB1EE445AB7
:102C1000B4EE443AF1EE10FAB4EE453AC8BFB0EE65
:102C2000443AF1EE10FAB8BFB0EE453A22EE032A6C
:102C300021EE000A90ED201A30EE020AB1EE412A90
:102C4000B4EE410A80ED1E3AF1EE10FAB4EE420AFB
:102C5000C8BFB0EE410AF1EE10FAB8BFB0EE420ABA
:102C600080ED210A70470000002804BF0320704750
:102C7000B0F80AC0BCF1000F04BF0220704729B1B0
:102C800002688388D25C0A70B0F80AC08188038920
:102C90000131B1FBF3F202FB13118180ACF10101B0
:102CA000418100207047000000284FF0030218BF48
:102CB000002901D110467047428903899A4203D105
:102CC00001221046704700BF09780268C388D154BA
:102CD000C18802890131B1FBF2F303FB1211428971
:102CE000C180511C4181002070470000034600282C
:102CF0004FF0030018BF002900D17047002A08BF19
:102D000070470020C3E900101A8158817047000005
:102D100080B540F23820C2F20000407807280CD875
:102D2000A321C140C90708D013A151F82000817820
:102D3000008840EA0140FFF735FC40F25020C2F223
:102D40000000006B40F2003C01784078CA00042982
:102D50004FF00001C0F2021C4FF0000338BF2CFA04
:102D600002F1C200042838BF2CFA02F3C8B2D9B26B
:102D7000BDE88040FDF780BFEB400108F44001084A
:102D8000F4400108F4400108F4400108EE40010855
:102D9000F4400108E8400108132888BF7047DFE8C5
:102DA00000F00B875F734199AD7DCB55C1374BA3C5
:102DB0002D69238FB7D500BF10B50C4600F028FA57
:102DC00040F6C841C2F20001087040F2382040F2DB
:102DD0005022C2F20000C2F200024078928848708D
:102DE0004A800868206010BD40F23820C2F200001E
:102DF00040688068C0690860704700BF40F23820B2
:102E0000C2F2000040688068006D0860704700BF33
:102E100040F23820C2F2000040688068006B086011
:102E2000704700BF40F23820C2F20000406880685E
:102E300040680860704700BF40F23820C2F20000CE
:102E400040688068406A0860704700BF40F23820E0
:102E5000C2F200004068806880690860704700BF67
:102E600040F23820C2F20000406800680068086044
:102E7000704700BF40F23820C2F20000406880680E
:102E8000C06C0860704700BF40F23820C2F20000FA
:102E90004068806800680860704700BF40F23820D2
:102EA000C2F2000040688068406B0860704700BF55
:102EB00040F25020C2F2000000680860704700BF76
:102EC00040F23820C2F2000040688068006A086062
:102ED000704700BF40F23820C2F2000040688068AE
:102EE00080680860704700BF40F23820C2F20000DE
:102EF00040688068806A0860704700BF40F23820F0
:102F0000C2F2000040688068806B0860704700BFB4
:102F100040F23820C2F2000040688068806D08608E
:102F2000704700BF40F23820C2F20000406880685D
:102F3000C06A0860704700BF40F23820C2F200004B
:102F40004068806840690860704700BF40F23820E0
:102F5000C2F2000040688068406D08607047000061
:102F600070B50D4641F6F051C2F2000101EB85014A
:102F70001E461446FFF710FF002E08BF70BDA800C4
:102F800041F6F051021DC2F200012046BDE870403A
:102F9000F1F747B940F27430C2F20000407A70474E
:102FA000B0B59FED1A1A40F2743581EE000A41F671
:102FB0000444C2F200050020C2F20004C5E9020088
:102FC0002046002185ED010AF6F7C4FD20460421C4
:102FD000F6F7C0FD20460821F6F7BCFD204600218B
:102FE000F5F770FF20460421F5F76CFF2046082115
:102FF000F5F768FF40F60000C4F202004FF40051FC
:1030000001220124F3F786FA2C72B0BD31396345F1
:103010009FED772ABEEE001A20EE811A20EE020AFA
:1030200030EE011A0021F5EE400A31EE202AF1EED1
:1030300010FAC8BF0121B5EE401A40F2743CF1EE1F
:1030400010FAC8BF0231B5EE402AC2F2000CF1EE10
:1030500010FA9CED014AB8BF043124EE200A22EE9A
:10306000443A21EE042ADFE801F005131B0D2B334F
:10307000230500BF9FED5F1A00218CF80910B0EE08
:10308000410A2CE001218CF80910B0EE421A26E02A
:1030900002218CF80910B1EE430AB1EE421A1EE08B
:1030A00006218CF80910B1EE400AB1EE431A16E081
:1030B0000521B0EE431AB0EE420A8CF809100EE07A
:1030C00004218CF80910B1EE401AB1EE420A06E074
:1030D00003218CF80910B0EE401AB0EE430A9FEDC0
:1030E000462A31EE003AB4EE423AF1EE10FA1DDD16
:1030F00082EE033A9FED3F2A20EE030A21EE031AE7
:10310000013905291DD832EE000A31EE001ADFE838
:1031100001F003452D372353BDEEC11A11EE101AED
:10312000BDEEC00AACF80A1040E000BF32EE402A03
:1031300032EE412AB6EE003A22EE032A0139052981
:10314000E1D9BDEEC20A10EE103A19461A46ACF8A3
:103150000A30ACF80C303FE0BDEEC00A10EE101A99
:10316000ACF80A10BDEEC20A12E000BFBDEEC22AE2
:1031700012EE101ABDEEC11AACF80A1024E000BF1E
:10318000BDEEC22A12EE101ABDEEC00AACF80A104B
:1031900010EE102ABDEEC10A1AE000BFBDEEC00A53
:1031A00010EE101AACF80A10BDEEC10A10EE102A8B
:1031B000BDEEC20A0CE000BFBDEEC11A11EE101A3E
:1031C000ACF80A10BDEEC21A11EE102ABDEEC00A0C
:1031D000ACF80C2010EE103A41F60440C2F20000A8
:1031E0000068ACF80E3043638263C163704700BF70
:1031F000D7B35D3F000000000030034544F2F1000A
:10320000C0F601008178008840EA0140FFF7CAB9A2
:1032100041F6EC50C2F200000078704741F6EC51E4
:10322000C2F200010870704780B540F2B44EC2F29D
:10323000000E0EF1100EDDF808C08EE80F1080BDF4
:1032400040F2B440C2F20000002180ED000A80ED9F
:10325000010AC0E90211704740F2B440C2F2000016
:1032600080ED020A7047000040F2B440C2F2000054
:1032700080ED000A7047000040F2B441C2F2000144
:1032800091F8202091ED001A0023C0E900338360FB
:1032900082B391ED012A91ED024A91ED055A24EE97
:1032A000043A75EE050A31EE426AC3EE201AB0EE1A
:1032B000C63AB5EE406A9FED5D6A9FED5D7AF1EE2C
:1032C00010FAC8BF0123B4EE465AF0EE473AB8BF31
:1032D000013B02EE903AF1EE10FAC8BFF0EE613A0F
:1032E000B4EE633AF1EE10FAF8EEE21A06DD91ED73
:1032F000047A0CE080ED001A94E000BF63EE200A2F
:10330000F5EE400AF1EE10FA01DBB1EEE07A27EEBD
:10331000217A012A37EE447A1AD125EE005AB0EE0E
:10332000C76AB4EE456AF1EE10FA0EDD0022B5EE82
:10333000407AF1EE10FAC8BF0122B8BF013A06EE9A
:10334000102AB8EEC66A25EE067A34EE074A40E047
:10335000DFED370AB4EE460A87EE007AF1EE10FA96
:10336000C8BFF0EE470AB1EE456AF4EE450AF1EE49
:1033700010FAF4EE460AC8BFF0EE450AF1EE10FA74
:10338000B8BFF0EE460A91ED035A91ED066A30EEB1
:10339000C57A26EE006AF0EEC70AF4EE460AF1EEB0
:1033A00010FA0EDD0022B5EE407AF1EE10FAC8BF39
:1033B0000122B8BF013A07EE102AB8EEC77A26EE0E
:1033C000077A35EE075A81ED035A25EE005A35EE9D
:1033D000044A24EE000A30EE020A91ED072A81ED3C
:1033E000010A80ED000A9FED130AB5EE402A81ED37
:1033F000024A80ED014AF1EE10FAC8BFB0EE420A6F
:10340000B4EE403AF1EE10FA4FF000020BDCB0EEF1
:10341000C42AB4EE402AF1EE10FA04DC81ED011A60
:10342000C1E9022201220272704700BFBD37863512
:10343000000000006F12833A0020C4F202004FF433
:1034400080710122F3F766B840F6545CC2F2000CBA
:103450009CF80030002B18BF704740F20133ACF8E5
:1034600000308CF802008CF80320CCF80410FBF735
:1034700025B80000002A04BF002070472DE9F04362
:1034800081B0042A02F0030C06D200264FF0000996
:10349000BCF1000F1ED12AE002F0FC07C7F1000EBC
:1034A00001F101084FF000096FF0030408EB040379
:1034B000DE781D795F794E449B79354404343D4470
:1034C0000EEB0406043603EB0509EFD1261DBCF113
:1034D000000F0CD08D5DBCF1010FA94407D00E4444
:1034E0007578BCF1020FA9441CBFB378994440F22F
:1034F0007F15C2F20005EC1C68702046AA701646C3
:10350000F0F78FFE85F8839004F8069095F8840014
:10351000A1194870701DC4B228462146F1F70CFB72
:1035200041F6ED56C2F20006F0B130780A281FD8F5
:103530000130307040F27F10C2F200002146F1F7F6
:10354000FBFA70B140F27F15C2F2000530780A280C
:1035500012D80130307028462146F1F7EDFA0028E4
:10356000F4D10121002009E00120012106E000BF83
:103570000021012002E000BF002000210022327063
:10358000084001B0BDE8F083B0B540F2BC74C2F2AF
:103590000004601C8321F0F75DFE40F64105C2F295
:1035A0000005681C8321F0F755FE55202870AA23DA
:1035B000207041F64C4040F6C74185F88430C2F295
:1035C0000000C2F20001012284F88430BDE8B0405E
:1035D000F6F71ABF002A08BF70472DE9F04740F6FA
:1035E00041088146C2F20008042A02F0030C88F860
:1035F000010088F8022005D200270023BCF1000F4B
:103600001ED12AE002F0FC03C3F1000E01F1010A11
:1036100000236FF0030500BF0AEB0504E07827796B
:10362000667918440435A47938440EEB0503304418
:10363000043304EB0003EFD12F1DBCF1000F0CD0BD
:10364000CE5DBCF1010F334407D00F447E78BCF14E
:10365000020F33441CBFB878034408F10305284621
:1036600088F883301646F0F7DCFD98F8000040F645
:10367000CC47C2F200073870F81C2946324687F85A
:103680000190BE70F0F7CDFDB8F88330701DF519CC
:10369000C2B241F64C40C2F200003946A5F80330F0
:1036A000BDE8F047F6F780BFB0B540F2D825C2F2CA
:1036B000000504462878217801280FD140F2BC7318
:1036C000C2F2000393F88400814211D158789A78AD
:1036D000D91C00F039F8002028702BE040F641009A
:1036E000C2F200000078814204BF0120286021E07E
:1036F0006878012802D018B9597019E0997017E05C
:1037000093F802C00CF10202824207D9C21851702C
:1037100021786A88114469800AE000BF02D183F8E9
:10372000831005E00CF1030181423CBF00212970A8
:103730000130687041F64C40C2F20000214601227F
:10374000BDE8B040F6F760BE40F6545CC2F2000C33
:103750009CF80030002B18BF704740F20123ACF8F2
:1037600000308CF802008CF80320CCF80410FAF733
:10377000A5BE0000A1F1090212F1080F38BF704781
:10378000026840F6CC4CC2F2000C0129CCF80020B3
:1037900020D042680229CCF804201BD0826803297B
:1037A000CCF8082016D0C2680429CCF80C2011D01F
:1037B00002690529CCF810200CD042690629CCF802
:1037C000142007D082690729CCF818201CBFC069D3
:1037D000CCF81C0080B5042000EB81004FF0FF4EB8
:1037E000C2B241F64C400B46C2F2000061464CF8B2
:1037F00023E0BDE88040F6F7D7BE000020EEA01A17
:1038000020EE000A30EE010AB1EEC00A41F6944003
:10381000C2F2000090ED2E1A31EE400AB5EE400AD9
:10382000F1EE10FAC4BF9FED1D0A704790ED173AF4
:1038300090ED184A30EE033A90ED141A90ED152AE7
:10384000B1EE445AB4EE443AF1EE10FAB4EE453A11
:10385000C8BFB0EE443AF1EE10FAB8BFB0EE453A48
:1038600022EE032A21EE000A90ED191A30EE020A28
:10387000B1EE412AB4EE410A80ED173AF1EE10FAAA
:10388000B4EE420AC8BFB0EE410AF1EE10FAB8BF7A
:10389000B0EE420A80ED1A0A704700BF0000000037
:1038A0004EF6085044F20001CEF20000C0F60001CE
:1038B000016062B6F2F760FEF7F758FDF7F7E0F83F
:1038C000F7F788F8F7F788F9F7F7D8F9F6F7C2FFAE
:1038D000F7F716F8F7F75EF8F7F7A8F9F7F7E2FA4F
:1038E000F7F730FAF7F7FCFA40F2A824C2F2000426
:1038F000F7F79EFDF2F71AFE2168401A6060F2F7B2
:1039000015FE2060F4E7000000284FF0000218BF09
:10391000002901D1104670472DE9F04140F2FA0824
:10392000C2F20008037898F80060B34250D10B78D7
:1039300098F88450034413F8016CAE4248D113F850
:1039400002EC88F883E00E78062E09D3711F063E3C
:10395000032E01F0030C05D20021032513E000BF64
:10396000002120E021F00305002100240619F3784E
:10397000377972791944B679394411440434A5422F
:103980003144F3D1E51CBCF1000F0CD0445DBCF117
:10399000010F214407D005446C78BCF1020F21448B
:1039A0001CBFAE783144C9B28E4517D185784478B2
:1039B00008F10306C11C30462A4688F8014088F801
:1039C0000250F0F72EFC204631462A46FFF73CFD18
:1039D0000122BDE8F0411046704700BF0022BDE85B
:1039E000F041104670474100080218BF04200A0E3B
:1039F00018BF40F001004FF07F4232EA010108BFDA
:103A000040F00200012808BF0520704770B54FF054
:103A100068422DED048BF0EE408A18EE900AB0EE6D
:103A2000608A18EE101A02EB4003B3F1654F3CBFF9
:103A300002EB4102B2F1654F7DD200BFC0F3C75324
:103A4000C1F3C7529A1A1B2A09DD10F0004F14BFA8
:103A50009FED830A9FED830ABDEC048B70BD12F1CC
:103A60001A0F36DA11F0004F09D010F0004F0CBFDA
:103A70009FED7D0A9FED7D0ABDEC048B70BD88EE45
:103A8000889A19EE100AFFF7AEFF042808BF00F06D
:103A9000E9FA18EE900AFFF7A6FF054618EE100A9D
:103AA000FFF7A1FF044619EE100AFFF79CFF042D53
:103AB00018BF052D08D1042C18BF052C04D10028EF
:103AC00004BF022000F0E6FAB0EE490ABDEC048B18
:103AD00070BD4200B2EB410F3AD910F0004F19BF50
:103AE000DFED630A9FED630ADFED630A9FED630A72
:103AF000B0EE481A0A46B1EE688A80F00041F0EE56
:103B0000418A10460A1A5200B2F1807F34D24840EE
:103B100010F0004FDFED5A1A9FED5A2A1DBFBEEE7E
:103B2000001A70EEE10A30EE420AB6EE001A08BF43
:103B300070EEA10A00E040E008BF30EE020AB0EEED
:103B4000682A01EE482A08EE818AC2EE081A15E0BA
:103B500011F0004F04BF9FED4C0AF0EE400AD1D0A7
:103B600010F0004F19BFDFED490A9FED490ADFED64
:103B7000490A9FED490AC5E7C8EE881A21EEA11A45
:103B80009FED462ADFED462A41EE022A9FED452AA7
:103B900001EE222ADFED442A41EE022A9FED432A5C
:103BA000BDEC048B01EE222A21EE811A01EE020AFD
:103BB00030EE210A30EE200A70BD4FF07F42B2EBAA
:103BC000400F28BFB2EB410F09D2F0EE480AB0EE29
:103BD000680ABDEC048BBDE8704000F030BA40EAE2
:103BE00001035B0008BF41F0FF410BD0B2EB400F77
:103BF00008BFB2EB410F08D120F0804008EE900AD8
:103C000021F0804108EE101A18E7B2EB400F12BF06
:103C10005FEA410340F0FF4001F000413FF40EAF86
:103C2000B2EB410F12BF5FEA400200F0004041F0EA
:103C3000FF413FF403AF4A0092EA40033FF5FEAE76
:103C4000002AACBF9FED1A0A9FED1A0A68EE808A1F
:103C500028EE008A18EE900A18EE101AEEE6000020
:103C6000DB0FC9BFDB0FC93FDB0F4940DB0F49C08A
:103C70000000C9BF22AAFDB90000C93F22AAFD3930
:103C80000060ED3EC30ACE3700000000000049C0CE
:103C900022AA7DBA0000494022AA7D3A2DAD65BD19
:103CA0008FB8D53D0FB511BE61C84C3EA8AAAABEBB
:103CB0000000804F0000802F10B510EE104A4FF02A
:103CC00019406949002200EB44002DED028B884227
:103CD00057D8DFED660A14F0004F60EE200A14BFDB
:103CE000BEEE001AB6EE001A71EE200AFDEEE00AF2
:103CF00010EE900A00EE900AF8EEE00A9FED5C1AD2
:103D000000EEC10A9FED5B1A00EEC10ADFED5A0A10
:103D10009FED5A1A00EE201ADFED590A40EE010A13
:103D20009FED581A584B00F0030100EE201A21EEC7
:103D3000000A7B4403EB8103D3ED000A534B7B4421
:103D400003EB810393ED001A514B41EE000A7B44D3
:103D500003EB8101801091ED000A70EE800AEABB4E
:103D600000EE100AB8EEC01ADFED4A1A9FED4A0ABB
:103D7000BDEC028B01EE210ABCEEC00A20EE200A47
:103D800010BD4FF0FF40A0431DD04FF0CE40B0EB30
:103D9000440F81BFF7EE000A30EE200ABDEC028B23
:103DA00010BD3E48B0EB440F28BF012291D2022043
:103DB00000F070F914F0004F15D0BDEC028BBDE897
:103DC000104000F04FB914F5000F02BF9FED340A08
:103DD000BDEC028B10BDBDEC028B00E009E0BDE83C
:103DE000104000F029B9BDEC028BBDE8104000F096
:103DF00031B900EBD07359104FF07E5202EBC15134
:103E000000EE101AA0EB630002EBC05060EE200A37
:103E100000EE100A20EE208A18EE100A88B118EE83
:103E2000100AB0F1FF4F15D018EE100AFFF7DBFDB6
:103E3000042808BF00F016F9B0EE480ABDEC028B6A
:103E400010BD022000F026F9BDEC028BBDE8104049
:103E500000F008B9022000F01DF9BDEC028BBDE8AE
:103E6000104000F0F7B800000000501E3BAAB84018
:103E70000070313EF4FD053712BB2A3D12BB2A3ECD
:103E8000FFFFFF3EFFFF7F3F7A0300007E0300003D
:103E90004E0300000000004B00007E4E0000A08595
:103EA0000000000010B52DED028BF0EE408A18EEF8
:103EB000900AB0EE608A20F00040C0F1FF40C00FD1
:103EC00007D118EE100A20F00040C0F1FF40C00FEB
:103ED0002BD018EE101A18EE900AF0F7A5FB00EEA2
:103EE000100A10EE100A6FEAD05010F0FF0F04BF56
:103EF000BDEC028B10BD18EE900A00F0004110EEF0
:103F0000100A00F00040814204BFBDEC028B10BDDE
:103F100018EE101A10EE100ABDEC028B61F31E00B1
:103F200000EE900A30EE600A10BD18EE900A4FF0D5
:103F30007F41B1EB400F1CBF18EE100A5FEA400052
:103F4000C7D1012000F0A6F8BDEC028BBDE81040FF
:103F500000F078B810B510EE104A2DED028B4FF03E
:103F60007F40B0EEC08AB0EB440F55D318EE101A64
:103F70002C4A914220DD18EE101AB0EB410F1BD3F2
:103F800018EE101A284AF7EE008A914207DD18EE63
:103F9000101AB0EB410F28BFB0EE680A35D238EEE8
:103FA000080AFFF789FE70EE280AB0EE001A81EECB
:103FB000200A38EEC00A28E018EE101AB1F1665F48
:103FC0000FDA18EE101AB0EB410F0AD318EE100AF0
:103FD000FFF709FD042808BF00F044F8B0EE480AD6
:103FE00013E028EE080ADFED110ADFED111A9FED4C
:103FF000111A40EE210A60EE800A30EE010A80EECE
:10400000801AB0EE480A08EE010A002CB8BFB1EEE3
:10401000400ABDEC028B10BDBDEC028BBDE8104028
:1040200000F00AB8549F0C3FB32C1041C6E252BFB7
:10403000B2117BBB1A2A1E4030EE000A704730EEE8
:10404000200A7047DFED020A80EEA00A70470000E8
:10405000000000009FED020A20EE000A70470000F9
:10406000000000709FED020A20EE000A7047000079
:104070000000001002E008C8121F08C1002AFAD18F
:1040800070477047002001E001C1121F002AFBD1D8
:1040900070470000014908607047000000000020E0
:1040A0000000803F0030983F0000B53F0040D73F00
:1040B00000000000320A7E397F661E395B991F3985
:1040C0000000803FF037983FF304B53FFD44D73FF1
:1040D00000000000000000000102030406070809B8
:1040E0000000000001020304E60000002FA7068084
:1040F00043E8582781D8D0000200000004000000E7
:104100000800000010000000FDFFFFFFFBFFFFFFA5
:10411000F7FFFFFFEFFFFFFFFFFDFFFFFFFBFFFFCD
:10412000FFF7FFFFFFEFFFFF000610160006101657
:10413000F0787878787878787878736E6A666360E3
:104140005D5A58565452504E4D4B4A484746444388
:104150004241403F3E3D3C3B3A39393837363635AF
:1041600034333332323130302F2F2E2D2D2C2C2B57
:104170002B2A2A2A292928282727262626252525C5
:1041800024242323232222222121212020201F1F17
:104190001F1E1E1E1E1D1D1D1C1C1C1C1B1B1B1B55
:1041A0001A1A1A1A19191919181818181717171787
:1041B00017161616161515151515141414141413B0
:1041C00013131313131212121212111111111111D0
:1041D0001010101010100F0F0F0F0F0F0E0E0E0EED
:1041E0000E0E0E0D0D0D0D0D0D0C0C0C0C0C0C0C03
:1041F0000B0B0B0B0B0B0B0B0A0A0A0A0A0A0A0918
:104200000909090909090908080808080808080728
:104210000707070707070707060606060606060636
:104220000605050505050505050504040404040443
:104230000400000032A5773A32A5F73A32A5773A62
:104240001BA2F4BFDB3B6A3F00000000920E493C1A
:10425000B10AC93C2BC3163D2EFB483D752B7B3D57
:1042600004A9963D80B6AF3D36BDC83D2FBCE13DAB
:1042700073B2FA3D87CF093E8340163EB5AB223E6E
:10428000A2102F3ECF6E3B3EC2C5473E0115543EA5
:10429000135C603E7F9A6C3ECCCF783EC07D823E00
:1042A000938E883E229A8E3E32A0943E86A09A3EFD
:1042B000E59AA03E128FA63ED47CAC3EEF63B23EA0
:1042C0002A44B83E491DBE3E15EFC33E53B9C93E10
:1042D000CA7BCF3E4136D53E80E8DA3E4F92E03E83
:1042E0007533E63EBBCBEB3EEA5AF13ECBE0F63E01
:1042F000275DFC3EE4E7003F3D9C033F824B063FC9
:104300009BF5083F6B9A0B3FDA390E3FCDD3103F38
:104310002A68133FD9F6153FC07F183FC6021B3FDE
:10432000D17F1D3FCBF61F3F9967223F25D2243F07
:104330005636273F1594293F4AEB2B3FDE3B2E3F55
:10434000BB85303FC9C8323FF304353F233A373F7E
:104350004268393F3B8F3B3FF9AE3D3F67C73F3F28
:1043600070D8413F01E2433F03E4453F65DE473FEC
:1043700012D1493FF8BB4B3F029F4D3F207A4F3F40
:104380003D4D513F4918533F31DB543FE595563F72
:104390005348583F6AF2593F1A945B3F532D5D3F93
:1043A00005BE5E3F2146603F97C5613F5A3C633F73
:1043B00059AA643F880F663FD86B673F3CBF683F90
:1043C000A7096A3F0C4B6B3F5E836C3F93B26D3F16
:1043D0009ED86E3F73F56F3F0809713F5213723FCD
:1043E0004714733FDD0B743F0BFA743FC6DE753F15
:1043F00007BA763FC58B773FF853783F9812793FDD
:104400009DC7793F02737A3FBE147B3FCDAC7B3FA3
:10441000283B7C3FC9BF7C3FAC3A7D3FCCAB7D3F66
:1044200023137E3FB0707E3F6DC47E3F580E7F3FAA
:104430006D4E7F3FAB847F3F0FB17F3F97D37F3F70
:1044400043EC7F3F11FB7F3F0000803F11FB7F3F2C
:1044500043EC7F3F97D37F3F0FB17F3FAB847F3FDC
:104460006D4E7F3F580E7F3F6DC47E3FB0707E3FE4
:1044700023137E3FCCAB7D3FAC3A7D3FC9BF7C3F31
:10448000283B7C3FCDAC7B3FBE147B3F02737A3F21
:104490009DC7793F9812793FF853783FC58B773F96
:1044A00007BA763FC6DE753F0BFA743FDD0B743FEB
:1044B0004714733F5213723F0809713F73F56F3F02
:1044C0009ED86E3F93B26D3F5E836C3F0C4B6B3F4B
:1044D000A7096A3F3CBF683FD86B673F880F663FBC
:1044E00059AA643F5A3C633F97C5613F2146603FEC
:1044F00005BE5E3F532D5D3F1A945B3F6AF2593F04
:104500005348583FE595563F31DB543F4918533FD8
:104510003D4D513F207A4F3F029F4D3FF8BB4B3FEF
:1045200012D1493F65DE473F03E4453F01E2433F87
:1045300070D8413F67C73F3FF9AE3D3F3B8F3B3FA0
:104540004268393F233A373FF304353FC9C8323F09
:10455000BB85303FDE3B2E3F4AEB2B3F1594293F76
:104560005636273F25D2243F9967223FCBF61F3F7F
:10457000D17F1D3FC6021B3FC07F183FD9F6153FB4
:104580002A68133FCDD3103FDA390E3F6B9A0B3FA9
:104590009BF5083F824B063F3D9C033FE4E7003F0D
:1045A000275DFC3ECBE0F63EEA5AF13EBBCBEB3E4C
:1045B0007533E63E4F92E03E80E8DA3E4136D53E26
:1045C000CA7BCF3E53B9C93E15EFC33E491DBE3E1F
:1045D0002A44B83EEF63B23ED47CAC3E128FA63E76
:1045E000E59AA03E86A09A3E32A0943E229A8E3E44
:1045F000938E883EC07D823ECCCF783E7F9A6C3EC3
:10460000135C603E0115543EC2C5473ECF6E3B3E33
:10461000A2102F3EB5AB223E8340163E87CF093E07
:1046200073B2FA3D2FBCE13D36BDC83D80B6AF3D0B
:1046300004A9963D752B7B3D2EFB483D2BC3163DB3
:10464000B10AC93C920E493C00000000920E49BCE0
:10465000B10AC9BC2BC316BD2EFB48BD752B7BBD53
:1046600004A996BD80B6AFBD36BDC8BD2FBCE1BDA7
:1046700073B2FABD87CF09BE834016BEB5AB22BE6A
:10468000A2102FBECF6E3BBEC2C547BE011554BEA1
:10469000135C60BE7F9A6CBECCCF78BEC07D82BEFC
:1046A000938E88BE229A8EBE32A094BE86A09ABEF9
:1046B000E59AA0BE128FA6BED47CACBEEF63B2BE9C
:1046C0002A44B8BE491DBEBE15EFC3BE53B9C9BE0C
:1046D000CA7BCFBE4136D5BE80E8DABE4F92E0BE7F
:1046E0007533E6BEBBCBEBBEEA5AF1BECBE0F6BEFD
:1046F000275DFCBEE4E700BF3D9C03BF824B06BFC5
:104700009BF508BF6B9A0BBFDA390EBFCDD310BF34
:104710002A6813BFD9F615BFC07F18BFC6021BBFDA
:10472000D17F1DBFCBF61FBF996722BF25D224BF03
:10473000563627BF159429BF4AEB2BBFDE3B2EBF51
:10474000BB8530BFC9C832BFF30435BF233A37BF7A
:10475000426839BF3B8F3BBFF9AE3DBF67C73FBF24
:1047600070D841BF01E243BF03E445BF65DE47BFE8
:1047700012D149BFF8BB4BBF029F4DBF207A4FBF3C
:104780003D4D51BF491853BF31DB54BFE59556BF6E
:10479000534858BF6AF259BF1A945BBF532D5DBF8F
:1047A00005BE5EBF214660BF97C561BF5A3C63BF6F
:1047B00059AA64BF880F66BFD86B67BF3CBF68BF8C
:1047C000A7096ABF0C4B6BBF5E836CBF93B26DBF12
:1047D0009ED86EBF73F56FBF080971BF521372BFC9
:1047E000471473BFDD0B74BF0BFA74BFC6DE75BF11
:1047F00007BA76BFC58B77BFF85378BF981279BFD9
:104800009DC779BF02737ABFBE147BBFCDAC7BBF9F
:10481000283B7CBFC9BF7CBFAC3A7DBFCCAB7DBF62
:1048200023137EBFB0707EBF6DC47EBF580E7FBFA6
:104830006D4E7FBFAB847FBF0FB17FBF97D37FBF6C
:1048400043EC7FBF11FB7FBF000080BF11FB7FBF28
:1048500043EC7FBF97D37FBF0FB17FBFAB847FBFD8
:104860006D4E7FBF580E7FBF6DC47EBFB0707EBFE0
:1048700023137EBFCCAB7DBFAC3A7DBFC9BF7CBF2D
:10488000283B7CBFCDAC7BBFBE147BBF02737ABF1D
:104890009DC779BF981279BFF85378BFC58B77BF92
:1048A00007BA76BFC6DE75BF0BFA74BFDD0B74BFE7
:1048B000471473BF521372BF080971BF73F56FBFFE
:1048C0009ED86EBF93B26DBF5E836CBF0C4B6BBF47
:1048D000A7096ABF3CBF68BFD86B67BF880F66BFB8
:1048E00059AA64BF5A3C63BF97C561BF214660BFE8
:1048F00005BE5EBF532D5DBF1A945BBF6AF259BF00
:10490000534858BFE59556BF31DB54BF491853BFD4
:104910003D4D51BF207A4FBF029F4DBFF8BB4BBFEB
:1049200012D149BF65DE47BF03E445BF01E243BF83
:1049300070D841BF67C73FBFF9AE3DBF3B8F3BBF9C
:10494000426839BF233A37BFF30435BFC9C832BF05
:10495000BB8530BFDE3B2EBF4AEB2BBF159429BF72
:10496000563627BF25D224BF996722BFCBF61FBF7B
:10497000D17F1DBFC6021BBFC07F18BFD9F615BFB0
:104980002A6813BFCDD310BFDA390EBF6B9A0BBFA5
:104990009BF508BF824B06BF3D9C03BFE4E700BF09
:1049A000275DFCBECBE0F6BEEA5AF1BEBBCBEBBE48
:1049B0007533E6BE4F92E0BE80E8DABE4136D5BE22
:1049C000CA7BCFBE53B9C9BE15EFC3BE491DBEBE1B
:1049D0002A44B8BEEF63B2BED47CACBE128FA6BE72
:1049E000E59AA0BE86A09ABE32A094BE229A8EBE40
:1049F000938E88BEC07D82BECCCF78BE7F9A6CBEBF
:104A0000135C60BE011554BEC2C547BECF6E3BBE2F
:104A1000A2102FBEB5AB22BE834016BE87CF09BE03
:104A200073B2FABD2FBCE1BD36BDC8BD80B6AFBD07
:104A300004A996BD752B7BBD2EFB48BD2BC316BDAF
:104A4000B10AC9BC920E49BC00000080704A01083E
:104A500000000020A802000064470008884B0108FD
:104A6000A8020020E02500008440010800000000AA
:104A700051420142102F51C2000889C2000899C258
:104A80000008B5C22E08D5C200082DC2000861C2B8
:104A900000082E24F400F1BE000849BD000841C002
:104AA0005208DDA9BD000895BC00080DBD00082F07
:104AB00045BE0008F1BD00089DBE0008E1BD3D08EF
:104AC00009024300020100C03209042E0102020162
:104AD0000005240010010524012901042402020517
:104AE00024064F0107058203080010090401000293
:104AF0000A360705010240460705810240450A06BD
:104B000000024340012D1201000202020040830412
:104B100041573602010203012FE54A0008E14A002D
:104B200008DD4A0008114B0C1908354B0008040336
:104B300009041A0302843A03840D3A720DD3E55E28
:104B400042015D14030020DC020020EC0D00207BFC
:104B5000550D0020540D002000012F1C0200209450
:104B60001C0020881D0020E80E062D207803002060
:104B70000911280200203402002002100115FF83D1
:084B8000FF84000000000000AA
:040000050800418925
:00000001FF
