:020000040800F2
:10000000F82E00209D0100083D840008D17A0008E8
:100010003984000861080008C1DD00080000000004
:10002000000000000000000000000000F592000841
:100030001912000800000000D98B0008B1930008D5
:10004000B7010008B7010008B7010008B7010008B0
:10005000B7010008B7010008B7010008B7010008A0
:10006000B7010008B7010008B70100081110000827
:10007000B7010008B701000821100008B701000807
:1000800031100008B7010008B7010008B7010008E7
:10009000B7010008B7010008B7010008B701000860
:1000A000B7010008B7010008B7010008B701000850
:1000B000B7010008B7010008B7010008B701000840
:1000C000B7010008B7010008B7010008B701000830
:1000D000B7010008B7010008B7010008B701000820
:1000E000B7010008B7010008B7010008B701000810
:1000F0007D950008B7010008B7010008B7010008A6
:10010000B7010008B7010008B7010008B7010008EF
:10011000B7010008B7010008B7010008B7010008DF
:1001200041100008B701000851100008B70100088D
:10013000B70100080000000000000000B70100083F
:1001400065080008B7010008B7010008AD84000881
:1001500061100008B701000871100008B70100081D
:10016000B7010008B7010008B7010008B70100088F
:10017000B7010008B70100080000000000000000FF
:10018000B7010008B7010008DFF80CD000F0E8F86C
:1001900000480047C1F70008F82E002006488047B5
:1001A00006480047FEE7FEE7FEE7FEE7FEE7FEE75C
:1001B000FEE7FEE7FEE7FEE7799400088901000804
:1001C0002DE9F05F0546002092469B46884606468C
:1001D000814640241BE0284641464746224600F01F
:1001E000AFF853465A46C01A914110D311461846EB
:1001F000224600F096F82D1A67EB01084F4622467A
:100200000120002100F08DF817EB00094E41201E5F
:10021000A4F10104DFDC484631462A464346BDE8E6
:10022000F09F40EA01039B0703D009E008C9121FB1
:1002300008C0042AFAD203E011F8013B00F8013BA0
:10024000521EF9D27047D2B201E000F8012B491ECC
:10025000FBD270470022F6E710B513460A46044663
:100260001946FFF7F0FF204610BD421E12F8013F6D
:10027000002BFBD111F8013B02F8013B002BF9D117
:100280007047421C10F8011B0029FBD1801A7047EF
:1002900030B5041E71F1000404DB4FF0004440420D
:1002A00064EB0101141E73F1000405DB1C464FF0E2
:1002B0000043524263EB0403801A994101D30120A9
:1002C00030BD002030BD30B5041E71F1000404DBE8
:1002D0004FF00044404264EB0101141E73F100042E
:1002E00005DB1C464FF00043524263EB0403801AC7
:1002F000994101D2012030BD002030BD00F0004204
:1003000030F000400AD0C10D01F56071C0F3160055
:1003100042EA0151C20840071143704700200146DC
:100320007047202A04DB203A00FA02F100207047CF
:100330009140C2F1200320FA03F319439040704723
:10034000202A04DB203A21FA02F00021704721FA2A
:1003500002F3D040C2F12002914008431946704791
:100360001CB509480090094801900546009C06E02C
:10037000E06840F0010394E8070098471034AC426D
:10038000F6D3FFF705FF0000B8450108D84501087E
:1003900030B58C1810F8012B12F00F0301D110F8B2
:1003A000013B120906D110F8012B03E010F8015BA4
:1003B00001F8015B5B1EF9D101E001F8013B521E1F
:1003C000FBD1A142E6D3002030BD000080B582B051
:1003D00001900198806B00900098006C10F0500F15
:1003E0003AD1FFE70099086C40F400700864009867
:1003F0000068806810F0405F2AD1FFE70098007E17
:1004000030BBFFE700980068C06A10F4700F07D097
:10041000FFE70098006880684005002818D4FFE7CF
:1004200000980168486820F0200048600099086C36
:1004300020F4807008640098006CC004002806D482
:10044000FFE70099086C40F001000864FFE7FFE750
:10045000009801F081FB10E00098006CC0060028B5
:1004600004D5FFE7009801F07FFB05E00098806B62
:10047000C16C01988847FFE7FFE702B080BD00002C
:1004800080B582B001900198806B00900099402067
:1004900008640099486C40F004004864009801F03A
:1004A00063FB02B080BD000080B582B0019001986E
:1004B000806B0090009801F053FB02B080BD0000FB
:1004C00080B582B042F65C10C2F20000019006F0E6
:1004D000CBF901980C2106F0C3FD42F22800C2F2CC
:1004E000000040F29011C2F20001032201F08AFCE8
:1004F00042F27000C2F2000040F29611C2F2000116
:10050000042201F07FFC019801680120086402B018
:1005100080BD000083B002900191009240F29010E3
:10052000C2F20000018800EE101AB8EE400A9FEDFA
:10053000163A20EE030A9FED152A20EE020A9FEDDF
:10054000141A80EE010A029981ED000A418800EE3A
:10055000101AB8EE400A20EE030A20EE020A80EEDE
:10056000010A019981ED000A808800EE100AB8EEB8
:10057000400A20EE030A20EE020A80EE010A0098EB
:1005800080ED000A03B0704719B32A423333534059
:1005900000F07F4585B0049003910292019342F6EA
:1005A0006120C2F2000000780146009140B1FFE7EF
:1005B0000098012819D0FFE7009802282AD03EE0D1
:1005C00040F29610C2F20000007843F6D731C0F630
:1005D0000101084410F8450C0499087042F66121A5
:1005E000C2F200010120087043E040F29610C2F20E
:1005F0000000407843F6D731C0F60101084410F8F6
:10060000450C0399087042F66121C2F200010220F4
:1006100008702EE040F29610C2F20000807843F697
:10062000D731C0F60101084410F8450C0299087052
:1006300042F66121C2F200010320087019E004981B
:10064000007803990978084402990978084400EE73
:10065000100AB8EEC00AB0EE081A80EE010A01983E
:1006600080ED000A42F66121C2F20001002008700C
:10067000FFE705B07047000081B0009040F296108F
:10068000C2F20000C07800EE100AB8EEC00A9FED7A
:10069000081A20EE010AB3EE001A20EE010A9FEDBF
:1006A000051A80EE010A009880ED000A01B070473B
:1006B0003333534000007F4382B0019042F2003058
:1006C000C4F2010000900099486820F4403048606E
:1006D0000198426800994868104348600198016891
:1006E000486820F480704860019801680269486891
:1006F00040EA0220486001980168486820F0407094
:100700004860019801688268486810434860019811
:100710000168886820F40060886001980168C268F8
:100720008868104388600198806A0121C0F60071D2
:10073000884219D0FFE701980168886820F070604E
:10074000886001980168826A88681043886001980F
:100750000168886820F04050886001980168C26A8A
:100760008868104388600CE001980168886820F070
:100770007060886001980168886820F04050886047
:10078000FFE701980168886820F0020088600198FE
:10079000027E0168886840EA42008860019890F80B
:1007A0002000C8B1FFE701980168486840F4006084
:1007B000486001980168486820F4604048600198EA
:1007C0000168426A4EF20000CFF6FF7000EB423241
:1007D00048681043486006E001980168486820F4C2
:1007E00000604860FFE701980168C86A20F4700063
:1007F000C86201980168C2690020CFF6F07000EB72
:100800000252C86A1043C86201980168886820F4DF
:1008100000708860019890F830200168886840EA8C
:100820004220886001980168886820F480608860B0
:10083000019801684269886840EA8220886002B0B5
:100840007047000081B0ADF80200BDF8020042F62A
:100850005C11C2F200010968086401B07047000031
:10086000FFE7FEE780B542F2B800C2F2000001F0F7
:10087000DFFE80BD80B58CB00B908DF82B100B98EF
:1008800040F2F801C2F2000108609DF82B0000F070
:1008900001008871002005900122069207920B68E2
:1008A000C3F3CF2300930B685B019BB201930290CB
:1008B0000390049008920E220992087142F2B80047
:1008C000C2F20000694601F09DFC38B1FFE740F23A
:1008D000F801C2F2000101200871FFE742F2B800FE
:1008E000C2F2000002F0A4FA38B1FFE740F2F801CA
:1008F000C2F2000101200871FFE742F2B800C2F223
:100900000000022101F0A8FB38B1FFE740F2F80136
:10091000C2F2000101200871FFE740F2F800C2F2C4
:1009200000008079C00768B1FFE740F2F800C2F22A
:1009300000000C3040F29A11C2F20001402210F087
:1009400005FFFFE70CB080BD80B5FFE742F603204E
:10095000C2F2000000F048F940B9FFE742F6032078
:10096000C2F20000007800F0E7F8EFE780BD000079
:1009700080B586B005908DF813109DF813000428FB
:1009800005D0FFE79DF81300082804D1FFE705987C
:1009900000F0E8F977E09DF81300012812D1FFE795
:1009A00005980078F42803D1FFE70EF037FD08E042
:1009B00005980078F52803D1FFE70EF011FDFFE759
:1009C000FFE75FE09DF81300022805D0FFE79DF8E0
:1009D0001300032855D1FFE70598407842F6EC1143
:1009E000C2F20001087005980078014603910328BF
:1009F0000DD0FFE70398222804D0FFE703982328AF
:100A00002CD03CE00598407800F0A0F938E005983B
:100A1000807888B9FFE742F6EC10C2F20000007857
:100A200042F67821C2F2000102910FF03BF90298E0
:100A3000042100F031F810E042F6EC10C2F20000A0
:100A4000007842F67821C2F2000101910EF0E0FE3A
:100A50000198012100F020F8FFE711E042F6EC10C8
:100A6000C2F20000007842F67821C2F20001009143
:100A700010F0A2FF0098042100F00EF800E0FFE75C
:100A8000FFE7FFE7FFE706B080BD000040F2F80097
:100A9000C2F200000079704780B58CB00B908DF8E1
:100AA0002B1000208DF82A0040F2F801C2F200015C
:100AB0000A68019209680291039004909DF82B1036
:100AC00005918DF818008DF82A00FFE79DF82A009F
:100AD0009DF82B1088420EDAFFE70B989DF82A202C
:100AE000805C0DF122018854FFE79DF82A00013057
:100AF0008DF82A00EAE742F2B800C2F2000001A92C
:100B00000DF1220207AB01F0D1FA38B1FFE740F254
:100B1000F801C2F2000102200871FFE7FFE742F28C
:100B2000B800C2F2000001F04BFD022801D8FFE737
:100B3000F5E701200CB080BD80B582B08DF80700CC
:100B400041F68220C2F200000078C007E0B3FFE760
:100B500042F60220C2F20000007807282CDCFFE7F2
:100B60009DF807005E2817D1FFE742F60220C2F287
:100B70000000009000780130C1B242F6FA10C2F2D3
:100B80000000FFF7F5FE00990020087041F6822171
:100B9000C2F2000108700EE09DF8070042F6022341
:100BA000C2F200031A78511C197042F6FA11C2F20F
:100BB00000018854FFE706E041F68221C2F20001FD
:100BC00000200870FFE70CE09DF80700E52807D13A
:100BD000FFE741F68221C2F2000101200870FFE721
:100BE000FFE702B080BD000080B582B0019001999E
:100BF00040F2F800C2F200000C3010F03BFD02B0F1
:100C000080BD000080B584B08DF80F000291ADF872
:100C100006209DF80F0001460091232823D8009953
:100C2000DFE801F0121314151621212121212121C1
:100C300021212121212121212121212121212121A4
:100C400021212121171819200EE00DE00CE00BE006
:100C50000AE009E008E00298007800F001000BF0DB
:100C60001BFF01E000E0FFE7002004B080BD0000B2
:100C70000020704780B582B041F64C50C2F20000AF
:100C8000009041F27D21C2F200010022019209F0A0
:100C90006FFF009840F67D21C2F2000109F04AFF83
:100CA000019802B080BD000080B584B0039002912D
:100CB0000398029912F0ACFA039941F64C50C2F233
:100CC0000000019009F036FF019809F0D9FE0020DC
:100CD00004B080BD83B0029001918DF80320002004
:100CE0008DF802009DF9020003B0704780B586B010
:100CF0000490ADF80E1000208DF80D0041F64C5018
:100D0000C2F20000D0F8BC0202900298D0F814029F
:100D100020B1FFE701208DF8170013E00499BDF81A
:100D20000E2041F64C50C2F20000019009F020FF65
:100D300001980AF027F88DF80D009DF80D008DF848
:100D40001700FFE79DF8170006B080BD81B08DF851
:100D500003009DF8030041F69431C2F20001C8700F
:100D600001B0704782B0019041F69430C2F20000A9
:100D7000C0780146009148B1FFE7009801280DD0E6
:100D8000FFE700980238022816D345E00198006872
:100D900041F69431C2F2000188603EE0019890ED86
:100DA000000A9FED201A80EE010A41F69430C2F24B
:100DB000000080ED040A30E041F69430C2F20000F9
:100DC0000079C007C8B1FFE7019890ED000A9FEDD8
:100DD000141A20EE010A41F69430C2F2000080EDB0
:100DE000060A019890ED010A20EE010A41F6B4309E
:100DF000C2F2000080ED2E0A0DE0019890ED000A8D
:100E00009FED071A20EE010A41F69430C2F200006D
:100E100080ED060AFFE700E0FFE702B0704700BF81
:100E200035FA8E3CEBC9184180B582B08DED010AD0
:100E3000CDED000A9DED010ADDED000A41F6B4306A
:100E4000C2F200001C309FED031A07F039FE02B019
:100E500080BD00BF17B7513880B584B041F67C40E3
:100E6000C2F20000011D00F10802FFF753FB41F63A
:100E70003C50C2F20000007901380146009105287B
:100E800000F29C800099DFE801F0031C354E67807A
:100E900041F67C40C2F2000090ED010A90ED021A8A
:100EA00030EE010A8DED030A90ED010AB1EE400A21
:100EB0008DED020A90ED020AB1EE400A8DED010AB5
:100EC00081E041F67C40C2F2000090ED000AB1EEF4
:100ED000400A8DED030A90ED000A90ED021A30EE03
:100EE000010A8DED020A90ED020AB1EE400A8DED85
:100EF000010A68E041F67C40C2F2000090ED000A71
:100F0000B1EE400A8DED030A90ED010AB1EE400A00
:100F10008DED020A90ED000A90ED011A30EE010A03
:100F20008DED010A4FE041F67C40C2F2000090EDE9
:100F3000010A90ED021A30EE010A8DED030A90EDE0
:100F4000010AB1EE400A8DED020A90ED020AB1EEFF
:100F5000400A8DED010A36E041F67C40C2F2000005
:100F600090ED000AB1EE400A8DED030A90ED000A03
:100F700090ED021A30EE010A8DED020A90ED020AA0
:100F8000B1EE400A8DED010A1DE041F67C40C2F24F
:100F9000000090ED000AB1EE400A8DED030A90EDDD
:100FA000010AB1EE400A8DED020A90ED000A90EDC3
:100FB000011A30EE010A8DED010AFFE700200390CF
:100FC00002900190FFE79DED030ADDED020A9DED21
:100FD000011A41F67C41C2F2000101F10C0010310E
:100FE0000DF0B4FA04B080BD80B582B042F65C105A
:100FF000C2F200000190002106F006FB01980421D6
:1010000006F002FB0198082106F0FEFA02B080BD4E
:1010100080B542F2A010C2F2000001F06BFF80BD6B
:1010200080B542F26020C2F2000001F063FF80BD93
:1010300080B542F20020C2F2000001F05BFF80BDEB
:1010400080B542F2E000C2F2000001F053FF80BD23
:1010500080B542F24010C2F2000001F04BFF80BDAB
:1010600080B542F2C020C2F2000001F043FF80BD13
:1010700080B542F22030C2F2000001F03BFF80BD9B
:1010800082B001900198007810384AF6AB21CAF678
:10109000AA21A0FB011000090090009943F6C3307B
:1010A000C0F60100405C0199C8650098042807D388
:1010B000FFE701990868042262F30900886506E0E9
:1010C0000199086840F2FF3290438865FFE7019874
:1010D000806D02B07047000086B0059000208DF84A
:1010E00013000598806A03900598806910BBFFE79C
:1010F0000398029003281BD80299DFE801F0020D43
:101100000218059890F82F00C00720B1FFE70120D2
:101110008DF81300FFE70CE00598C06AB0F1C07FBE
:1011200004D1FFE701208DF81300FFE701E000E0A4
:10113000FFE745E005988069B0F5005F25D1FFE73E
:101140000398019003281ED80199DFE801F00206F8
:10115000021101208DF8130016E0059890F82F0079
:10116000C00720B1FFE701208DF81300FFE70BE077
:101170000598C06AB0F1C07F04D1FFE701208DF867
:101180001300FFE700E0FFE719E003980090032851
:1011900004D3FFE70098032804D00EE001208DF867
:1011A00013000BE0059890F82F00C00720B1FFE76F
:1011B00001208DF81300FFE700E0FFE7FFE7FFE7FE
:1011C0009DF8130006B0704784B00390029101921D
:1011D000009303980168086820F480200860009854
:1011E00003990968486003988068402809D1FFE79F
:1011F0000198039909688860029803990968C86092
:1012000008E00298039909688860019803990968C1
:10121000C860FFE704B070477047000080B582B037
:1012200042F65C10C2F2000000900021019105F02E
:1012300017FF0098042105F013FF0098082105F01E
:101240000FFF019901200FF0A1FB019902200FF07F
:101250009DFB019903200FF099FB02B080BD0000B7
:1012600080B588B006A9019142F6F810C2F20000DC
:101270000078ADF81E0042F6F910C2F200000278C4
:1012800002F0FC02ADF81C20BDF81E2002F03F0366
:10129000BDF81C20C2F3850242EA831200EE102A38
:1012A000B8EEC00A81ED000A91ED000A9FED641AC4
:1012B00020EE010A41F6A422C2F20002029282ED5F
:1012C000040A92ED040A92ED051A9FED5E2A20EEC3
:1012D000020A30EE010A82ED010A92ED011A92ED46
:1012E000022A92ED030A31EE421A30EE010A82ED33
:1012F000030A5168916000788007002807D5FFE74E
:1013000041F6A421C2F20001032008700FE041F66B
:10131000A420C2F200000078032807D1FFE741F6BD
:10132000A421C2F2000100200870FFE7FFE7019945
:1013300042F6F910C2F20000007800F001008DF8CA
:10134000170000208DF8160091ED000ABDEEC00ACE
:1013500010EE101AADF814100490FFE704980D2851
:1013600012DCFFE7BDF814000499C840C00730B193
:10137000FFE79DF8160001308DF81600FFE7FFE744
:10138000049801300490E9E79DF8160000F0010090
:101390008DF80F009DF80F0000F001009DF8171068
:1013A00001F00101884208D0FFE742F6F421C2F2C1
:1013B000000108780A30087019E042F6F420C2F201
:1013C00000000078012808DBFFE742F6F420C2F2B3
:1013D000000000780138009002E000200090FFE754
:1013E000009842F6F421C2F200010870FFE742F6CD
:1013F000F420C2F200000078652807DBFFE741F621
:10140000A421C2F20001022008700FE041F6A420DE
:10141000C2F200000078022807D1FFE741F6A421BC
:10142000C2F2000100200870FFE7FFE740F2DB1185
:10143000C2F200010120087000F026F808B080BD5B
:101440000000B43C35FA8E3C80B582B041F6A42150
:10145000C2F200010091002048610861C860886004
:101460004860086000F010F80098007820B9FFE7A5
:1014700001208DF8070003E000208DF80700FFE74A
:101480009DF8070002B080BD80B542F6F811C2F2A7
:101490000001032006F07AFB08B9FFE70FE042F6EF
:1014A000F911C2F20001042006F070FB38B9FFE721
:1014B00040F2DB11C2F2000100200870FFE780BD9E
:1014C00080B582B0019000F091F800F085F800F04E
:1014D00025F8202010F062F89DF8060010F05EF864
:1014E0009DF8050010F05AF89DF8040010F056F829
:1014F00000F00AF800F070F802B080BD80B572B656
:10150000022007F0EBFF80BD80B50020C4F202008E
:101510004FF48071012202F095F980BD80B5002062
:10152000C4F202004FF48071002202F08BF980BDFA
:1015300080B582B000208DF80700FFF7EFFF05208F
:1015400010F02CF810F018F88DF80700FFF7DCFF0A
:101550009DF8070002B080BD80B584B00290019173
:10156000ADF802200020ADF80000FFF7D7FF032000
:1015700010F014F820B9FFE700208DF80F0026E0E6
:101580009DF8060010F00AF89DF8050010F006F826
:101590009DF8040010F002F8FFE7BDF80000BDF868
:1015A000021088420DDAFFE70FF0E6FF0299BDF85E
:1015B00000208854FFE7BDF800000130ADF80000BE
:1015C000EBE7FFF7A1FF01208DF80F00FFE79DF883
:1015D0000F0004B080BD000080B5FFE7FFF7A8FF53
:1015E000C00708B1FFE7F9E780BD000080B5FFF74D
:1015F00095FF06200FF0D2FFFFF786FF80BD0000A9
:1016000080B584B002900191ADF80220FFF7EEFFA3
:10161000FFF784FF02200FF0C1FF20B9FFE7002091
:101620008DF80F002BE09DF806000FF0B7FF9DF836
:1016300005000FF0B3FF9DF804000FF0AFFF00208E
:10164000ADF80000FFE7BDF80000BDF802108842C9
:101650000DDAFFE70298BDF80010405C0FF09EFF26
:10166000FFE7BDF800000130ADF80000EBE7FFF741
:101670004BFFFFF7B1FF01208DF80F00FFE79DF84A
:101680000F0004B080BD000080B584B003900291CB
:101690000398000BADF80600039802990844000B6C
:1016A000ADF80400BDF80400BDF80610401AADF80E
:1016B00002000020ADF80000FFE7BDF80000BDF813
:1016C000021088420EDCFFE70398FFF7F9FE03984B
:1016D00000F6FF700390FFE7BDF800000130ADF8A1
:1016E0000000EAE704B080BD80B50DF097FE0CF075
:1016F00037FD80BD81B08DF803009DF8030041F6F1
:101700009431C2F20001487001B0704780B50DF00D
:1017100067FE80BD80B50DF063FE80BD80B50DF025
:1017200033F980BD80B50DF0DDF9012080BD0000EA
:1017300080B50DF073FE80BD80B50DF085FE80BDD7
:1017400080B582B08DF807009DF807000146009132
:10175000062833D80099DFE801F0040D161F222572
:101760002E00FFF7DBFF20B1FFE70320FFF7C2FFEA
:10177000FFE724E0FFF7B8FF20B1FFE70320FFF702
:10178000B9FFFFE71BE0FFF7CDFF20B1FFE7032024
:10179000FFF7B0FFFFE712E0FFF7BCFF0FE0FFF736
:1017A000C7FF0CE0FFF7C8FF20B1FFE70620FFF7F7
:1017B000A1FFFFE703E0FFF7A9FF00E0FFE702B0AA
:1017C00080BD000082B08DED010ACDED000A41F62A
:1017D000B430C2F200000021816141610161C16049
:1017E00081604160016001990160009941609DED57
:1017F000011A9FED160A80EE010ABDEEC00A10EE36
:10180000101A81819DED010A9DED001A80EE010AFA
:10181000BDEEC00A10EE101AC181818900EE101AC7
:10182000B8EEC00A9FED0A1A20EE010A80ED050A03
:1018300090ED050AC18901EE101AB8EEC11A20EE2A
:10184000010A80ED060A02B0704700BF00409C46C6
:1018500017B7513841F6B431C2F2000100200881B7
:101860004881704741F6B431C2F20001002008748B
:1018700048740889013008810889898988421ADBFF
:10188000FFE741F6B431C2F20001002008810120D7
:1018900008744889013048814889C989884209DB30
:1018A000FFE741F6B431C2F2000100204881012077
:1018B0004874FFE7FFE7704741F6A420C2F200003A
:1018C00090ED010A7047000041F6A420C2F200002A
:1018D00090ED030A7047000041F6A420C2F2000018
:1018E0000078704780B584B047F61020C1F6FF70CD
:1018F0000068039047F61420C1F6FF70006802905C
:1019000047F61820C1F6FF7000680190019903980E
:1019100008440390039888B1FFE7039840F2DC0184
:10192000C2F2000100910231082206F0D3F80099BA
:1019300002981231042206F0CDF8FFE704B080BD12
:1019400085B00390029100200190FFE7039890F882
:101950003C00012804D1FFE702208DF81300F7E0D6
:101960000399012081F83C00FFE7FFE70298006837
:101970000A281CD3FFE70298008800EB4000A0F182
:101980001E01072000FA01F203980168C86890431D
:10199000C86002998868098801EB41011E3900FA84
:1019A00001F203980168C8681043C86018E0029803
:1019B000008800EB4001072000FA01F2039801685B
:1019C00008699043086102998868098801EB410120
:1019D00000FA01F203980168086910430861FFE703
:1019E0000298406806281BD8FFE70298406800EB81
:1019F0008000411F1F2000FA01F203980168486B24
:101A00009043486302990888496801EB81010539D0
:101A100000FA01F203980168486B104348633DE007
:101A2000029840680C281CD8FFE70298406800EB39
:101A30008000A0F123011F2000FA01F20398016841
:101A4000086B9043086302990888496801EB81019B
:101A5000233900FA01F203980168086B1043086308
:101A60001BE00298406800EB8000A0F141011F20BC
:101A700000FA01F203980168C86A9043C8620299AB
:101A80000888496801EB8101413900FA01F20398A5
:101A90000168C86A1043C862FFE7FFE742F20030FE
:101AA000C4F2010000900398006842F20001C4F201
:101AB000010188420BD1FFE702980068122806D185
:101AC000FFE70099486840F480004860FFE703980A
:101AD000006842F20001C4F2010188422ED1FFE702
:101AE00002980068102805D0FFE7029800681128C6
:101AF00024D1FFE70099486840F40000486002984C
:101B00000068102819D1FFE740F22400C2F200005B
:101B100000684DF68361C4F21B31A0FB0110800CFC
:101B200000EB800040000190FFE7019820B1FFE743
:101B3000019801380190F8E7FFE7FFE7FFE7039915
:101B4000002081F83C00FFE700208DF81300FFE73C
:101B50009DF8130005B0704781B0009001B0704748
:101B600081B0009001B0704781B0009001B0704723
:101B700080B584B0029000208DF80700029820B94B
:101B8000FFE701208DF80F0042E00298806A0121F2
:101B9000C0F60071884201D0FFE7FFE70298006CB1
:101BA00050B9FFE7029800F037F802990020486426
:101BB000029981F83C00FFE70298006CC0060028FB
:101BC00017D4FFE70298006C40F0020020F4885020
:101BD000029908640298FEF76FFD0299002048649C
:101BE0000298006C40F0010020F0020002990864A5
:101BF00003E001208DF80700FFE7FFE702990020CE
:101C000081F83C00FFE79DF807008DF80F00FFE723
:101C10009DF80F0004B080BD80B592B011900020F7
:101C200010900F900E900D900C901198006842F259
:101C30000001C4F2010188427CD1FFE7FFE70020E8
:101C40000B9043F64400C4F20200016841F4807135
:101C50000160006800F480700B900B98FFE7FFE7CD
:101C600000200A9043F63000C4F20200016841F0FF
:101C700004010160006800F004000A900A98FFE780
:101C8000FFE70020099043F63000C4F2020001682B
:101C900041F001010160006800F00100099009981D
:101CA000FFE708200C90032003900D900020059082
:101CB0000E9040F60000C4F202000CA9049101F05D
:101CC000E5FB039A049905980C920D920E90002062
:101CD000C4F2020001F0DAFB059942F2E000C2F220
:101CE0000000069046F21042C4F202020260416017
:101CF0008160C1604FF4806202614FF40062426112
:101D00004FF400528261C1614FF4003202624162BD
:101D100001F080FA18B1FFE7FFF7F0FBFFE7FFE7FC
:101D2000119842F2E001C2F20001816311988863C8
:101D3000FFE765E01198006842F20011C4F201016A
:101D400088425CD1FFE7FFE70020089043F644009B
:101D5000C4F20200016841F400710160006800F4FF
:101D6000007008900898FFE7FFE70020079043F60F
:101D70003000C4F20200016841F004010160006813
:101D800000F0040007900798FFE727200C9003203D
:101D90000D90002001900E9040F60000C4F2020069
:101DA0000CA901F073FB019942F24010C2F200004D
:101DB000029046F24042C4F2020202604FF000720A
:101DC00042608160C1604FF4806202614161816163
:101DD0004FF48072C2610162416201F01BFA18B1D6
:101DE000FFE7FFF78BFBFFE7FFE7119842F2401197
:101DF000C2F20001816311988863FFE7FFE7FFE704
:101E000012B080BD80B588B0069005910492002084
:101E100003908DF80700FFE7069890F83C00012832
:101E200004D1FFE702208DF81F0010E10699012080
:101E300081F83C00FFE7FFE706980068806800F043
:101E4000010001281ED0FFE706980168886840F06D
:101E50000100886040F22400C2F2000000684DF6E4
:101E60008361C4F21B31A0FB0110800C00EB400029
:101E70000390FFE7039820B1FFE703980138039030
:101E8000F8E7FFE7069800688068C005002807D5D6
:101E9000FFE706980168886820F480708860FFE793
:101EA000069800688068C007002800F0C080FFE73F
:101EB0000698006C40F4807040F2016188430699F6
:101EC00008640698006840684005002809D5FFE7C7
:101ED0000698006C40F4805020F400500699086485
:101EE000FFE70698006CC004002806D5FFE70699B6
:101EF000486C20F00600486403E00699002048641E
:101F0000FFE7FFE70699002081F83C00FFE742F277
:101F10000030C4F2010002900698816B40F2CD308F
:101F2000C0F60000C8630698816B40F2A940C0F675
:101F3000000008640698816B40F28140C0F6000002
:101F4000C864069801686FF022000860069801686E
:101F5000486840F08060486006980168886840F4EE
:101F60008070886006980168806B4C31059A049BEC
:101F700001F008FA8DF8070002984068C006E8BB37
:101F8000FFE70698006842F20001C4F201018842AE
:101F900024D0FFE70698006842F20011C4F2010164
:101FA000884208D1FFE742F20430C4F20100006821
:101FB000C00698B1FFE70698006842F20021C4F21B
:101FC0000101884219D1FFE742F20430C4F2010056
:101FD000006800F01F000F280FD8FFE70698006880
:101FE000806810F0405F07D1FFE7069801688868B5
:101FF00040F080408860FFE7FFE717E00698006840
:1020000042F20001C4F2010188420ED1FFE70698B6
:102010000068806810F0405F07D1FFE7069801680C
:10202000886840F080408860FFE7FFE70AE0069993
:10203000086C40F0100008640699486C40F00100FC
:102040004864FFE79DF807008DF81F00FFE79DF843
:102050001F0008B080BD000084B00290019102987A
:1020600090F820008DF803009DF80300012805D0AA
:10207000FFE79DF8030002280AD1FFE7019A0298C2
:10208000016848691043486100208DF80F0008E09E
:102090000299486A40F48020486201208DF80F00C0
:1020A000FFE79DF80F0004B07047000088B006906D
:1020B000059104920393069890F820008DF807008C
:1020C00006980068806800900598806808B9FFE766
:1020D00000E0FFE79DF80700012806D0FFE79DF824
:1020E0000700022840F08080FFE79DF803004007CA
:1020F00000280CD4FFE79DF803000007002806D451
:10210000FFE79DF80300C006002864D5FFE70098AC
:10211000C0F3016002900299012088400399086091
:102120000598806868B9FFE705980168C06840EACB
:10213000415006990968029A01EB0211C1F8800129
:102140000EE005994A688868C96840EAC2000843F9
:1021500006990968029A01EB0211C1F88001FFE7B4
:102160000598006906990968029A01EB0211C1F805
:1021700084010598007D01280CD1FFE706980068CE
:10218000029900EB0111D1F8840140F48070C1F88C
:102190008401FFE70498406806990968029A01EBF8
:1021A0000211C1F88C010498006806990968029A26
:1021B00001EB0211C1F8880106980068029900EB52
:1021C0000111D1F8800140F00100C1F88001002028
:1021D0008DF81F0011E00699486A40F4001048622B
:1021E00001208DF81F0008E00699486A40F480201D
:1021F000486201208DF81F00FFE79DF81F0008B01E
:102200007047000086B004900391049890F8200075
:102210008DF803009DF80300012806D0FFE79DF824
:102220000300022840F0B080FFE746F20040C4F20D
:10223000000001900199D1F8000240F00100C1F8BE
:1022400000020199D1F8000220F47C50C1F800028C
:102250000398426A0199D1F8000240EA0220C1F8CD
:1022600000020398406900F01F010120884002909D
:10227000029A0199D1F81C029043C1F81C020398FC
:10228000C069F0B9FFE7029A0199D1F80C029043B6
:10229000C1F80C02039A9088D168526940EA014063
:1022A000019901EBC201C1F84002039A10889168BC
:1022B000526940EA0140019901EBC201C1F84402B0
:1022C000FFE70398C06901281ED1FFE7029A019930
:1022D000D1F80C021043C1F80C02039A90881168DF
:1022E000526940EA0140019901EBC201C1F8400284
:1022F000039A90899168526940EA0140019901EB83
:10230000C201C1F84402FFE70398806940B9FFE7C2
:10231000029A0199D1F804029043C1F8040207E03F
:10232000029A0199D1F804021043C1F80402FFE7B0
:102330000398006940B9FFE7029A0199D1F81402A5
:102340009043C1F8140207E0029A0199D1F81402EF
:102350001043C1F81402FFE70398006A012808D16E
:10236000FFE7029A0199D1F81C021043C1F81C0240
:10237000FFE70199D1F8000220F00100C1F8000246
:1023800000208DF8170008E00499486A40F4802086
:10239000486201208DF81700FFE79DF8170006B08E
:1023A0007047000081B0009001B0704786B0049083
:1023B000039102920193049890F820008DF8030095
:1023C0009DF80300012806D0FFE79DF803000228CE
:1023D00040F0E880FFE7039880B9FFE704980068C1
:1023E000C068800748B9FFE70499486A40F40010C4
:1023F000486201208DF81700DDE00FE004980068C6
:102400000069800748B9FFE70499486A40F4001062
:10241000486201208DF81700CDE0FFE704980068BE
:10242000039900EB0110D0F8B00100F0040002990C
:1024300088600298806858B9FFE70498006803999B
:1024400000EB0110D0F8B001400D029908600AE0DD
:1024500004980068039900EB0110D0F8B001C0089F
:1024600002994860FFE704980068039900EB0110A7
:10247000D0F8B00100F002000299C860049800682A
:10248000039900EB0110D0F8B40100F00F00082808
:1024900004D3FFE70299082008610BE00498006864
:1024A000039900EB0110D0F8B40100F00F0002997D
:1024B0000861FFE704980068039900EB0110D0F869
:1024C000B40180B2000A02998861049800680399F7
:1024D00000EB0110D0F8B401000C02994861049897
:1024E0000068039900EB0110D0F8B8010199087059
:1024F00004980068039900EB0110D0F8B801000AB5
:102500000199487004980068039900EB0110D0F815
:10251000B801000C0199887004980068039900EBD9
:102520000110D0F8B801000E0199C8700498006835
:10253000039900EB0110D0F8BC01019908710498CF
:102540000068039900EB0110D0F8BC01000A019962
:10255000487104980068039900EB0110D0F8BC01A1
:10256000000C0199887104980068039900EB011030
:10257000D0F8BC01000E0199C871039838B9FFE783
:1025800004980168C86840F02000C86006E004981C
:102590000168086940F020000861FFE700208DF81D
:1025A000170008E00499486A40F48020486201203E
:1025B0008DF81700FFE79DF8170006B07047000080
:1025C00083B0029000200190029890F820008DF8CE
:1025D00003009DF80300012805D0FFE79DF80300E4
:1025E000022822D1FFE70298006880684001002895
:1025F00004D5FFE7019801300190FFE702980068D9
:1026000080680001002804D5FFE70198013001909F
:10261000FFE7029800688068C000002804D5FFE743
:10262000019801300190FFE7FFE7019803B0704780
:1026300080B58AB009900020089009980068406928
:1026400007900998006840680690099800688068BB
:10265000059009980068C0680490099800680069AE
:10266000039009980068806902909DF81C00C007DB
:10267000002800F09480FFE79DF81400C00758B3CD
:10268000FFE709980168012088609DF81400800721
:10269000002804D5FFE7099800F014FC1BE09DF822
:1026A00014004007002805D5FFE7089840F40060B3
:1026B00008900FE09DF814000007002805D5FFE7FB
:1026C000089840F48050089003E0099800F0F6FB69
:1026D000FFE7FFE7FFE7FFE79DF81500C00760B3DE
:1026E000FFE7099801684FF4807088609DF8150035
:1026F0008007002804D5FFE7099800F0EBFB1BE0FA
:102700009DF815004007002805D5FFE7089840F41C
:10271000005008900FE09DF815000007002805D52F
:10272000FFE7089840F48040089003E0099800F023
:10273000CDFBFFE7FFE7FFE7FFE79DF81600C007C7
:1027400060B3FFE7099801684FF4803088609DF816
:1027500016008007002804D5FFE7099800F0C2FBA7
:102760001BE09DF816004007002805D5FFE70898F4
:1027700040F4004008900FE09DF816000007002884
:1027800005D5FFE7089840F48030089003E00998E9
:1027900000F0A4FBFFE7FFE7FFE7FFE7FFE79DF897
:1027A0001C000007002810D5FFE79DF81000C006A8
:1027B000002809D5FFE7089840F4007008900998B0
:1027C00001681020C860FFE7FFE79DF81C00400784
:1027D00000280FD5FFE79DF810000007002808D556
:1027E000FFE7099801680820C860099800F08AFA94
:1027F000FFE7FFE79DF81C00800700280BD5FFE7E7
:1028000009980068C068800720B1FFE7099800F0C8
:102810007DFAFFE7FFE79DF81C004006002810D571
:10282000FFE79DF80C00C006002809D5FFE70898CF
:1028300040F4806008900998016810200861FFE763
:10284000FFE79DF81C00800600280FD5FFE79DF8E4
:102850000C000007002808D5FFE709980168082048
:102860000861099800F0D8FAFFE7FFE79DF81C001F
:10287000C00600280BD5FFE70998006800698007AB
:1028800020B1FFE7099800F0CBFAFFE7FFE79DF8DA
:102890001E00800700280FD5FFE79DF81800C0062E
:1028A000002808D5FFE709980168102048600998BA
:1028B00000F0BAFAFFE7FFE79DF81E00C00778B105
:1028C000FFE79DF818000007002808D5FFE70998E2
:1028D000016808204860099800F008FBFFE7FFE75F
:1028E0009DF81D000006002840F18D80FFE79DF84F
:1028F00018004007002840F18180FFE79DF81D0087
:10290000C00750B1FFE79DF80800C00728B1FFE7F6
:10291000089840F001000890FFE79DF81D0080072F
:1029200000280BD5FFE79DF808008007002805D593
:10293000FFE7089840F002000890FFE79DF81D00AF
:10294000400700280BD5FFE79DF808004007002846
:1029500005D5FFE7089840F004000890FFE79DF8D0
:102960001D000007002848D5FFE79DF8080010F07B
:10297000700F42D0FFE7029800F07000014601910D
:10298000102814D0FFE70198202815D0FFE7019800
:10299000302816D0FFE70198402817D0FFE70198AC
:1029A000502818D0FFE70198602819D01DE008983A
:1029B00040F00800089019E0089840F010000890D6
:1029C00014E0089840F0200008900FE0089840F0CC
:1029D000400008900AE0089840F08000089005E068
:1029E000089840F48070089000E0FFE709980168BB
:1029F000886920F070008861FFE7FFE709980168A7
:102A000004204860FFE7089848B1FFE7089A099951
:102A1000486A104348620998FFF7C4FCFFE70AB010
:102A200080BD000080B584B00290029820B9FFE715
:102A300001208DF80F00E0E0029890F8200020B906
:102A4000FFE7029800F0DEF8FFE7029801680868E7
:102A500040F00100086000F00DFF0190FFE70298D0
:102A600000684068C007A8B9FFE700F003FF0199BC
:102A7000401A0B280DD3FFE70299486A40F4003052
:102A800048620299052081F8200001208DF80F008E
:102A9000B3E0E4E702980168086820F002000860EB
:102AA00000F0E8FE0190FFE70298006840688007A8
:102AB000002815D5FFE700F0DDFE0199401A0B282C
:102AC0000DD3FFE70299486A40F40030486202994A
:102AD000052081F8200001208DF80F008DE0E3E74C
:102AE0000298007E012807D1FFE702980168086874
:102AF00040F08000086006E002980168086820F055
:102B000080000860FFE70298407E012807D1FFE7B8
:102B100002980168086840F04000086006E00298EA
:102B20000168086820F040000860FFE70298807E96
:102B3000012807D1FFE702980168086840F02000EB
:102B4000086006E002980168086820F0200008602C
:102B5000FFE70298C07E012807D1FFE702980168CD
:102B6000086820F01000086006E002980168086814
:102B700040F010000860FFE70298007F012807D1AD
:102B8000FFE702980168086840F00800086006E066
:102B900002980168086820F008000860FFE70298C2
:102BA000407F012807D1FFE702980168086840F0DC
:102BB0000400086006E002980168086820F004003C
:102BC0000860FFE7029B19685A689868D3F80CC040
:102BD00040EA0C00D3F810C040EA0C005B691843CF
:102BE000013A1043C861029900204862029A01210B
:102BF00082F820108DF80F00FFE79DF80F0004B059
:102C000080BD000080B592B01190002010900F9010
:102C10000E900D900C901198006846F60001C4F2D9
:102C2000000188426BD1FFE7FFE700200B9043F6DD
:102C30004000C4F20200016841F080610160006858
:102C400000F080600B900B98FFE7FFE700200A90F0
:102C500043F64000C4F20200016841F000710160D7
:102C6000006800F000700A900A98FFE7FFE7002074
:102C7000099043F63000C4F20200016841F00201FD
:102C80000160006800F0020009900998FFE7202029
:102C90000C90022001900D90012006900E900320D0
:102CA00002900F9009200390109040F20040C4F26F
:102CB000020004900CA9059100F0E8FBDDF804C0C7
:102CC000029B039A049805994FF0400ECDF820E03E
:102CD000CDF830E0CDF834C04FF0000CCDF81CC07A
:102CE000CDF838C00F93109200F0D0FB0699079AE8
:102CF000089800F057FE089800F04AFEFFE712B06F
:102D000080BD000081B0009001B0704780B58CB0EC
:102D10000B900B98002102AA09ABFFF747FB002894
:102D200051D1FFE7029840F2F801C2F200010968B0
:102D3000884237D1FFE740F2F800C2F20000807904
:102D4000C00740B3FFE740F2F801C2F2000101F111
:102D50000C0007310EF0C4FC00200190FFE7019841
:102D6000069988420DD2FFE740F2F800C2F2000057
:102D70000C3009A90EF0B4FCFFE701980130019076
:102D8000EDE740F2F801C2F2000101F10C00083158
:102D90000EF0A6FC05E09DF8181009A8FDF7E8FD67
:102DA000FFE7FFE740F2F800C2F200004079012897
:102DB00008DBFFE740F2F801C2F200014879013870
:102DC0004871FFE707E040F2F801C2F200014879DC
:102DD00005304871FFE740F2F800C2F20000407988
:102DE000322807DBFFE740F2F801C2F200010220BF
:102DF00008710FE040F2F800C2F2000000790228EA
:102E000007D1FFE740F2F801C2F20001002008718B
:102E1000FFE7FFE70CB080BD81B0009001B07047C4
:102E200081B0009001B0704781B0009001B0704750
:102E300080B584B00290029890F8200001282FD12C
:102E4000FFE70299022081F82000029801680868D3
:102E500020F00100086000F00DFD0190FFE70298EE
:102E600000684068C007A8B1FFE700F003FD0199C2
:102E7000401A0B280DD3FFE70299486A40F400304E
:102E800048620299052081F8200001208DF80F008A
:102E90000FE0E4E70299002048628DF80F0008E097
:102EA0000299486A40F40020486201208DF80F0022
:102EB000FFE79DF80F0004B080BD000081B00090D6
:102EC00001B0704781B0009001B0704781B00090B0
:102ED00001B0704781B0009001B0704781B00090A0
:102EE00001B0704781B0009001B0704781B0009090
:102EF00001B0704780B586B005900020039040F285
:102F00002400C2F20000006848F2B511C1F64E314B
:102F1000A0FB0110800A02900598806D0190019835
:102F20000068049004980599C96DC84000070028FE
:102F30001AD5FFE70598006800684007002812D5F9
:102F4000FFE705980168086820F00400086005980C
:102F5000C16D08208840019988600599486D40F04E
:102F600001004865FFE7FFE704980599C96DC8406F
:102F7000C007A0B1FFE70598006840690006002877
:102F80000CD5FFE70598C16D012088400199886044
:102F90000599486D40F002004865FFE7FFE7049897
:102FA0000599C96DC8404007002814D5FFE705986A
:102FB00000680068800700280CD5FFE70598C16D00
:102FC00004208840019988600599486D40F004000C
:102FD0004865FFE7FFE704980599C96DC840C0063A
:102FE000002847D5FFE7059800680068000700281B
:102FF0003FD5FFE70598C16D102088400199886092
:10300000059800680068400300281AD5FFE7059876
:10301000006800680003002809D4FFE70598006CE9
:1030200020B1FFE70598016C8847FFE708E00598A5
:10303000806C20B1FFE70598816C8847FFE7FFE7C8
:1030400016E0059800680068C005002807D4FFE76F
:1030500005980168086820F008000860FFE70598F7
:10306000006C20B1FFE70598016C8847FFE7FFE798
:10307000FFE7FFE704980599C96DC840800600285E
:1030800040F18D80FFE7059800680068C0060028C1
:1030900040F18480FFE70598C16D202088400199A8
:1030A0008860059890F83500052834D1FFE7059829
:1030B0000168086820F016000860059801684869F2
:1030C00020F0800048610598006C20B9FFE7059862
:1030D000806C38B1FFE705980168086820F00800A7
:1030E0000860FFE70598C16D3F208840019988601E
:1030F0000599012081F83500FFE70599002081F846
:103100003400FFE70598006D20B1FFE70598016DD9
:103110008847FFE77BE005980068006840030028C7
:103120001AD5FFE70598006800680003002809D455
:10313000FFE70598406C20B1FFE70598416C884790
:10314000FFE708E00598C06B20B1FFE70598C16B69
:103150008847FFE7FFE720E0059800680068C005A2
:10316000002811D4FFE705980168086820F01000D6
:1031700008600599012081F83500FFE705990020D6
:1031800081F83400FFE7FFE70598C06B20B1FFE747
:103190000598C16B8847FFE7FFE7FFE7FFE7059862
:1031A000406DA0B3FFE70598406DC00730B3FFE75F
:1031B0000599052081F8350005980168086820F018
:1031C00001000860FFE703980130039002998842EC
:1031D00001D9FFE707E0FFE7059800680068C0072E
:1031E0000028F0D1FFE70599012081F83500FFE7BD
:1031F0000599002081F83400FFE7FFE70598C06CCF
:1032000020B1FFE70598C16C8847FFE7FFE706B0EC
:1032100080BD000080B586B004900020039000F0CF
:1032200029FB0290049820B9FFE701208DF81700D0
:10323000A3E00498406A08B1FFE7FFE70499022081
:1032400081F83500FFE70499002081F83400FFE79A
:1032500004980168086820F001000860FFE70498FE
:1032600000680068C00790B1FFE700F003FB029917
:10327000401A06280AD3FFE70499202048650499DC
:10328000032081F835008DF8170076E0E7E7049811
:10329000006800680390039848F23F01CFF21001E4
:1032A00008400390049900914868D1F808C0CB68A1
:1032B0000A6940EA0C00184310434A6910438A69BE
:1032C0001043CA691043096A0143039808430390F5
:1032D0000498406A042808D1FFE70499C86A096B7A
:1032E0000143039808430390FFE703980499096892
:1032F00008600498006840690390039820F0070074
:1033000003900498416A0398084303900498406A24
:1033100004281AD1FFE70498816A039808430390B0
:103320000498C06A80B1FFE70498FDF7D5FE50B15C
:10333000FFE70499402048650499012081F8350091
:103340008DF8170019E0FFE7FFE703980499096873
:1033500048610498FDF794FE01900498C16D3F20E8
:10336000884001998860049900204865049A0121E9
:1033700082F835108DF81700FFE79DF8170006B0AA
:1033800080BD000080B588B006900591049203933B
:1033900000208DF80B000698806D0190FFE70698DD
:1033A00090F83400012804D1FFE702208DF81F00B7
:1033B00045E00699012081F83400FFE7FFE7069811
:1033C00090F8350001282BD1FFE70699022081F8FB
:1033D000350006990020486506980599049A039BD4
:1033E000FDF7F2FE0698C16D3F2088400199886084
:1033F00006980168086840F0160008600698006C9E
:1034000038B1FFE706980168086840F008000860D6
:10341000FFE706980168086840F00100086009E0CD
:10342000FFE70699002081F83400FFE702208DF8BD
:103430000B00FFE79DF80B008DF81F00FFE79DF8DC
:103440001F0008B080BD000080B584B0039000F07C
:1034500011FA0290039801900198013048B1FFE7FA
:1034600040F28810C2F200000178019808440190EF
:10347000FFE7FFE700F0FEF90299401A0199884240
:1034800001D2FFE7F6E704B080BD00008EB00D90DA
:103490000C9100200A90099008900B90FFE70B9880
:1034A0000F2800F2CC81FFE70B99012088400A9099
:1034B0000C9800680A990840099009980A9988426E
:1034C00040F0B881FFE70C98406800F00300012845
:1034D00007D0FFE70C98406800F0030002282FD1C6
:1034E000FFE70D98806808900B984100032000FAD0
:1034F00001F10898884308900C98C0680B9949001E
:1035000000FA01F108980843089008980D9988601E
:103510000D98406808900B99012000FA01F1089875
:10352000884308900C984068C0F300100B9900FA8B
:1035300001F108980843089008980D994860FFE742
:103540000C98406800F00300032818D0FFE70D989E
:10355000C06808900B984100032000FA01F1089818
:10356000884308900C9880680B99490000FA01F193
:1035700008980843089008980D99C860FFE70C98D0
:10358000406800F00300022826D1FFE70D980B9950
:103590006FF0030202EA51010844006A08900B9898
:1035A00000F0070081000F2000FA01F1089888431D
:1035B00008900C9800690B9901F00701890000FA46
:1035C00001F108980843089008980D990B9B02EAAE
:1035D000530211440862FFE70D98006808900B98A9
:1035E0004100032000FA01F10898884308900C98E4
:1035F000406800F003000B99490000FA01F10898B7
:103600000843089008980D9908600C988079800705
:10361000002800F00E81FFE7FFE70020079043F647
:103620004400C4F20200016841F480410160006876
:1036300000F4804007900798FFE70B9820F0030004
:1036400043F60801C4F20101405808900B9800F0BD
:10365000030081000F2000FA01F1089888430890C8
:103660000D980021C4F20201884203D1FFE7002037
:1036700006905EE00D9840F20041C4F202018842DB
:1036800003D1FFE70120059050E00D9840F60001BE
:10369000C4F20201884203D1FFE70220049042E015
:1036A0000D9840F60041C4F20201884203D1FFE7C1
:1036B0000320039034E00D9841F20001C4F20201AE
:1036C000884203D1FFE70420029026E00D9841F2E2
:1036D0000041C4F20201884203D1FFE705200190B6
:1036E00018E00D9841F60001C4F20201884203D1AE
:1036F000FFE7062000900AE00D9941F60042C4F26F
:1037000002020820914208BF07200090FFE70098BE
:103710000190FFE701980290FFE702980390FFE70E
:1037200003980490FFE704980590FFE7059806903A
:10373000FFE70698C0B20B9901F00301890000FA77
:1037400001F108980843089008980B9921F00301AB
:1037500043F60802C4F20102885043F60840C4F25E
:1037600001000068089009990898884308900C980F
:103770008079C006002805D5FFE709990898084315
:103780000890FFE7089843F60841C4F20101086079
:1037900043F60C40C4F201000068089009990898AB
:1037A000884308900C9880798006002805D5FFE7AB
:1037B0000999089808430890FFE7089843F60C41D8
:1037C000C4F20101086043F60440C4F2010000683D
:1037D000089009990898884308900C988079800788
:1037E000002805D5FFE70999089808430890FFE7E6
:1037F000089843F60441C4F20101086043F6004012
:10380000C4F201000068089009990898884308905C
:103810000C988079C00728B1FFE7099908980843F8
:103820000890FFE7089843F60041C4F201010860E0
:10383000FFE7FFE7FFE70B9801300B902FE60EB094
:103840007047000082B00190ADF802108DF80120A1
:103850009DF8010028B1FFE7BDF8020001998861D9
:1038600005E0BDF80200000401998861FFE702B09D
:103870007047000042F6F020C2F200000068704776
:1038800040F28810C2F20000027842F6F021C2F243
:1038900000010868104408607047000080B543F6D6
:1038A0000041C4F20201086840F400700860086832
:1038B00040F480600860086840F48070086003206D
:1038C00000F08AF80F2000F005F800F03BF8002027
:1038D00080BD000080B582B0009040F22400C2F2AA
:1038E0000000006840F28811C2F200010A784FF42B
:1038F0007A71B1FBF2F1B0FBF1F002F0F7FD20B10B
:10390000FFE701208DF8070018E000980F280DD878
:10391000FFE700994FF0FF30002200F043F80098D5
:1039200040F28C11C2F20001086003E001208DF822
:10393000070003E000208DF80700FFE79DF807006F
:1039400002B080BD82B0FFE70020019043F6440042
:10395000C4F20200016841F480410160006800F493
:10396000804001900198FFE7FFE70020009043F6B8
:103970004000C4F20200016841F08051016000681B
:1039800000F0805000900098FFE702B07047000000
:1039900080B582B08DF807009DF907000AF06AFA39
:1039A00002B080BD80B586B08DF8170004910392F7
:1039B000002002900AF076FA02909DF9170001901B
:1039C00002980499039A04F03BFD014601980AF01D
:1039D00071FA06B080BD000080B582B001900198F8
:1039E0000AF08AFA02B080BD82B001908DF803100F
:1039F00002B0704782B00190ADF80210BDF802002D
:103A0000019909684862002002B0704784B00390B1
:103A10008DF80B10ADF8082003980068406A0090FC
:103A20009DF80B0048B9FFE7BDF80810009840EA80
:103A3000014003990968886233E003980068816A4D
:103A4000009800EB1140009000208DF80700FFE780
:103A50009DF807009DF80B100139884213D2FFE74B
:103A6000039800689DF8071000EB8100D0F804115E
:103A7000009800EB11400090FFE79DF8070001302F
:103A80008DF80700E4E7BDF80810009840EA01400F
:103A9000039909689DF80B2001EB8201C1F8000130
:103AA000FFE7002004B0704780B582B00190019814
:103AB000D0F8E00408F01AF802B080BD80B582B0FA
:103AC00001908DF80310019AD2F8E0049DF80310DC
:103AD00001EBC10302EB8302126A07F05BFE02B046
:103AE00080BD000080B582B001908DF80310019A6E
:103AF000D2F8E0049DF8031001EBC10302EB83024E
:103B0000D2F8602207F014FF02B080BD80B582B009
:103B100001900198D0F8E00407F0EEFF02B080BDFC
:103B200080B584B003908DF80B109DF80B00000653
:103B300000280CD5FFE703989DF80B1001F00F014A
:103B400001EBC10100EB8100143001900CE00398FF
:103B50009DF80B1001F00F0101EBC10100EB81009A
:103B600000F515700190FFE703980068019909F0CE
:103B70005FFD8DF80A009DF80A0004B080BD0000CA
:103B800080B584B002908DF807109DF807000006FC
:103B900000280FD5FFE702989DF8071001F00F01EC
:103BA00001EBC10100EB810014300090009901206D
:103BB00048700FE002989DF8071001F00F0101EB2B
:103BC000C10100EB810000F5157000900099002004
:103BD0004870FFE79DF8070000F00F00009908709B
:103BE000FFE7029890F89404012804D1FFE702202F
:103BF0008DF80F0014E00299012081F89404FFE78A
:103C0000FFE702980068009909F002F8FFE70299BF
:103C1000002081F89404FFE700208DF80F00FFE7F3
:103C20009DF80F0004B080BD80B584B002908DF87F
:103C300007109DF8070000F00F00029909798842EB
:103C400004D9FFE701208DF80F004DE09DF8070033
:103C5000000600280FD5FFE702989DF8071001F035
:103C60000F0101EBC10100EB8100143000900099BD
:103C7000012048700FE002989DF8071001F00F0135
:103C800001EBC10100EB810000F515700090009977
:103C900000204870FFE70099002088709DF8070019
:103CA00000F00F0000990870FFE7029890F8940464
:103CB000012804D1FFE702208DF80F0014E00299DB
:103CC000012081F89404FFE7FFE70298006800995B
:103CD00009F00EFAFFE70299002081F89404FFE74B
:103CE00000208DF80F00FFE79DF80F0004B080BDA5
:103CF00082B001908DF8031001989DF8031001F037
:103D00000F0101EBC10100EB8100D0F8680202B0A5
:103D10007047000080B586B004908DF80F10ADF8A4
:103D20000C208DF80B3000208DF80A009DF80F0054
:103D3000000600280FD5FFE704989DF80F1001F04A
:103D40000F0101EBC10100EB8100143001900199DA
:103D5000012048700FE004989DF80F1001F00F014A
:103D600001EBC10100EB810000F515700190019994
:103D700000204870FFE79DF80F0000F00F00019948
:103D80000870BDF80C006FF3DF20019988609DF882
:103D90000B00019908710198407820B1FFE7019963
:103DA00008784883FFE79DF80B00022804D1FFE75D
:103DB000019900204871FFE7FFE7049890F8940408
:103DC000012804D1FFE702208DF8170015E00499BF
:103DD000012081F89404FFE7FFE704980068019947
:103DE00008F0CEFDFFE70499002081F89404FFE776
:103DF0009DF80A008DF81700FFE79DF8170006B040
:103E000080BD000080B586B005908DF81310039238
:103E1000029305989DF8131001F00F0101EBC10109
:103E200000EB810000F51570019003980199C860BE
:103E30000298019908610199002048610199487030
:103E40009DF8130000F00F00019908700598807923
:103E5000012804D1FFE703980199C861FFE7059A9B
:103E600010680199927909F0E7F9002006B080BD49
:103E700080B584B002908DF807109DF8070000F01F
:103E80000F0002990979884204D9FFE701208DF8D3
:103E90000F0058E09DF80700000600280FD5FFE747
:103EA00002989DF8071001F00F0101EBC10100EB32
:103EB0008100143000900099012048700DE00298B4
:103EC0009DF8071001EBC10100EB810000F51570B2
:103ED0000090009900204870FFE700990120887049
:103EE0009DF8070000F00F0000990870FFE70298A6
:103EF00090F89404012804D1FFE702208DF80F0008
:103F000021E00299012081F89404FFE7FFE702987D
:103F10000068009909F03CF99DF80700000740B9D6
:103F2000FFE7029A1068917902F29C4209F090F83A
:103F3000FFE7FFE70299002081F89404FFE70020E3
:103F40008DF80F00FFE79DF80F0004B080BD000062
:103F500080B586B005908DF81310039202930598F2
:103F60009DF8131001F00F0101EBC10100EB81007E
:103F70001430019003980199C86002980199086172
:103F80000199002048610199012048709DF81300B3
:103F900000F00F000199087005988079012804D17C
:103FA000FFE703980199C861FFE7059A1068019936
:103FB000927909F041F9002006B080BD80B58CB03F
:103FC0000B900B9800680A900A9809900B9800686B
:103FD00009F064FC002840F00C84FFE70B980068AF
:103FE00009F0C8FC10B9FFE700F003BC0998D0F84D
:103FF0000808C0F30D200B99C1F8D4040B98006891
:1040000009F0B8FC8007002807D5FFE70B98016886
:10401000486900F002004861FFE70B98006809F06A
:10402000A9FCC006002862D5FFE70B9801688869E3
:1040300020F0100088610A98006A02900B9802999B
:1040400001F00F0101EBC10100EB810000F51570DB
:104050000890029800F4F0110220B0EB514F23D1E8
:10406000FFE7BDF8080047F6F07108421BD0FFE7F4
:104070000A980899C968029AC2F30A1209F088FCE2
:10408000029847F6F07100EA0103089AD06800EB45
:104090001310D060029800EA01020899486900EB09
:1040A00012104861FFE71BE0029800F4F0110620AF
:1040B000B0EB514F12D1FFE70A980B9901F29C41E6
:1040C000082209F065FC029847F6F07100EA010247
:1040D0000899486900EB1210486100E0FFE7FFE72C
:1040E0000B980168886940F010008861FFE70B9821
:1040F000006809F03FFC0003002840F1A680FFE7BC
:10410000002004900B98006809F0E2FB0690FFE79E
:104110000698002800F09880FFE79DF81800C00777
:10412000002800F08A80FFE70B9800689DF81010C7
:1041300009F008FC05909DF81400C00760B1FFE786
:104140000998049900EB41110120C1F8080B0B9864
:10415000049904F0F9F9FFE79DF81400000700281E
:104160000CD5FFE70998049900EB41110820C1F82C
:10417000080B0B98049904F0A1F9FFE79DF81400CF
:10418000C006002808D5FFE70998049900EB411103
:104190001020C1F8080BFFE79DF8140080070028E5
:1041A0002DD5FFE70A9840690006002808D5FFE7EB
:1041B0000999D1F8040840F48060C1F80408FFE7C9
:1041C0000B98049901EBC10100EB810000F515701B
:1041D00008900898C078012809D1FFE708990020C5
:1041E000C8700B989DF8101000F014FBFFE70998B9
:1041F000049900EB41110220C1F8080BFFE79DF87C
:1042000014008006002808D5FFE70998049900EB00
:1042100041112020C1F8080BFFE79DF8150080062A
:10422000002809D5FFE70998049900EB41114FF4E4
:104230000050C1F8080BFFE7FFE704980130049035
:1042400006984008069063E7FFE70B98006809F0BE
:1042500091FB4003002840F1C680FFE70B980068FF
:1042600009F024FB069000200490FFE70698002840
:1042700000F0B880FFE79DF81800C007002800F0A4
:10428000AA80FFE70B9800689DF8101009F032FB38
:1042900005909DF81400C00700283ED0FFE7049861
:1042A00000F00F01012000FA01F10391039B099A2C
:1042B000D2F834189943C2F834180999049A01EBDA
:1042C0004211C1F808090B98807901281FD1FFE736
:1042D0000B98049901EBC10100EB8101CA69086ADE
:1042E00010440862049888B9FFE70B98049901EB21
:1042F000C10100EB8100406A40B9FFE70B990868F3
:1043000001F29C42012108F0A3FEFFE7FFE70B98B2
:104310009DF81010FFF7D2FBFFE79DF8140000078F
:10432000002808D5FFE70998049900EB41110820FF
:10433000C1F80809FFE79DF81400C006002808D559
:10434000FFE70998049900EB41111020C1F8080912
:10435000FFE79DF814004006002808D5FFE70998FC
:10436000049900EB41114020C1F80809FFE79DF8CE
:1043700014008007002822D5FFE70A98049909F065
:1043800029FA0B98049901EBC10100EB810014306C
:1043900008900898C078012809D1FFE70899002003
:1043A000C8700B989DF8101000F026FAFFE70998E6
:1043B000049900EB41110220C1F80809FFE79DF8BC
:1043C00014000006002805D5FFE70B98049904F0B7
:1043D0009FF9FFE7FFE70498013004900698400832
:1043E000069043E7FFE70B98006809F0C3FAC00F97
:1043F00000B3FFE70999D1F8040820F00100C1F8E3
:1044000004080B9890F8CC04012808D1FFE70B981A
:10441000002180F8CC140B98FFF7E6FA03E00B9824
:1044200000F0AAFBFFE70B980168486900F0004024
:104430004861FFE70B98006809F09CFA0005002826
:1044400011D5FFE70998D0F80808C00720B1FFE7A9
:104450000B9800F01DFCFFE70B980168486900F419
:1044600000604861FFE70B98006809F083FAC00418
:10447000002840F18680FFE70999D1F8040820F070
:104480000100C1F804080B980068102109F0A2F996
:1044900000200790FFE707980B990979884231D2ED
:1044A000FFE70998079900EB41114FF67F30C1F8FB
:1044B00008090999079A01EB4212D2F8001921F470
:1044C0000011C2F800190999079A01EB4211C1F8CD
:1044D000080B0998079900EB4111D1F8000B20F463
:1044E0000010C1F8000B0998079900EB4111D1F8B1
:1044F000000B40F00060C1F8000BFFE707980130A7
:104500000790C8E70999D1F81C0840F00110C1F8DC
:104510001C080B98C07B78B1FFE70999D1F8840893
:1045200040F00B00C1F884080999D1F8440840F024
:104530000B00C1F844080FE00999D1F8140842F2C1
:104540002B021043C1F814080999D1F8100840F063
:104550000B00C1F81008FFE70999D1F8000820F412
:10456000FE60C1F800080B9A1068917902F29C4233
:1045700008F06EFD0B980168486900F480504861AE
:10458000FFE70B98006809F0F5F9800400281FD5B3
:10459000FFE70B98006808F063FA0B98006809F0D1
:1045A00057F90B99C8710B980068019000F0C2FC94
:1045B000014601980B9AD27909F0E2FA0B9800F0C3
:1045C000B1FA0B980168486900F400504861FFE7B0
:1045D0000B98006809F0CEF9000700280AD5FFE71C
:1045E0000B9800F0D3FA0B980168486900F00800B6
:1045F0004861FFE70B98006809F0BCF90006002845
:1046000025D5FFE70A99886920F08000886101209C
:104610000490FFE704980B990979884216D2FFE7C6
:104620000B98049901EBC10100EB810090F857024F
:10463000012806D1FFE70B989DF81010FFF770FADC
:10464000FFE7FFE7049801300490E3E7FFE70B98EA
:10465000006809F08FF9C00200283CD5FFE701206F
:104660000490FFE704980B99097988422CD2FFE760
:104670000998049900EB4110D0F8000902900B98BA
:10468000049901EBC10100EB8100007E012816D1E5
:10469000FFE79DF80B000006002810D5FFE70B98F8
:1046A000049901EBC10100EB81010120C8750B9851
:1046B0009DF8101041F08001FFF732FAFFE7FFE7A5
:1046C000049801300490CDE70B980168486900F424
:1046D00080104861FFE70B98006809F04BF98002F1
:1046E000002856D5FFE701200490FFE704980B99B6
:1046F0000979884246D2FFE70998049900EB4110F6
:10470000D0F8000B02900B98049901EBC10100EB6B
:10471000810090F8580201282FD1FFE79DF80B0087
:104720000006002829D5FFE7029800F480310B9895
:10473000D0F8D40400F00100B0EB114F1DD1FFE719
:104740000B98049901EBC10100EB8101012081F874
:1047500057020A99886940F0800088610A98406988
:104760000006002808D4FFE70999D1F8040840F4AE
:104770000070C1F8040805E0FFE7FFE70498013086
:104780000490B3E70B980168486900F40010486191
:10479000FFE70B98006809F0EDF8400000280AD503
:1047A000FFE70B98FFF780F90B980168486900F064
:1047B00080404861FFE70B98006809F0DBF840078C
:1047C000002815D5FFE70B980068406802909DF817
:1047D00008004007002804D5FFE70B98FFF796F97B
:1047E000FFE7029A0B980168486810434860FFE7AA
:1047F000FFE70CB080BD000080B582B001908DF85D
:1048000003100198D0F8E0049DF8031007F010FAA7
:1048100002B080BD80B582B001908DF80310019880
:10482000D0F8E0049DF8031007F03AFA02B080BD1A
:1048300080B58EB00C900C9820B9FFE701208DF860
:10484000370012E10C9800680B900C9890F89504D2
:1048500040B9FFE70C99002081F894040C9800F00F
:1048600009F9FFE70C99032081F895040B98B0F142
:10487000A04F04D1FFE70C9900208871FFE70C9846
:10488000006808F0DBFB0C9B1868197C8DF824107D
:1048900059689A68DB680893079206910699079A07
:1048A000089BDDF824C0EE46CEF800C008F000F901
:1048B00040B1FFE70C99022081F8950401208DF8A2
:1048C0003700D2E00C980068002109F0BBF840B135
:1048D000FFE70C99022081F8950401208DF837003C
:1048E000C3E000208DF82B00FFE79DF82B000C990A
:1048F0000979884241DAFFE70C989DF82B1001EB0B
:10490000C10100EB8101012048759DF82B000C9935
:1049100000EBC00201EB820108759DF82B000C9999
:1049200000EBC00201EB8201C8850C989DF82B10AA
:1049300001EBC10100EB8101002008760C999DF884
:104940002B2002EBC20201EB8201C8610C999DF899
:104950002B2002EBC20201EB820108620C999DF848
:104960002B2002EBC20201EB82014862FFE79DF8B7
:104970002B0001308DF82B00B7E700208DF82B00BD
:10498000FFE79DF82B000C99097988423EDAFFE792
:104990000C989DF82B1001EBC10100EB8101002068
:1049A00081F855029DF82B100C9A01EBC10302EB24
:1049B000830282F854120C999DF82B2002EBC2025C
:1049C00001EB820181F858020C999DF82B2002EB33
:1049D000C20201EB8201C1F85C020C999DF82B2008
:1049E00002EBC20201EB8201C1F860020C999DF852
:1049F0002B2002EBC20201EB8201C1F86402FFE747
:104A00009DF82B0001308DF82B00BAE70C9B18683D
:104A1000197C8DF8141059689A68DB680493039226
:104A200002910299039A049BDDF814C0EE46CEF879
:104A300000C008F0B5F940B1FFE70C99022081F8F9
:104A4000950401208DF837000FE00C9900200190AB
:104A500048740C99012081F895040C98006808F0BE
:104A600089F901988DF83700FFE79DF837000EB0FF
:104A700080BD000080B58AB00990002008900790A2
:104A800006900590049009980068B0F1A04F47D1B6
:104A9000FFE7FFE70020039043F63000C4F2020076
:104AA000016841F001010160006800F0010003901D
:104AB0000398FFE74FF4C0500490022005900020B7
:104AC0000690032007900A2008900020C4F20200FC
:104AD00004A9FEF7DBFCFFE743F63401C4F2020150
:104AE000086840F080000860FFE70020029043F66D
:104AF0004400C4F20200016841F480410160006892
:104B000000F4804002900298FFE7FFE74320019005
:104B100000221146FEF746FF0198FEF739FFFFE736
:104B20000AB080BD80B582B0019001208DF80300ED
:104B30000198C07920B9FFE700208DF803000CE050
:104B40000198C079022804D1FFE701208DF8030005
:104B500002E0FCF7D3FCFFE7FFE70198D0F8E004A0
:104B60009DF8031007F09EF90198D0F8E00407F0D3
:104B700017F902B080BD000080B582B001900198A5
:104B8000D0F8E00407F05CF902B080BD80B582B0D7
:104B900001900198D0F8E00407F064F902B080BDFC
:104BA00080B584B002908DF80710FFE7029890F866
:104BB0009404012804D1FFE702208DF80F0019E0CA
:104BC0000299012081F89404FFE7FFE79DF80700B0
:104BD00002994874029800689DF8071008F0A2FF37
:104BE000FFE70299002081F89404FFE700208DF888
:104BF0000F00FFE79DF80F0004B080BD80B582B0C4
:104C000001900199D1F8E00401F29C4107F074F998
:104C100002B080BD80B584B0029002980068019017
:104C2000FFE7029890F89404012804D1FFE70220DE
:104C30008DF80F0028E00299012081F89404FFE725
:104C4000FFE70198C068400600280BD5FFE70298EF
:104C5000407B012806D1FFE70199886B40F4803042
:104C60008863FFE70298006808F070FD029800680A
:104C700008F06AF8FFE70299002081F89404FFE742
:104C800000208DF80F00FFE79DF80F0004B080BDF5
:104C900080B582B001900198D0F8E00407F0AEF939
:104CA00001980168D1F8000E40F00100C1F8000E33
:104CB0000198C07A48B1FFE74EF61051CEF20001DC
:104CC000086840F006000860FFE702B080BD000001
:104CD00080B584B002900191029820B9FFE70120CD
:104CE0008DF80F0021E1019843F60041C4F2020162
:104CF000096801F00701884212D9FFE7019943F6DC
:104D00000040C4F202000170006800F00700019941
:104D1000884204D0FFE701208DF80F0005E1FFE78E
:104D200002980078800700282AD5FFE702980078CB
:104D30004007002809D5FFE743F60801C4F2020145
:104D4000086840F4E0500860FFE702980078000728
:104D5000002809D5FFE743F60801C4F202010868FC
:104D600040F460400860FFE743F60801C4F2020126
:104D7000086820F0F000029A926810430860FFE78C
:104D800002980078C00700286ED0FFE702984068BC
:104D9000012811D1FFE743F60000C4F202000068C9
:104DA00000F400310020B0EB514F04D1FFE70120A7
:104DB0008DF80F00B9E02CE002984068022805D079
:104DC000FFE702984068032811D1FFE743F600008F
:104DD000C4F20200006800F000710020B0EB516FD7
:104DE00004D1FFE701208DF80F009EE010E043F6AC
:104DF0000000C4F20200006800F002010020B0EBE5
:104E0000510F04D1FFE701208DF80F008DE0FFE77F
:104E1000FFE743F60801C4F20201086820F003002E
:104E2000029A526810430860FEF724FD0090FFE7E5
:104E300043F60800C4F20200006800F00C0002997A
:104E40004968B0EB810F0ED0FFE7FEF713FD009924
:104E5000401A41F28931884204D3FFE703208DF8DC
:104E60000F0062E0E4E7FFE7019843F60041C4F277
:104E70000201096801F00701884212D2FFE7019997
:104E800043F60040C4F202000170006800F0070021
:104E90000199884204D0FFE701208DF80F0044E01B
:104EA000FFE702980078400700280CD5FFE743F69B
:104EB0000801C4F20201086820F4E050029AD268A6
:104EC00010430860FFE702980078000700280DD51E
:104ED000FFE743F60801C4F20201086820F46040CD
:104EE000029A126940EAC2000860FFE700F04CF83D
:104EF00043F60801C4F202010968C9B20A0943F67F
:104F0000A831C0F60101895CC84040F22401C2F218
:104F10000001086040F28C10C2F200000068FEF749
:104F2000D9FC00208DF80F00FFE79DF80F0004B0BA
:104F300080BD000040F22400C2F20000006870470B
:104F400080B5FFF7F7FF43F60801C4F202010968D4
:104F5000C1F3822243F6B831C0F60101895CC84032
:104F600080BD000080B5FFF7E5FF43F60801C4F2FD
:104F70000201096889B24A0B43F6B831C0F6010153
:104F8000895CC84080BD000080B586B000200590D7
:104F900004900390029043F60800C4F202000068F7
:104FA00000F00C000146019140B1FFE70198042890
:104FB0000AD0FFE7019808280CD04FE042F20040E9
:104FC000C0F2F40002904FE047F64000C0F27D10BE
:104FD000029049E043F60400C4F20200016801F0C7
:104FE0003F01059100684002002813D5FFE743F612
:104FF0000400C4F202000068C0F3881047F64001C4
:10500000C0F27D11A0FB0101059A0023FBF7D8F83F
:10501000049012E043F60400C4F202000068C0F3FA
:10502000881042F20041C0F2F401A0FB0101059A90
:105030000023FBF7C5F80490FFE743F60400C4F231
:105040000200006800F44031022000EBD1300390F0
:1050500004980399B0FBF1F0029005E042F20040A1
:10506000C0F2F4000290FFE7029806B080BD000095
:1050700080B586B00490049820B9FFE701208DF830
:10508000170050E304980078C007002800F0A580BE
:10509000FFE743F60800C4F20200006800F00C00CD
:1050A000042813D0FFE743F60800C4F202000068AA
:1050B00000F00C0008281ED1FFE743F60400C4F2FC
:1050C000020000684002002815D5FFE743F6000003
:1050D000C4F20200006800F400310020B0EB514F30
:1050E00008D0FFE70498406820B9FFE701208DF859
:1050F000170018E370E0FFE704984068B0F5803FC0
:1051000009D1FFE743F60001C4F20201086840F448
:105110008030086020E004984068B0F5A02F0DD1E1
:10512000FFE743F60001C4F20201086840F4802062
:105130000860086840F4803008600CE043F6000125
:10514000C4F20201086820F480300860086820F486
:1051500080200860FFE7FFE7FFE704984068E8B1B8
:10516000FFE7FEF787FB0390FFE743F60000C4F27A
:105170000200006800F400310020B0EB514F0CD168
:10518000FFE7FEF777FB0399401A652804D3FFE792
:1051900003208DF81700C6E2E7E71CE0FEF76AFB84
:1051A0000390FFE743F60000C4F20200006800F439
:1051B00000310020B0EB514F0CD0FFE7FEF75AFB57
:1051C0000399401A652804D3FFE703208DF81700E0
:1051D000A9E2E7E7FFE7FFE7FFE704980078800729
:1051E000002840F19680FFE743F60800C4F2020071
:1051F000006810F00C0F13D0FFE743F60800C4F26C
:105200000200006800F00C0008282CD1FFE743F6EC
:105210000400C4F2020000684002002823D4FFE723
:1052200043F60000C4F20200006800F00201002012
:10523000B0EB510F09D0FFE70498C068012804D0F3
:10524000FFE701208DF817006DE243F60001C4F27C
:105250000201086820F0F800049A126940EAC200CE
:105260000860FFE754E00498C06870B3FFE70021CE
:10527000C4F2472101200860FEF7FCFA0390FFE723
:1052800043F60000C4F20200006800F002010020B2
:10529000B0EB510F0CD1FFE7FEF7ECFA0399401A7F
:1052A000032804D3FFE703208DF817003BE2E7E76C
:1052B00043F60001C4F20201086820F0F800049AE5
:1052C000126940EAC200086021E00021C4F24721CF
:1052D00000200860FEF7CEFA0390FFE743F60000D7
:1052E000C4F20200006800F002010020B0EB510F90
:1052F0000CD0FFE7FEF7BEFA0399401A032804D347
:10530000FFE703208DF817000DE2E7E7FFE7FFE76F
:10531000FFE704980078000700284BD5FFE70498C2
:10532000406918B3FFE740F68061C4F247210120CD
:105330000860FEF79FFA0390FFE743F67400C4F29B
:105340000200006800F002010020B0EB510F0CD108
:10535000FFE7FEF78FFA0399401A032804D3FFE70B
:1053600003208DF81700DEE1E7E722E040F68061D8
:10537000C4F2472100200860FEF77CFA0390FFE7A3
:1053800043F67400C4F20200006800F0020100203D
:10539000B0EB510F0CD0FFE7FEF76CFA0399401AFF
:1053A000032804D3FFE703208DF81700BBE1E7E7EC
:1053B000FFE7FFE7049800784007002840F1CE801F
:1053C000FFE700208DF8070043F64000C4F202001A
:1053D0000068C000002815D4FFE7FFE70020009018
:1053E00043F64000C4F20200016841F080510160C0
:1053F000006800F0805000900098FFE701208DF8D1
:105400000700FFE747F20000C4F200000068C00593
:10541000002822D4FFE747F20001C4F20001086827
:1054200040F480700860FEF725FA0390FFE747F22A
:105430000000C4F200000068C00500280CD4FFE79B
:10544000FEF718FA0399401A032804D3FFE7032054
:105450008DF8170067E1EAE7FFE7FFE70498806847
:10546000012809D1FFE743F67001C4F20201086880
:1054700040F0010008601FE00498806805280DD105
:10548000FFE743F67001C4F20201086840F004002F
:105490000860086840F0010008600CE043F6700105
:1054A000C4F20201086820F001000860086820F0DA
:1054B00004000860FFE7FFE7FFE704988068F8B1A1
:1054C000FFE7FEF7D7F90390FFE743F67000C4F259
:1054D0000200006800F002010020B0EB510F0ED175
:1054E000FFE7FEF7C7F90399401A41F28931884274
:1054F00004D3FFE703208DF8170014E1E5E71EE071
:10550000FEF7B8F90390FFE743F67000C4F202001B
:10551000006800F002010020B0EB510F0ED0FFE751
:10552000FEF7A8F90399401A41F28931884204D361
:10553000FFE703208DF81700F5E0E5E7FFE79DF8AA
:105540000700012809D1FFE743F64001C4F2020138
:10555000086820F080500860FFE7FFE70498806942
:10556000002800F0DC80FFE743F60800C4F20200E8
:10557000006800F00C00082800F08580FFE7049820
:10558000806902285CD1FFE76021C4F24721002036
:105590000860FEF76FF90390FFE743F60000C4F2DE
:1055A0000200006800F000710020B0EB516F0CD0D9
:1055B000FFE7FEF75FF90399401A032804D3FFE7DA
:1055C00003208DF81700AEE0E7E70499C869D1F829
:1055D00020C04B6A8A6A40EA0C0040EA8310D2037A
:1055E0004FF6FF739A43A2F580321043C96A40EA2E
:1055F000016043F60401C4F2020108606021C4F2B4
:10560000472101200860FEF735F90390FFE743F6D4
:105610000000C4F20200006800F000710020B0EB4E
:10562000516F0CD1FFE7FEF725F90399401A0328C3
:1056300004D3FFE703208DF8170074E0E7E721E0CB
:105640006021C4F2472100200860FEF713F903909F
:10565000FFE743F60000C4F20200006800F00071AA
:105660000020B0EB516F0CD0FFE7FEF703F9039970
:10567000401A032804D3FFE703208DF8170052E0F7
:10568000E7E7FFE74AE004988069012804D1FFE7D3
:1056900001208DF8170046E043F60400C4F2020032
:1056A0000068029004988069012831D0FFE70298D1
:1056B00000F480000499C969884229D1FFE7029863
:1056C00000F03F000499096A884221D1FFE702985F
:1056D00047F6C07108400499496AB0EB811F17D1A1
:1056E000FFE7029800F440300499896AC9034FF635
:1056F000FF729143A1F58031884209D1FFE70298FA
:1057000000F070600499C96AB0EB016F04D0FFE744
:1057100001208DF8170006E0FFE7FFE7FFE7002014
:105720008DF81700FFE79DF8170006B080BD000058
:1057300081B0009001B0704780B584B002900298AB
:1057400020B9FFE701208DF80F0072E00298406A4F
:1057500060B9FFE702984068B0F5827F01D1FFE7AA
:1057600003E002990020C861FFE705E002990020EC
:10577000086102994861FFE7029900208862029857
:1057800090F8510040B9FFE70299002081F85000DD
:10579000029800F053F8FFE70299022081F85100C7
:1057A00002980168086820F040000860029A01929F
:1057B00011685068D2F808C0D36800F482700CF405
:1057C000044C604403F400631844136903F00203BB
:1057D0001844536903F001031844936903F40073F8
:1057E0001844D36903F038031844136A03F08003A4
:1057F0001843926A02F4005210430860029801684C
:105800008369426A042000EA134002F01002104447
:10581000486002980168C86920F40060C861029974
:1058200000204865029A012182F851108DF80F007E
:10583000FFE79DF80F0004B080BD000080B58EB07A
:105840000D9000200C900B900A90099008900D98F4
:10585000006843F60001C4F20001884234D1FFE73A
:10586000FFE70020079043F64000C4F20200016801
:1058700041F480410160006800F48040079007987F
:10588000FFE7FFE70020069043F63000C4F2020075
:10589000016841F002010160006800F0020006901A
:1058A0000698FFE74FF4604008900220099000211D
:1058B0000A910B9005200C9040F20040C4F20200C7
:1058C00008A9FDF7E3FD93E00D98006843F6004159
:1058D000C4F20001884240F08A80FFE7FFE7002021
:1058E000059043F64000C4F20200016841F4004113
:1058F0000160006800F4004005900598FFE7FFE7AD
:105900000020049043F63000C4F20200016841F028
:1059100004010160006800F0040004900498FFE7AF
:105920004FF4E050089002200990002002900A9065
:1059300001200B9006200C9040F60000C4F20200FB
:1059400008A9FDF7A3FD029942F2A010C2F20000DF
:10595000039046F21002C4F20202026041608160CC
:10596000C1604FF48062026141618161C1614FF4A5
:10597000003202624162FDF74DFC18B1FFE7FBF710
:10598000BDFDFFE7FFE70D9842F2A011C2F2000152
:10599000C1640D988863FFE742F20020C2F2000064
:1059A000019046F28801C4F20201016000214160C9
:1059B00040228260C1604FF4806202614161816176
:1059C000C1614FF4003202624162FDF723FC18B15D
:1059D000FFE7FBF793FDFFE7FFE70D9842F2002199
:1059E000C2F2000181640D988863FFE7FFE7FFE7DB
:1059F0000EB080BD80B588B006900591ADF812203C
:105A00000393069890F85100012804D0FFE7022084
:105A10008DF81F0011E1059820B1FFE7BDF81200D5
:105A200020B9FFE701208DF81F0006E106984068C5
:105A3000B0F5827F16D1FFE70698806890B9FFE73E
:105A40000699042081F851000698059ABDF8123095
:105A50000399EC46CCF80010114600F04DFA8DF891
:105A60001F00EAE0FDF706FF0290FFE7069890F8B6
:105A70005000012804D1FFE702208DF81F00DCE070
:105A80000699012081F85000FFE7FFE706990420FE
:105A900081F851000699002048650599069A91639E
:105AA000BDF81210069A9187BDF81210069AD18798
:105AB00006990863069988860699C8860699086437
:105AC0000699486406988068B0F5004F0DD1FFE74D
:105AD00006980168086820F0400008600698016890
:105AE000086820F480400860FFE7069800680068B6
:105AF00000F04000402807D0FFE7069801680868DA
:105B000040F040000860FFE70698C068D0BBFFE7A0
:105B1000FFE70698C08FA0B3FFE70698006880688B
:105B2000C00778B1FFE706980068007B0699896B8B
:105B300008700699886B013088630699C88F013810
:105B4000C8871DE0FDF796FE0299401A0399884226
:105B500004D3FFE70398013018B9FFE7039870B941
:105B6000FFE70699012081F85100FFE70699002020
:105B700081F85000FFE703208DF81F005DE0FFE78C
:105B8000C7E739E0FFE70698C08FA0B3FFE70698A4
:105B900000688068C00778B1FFE706980068C068B1
:105BA0000699896B08800699886B0230886306998C
:105BB000C88F0138C8871DE0FDF75CFE0299401AC6
:105BC0000399884204D3FFE70398013018B9FFE72F
:105BD000039870B9FFE70699012081F85100FFE7AB
:105BE0000699002081F85000FFE703208DF81F0080
:105BF00023E0FFE7C7E7FFE706980399029A03F05F
:105C00000BFA20B1FFE7069920204865FFE70699C7
:105C1000012081F85100FFE70699002081F850002B
:105C2000FFE70698406D20B1FFE701208DF81F00C7
:105C300003E000208DF81F00FFE79DF81F0008B06B
:105C400080BD000081B0009001B0704781B000902D
:105C500001B0704780B588B006900591ADF812206C
:105C60000393FDF707FE0290BDF81200ADF80600A1
:105C7000069890F85100012804D0FFE702208DF823
:105C80001F0034E1059820B1FFE7BDF8120020B9EC
:105C9000FFE701208DF81F0029E1FFE7069890F843
:105CA0005000012804D1FFE702208DF81F001EE1FB
:105CB0000699012081F85000FFE7FFE706990320CD
:105CC00081F851000699002048650599069A1163EC
:105CD000BDF81210069A9186BDF81210069AD18668
:105CE00006998863069988870699C8870699486443
:105CF0000699086406988068B0F5004F0DD1FFE75B
:105D000006980168086820F040000860069801685D
:105D1000086840F480400860FFE706980068006863
:105D200000F04000402807D0FFE7069801680868A7
:105D300040F040000860FFE70698C068B0F5006FCB
:105D400051D1FFE70698406828B1FFE7BDF806008B
:105D500001280ED1FFE706980168006B0088C86033
:105D60000699086B023008630699C88E0138C88608
:105D7000FFE7FFE70698C08EA0B3FFE7069800682C
:105D80008068800700280ED5FFE706980168006B41
:105D90000088C8600699086B023008630699C88EAF
:105DA0000138C8861DE0FDF765FD0299401A039988
:105DB000884204D3FFE70398013018B9FFE703983E
:105DC00070B9FFE70699012081F85100FFE70699B5
:105DD000002081F85000FFE703208DF81F0086E0C7
:105DE000FFE7C7E750E00698406828B1FFE7BDF835
:105DF000060001280ED1FFE706980168006B0078C5
:105E000008730699086B013008630699C88E01383B
:105E1000C886FFE7FFE70698C08EA0B3FFE70698A5
:105E200000688068800700280ED5FFE706980168A3
:105E3000006B007808730699086B013008630699B7
:105E4000C88E0138C8861DE0FDF714FD0299401A7E
:105E50000399884204D3FFE70398013018B9FFE79C
:105E6000039870B9FFE70699012081F85100FFE718
:105E70000699002081F85000FFE703208DF81F00ED
:105E800035E0FFE7C7E7FFE706980399029A03F0BA
:105E900035F920B1FFE7069920204865FFE706980D
:105EA000806870B9FFE7FFE700200090069800685F
:105EB000C068009006980068806800900098FFE72E
:105EC000FFE70699012081F85100FFE706990020BD
:105ED00081F85000FFE70698406D20B1FFE70120F0
:105EE0008DF81F0003E000208DF81F00FFE79DF8EC
:105EF0001F0008B080BD000080B58CB0DDF838C050
:105F00000A9009910892ADF81E3001200390FDF728
:105F1000B1FC04900A9890F851008DF817000A9887
:105F200040680690BDF81E00ADF81C009DF81700F3
:105F3000012812D0FFE70698B0F5827F09D1FFE76C
:105F40000A98806828B9FFE79DF81700042804D054
:105F5000FFE702208DF82F009BE1099838B1FFE799
:105F6000089820B1FFE7BDF81E0020B9FFE7012027
:105F70008DF82F008DE1FFE70A9890F85000012876
:105F800004D1FFE702208DF82F0082E10A99012059
:105F900081F85000FFE7FFE70A9890F851000428C5
:105FA00005D0FFE70A99052081F85100FFE70A991B
:105FB0000020486508990A9A9163BDF81E100A9A54
:105FC000D187BDF81E100A9A918709990A9A116320
:105FD000BDF81E100A9AD186BDF81E100A9A918645
:105FE0000A9908640A9948640A980068006800F0F1
:105FF0004000402807D0FFE70A980168086840F091
:1060000040000860FFE70A98C068B0F5006F40F0F4
:106010008180FFE70A98406828B1FFE7BDF81C00BF
:1060200001280ED1FFE70A980168006B0088C8605C
:106030000A99086B023008630A99C88E0138C8862D
:10604000FFE7FFE70A98C18E0120019039B9FFE709
:106050000A98C08F002818BF01200190FFE701981F
:10606000C007002855D0FFE70A98006880688007BD
:10607000002818D5FFE70A98C08EA0B1FFE7039863
:10608000012810D1FFE70A980168006B0088C860FA
:106090000A99086B023008630A99C88E0138C886CD
:1060A00000200390FFE70A9800688068C007A8B145
:1060B000FFE70A98C08F88B1FFE70A980068C068B8
:1060C0000A99896B08800A99886B023088630A995B
:1060D000C88F0138C88701200390FFE7FDF7CAFB8E
:1060E0000499401A0E99884212D3FFE70E980130A6
:1060F00070B1FFE70A99012081F85100FFE70A9982
:10610000002081F85000FFE703208DF82F00C0E049
:1061100098E782E00A98406828B1FFE7BDF81C00C4
:1061200001280ED1FFE70A980168006B0078087318
:106130000A99086B013008630A99C88E0138C8862D
:10614000FFE7FFE70A98C18E0120009039B9FFE709
:106150000A98C08F002818BF01200090FFE7009820
:10616000C007002858D0FFE70A98006880688007B9
:10617000002818D5FFE70A98C08EA0B1FFE7039862
:10618000012810D1FFE70A980168006B00780873B6
:106190000A99086B013008630A99C88E0138C886CD
:1061A00000200390FFE70A9800688068C007A8B144
:1061B000FFE70A98C08F88B1FFE70A980068C068B7
:1061C0000A99896B08700A99886B013088630A996B
:1061D000C88F0138C88701200390FFE7FDF74AFB0D
:1061E0000499401A0E99884204D3FFE70E980130B3
:1061F00018B9FFE70E9870B9FFE70A99012081F8F6
:106200005100FFE70A99002081F85000FFE70320C2
:106210008DF82F003DE095E7FFE70A980E99049A64
:1062200002F06CFF68B1FFE70A9920204865FFE79C
:106230000A99002081F85000FFE701208DF82F0017
:1062400027E00A98806870B9FFE7FFE70020029016
:106250000A980068C06802900A98006880680290F6
:106260000298FFE7FFE70A99012081F85100FFE754
:106270000A99002081F85000FFE70A98406D20B18C
:10628000FFE701208DF82F0003E000208DF82F009C
:10629000FFE79DF82F000CB080BD000080B588B0EE
:1062A000069005910492ADF80E30069890F85100D2
:1062B0008DF807000698406802909DF807000128B5
:1062C00012D0FFE70298B0F5827F09D1FFE7069868
:1062D000806828B9FFE79DF80700042804D0FFE78D
:1062E00002208DF81F00DFE0059838B1FFE7049821
:1062F00020B1FFE7BDF80E0020B9FFE701208DF8BF
:106300001F00D1E0FFE7069890F85000012804D163
:10631000FFE702208DF81F00C6E00699012081F8F2
:106320005000FFE7FFE7069890F85100042805D0D9
:10633000FFE70699052081F85100FFE70699002044
:1063400048650599069A1163BDF80E10069A918664
:10635000BDF80E10069AD1860499069A9163BDF88D
:106360000E10069A9187BDF80E10069AD1870699ED
:10637000086406994864069890F8510004280FD1E3
:10638000FFE70698C16C48F6BD60C0F600000864DF
:106390000698C16C48F6ED60C0F60000C8630EE0D8
:1063A0000698C16C48F6D560C0F6000008640698EF
:1063B000C16C48F69170C0F60000C863FFE706980C
:1063C000C16C48F68960C0F60000C8640698C16CCC
:1063D00000200865069B19689A6BD86C0C31DB8F1E
:1063E000FCF7D0FF78B1FFE70699486D40F0100048
:1063F0004865FFE70699002081F85000FFE701207B
:106400008DF81F0050E006980168486840F00100D0
:1064100048600698816C002008640699896CC863FE
:106420000699896CC8640699896C0865069B1A6888
:10643000196B986C0C32DB8EFCF7A4FF78B1FFE788
:106440000699486D40F010004865FFE70699002066
:1064500081F85000FFE701208DF81F0024E0069826
:106460000068006800F04000402807D0FFE7069869
:106470000168086840F040000860FFE7FFE7069900
:10648000002081F85000FFE706980168486840F056
:106490002000486006980168486840F002004860A3
:1064A00000208DF81F00FFE79DF81F0008B080BD99
:1064B00080B582B00190019842F6BC01C2F20001A1
:1064C00088420CD1FFE740F2DB10C2F200000078F6
:1064D000C00718B9FFE7FAF7C3FEFFE7FFE702B00E
:1064E00080BD000081B0009001B0704780B582B0DF
:1064F0000190019802F032FF02B080BD81B000909F
:1065000001B0704781B0009001B0704784B0029034
:10651000019100200090FFE7029890F83C000128CC
:1065200004D1FFE702208DF80F0044E0029901201A
:1065300081F83C00FFE7FFE7009820F0FF00019999
:10654000C96808430090009820F440700199896858
:1065500008430090009820F480600199496808433E
:106560000090009820F400600199096808430090A9
:10657000009820F480500199096908430090009820
:1065800020F400500199496908430090009820F4D4
:1065900080400199C96908430090009802990968F0
:1065A0004864FFE70299002081F83C00FFE70020E3
:1065B0008DF80F00FFE79DF80F0004B07047000052
:1065C00085B003900291FFE7039890F83C00012802
:1065D00004D1FFE702208DF813007EE0039901202B
:1065E00081F83C00FFE7FFE70399022081F83D00B6
:1065F00003980068406801900398006880680090E4
:10660000019820F0700001900298016801980843F9
:106610000190019803990968486003980068002177
:10662000C4F2010188423CD0FFE703980068B0F152
:10663000804F36D0FFE70398006840F20041C4F273
:10664000000188422DD0FFE70398006840F6000162
:10665000C4F20001884224D0FFE70398006840F6A6
:106660000041C4F2000188421BD0FFE70398006894
:1066700040F20041C4F20101884212D0FFE70398C2
:10668000006844F20001C4F20101884209D0FFE72A
:106690000398006841F60001C4F2000188420ED15F
:1066A000FFE7009820F08000009002984168009871
:1066B000084300900098039909688860FFE70399F0
:1066C000012081F83D00FFE70399002081F83C009C
:1066D000FFE700208DF81300FFE79DF8130005B0D9
:1066E0007047000080B582B00090009820B9FFE7A5
:1066F00001208DF807003FE0009890F83D0040B978
:10670000FFE70099002081F83C00009800F038F87D
:10671000FFE70099022081F83D00009951F8040B31
:1067200002F034FF0099012081F84600FFE700994C
:10673000012081F83E00009981F83F00009981F81E
:106740004000009981F84100FFE7FFE70099012030
:1067500081F84200009981F84300009981F84400D3
:10676000009981F84500FFE70099012081F83D007C
:1067700000208DF80700FFE79DF8070002B080BDFC
:1067800080B586B005900598006840F60001C4F217
:106790000001884240D1FFE7FFE70020049043F664
:1067A0004000C4F20200016841F004010160006889
:1067B00000F0040004900498FFE742F26020C2F267
:1067C0000000029046F25801C4F2020101604FF04D
:1067D00080614160402181600021C1604FF480628E
:1067E00002614FF4805242614FF480428261C16184
:1067F00001624162FCF70EFD18B1FFE7FAF77EFE79
:10680000FFE7FFE7059842F26021C2F200018162D2
:1068100005988863FFE724E00598006840F200418E
:10682000C4F2010188421BD1FFE7FFE7002003907B
:1068300043F64400C4F20200016841F00201016025
:10684000006800F0020003900398FFE72C200190FD
:1068500000221146FDF7A6F80198FDF799F8FFE729
:10686000FFE706B080BD000083B00190019890F86A
:106870003D00012804D0FFE701208DF80B006AE0FD
:106880000199022081F83D0001980168C86840F034
:106890000100C860019800680021C4F2010188422B
:1068A0003CD0FFE701980068B0F1804F36D0FFE799
:1068B0000198006840F20041C4F2000188422DD0E6
:1068C000FFE70198006840F60001C4F20001884229
:1068D00024D0FFE70198006840F60041C4F20001AF
:1068E00088421BD0FFE70198006840F20041C4F2E3
:1068F0000101884212D0FFE70198006844F20001CC
:10690000C4F20101884209D0FFE70198006841F60E
:106910000001C4F20001884212D1FFE7019800682B
:10692000806800F0070000900098062807D0FFE775
:1069300001980168086840F001000860FFE706E080
:1069400001980168086840F001000860FFE7002036
:106950008DF80B00FFE79DF80B0003B070470000B7
:1069600080B586B00490039100208DF80B00FFE7FE
:10697000049890F83C00012804D1FFE702208DF82C
:106980001700ABE00499012081F83C00FFE7FFE726
:106990000499022081F83D00049800688068019005
:1069A000019820F077000190019820F47F40019039
:1069B000019804990968886003980068009000288D
:1069C00072D0FFE7009810286ED0FFE700982028CB
:1069D0006AD0FFE70098302866D0FFE7009840288B
:1069E00055D0FFE70098502837D0FFE7009860287F
:1069F00040D0FFE7009870280BD0FFE70098B0F573
:106A0000805F05D0FFE70098B0F5005F16D052E038
:106A100055E004980068039B5A689968DB6802F0A7
:106A200089FF0498006880680190019840F0770021
:106A30000190019804990968886040E00498006812
:106A4000039B5A689968DB6802F074FF0498016838
:106A5000886840F48040886031E004980068039AB8
:106A60005168D26803F052F904980068502102F08E
:106A70007BFF24E004980068039A5168D26803F011
:106A80006DF904980068602102F06EFF17E0049829
:106A90000068039A5168D26803F038F904980068D6
:106AA000402102F061FF0AE0049800680399096838
:106AB00002F05AFF03E001208DF80B00FFE7049974
:106AC000012081F83D00FFE70499002081F83C0097
:106AD000FFE79DF80B008DF81700FFE79DF8170002
:106AE00006B080BD81B0009001B0704781B00090C9
:106AF00001B0704780B584B0039003980068C06807
:106B0000029003980068006901909DF804008007D6
:106B1000002824D5FFE79DF80800800700281DD530
:106B2000FFE7039801686FF00200086103990120F4
:106B30000877039800688069800720B1FFE7039811
:106B4000FFF7D4FF06E0039800F08AF9039800F0FD
:106B50007FFAFFE7039900200877FFE7FFE79DF83A
:106B600004004007002825D5FFE79DF808004007EE
:106B700000281ED5FFE7039801686FF00400086144
:106B800003990220087703980068806910F4407F19
:106B900004D0FFE70398FFF7A9FF06E0039800F091
:106BA0005FF9039800F054FAFFE703990020087793
:106BB000FFE7FFE79DF804000007002824D5FFE762
:106BC0009DF80800000700281DD5FFE7039801681D
:106BD0006FF00800086103990420087703980068A3
:106BE000C069800720B1FFE70398FFF77FFF06E049
:106BF000039800F035F9039800F02AFAFFE70399AB
:106C000000200877FFE7FFE79DF80400C006002892
:106C100025D5FFE79DF80800C00600281ED5FFE730
:106C2000039801686FF01000086103990820087745
:106C300003980068C06910F4407F04D0FFE7039810
:106C4000FFF754FF06E0039800F00AF9039800F0FC
:106C5000FFF9FFE7039900200877FFE7FFE79DF8BA
:106C60000400C00778B1FFE79DF80800C00748B1ED
:106C7000FFE7039801686FF001000861039800F0D6
:106C800047FDFFE7FFE79DF804000006002810D548
:106C9000FFE79DF808000006002809D5FFE70398E4
:106CA00001686FF0800008610398FFF727FCFFE799
:106CB000FFE79DF804004006002810D5FFE79DF887
:106CC00008004006002809D5FFE7039801686FF027
:106CD00040000861039800F033FDFFE7FFE79DF8EF
:106CE00004008006002810D5FFE79DF80800800604
:106CF000002809D5FFE7039801686FF020000861BC
:106D00000398FFF7FFFBFFE7FFE704B080BD00003B
:106D100080B58EB00D9000200C900B900A900990D9
:106D200008900D98006840F60001C4F20001884206
:106D300021D1FFE7FFE70020079043F63000C4F2BF
:106D40000200016841F002010160006800F00200E9
:106D500007900798FFE78020089002200990002103
:106D60000A910B910C9040F20040C4F2020008A975
:106D7000FCF78CFB71E00D98006840F20041C4F212
:106D80000101884268D1FFE7FFE70020069043F643
:106D90003000C4F20200016841F0010101600068A6
:106DA00000F0010006900698FFE7FFE7002005903D
:106DB00043F63000C4F20200016841F002010160B4
:106DC000006800F0020005900598FFE7FFE700204B
:106DD000049043F63000C4F20200016841F004015F
:106DE0000160006800F0040004900498FFE7802030
:106DF0000890022000900990002001900A900B90CA
:106E0000032002900C900020C4F2020008A9039114
:106E1000FCF73CFB009B019A0298039908900993A8
:106E20000A920B920C9040F20040C4F20200FCF770
:106E30002DFB009B019A029803994FF4E07CCDF85A
:106E400020C009930A920B920C9040F60000C4F205
:106E50000200FCF71BFBFFE7FFE70EB080BD000060
:106E600081B0009001B0704780B586B00490039166
:106E7000029200208DF80700FFE7049890F83C008C
:106E8000012804D1FFE702208DF8170089E004995A
:106E9000012081F83C00FFE7FFE7029800900C28F2
:106EA00000F270800099DFE801F0076D6D6D206DD4
:106EB0006D6D3A6D6D6D530004980068039902F092
:106EC00069FD04980168886940F0080088610498A9
:106ED0000168886920F004008861039802690498B9
:106EE000016888691043886150E00498006803993C
:106EF00002F0C6FD04980168886940F4006088616A
:106F000004980168886920F48060886103980269A8
:106F100004980168886940EA0220886136E0049894
:106F20000068039902F026FE04980168C86940F0E1
:106F30000800C86104980168C86920F00400C861AD
:106F40000398026904980168C8691043C8611DE08C
:106F500004980068039902F087FE04980168C869E4
:106F600040F40060C86104980168C86920F480603A
:106F7000C8610398026904980168C86940EA022060
:106F8000C86103E001208DF80700FFE7FFE70499DF
:106F9000002081F83C00FFE79DF807008DF81700FE
:106FA000FFE79DF8170006B080BD000080B582B0F5
:106FB0000090009820B9FFE701208DF807003FE01E
:106FC000009890F83D0040B9FFE70099002081F853
:106FD0003C00009800F038F8FFE70099022081F8A3
:106FE0003D00009951F8040B02F0D0FA00990120FD
:106FF00081F84600FFE70099012081F83E000099E2
:1070000081F83F00009981F84000009981F8410023
:10701000FFE7FFE70099012081F84200009981F81D
:107020004300009981F84400009981F84500FFE78A
:107030000099012081F83D0000208DF80700FFE74E
:107040009DF8070002B080BD81B0009001B070478C
:1070500081B0009001B0704781B0009001B07047DE
:1070600080B58CB00A900991099828B9FFE70A9871
:1070700090F83E0007901CE00998042805D1FFE72E
:107080000A9890F83F00069010E00998082805D16A
:10709000FFE70A9890F84000059004E00A9890F8FD
:1070A00041000590FFE705980690FFE706980790D6
:1070B000FFE70798012804D0FFE701208DF82F0093
:1070C000AFE0099828B9FFE70A99022081F83E004D
:1070D0001EE00998042806D1FFE70A99022081F8EA
:1070E0003F00049012E00998082806D1FFE70A99AA
:1070F000022081F84000039005E00A99022081F8FF
:1071000041000390FFE703980490FFE70498FFE72E
:107110000A98006809990122019202F009FB01987E
:107120000A9909680022C4F20102914202900CD02F
:10713000FFE70A9800684FF60041CBF6FE7108445D
:10714000B0FA80F040090290FFE70298C00738B11A
:10715000FFE70A980168486C40F400404864FFE784
:107160000A9800680021C4F2010188423CD0FFE780
:107170000A980068B0F1804F36D0FFE70A9800689F
:1071800040F20041C4F2000188422DD0FFE70A9886
:10719000006840F60001C4F20001884224D0FFE7F5
:1071A0000A98006840F60041C4F2000188421BD0F2
:1071B000FFE70A98006840F20041C4F201018842EA
:1071C00012D0FFE70A98006844F20001C4F20101FE
:1071D000884209D0FFE70A98006841F60001C4F22E
:1071E0000001884212D1FFE70A980068806800F029
:1071F000070008900898062807D0FFE70A9801685A
:10720000086840F001000860FFE706E00A9801689E
:10721000086840F001000860FFE700208DF82F00AB
:10722000FFE79DF82F000CB080BD000080B592B044
:1072300010900F910E92ADF8363000208DF8350089
:107240000F9828B9FFE7109890F83E000B901CE0CB
:107250000F98042805D1FFE7109890F83F000A9096
:1072600010E00F98082805D1FFE7109890F840002B
:10727000099004E0109890F841000990FFE7099800
:107280000A90FFE70A980B90FFE70B98022804D1B9
:10729000FFE702208DF84700B1E10F9828B9FFE71A
:1072A000109890F83E0008901CE00F98042805D133
:1072B000FFE7109890F83F00079010E00F9808281B
:1072C00005D1FFE7109890F84000069004E0109870
:1072D00090F841000690FFE706980790FFE70798AF
:1072E0000890FFE70898012834D1FFE70E9820B1F5
:1072F000FFE7BDF8360020B9FFE701208DF8470011
:107300007DE10F9828B9FFE71099022081F83E002F
:107310001EE00F98042806D1FFE71099022081F89B
:107320003F00059012E00F98082806D1FFE710995A
:10733000022081F84000049005E01099022081F8B5
:1073400041000490FFE704980590FFE70598FFE7E8
:10735000FFE703E001208DF8470050E1FFE70F98B9
:1073600003900C2800F2B6800399DFE801F007B320
:10737000B3B332B3B3B35DB3B3B388001098416A0B
:1073800049F26970C0F60000C8631098416A49F676
:107390002500C0F6000008641098416A49F699007B
:1073A000C0F60000C86410980268406A0E99343232
:1073B000BDF83630FBF7E6FF20B1FFE701208DF87E
:1073C00047001CE110980168C86840F40070C8606C
:1073D00084E01098816A49F26970C0F60000C863C1
:1073E0001098816A49F62500C0F6000008641098DC
:1073F000816A49F69900C0F60000C86410980268D6
:10740000806A0E993832BDF83630FBF7BBFF20B1E9
:10741000FFE701208DF84700F1E010980168C86887
:1074200040F48060C86059E01098C16A49F2697000
:10743000C0F60000C8631098C16A49F62500C0F67E
:10744000000008641098C16A49F69900C0F600006F
:10745000C86410980268C06A0E993C32BDF8363094
:10746000FBF790FF20B1FFE701208DF84700C6E051
:1074700010980168C86840F40060C8602EE0109859
:10748000016B49F26970C0F60000C8631098016B87
:1074900049F62500C0F6000008641098016B49F613
:1074A0009900C0F60000C86410980268006B0E993D
:1074B0004032BDF83630FBF765FF20B1FFE7012011
:1074C0008DF847009BE010980168C86840F4805030
:1074D000C86003E001208DF83500FFE79DF8350016
:1074E000002840F08780FFE7109800680F9901227C
:1074F000019202F01DF90198109909680022C4F266
:107500000102914202900CD0FFE7109800684FF6FC
:107510000041CBF6FE710844B0FA80F040090290B9
:10752000FFE70298C00738B1FFE710980168486C80
:1075300040F400404864FFE7109800680021C4F25E
:10754000010188423CD0FFE710980068B0F1804FFD
:1075500036D0FFE71098006840F20041C4F2000105
:1075600088422DD0FFE71098006840F60001C4F271
:107570000001884224D0FFE71098006840F60041DF
:10758000C4F2000188421BD0FFE71098006840F267
:107590000041C4F20101884212D0FFE71098006850
:1075A00044F20001C4F20101884209D0FFE71098BB
:1075B000006841F60001C4F20001884212D1FFE7E1
:1075C00010980068806800F007000C900C9806285E
:1075D00007D0FFE710980168086840F001000860D4
:1075E000FFE706E010980168086840F001000860B5
:1075F000FFE7FFE79DF835008DF84700FFE79DF8AE
:10760000470012B080BD000080B586B0059004919F
:10761000059800680499002202F08AF8059801682C
:1076200001200022C4F20102914203900CD0FFE736
:10763000059800684FF60041CBF6FE710844B0FA99
:1076400080F040090390FFE70398C007D8B1FFE737
:10765000FFE705980068006A41F21111084210D155
:10766000FFE705980068006A40F24441084207D1EC
:10767000FFE705980168486C20F400404864FFE784
:10768000FFE7FFE7FFE7FFE705980068006A41F2C0
:107690001111084210D1FFE705980068006A40F216
:1076A0004441084207D1FFE705980168086820F0C7
:1076B00001000860FFE7FFE7FFE7049828B9FFE74C
:1076C0000599012081F83E001EE00498042806D1A7
:1076D000FFE70599012081F83F00029012E004982D
:1076E000082806D1FFE70599012081F840000190A4
:1076F00005E00599012081F841000190FFE701981C
:107700000290FFE70298FFE7002006B080BD00006E
:1077100080B582B001900198006840F20041C4F247
:10772000010188420AD1FFE741F69430C2F200001D
:107730004078FAF705F807F0F3F9FFE702B080BDEB
:1077400081B0009001B0704782B00190ADF8021096
:1077500002B0704781B0009001B0704780B582B030
:107760000090009820B9FFE701208DF8070040E065
:107770000098806908B1FFE700E0FFE7009890F803
:10778000410040B9FFE70099002081F840000098CF
:1077900000F034F8FFE70099242081F841000098B8
:1077A0000168C86820F40050C860009802F00AFD23
:1077B00000980168086920F4904008610098016809
:1077C000486920F02A00486100980168C86840F4C0
:1077D0000050C860009900204864009A202182F877
:1077E0004110009A82F84210009948638DF8070012
:1077F000FFE79DF8070002B080BD000080B58CB0A7
:107800000B9000200A9009900890079006900B9822
:10781000006841F20001C4F20101884240F0898011
:10782000FFE7FFE70020059043F64400C4F20200A2
:10783000016841F010010160006800F0100005903F
:107840000598FFE7FFE70020049043F63000C4F2FC
:107850000200016841F001010160006800F00100D0
:1078600004900498FFE74FF4C06006900220079050
:107870000020029008900320099007200A90002021
:10788000C4F2020006A9FBF701FE029942F2203081
:10789000C2F20000039046F2B842C4F20202026053
:1078A0004FF00062426040228260C1604FF480620B
:1078B000026141618161C16101624162FBF7AAFC21
:1078C00018B1FFE7F9F71AFEFFE7FFE70B9842F25E
:1078D0002031C2F2000181630B988863FFE742F216
:1078E000C020C2F20000019046F28841C4F20201B9
:1078F00001604FF00061416000218160C1604FF480
:107900008062026141618161C16101624162FBF794
:1079100081FC18B1FFE7F9F7F1FDFFE7FFE70B98EE
:1079200042F2C021C2F20001C1630B988863FFE7F5
:10793000FFE70CB080BD000080B584B002900191DB
:10794000ADF80220029890F84200202817D1FFE7F6
:10795000019820B1FFE7BDF8020020B9FFE7012040
:107960008DF80F000FE0029900200863029801993A
:10797000BDF8022002F0C4FC8DF80F0003E00220E5
:107980008DF80F00FFE79DF80F0004B080BD0000E8
:1079900080B582B001900198006841F20001C4F204
:1079A0000101884207D1FFE741F68320C2F20000BF
:1079B0000BF0EEF8FFE702B080BD000081B0009050
:1079C00001B0704780B586B004900391ADF80A20ED
:1079D000049890F8410020286AD1FFE7039820B16D
:1079E000FFE7BDF80A0020B9FFE701208DF8170076
:1079F00062E0039804990862BDF80A00049988843B
:107A0000BDF80A000499C884049900204864049AC7
:107A1000212182F8411004998A6B4AF26501C0F66F
:107A20000001D16304998A6B4AF2E101C0F60001BA
:107A3000116404998A6B49F6C161C0F60001D164F2
:107A40000499896B086503A8019004980268806B0B
:107A5000019909680432BDF80A30FBF793FC58B16C
:107A6000FFE70499102048640499202081F8410020
:107A700001208DF817001FE0049801686FF04000A6
:107A80000860FFE7FFE70498006850E8050F40F042
:107A900080000090FFE700990498026842E8051012
:107AA0000028F0D1FFE7FFE700208DF8170003E082
:107AB00002208DF81700FFE79DF8170006B080BD83
:107AC00081B0009001B0704781B0009001B0704764
:107AD000FFE7FEE783B0029001918DF803200020BC
:107AE0008DF802008DF80200FFE79DF802009DF876
:107AF0000310884229DAFFE70298000F092809D805
:107B0000FFE70298000F303001999DF8022001F83C
:107B1000120009E00299372000EB117001999DF8DD
:107B2000022001F81200FFE702980001029001987C
:107B30009DF8021000EB410100204870FFE79DF81E
:107B4000020001308DF80200CFE703B0704700005B
:107B500080B540F20040C4F2020008210022FBF789
:107B600071FE80BD80B540F60040C4F202000421E1
:107B70000022FBF767FE80BD80B540F60040C4F2EE
:107B8000020004210122FBF75DFE80BD80B582B0BA
:107B90008DF8070000919DF80700009900F002F8A9
:107BA00002B080BD80B584B08DF80E000291002037
:107BB000C4F202004FF400410022FBF743FE029A98
:107BC00042F6BC00C2F200000DF10E010123FEF7E7
:107BD00065FB8DF807009DF80700C0B1FFE79DF831
:107BE0000700012807D1FFE741F6A421C2F20001F6
:107BF00001200870FFE70020C4F202004FF40041AA
:107C00000122FBF71FFE00208DF80F001CE041F65B
:107C1000A420C2F200000078012807D1FFE741F656
:107C2000A421C2F2000100200870FFE7FFE7002056
:107C3000C4F202004FF4004101220092FBF702FE61
:107C400000988DF80F00FFE79DF80F0004B080BD8D
:107C500080B586B0002200920592049203920292AF
:107C600042F22800C2F20000019042F20001C4F288
:107C7000010101604FF440314160826001210161E6
:107C8000027680F820204FF00053C3624FF060630B
:107C90008362C2600323C36180F830204161F9F739
:107CA00067FF18B1FFE7F9F729FCFFE70D20029005
:107CB000012003900020049042F22800C2F200004C
:107CC00002A9F9F73DFE18B1FFE7F9F717FCFFE746
:107CD000002002900220039042F22800C2F200002D
:107CE00002A9F9F72DFE18B1FFE7F9F707FCFFE746
:107CF000012002900320039042F22800C2F200000B
:107D000002A9F9F71DFE18B1FFE7F9F7F7FBFFE746
:107D100006B080BD80B586B0002205920492039221
:107D2000029242F27000C2F20000019042F2001191
:107D3000C4F2010101604FF4403141604FF0007125
:107D4000816001210161017680F82020C262012357
:107D5000C0F600738362C2600422C26180F83010F2
:107D60004161F9F705FF18B1FFE7F9F7C7FBFFE736
:107D70000A200290012003900720049042F2700034
:107D8000C2F2000002A9F9F7DBFD18B1FFE7F9F72D
:107D9000B5FBFFE70B2002900220039042F2700037
:107DA000C2F2000002A9F9F7CBFD18B1FFE7F9F71D
:107DB000A5FBFFE70C2002900320039042F2700025
:107DC000C2F2000002A9F9F7BBFD18B1FFE7F9F70D
:107DD00095FBFFE70F2002900420039042F2700011
:107DE000C2F2000002A9F9F7ABFD18B1FFE7F9F7FD
:107DF00085FBFFE706B080BD80B582B042F2B800D7
:107E0000C2F20000009046F60001C4F200010160D9
:107E100003214160002101918160C1604FF4002283
:107E200002614FF440124261017641768176C1765B
:107E300001774177FAF7F6FD18B1FFE7F9F75EFB36
:107E4000FFE702B080BD000080B58AB0FFE70020E8
:107E5000099043F63000C4F20200016841F4800149
:107E60000160006800F4800009900998FFE7FFE7CF
:107E70000020089043F63000C4F20200016841F48B
:107E800000110160006800F4001008900898FFE7F6
:107E90000B200090002206921146FBF783FD00980C
:107EA000FBF776FD069A0E2001901146FBF77AFD4E
:107EB0000198FBF76DFD069A102002901146FBF722
:107EC00071FD0298FBF764FD069A38200390114675
:107ED000FBF768FD0398FBF75BFD069A3A200490D8
:107EE0001146FBF75FFD0498FBF752FD069A44200C
:107EF00005901146FBF756FD0598FBF749FD069ADC
:107F0000462007901146FBF74DFD0798FBF740FD13
:107F10000AB080BD80B594B00020139012901190EB
:107F200010900F90FFE700200E9043F63000C4F24F
:107F30000200016841F080010160006800F08000EB
:107F40000E900E98FFE7FFE700200D9043F63000FB
:107F5000C4F20200016841F004010160006800F011
:107F600004000D900D98FFE7FFE700200C9043F60A
:107F70003000C4F20200016841F0010101600068B4
:107F800000F001000C900C98FFE7FFE700200B9039
:107F900043F63000C4F20200016841F002010160C2
:107FA000006800F002000B900B98FFE7FFE700204D
:107FB0000A9043F63000C4F20200016841F0080163
:107FC0000160006800F008000A900A98FFE70020AE
:107FD000C4F20200029048F21011019100220792AF
:107FE000FBF730FC079A40F60040C4F20200049010
:107FF00004210391FBF726FC079A40F20040C4F2EB
:108000000200089008210591FBF71CFC019A0298D8
:1080100007990F92012206921092119112910FA9C5
:108020000991FBF733FADDF80CC00498069B079A18
:108030000999CDF83CC0109311921292FBF726FAE1
:10804000DDF814C0069B079A08980999CDF83CC042
:10805000109311921292FBF719FA14B080BD000030
:1080600080B582B042F66400C2F20000019043F68F
:108070000001C4F2000101604FF4827141600021EF
:108080008160C16002220261012242614FF40072EC
:1080900082613822C2610162416281620A21C16249
:1080A000FDF74AFB18B1FFE7F9F728FAFFE702B03E
:1080B00080BD000080B582B042F6BC00C2F2000074
:1080C000019043F60041C4F2000101604FF4827157
:1080D000416000218160C16002220261012242618F
:1080E0004FF400728261C1610162416281620A21C2
:1080F000C162FDF721FB18B1FFE7F9F7FFF9FFE7D0
:1081000002B080BD80B58EB0002100910D910C9120
:108110000B910A910991089107910691059104919B
:1081200003910291019142F61410C2F2000040F650
:108130000002C4F200020260416081606822C260F5
:1081400001618161FEF7CEFA18B1FFE7F9F7D6F9C0
:10815000FFE74FF480500A9042F61410C2F200007C
:108160000AA9FEF7FDFB18B1FFE7F9F7C7F9FFE72A
:1081700042F61410C2F20000FEF718FF18B1FFE734
:10818000F9F7BCF9FFE700200890099042F61410B7
:10819000C2F2000008A9FEF713FA18B1FFE7F9F7D9
:1081A000ADF9FFE760200190002002900390059058
:1081B00042F61410C2F2000001A90422FEF754FE98
:1081C00018B1FFE7F9F79AF9FFE742F61410C2F287
:1081D0000000FEF79DFD0EB080BD000080B598B098
:1081E00000210191179116911591149113911291FB
:1081F000119110910F910E910D910C910B910A918B
:10820000099108910791069105910491039142F615
:108210005C10C2F20000029040F20042C4F201027F
:10822000026041602022826040F63302C260016138
:10823000416180218161FEF755FA18B1FFE7F9F736
:108240005DF9FFE74FF48050149042F65C10C2F2E3
:10825000000014A9FEF784FB18B1FFE7F9F74EF907
:10826000FFE742F65C10C2F20000FEF79FFE18B175
:10827000FFE7F9F743F9FFE7702012900020139011
:1082800042F65C10C2F2000012A9FEF799F918B18B
:10829000FFE7F9F733F9FFE760200B9000220C921B
:1082A0000D920E920F921092119242F65C10C2F251
:1082B00000000BA9FEF7D8FD18B1FFE7F9F71EF98A
:1082C000FFE742F65C10C2F200000BA90422FEF7A1
:1082D000CBFD18B1FFE7F9F711F9FFE742F65C10A3
:1082E000C2F200000BA90822FEF7BEFD18B1FFE79D
:1082F000F9F704F9FFE742F65C10C2F200000BA99F
:108300000C22FEF7B1FD18B1FFE7F9F7F7F8FFE728
:1083100000200390049005900821069107904FF4E7
:10832000005108910A9042F65C10C2F2000003A9C5
:10833000FEF7ECF818B1FFE7F9F7E0F8FFE742F6CF
:108340005C10C2F20000FEF7E3FC18B080BD000034
:1083500080B582B042F6A410C2F20000019041F252
:108360000001C4F2010101604FF4E13141600021DC
:108370008160C16001610C2242618161C161FFF7CE
:10838000EDF918B1FFE7F9F7B9F8FFE702B080BDE2
:1083900080B541F64C50C2F2000040F20801C2F232
:1083A0000001002203F084F918B1FFE7F9F7A6F8FD
:1083B000FFE741F64C50C2F2000040F22801C2F241
:1083C000000103F085FE18B1FFE7F9F797F8FFE722
:1083D00041F64C50C2F2000040F2C401C2F200016A
:1083E00002F08EFB18B1FFE7F9F788F8FFE741F6D6
:1083F0004C50C2F2000003F0F5FF18B1FFE7F9F7A7
:108400007DF8FFE780BD000080B582B08DED010AE8
:10841000CDED000A9DED010ADDED000A41F6B43014
:10842000C2F2000038309FED031A00F049FB02B0A1
:1084300080BD00BF17B75138FFE7FEE7FFE7FEE753
:1084400088B0079006910592079800F00700049005
:108450000498C0F10700052803D3FFE7042001902A
:1084600004E00498C0F107000190FFE70198039031
:1084700004980430062803D8FFE70020009003E0AA
:10848000049803380090FFE700980290069803993B
:10849000012202FA01F101390840029B9840059936
:1084A0009A40013A1140084308B0704780B542F243
:1084B0008030C2F20000FBF781FD80BD80B586B040
:1084C0000590049105980068039003980290039822
:1084D000006C01900298049900EB4110D0F8080B51
:1084E0000090019843F20B01C4F6547188420FD3F7
:1084F000FFE79DF801000006002809D5FFE7029874
:10850000049900EB41114FF40040C1F8080BFFE75C
:108510000598FCF773FB019843F20B01C4F6547104
:1085200088420DD3FFE705988079012808D1FFE73D
:108530000599086801F29C42012104F089FDFFE7DA
:10854000002006B080BD000080B588B0079006917D
:10855000079800680490049803900498006C0290B7
:108560000398069900EB4110D0F8080B019007988A
:108570008079012840F08180FFE79DF80400000722
:10858000002818D5FFE7029843F20B01C4F6547196
:1085900088420FD3FFE79DF805000006002809D5A3
:1085A000FFE70398069900EB41114FF40040C1F832
:1085B000080BFFE760E09DF804008006002808D55E
:1085C000FFE70398069900EB41112020C1F8080B42
:1085D00051E09DF8040010F0280F4AD1FFE70298FF
:1085E00043F20B01C4F6547188420FD3FFE79DF8A4
:1085F00005000006002809D5FFE70398069900EB5F
:1086000041114FF40040C1F8080B31E0079806997A
:1086100001EBC10100EB810000F515700590059894
:10862000006A0399069A01EB4211D1F8101B6FF30F
:10863000DF41401A05994861069898B9FFE7059807
:10864000006940B9FFE70799086801F29C420121DF
:1086500004F0FEFC05E00599C8684A691044C8604A
:10866000FFE7FFE707989DF81810FBF73BFAFFE7D5
:1086700000E0FFE7FFE7FFE747E0029843F20A1157
:10868000C4F65471884224D1FFE79DF80500000626
:10869000002809D5FFE70398069900EB41114FF434
:1086A0000040C1F8080B13E09DF804008006002884
:1086B00008D5FFE70398069900EB41112020C1F887
:1086C000080BFFE707989DF81810FBF70BFAFFE778
:1086D0001AE0069890B9FFE70798069901EBC101E7
:1086E00000EB8100D0F8640240B9FFE70799086801
:1086F00001F29C42002104F0ABFCFFE707989DF8D3
:108700001810FBF7EFF9FFE7FFE7002008B080BD86
:1087100080B58CB00A9009910A9800680890089872
:1087200007900A98099901EBC10100EB8100143010
:108730000690069801694069884204D9FFE7012044
:108740008DF82F0079E0069908694969401A05906B
:10875000059806998968884204D9FFE706988068D9
:108760000590FFE70598033080080490FFE707981D
:10877000099900EB4110D0F8180981B2049A002041
:10878000914202900FD3FFE70698026941690020E9
:108790009142029007D2FFE706980069002818BFAF
:1087A00001200290FFE70298C00770B3FFE7069927
:1087B00008694969401A05900598069989688842B0
:1087C00004D9FFE7069880680590FFE70598033015
:1087D0008008049008980699C9689DF82420BDF87F
:1087E0001430DDF828C09CF806C0EE46CEF800C074
:1087F00005F0A4FA059A0699C8681044C860059A5D
:108800000699486910444861B1E7069908694969C1
:1088100088420ED8FFE7099800F00F010120884038
:108820000390039A0799D1F834089043C1F83408AB
:10883000FFE700208DF82F00FFE79DF82F000CB018
:1088400080BD000080B586B005908DED040ACDEDA9
:10885000030A8DED021ACDED011A05983421F7F7C0
:10886000F9FC0498059908600398059948600298F6
:108870000599886001980599886101980599C862F1
:1088800006B080BD81B00090009900204861009939
:10889000C86100990861009908620099086300990D
:1088A000087301B07047000087B006908DED050A8F
:1088B000CDED040A8DED031A9DED050A9DED041A18
:1088C00030EE410A8DED020A0698007B98B3FFE76F
:1088D0009DED020A9DED032A069890ED051A20EE03
:1088E000020A30EE010A80ED050A069890ED050AAD
:1088F00090ED061AB4EE410AF1EE10FA04DDFFE73E
:1089000006998869486115E0069890ED050A90ED92
:10891000061AB1EE411AB4EE410AF1EE10FA08DA85
:10892000FFE7069890ED060AB1EE400A80ED050AD1
:10893000FFE7FFE7FFE7002001909DED020A0698A0
:1089400090ED041A30EE410A9DED031A80EE010A03
:108950008DED000A069890ED083A90ED0A0A9DED1B
:10896000002AB7EE001A31EE401A21EE031A20EE6B
:10897000020A30EE010A80ED070A069890ED070A18
:1089800090ED091AB4EE410AF1EE10FA04DDFFE7AA
:108990000699486AC86115E0069890ED070A90EDBF
:1089A000091AB1EE411AB4EE410AF1EE10FA08DAF2
:1089B000FFE7069890ED090AB1EE400A80ED070A3C
:1089C000FFE7FFE70699C869086206989DED023A3D
:1089D00090ED001A90ED012A90ED020A90ED054A03
:1089E00022EE042A21EE031A31EE021A90ED072A34
:1089F00020EE020A30EE010A80ED0C0A06990120F1
:108A00000873069890ED0B1A90ED0C0AB4EE410A2B
:108A1000F1EE10FA07DDFFE70699C86A08630699C8
:108A20000020087318E0069890ED0B1A90ED0C0AE0
:108A3000B1EE411AB4EE410AF1EE10FA0BDAFFE79B
:108A4000069890ED0B0AB1EE400A80ED0C0A0699EB
:108A500000200873FFE7FFE702980699086106986F
:108A600090ED0C0A07B0704784B003908DED020AB8
:108A7000CDED010A8DED001A03990020886148614F
:108A80000861C860886048600860029803990860BF
:108A90000198039948600098039908610098039928
:108AA000486104B07047000081B000900099002038
:108AB000C860009988610099087201B07047000091
:108AC00085B004908DED030ACDED020A8DED011AFB
:108AD0009DED030A9DED021A30EE410A8DED000A6C
:108AE0000498007A98B3FFE79DED000A9DED012AF6
:108AF000049890ED031A20EE020A30EE010A80ED90
:108B0000030A049890ED030A90ED041AB4EE410AAA
:108B1000F1EE10FA04DDFFE704990869C86015E07A
:108B2000049890ED030A90ED041AB1EE411AB4EEE8
:108B3000410AF1EE10FA08DAFFE7049890ED040A12
:108B4000B1EE400A80ED030AFFE7FFE7FFE7049874
:108B50009DED002A90ED000A90ED011A90ED033A88
:108B600021EE031A20EE020A30EE010A80ED060A19
:108B7000049901200872049890ED051A90ED060AF8
:108B8000B4EE410AF1EE10FA07DDFFE704994869F7
:108B9000886104990020087218E0049890ED051A85
:108BA00090ED060AB1EE411AB4EE410AF1EE10FA68
:108BB0000BDAFFE7049890ED050AB1EE400A80ED6C
:108BC000060A049900200872FFE7FFE7049890ED79
:108BD000060A05B0704700007047000080B582B0FB
:108BE0008DED010ACDED000A9DED010ADDED000AD3
:108BF00041F6B430C2F2000090ED061A8C30FFF757
:108C000053FE02B080BD000080B582B08DED010A38
:108C1000CDED000A9DED010A41F6B430C2F200002C
:108C200090ED311AB4EE410AF1EE10FA08DDFFE7DB
:108C300041F6B430C2F20000D0F8C4000190FFE762
:108C40009DED010A41F6B430C2F2000090ED301AF9
:108C5000B4EE410AF1EE10FA08DAFFE741F6B4305B
:108C6000C2F20000D0F8C0000190FFE79DED010ABC
:108C7000DDED000A41F6B430C2F2000090ED061AB4
:108C80008C30FFF711FE02B080BD000080B500F00F
:108C9000D1F800F001F880BD80B542F61410C2F2A0
:108CA000000040F22422C2F2000204214823FEF711
:108CB000BDFA80BD80B584B002929DF80A208DF87F
:108CC0000E20BDF80820ADF80C208DF807008DF8B7
:108CD000061000208DF805009DF807008DF80500AE
:108CE000FFE79DF805009DF80610884214DCFFE7B9
:108CF0009DF805009DF80E108DF80210BDF80C10BF
:108D0000ADF80010009900F009F8FFE79DF80500A4
:108D100001308DF80500E4E704B080BD83B0019117
:108D20009DF806108DF80A10BDF80410ADF8081073
:108D30008DF803009DF80300032801DBFFE777E0CF
:108D400000208DF80200FFE79DF8020007281FDCD5
:108D5000FFE79DF809009DF80220C2F10701C84015
:108D6000C1072220002918BF44209DF8031001EB01
:108D7000410340F22421C2F2000101EB431141F80A
:108D80002200FFE79DF8020001308DF80200DBE7CA
:108D900008208DF80200FFE79DF802000F281FDC75
:108DA000FFE79DF808009DF80220C2F10F01C840BE
:108DB000C1072220002918BF44209DF8031001EBB1
:108DC000410340F22421C2F2000101EB431141F8BA
:108DD0002200FFE79DF8020001308DF80200DBE77A
:108DE00010208DF80200FFE79DF8020017281FDC15
:108DF000FFE79DF80A009DF80220C2F11701C84064
:108E0000C1072220002918BF44209DF8031001EB60
:108E1000410340F22421C2F2000101EB431141F869
:108E20002200FFE79DF8020001308DF80200DBE729
:108E300003B0704781B000208DF80300FFE79DF874
:108E40000300172812DCFFE79DF8031040F22420EE
:108E5000C2F2000000EB81010020C1F8C000FFE772
:108E60009DF8030001308DF80300E8E701B070477A
:108E700081B08DED000A009841F6A421C2F20001F4
:108E8000486101B07047000080B582B00190019840
:108E9000806B009000980168486820F003004860EB
:108EA0000099486D40F0100048650099012081F854
:108EB00051000098FCF73CFC02B080BD80B582B048
:108EC00001900198806B00900098FCF7BFFE02B003
:108ED00080BD000080B582B001900198806B009049
:108EE0000098FDF7FFFA02B080BD000080B584B0A5
:108EF00003900398806B0290FAF7BCFC01900398F2
:108F00000068006800F48070B0F5807F39D0FFE71A
:108F100002980168486820F0200048600298806844
:108F200068B9FFE702984068B0F5827F07D1FFE794
:108F300002980168486820F00300486006E0029843
:108F40000168486820F001004860FFE70298019A34
:108F5000642100F061F820B1FFE702992020486504
:108F6000FFE702990020C8870299012081F851008B
:108F70000298406D20B1FFE70298FCF7D9FB04E0AE
:108F8000FFE70298FCF75EFEFFE704B080BD00003B
:108F900080B584B003900398806B0290FAF76AFC66
:108FA000019003980068006800F48070B0F5807F3D
:108FB0002BD0FFE702980168486820F02000486045
:108FC0000298019A642100F099F830B1FFE7029904
:108FD000486D40F020004865FFE702980168486846
:108FE00020F00300486002990020C8860299C887D3
:108FF0000299012081F851000298406D20B1FFE7ED
:109000000298FCF795FB04E0FFE70298FDF750FAA1
:10901000FFE704B080BD000080B586B004900391E6
:10902000029204984068B0F5827F13D1FFE704985C
:109030008068B0F5004F06D0FFE704988068B0F56F
:10904000806F07D1FFE704980168086820F04000AE
:109050000860FFE704984068B0F5827F31D1FFE7F0
:1090600004988068B0F5806F15D0FFE70498039BE3
:1090700002996A4611608021002200F0A5F848B1EB
:10908000FFE70499486D40F02000486503208DF803
:1090900017002FE014E00498039B02996A461160C0
:1090A0000121002200F090F848B1FFE70499486DD3
:1090B00040F02000486503208DF817001AE0FFE714
:1090C00014E00498039B02996A4611600121002272
:1090D00000F07AF848B1FFE70499486D40F02000AD
:1090E000486503208DF8170004E0FFE700208DF8A5
:1090F0001700FFE79DF8170006B080BD80B586B069
:109100000490039102920498039B02996A461160AD
:109110000221012200F058F848B1FFE70499486D98
:1091200040F02000486503208DF8170048E040F229
:109130002400C2F2000000684AF6AB21CAF6AA2158
:10914000A0FB011000094FF2A171C1F2C601A0FB02
:109150000110000C4FF47A71484301900498406864
:10916000B0F5827F15D1FFE70498039B02996A4608
:1091700011608021002200F027F848B1FFE7049930
:10918000486D40F02000486503208DF8170017E077
:1091900012E0FFE7019808B9FFE70CE001980138F9
:1091A0000190FFE7049800688068C1B20020B0EB2E
:1091B000D11FEFD1FFE7FFE700208DF81700FFE791
:1091C0009DF8170006B080BD80B58AB0DDF830C0CC
:1091D000089007918DF81B20059305980190FAF7E8
:1091E00049FB024601980C99891A08440390FAF742
:1091F00041FB0290039840F22401C2F20001096889
:10920000C1F3CB3148430490FFE7089800688068B9
:1092100007990840401AB0FA80F040099DF81B10E9
:1092200088425FD0FFE705980130002859D0FFE75A
:10923000FAF720FB0299401A0399884204D2FFE70B
:109240000398002842D1FFE708980168486820F099
:10925000E000486008984068B0F5827F13D1FFE7CE
:1092600008988068B0F5004F06D0FFE7089880683E
:10927000B0F5806F07D1FFE708980168086820F013
:1092800040000860FFE70898806AB0F5005F0FD1E2
:10929000FFE7FFE708980168086820F400500860BD
:1092A00008980168086840F400500860FFE7FFE78D
:1092B0000899012081F85100FFE70899002081F802
:1092C0005000FFE703208DF827000FE0049818B93D
:1092D000FFE70020039003E0049801380490FFE7C3
:1092E000FFE792E700208DF82700FFE79DF82700B1
:1092F0000AB080BD7047000084B0039003980090CE
:1093000000980078ADF808000098013000900098AF
:109310000078ADF80600BDF80610BDF8080040EA78
:109320000120ADF80A00BDF80A0004B07047000043
:1093300080B582B08DED010ACDED000A9DED010AE8
:10934000DDED000A41F6B430C2F2000090ED051ADE
:109350007030FFF7B5FB02B080BD000080B582B071
:10936000009000980138B0F1807F03D3FFE701201F
:10937000019019E0009801384EF21401CEF200017C
:1093800008604FF0FF300F2104F094FD4EF21801F9
:10939000CEF20001002008604EF21002CEF2000270
:1093A000072111600190FFE7019802B080BD000025
:1093B00080B5FAF765FA80BD80B594B008A8302171
:1093C000F6F748FF00200790069005900490039060
:1093D000FFE70020029043F64000C4F2020001685B
:1093E00041F080510160006800F0805002900298C6
:1093F000FFE7FFE70020019047F20000C4F2000001
:10940000016841F480410160006800F480400190EF
:109410000198FFE7012008904FF480300990022066
:109420000E904FF480010F91192110914FF4A87103
:10943000119112900720139008A8FBF719FE18B19C
:10944000FFE7F8F75BF8FFE70F2003900220049096
:10945000002005904FF4A05006904FF480500790E4
:1094600003A80521FBF734FC18B1FFE7F8F746F82D
:10947000FFE714B080BD00004EF68851CEF2000127
:10948000086840F4700008607047000080B582B042
:1094900042F66020C2F2000000780146019140B11E
:1094A000FFE70198012811D0FFE70198022810D0AA
:1094B00012E008F019FE20B1FFE7012000F00EF8DD
:1094C00003E0022000F00AF8FFE705E000F048F8AA
:1094D00002E000F015F8FFE702B080BD81B08DF822
:1094E00003009DF8030042F66021C2F200010870FB
:1094F00001B0704742F66020C2F200000078704769
:1095000080B50620F8F7F6F800F002F880BD0000FC
:1095100080B584B043F6D430C0F6010081788DF870
:109520000E100088ADF80C00039843F6CB31C0F65E
:1095300001018A788DF80A200988ADF8081002998F
:1095400043F6C032C0F6010293788DF806301288D7
:10955000ADF80420019A07F04BFA04B080BD00007A
:1095600080B5F7F7F1F90AF0DFF809F017FE04F01B
:10957000F5FC07F009F908F03FF980BD80B542F627
:109580005C10C2F20000FDF7B5FA80BD83B0029016
:10959000019102980068009002980021C4F2010134
:1095A000884225D0FFE70298B0F1804F20D0FFE736
:1095B000029840F20041C4F20001884218D0FFE74F
:1095C000029840F60001C4F20001884210D0FFE783
:1095D000029840F60041C4F20001884208D0FFE73B
:1095E000029840F20041C4F2010188420AD1FFE72B
:1095F000009820F07000009001984168009808439E
:109600000090FFE702980021C4F20101884255D082
:10961000FFE70298B0F1804F50D0FFE7029840F288
:109620000041C4F20001884248D0FFE7029840F6AA
:109630000001C4F20001884240D0FFE7029840F6E2
:109640000041C4F20001884238D0FFE7029840F29E
:109650000041C4F20101884230D0FFE7029844F291
:109660000001C4F20101884228D0FFE7029844F2C9
:109670000041C4F20101884220D0FFE7029844F67D
:109680000001C4F20101884218D0FFE7029841F6B8
:109690000001C4F20001884210D0FFE7029841F6B1
:1096A0000041C4F20001884208D0FFE7029842F26C
:1096B0000001C4F2000188420AD1FFE7009820F4BB
:1096C000407000900198C168009808430090FFE73F
:1096D000009820F0800001994969084300900198A2
:1096E00080680299C86201980068029988620298AD
:1096F0000021C4F20101884208D0FFE7029840F23D
:109700000041C4F20101884205D1FFE701980069D8
:1097100002990863FFE70299086840F004000860B6
:1097200002990120486100980299086003B07047CF
:1097300084B0039002910192029800F01F01012071
:1097400088400090009A0399086A90430862019843
:10975000029901F01F0100FA01F20399086A10430F
:10976000086204B07047000080B582B00190019893
:10977000806B009001980099496A88420DD1FFE7FB
:109780000099012008770198C06928B9FFE700997E
:10979000012081F83E00FFE73CE001980099896ACA
:1097A00088420DD1FFE70099022008770198C0692F
:1097B00028B9FFE70099012081F83F00FFE728E082
:1097C00001980099C96A88420DD1FFE700990420E9
:1097D00008770198C06928B9FFE70099012081F84E
:1097E0004000FFE714E001980099096B88420DD111
:1097F000FFE70099082008770198C06928B9FFE7BA
:109800000099012081F84100FFE700E0FFE7FFE752
:10981000FFE7FFE70098FDF71BFC009900200877A1
:1098200002B080BD80B582B001900198806B00903D
:1098300001980099496A884204D1FFE70099012004
:10984000087721E001980099896A884204D1FFE7EE
:1098500000990220087716E001980099C96A8842A9
:1098600004D1FFE70099042008770BE001980099E4
:10987000096B884204D1FFE700990820087700E0CF
:10988000FFE7FFE7FFE7FFE70098FDF7E5FB00993B
:109890000020087702B080BD80B582B001900198A9
:1098A000806B009001980099496A884207D1FFE7D0
:1098B000009901200877009981F83E0031E0019875
:1098C0000099896A884208D1FFE700990220087749
:1098D0000099012081F83F0022E001980099C96AAF
:1098E000884208D1FFE700990420087700990120F9
:1098F00081F8400013E001980099096B884208D173
:10990000FFE70099082008770099012081F84100BD
:1099100004E00099012081F83D00FFE7FFE7FFE741
:10992000FFE70098FDF7DEF800990020087702B005
:1099300080BD000085B004900391029201930498C9
:1099400080680090009820F47F400090039802996E
:10995000019A41EA022101430098084300900098CF
:109960000499886005B0704783B002900191029815
:1099700080680090009820F0700000900198009995
:10998000084340F00700009000980299886003B0F7
:109990007047000085B0049003910498006A01901C
:1099A0000499086A20F00100086204984068009059
:1099B000049880690290029820F07000029002984A
:1099C00020F0030002900398016802980843029077
:1099D000019820F0020001900398816801980843E3
:1099E000019004980021C4F20101884208D0FFE7E9
:1099F000049840F20041C4F2010188420ED1FFE711
:109A0000019820F0080001900398C168019808436C
:109A10000190019820F004000190FFE704980021D4
:109A2000C4F20101884208D0FFE7049840F20041E7
:109A3000C4F20101884213D1FFE7009820F480703E
:109A40000090009820F400700090039841690098FD
:109A50000843009003988169009808430090FFE74D
:109A600000980499486002980499886103984068B6
:109A70000499486301980499086205B07047000092
:109A800085B0049003910498006A01900499086AD3
:109A900020F01000086204984068009004988069E3
:109AA0000290029820F4E0400290029820F4407066
:109AB000029003980168029840EA01200290019800
:109AC00020F02000019003988168019840EA01107D
:109AD000019004980021C4F20101884208D0FFE7F8
:109AE000049840F20041C4F2010188420FD1FFE71F
:109AF000019820F0800001900398C168019840EA25
:109B000001100190019820F040000190FFE70498B7
:109B10000021C4F20101884208D0FFE7049840F216
:109B20000041C4F20101884215D1FFE7009820F4FA
:109B300080600090009820F40060009003984169D4
:109B4000009840EA8100009003988169009840EAFB
:109B500081000090FFE700980499486002980499FA
:109B600088610398406804998863019804990862A1
:109B700005B0704785B0049003910498006A019085
:109B80000499086A20F48070086204984068009084
:109B90000498C0690290029820F070000290029828
:109BA00020F0030002900398016802980843029095
:109BB000019820F40070019003988168019840EAB0
:109BC0000120019004980021C4F20101884208D0CC
:109BD000FFE7049840F20041C4F2010188420FD12E
:109BE000FFE7019820F4006001900398C168019894
:109BF00040EA01200190019820F480600190FFE785
:109C000004980021C4F20101884208D0FFE70498BB
:109C100040F20041C4F20101884215D1FFE70098EB
:109C200020F480500090009820F400500090039899
:109C30004169009840EA01100090039881690098FA
:109C400040EA01100090FFE70098049948600298EC
:109C50000499C861039840680499C86301980499FD
:109C6000086205B07047000085B004900391049825
:109C7000006A01900499086A20F4805008620498F0
:109C8000406800900498C0690290029820F4E04077
:109C90000290029820F440700290039801680298A4
:109CA00040EA01200290019820F4005001900398AE
:109CB0008168019840EA0130019004980021C4F2C3
:109CC0000101884208D0FFE7049840F20041C4F245
:109CD000010188420BD1FFE7009820F480400090FA
:109CE00003984169009840EA81100090FFE70098CE
:109CF0000499486002980499C861039840680499DF
:109D0000086401980499086205B0704785B0049012
:109D1000039102920498006A00900499086A20F066
:109D200001000862049880690190019820F0F00019
:109D300001900299019840EA01100190009820F0EA
:109D40000A00009003990098084300900198049934
:109D5000886100980499086205B0704785B0049046
:109D6000039102920498006A00900499086A20F016
:109D700010000862049880690190019820F47040F6
:109D800001900299019840EA01300190009820F07A
:109D9000A00000900399009840EA011000900198FB
:109DA0000499886100980499086205B07047000022
:109DB00080B586B004908DED030ACDED020A8DEDDD
:109DC000011A049890ED000A9DED031A9DED012AF9
:109DD00021EE021AB4EE410AF1EE10FA0FDCFFE7B1
:109DE000049890ED000A9DED021A9DED012A21EEE6
:109DF000021AB4EE410AF1EE10FA10DAFFE7F9F7B1
:109E000039FD41F69421C2F200010968421A41F677
:109E10009021C2F2000108681044086028E041F671
:109E20009020C2F20000006808B3FFE741F69020DE
:109E3000C2F200000068022811D3FFE7F9F71AFD0B
:109E4000034641F69420C2F20000026841F69021D8
:109E5000C2F200010868D21A1044086006E041F618
:109E60009021C2F2000100200860FFE7FFE7FFE752
:109E700041F69020C2F2000090ED000AB8EE400AD0
:109E800041F61050C2F2000090ED061AB4EE410AFD
:109E9000F1EE10FA04DDFFE701208DF817000AE06B
:109EA000F9F7E8FC41F69421C2F2000108600020B5
:109EB0008DF81700FFE79DF8170006B080BD000081
:109EC00080B584B00390002002900398806B0190CD
:109ED000019800684069C0B2C0090290019890F8EA
:109EE000410021280AD1FFE7029838B1FFE7019924
:109EF0000020C884019800F049F9FFE70198006844
:109F00004069C0F380100290019890F84200222826
:109F10000AD1FFE7029838B1FFE701990020C88510
:109F2000019800F0E9F8FFE70199486C40F0100053
:109F300048640198FDF70EFC04B080BD80B586B082
:109F400005900598806B0490059800680068C0052E
:109F500000285AD4FFE704990020C885FFE7FFE7EF
:109F60000498006850E8030F20F480700390FFE726
:109F700003990498026842E803100028F0D1FFE733
:109F8000FFE7FFE7FFE70498006850E8050F20F0BF
:109F900001000290FFE702990498026842E8051068
:109FA0000028F0D1FFE7FFE7FFE7FFE7049800682C
:109FB00050E8050F20F040000190FFE70199049858
:109FC000026842E805100028F0D1FFE7FFE7049996
:109FD000202081F842000498006B012814D1FFE78B
:109FE000FFE7FFE70498006850E8030F20F0100037
:109FF0000090FFE700990498026842E803100028E7
:10A00000F0D1FFE7FFE7FFE7FFE70499002048638F
:10A010000498006B012805D1FFE70498818DFDF7B6
:10A0200093FB03E00498FDF7B3FCFFE706B080BDA7
:10A0300080B582B001900198806B0090009901205A
:10A0400048630098006B012806D1FFE70098818DD6
:10A050004908FDF779FB03E00098FDF7AFFCFFE747
:10A0600002B080BD80B584B003900398806B0290ED
:10A07000039800680068C00500282AD4FFE7029909
:10A080000020C884FFE7FFE70298006850E8050F4A
:10A0900020F080000190FFE701990298026842E8F1
:10A0A00005100028F0D1FFE7FFE7FFE7FFE7029880
:10A0B000006850E8030F40F040000090FFE700996F
:10A0C0000298026842E803100028F0D1FFE7FFE79A
:10A0D00003E00298FDF7F4FCFFE704B080BD000048
:10A0E00080B582B001900198806B00900098FDF7D8
:10A0F000EBFC02B080BD000084B00390FFE7FFE7F7
:10A100000398006850E8030F20F490700290FFE776
:10A1100002990398026842E803100028F0D1FFE793
:10A12000FFE7FFE7FFE70398006850E8050F20F01E
:10A1300001000190FFE701990398026842E80510C9
:10A140000028F0D1FFE7FFE70398006B012814D146
:10A15000FFE7FFE7FFE70398006850E8030F20F0F0
:10A1600010000090FFE700990398026842E803108E
:10A170000028F0D1FFE7FFE7FFE70399202081F8EF
:10A18000420003990020086304B0704782B0019038
:10A19000FFE7FFE70198006850E8030F20F0C000D8
:10A1A0000090FFE700990198026842E80310002838
:10A1B000F0D1FFE7FFE70199202081F8410002B0CC
:10A1C0007047000080B586B005900598006800696A
:10A1D00020F44050059A1168D2681043086105992F
:10A1E00088680B694A69C969184310430843049099
:10A1F00005980068C06849F20C61884304990843D7
:10A2000005990968C86005980068406920F44070A5
:10A21000059A11689269104348610598006841F2F7
:10A220000001C4F20101884209D0FFE705980068E7
:10A2300041F20041C4F20101884204D1FFE7FAF77C
:10A2400091FE039003E0FAF77BFE0390FFE7059889
:10A25000C069B0F5004F29D1FFE703981921A0FB91
:10A260000101059A1368029353685A00DB0FF5F752
:10A27000A7FF0299864648F21F53C5F2EB13AEFBC7
:10A280000320420910014FF0640C02FB1CEC322247
:10A2900002EBCC02A2FB0332F82303EA521300EBD9
:10A2A0004300C2F342121044886026E0039819214B
:10A2B000A0FB0101059A1368019353689A009B0F54
:10A2C000F5F77EFF0199844648F21F52C5F2EB1262
:10A2D000ACFB02304309642003FB10CC322000EBBE
:10A2E0000C10A0FB0202F02000EA521000EB031059
:10A2F000C2F3431210448860FFE706B080BD00003F
:10A3000080B58AB008900791ADF81A20079808998F
:10A310008862BDF81A000899888508990020486469
:10A32000089A222182F842100899CA6B49F63D71B9
:10A33000C0F60001D1630899CA6B4AF23101C0F638
:10A34000000111640899CA6B49F6C161C0F60001A9
:10A35000D1640899C96B086507A805900898016839
:10A36000C06B0431059A1268BDF81A30F9F70AF883
:10A3700058B1FFE70899102048640899202081F817
:10A38000420001208DF827004EE0FFE700200490F6
:10A390000898006800680490089800684068049075
:10A3A0000498FFE708980069A0B1FFE7FFE7FFE71F
:10A3B0000898006850E8030F40F480700390FFE7AE
:10A3C00003990898026842E803100028F0D1FFE7DB
:10A3D000FFE7FFE7FFE7FFE70898006850E8050F91
:10A3E00040F001000290FFE702990898026842E8F5
:10A3F00005100028F0D1FFE7FFE7FFE7FFE7089827
:10A40000006850E8050F40F040000190FFE7019917
:10A410000898026842E805100028F0D1FFE7FFE73E
:10A4200000208DF82700FFE79DF827000AB080BDC7
:10A4300080B586B004908DF80F100498D0F8C8024B
:10A4400001900498D0F8D41200EB8100D0F8C0023B
:10A4500020B9FFE703208DF817005FE00498D0F8DB
:10A46000D41200EB8100D0F8C002029004989DF84D
:10A470000F1001F00F0101EB810100EB8100406939
:10A4800040B3FFE704989DF80F1001F00F0101EBB6
:10A49000810200EB82004269019801EBC10100EBEF
:10A4A0008100C169B2FBF1F000FB112090B9FFE718
:10A4B00004989DF80F1001F00F0101EB810100EBF2
:10A4C00081000023436104989DF80F101A4601F0A3
:10A4D000ABFD1FE002990020C1F814020498D0F8E7
:10A4E000D41200EB8100D0F8C402006988B1FFE704
:10A4F0000498D0F8D41200EB8100D0F8C4020369AC
:10A500000299D1F8080201F504719DF80F209847CF
:10A51000FFE7FFE700208DF81700FFE79DF8170021
:10A5200006B080BD80B584B002908DF80710029807
:10A53000D0F8D41200EB8100D0F8C002009002984D
:10A54000D0F8D41200EB8100D0F8C00220B9FFE7A8
:10A5500003208DF80F0019E002989DF8071001F014
:10A56000EBFA0099C1F80C020298D0F8D41200EB73
:10A570008100D0F8C402C2680099D1F8040201F544
:10A580000371904700208DF80F00FFE79DF80F0042
:10A5900004B080BD80B586B005908DF81310059885
:10A5A00040F20501C2F200010091097801F0D4F8EF
:10A5B00000990598097801F00F0101EB810100EB8A
:10A5C00081010020039081F82300059840F20601E4
:10A5D000C2F200010191097801F0BEF8019A0398D6
:10A5E0000599127802F00F0202EB820201EB820160
:10A5F00081F86301059840F20401C2F20001029162
:10A60000097801F0A9F8029A03980599137803F0E4
:10A610000F0303EB830301EB830181F8230005990A
:10A62000127802F00F0202EB820201EB8201C86194
:10A630000598D0F8D41200EB8100D0F8C002F0B138
:10A64000FFE70598D0F8D41200EB8100D0F8C402DF
:10A65000406880470598D0F8D41200EB8100D0F80C
:10A66000C00202F081F90598D0F8D41200EB810104
:10A670000020C1F8C0020599C1F8BC02FFE7002024
:10A6800006B080BD80B584B002900298D0F8D41294
:10A6900000EB8100D0F8C0020190019820B9FFE7DB
:10A6A00003208DF80F0025E00298D0F8D41200EBBB
:10A6B0008100D0F8C402C8B1FFE7019890F8000209
:10A6C000FF2813D0FFE70298D0F8D41200EB8100E6
:10A6D000D0F8C4028368019991F8000291F8012230
:10A6E00098470199FF2081F80002FFE700208DF8CC
:10A6F0000F00FFE79DF80F0004B080BD81B000900F
:10A7000000990A20088040F2A400C2F2000001B0C3
:10A710007047000080B586B0059040F26000C2F23C
:10A7200000000190822100F09FFE014601980491F3
:10A73000012100F099FE014601980391812100F06A
:10A7400093FE0290049820B1FFE7049910208871CD
:10A75000FFE7039820B1FFE7039940208880FFE7D7
:10A76000029820B1FFE7029940208880FFE7059911
:10A770004320088040F26000C2F2000006B080BDB5
:10A7800080B586B0059040F26000C2F200000190F2
:10A79000822100F069FE014601980491012100F038
:10A7A00063FE014601980391812100F05DFE029055
:10A7B000049820B1FFE7049910208871FFE70398FF
:10A7C00028B1FFE703994FF400708880FFE70298F3
:10A7D00028B1FFE702994FF400708880FFE70599E0
:10A7E0004320088040F26000C2F2000006B080BD45
:10A7F00080B586B0059040F26000C2F20000019082
:10A80000822100F031FE014601980491012100F0FF
:10A810002BFE014601980391812100F025FE029054
:10A82000049820B1FFE7049910208871FFE703988E
:10A8300020B1FFE7039940208880FFE7029820B10C
:10A84000FFE7029940208880FFE7059943200880B0
:10A8500040F26000C2F2000006B080BD80B590B04A
:10A860000E908DF837104FF4077002F081F80C90BD
:10A870000C9860B9FFE70E98D0F8D41200EB810174
:10A880000020C1F8C00202208DF83F00F3E00C98D0
:10A890004FF40771F5F7DEFC0C980E99D1F8D4222D
:10A8A00001EB8201C1F8C0020E99D1F8D40201EB8C
:10A8B0008000D0F8C002C1F8BC020E98007C0028CD
:10A8C00041D1FFE70E9840F20501C2F20001079165
:10A8D0000978022208924FF40073099301F018FAE4
:10A8E0000799089A099B0E98097801F00F0101EB6E
:10A8F000810100EB810101200B9081F823000E986B
:10A9000040F20601C2F200010A91097801F000FA52
:10A910000A9A0B980E99127802F00F0202EB82024B
:10A9200001EB820181F863010E9840F20401C2F24A
:10A930000001097801F00F0101EB810100EB8101B9
:10A940001020C8613FE00E9840F20501C2F20001FC
:10A9500002910978022203924023049301F0D8F96E
:10A960000299039A049B0E98097801F00F0101EBFC
:10A97000810100EB81010120069081F823000E98EF
:10A9800040F20601C2F200010591097801F0C0F918
:10A99000059A06980E99127802F00F0202EB8202D5
:10A9A00001EB820181F863010E9840F20401C2F2CA
:10A9B0000001097801F00F0101EB810100EB810139
:10A9C0001020C861FFE70E9840F20401C2F20001B6
:10A9D000009109780322082301F09AF900990E9852
:10A9E000097801F00F0101EB810100EB81010120E9
:10A9F00081F823000C9900200190C1F804020E9800
:10AA0000D0F8D41200EB8100D0F8C402006880476F
:10AA100001980C99C1F814020C99C1F818020C980D
:10AA2000D0F8040220B9FFE702208DF83F0022E0B1
:10AA30000E98007C70B9FFE70E9840F20601C2F252
:10AA4000000109780C9AD2F804224FF4007301F047
:10AA500085F90CE00E9840F20601C2F20001097877
:10AA60000C9AD2F80422402301F078F9FFE7002085
:10AA70008DF83F00FFE79DF83F0010B080BD00005B
:10AA800080B584B002900298D0F8D41200EB810017
:10AA9000D0F8C00201900298D0F8D41200EB8100E7
:10AAA000D0F8C00220B9FFE703208DF80F0022E0A4
:10AAB0000298007C70B9FFE7029840F20601C2F2EA
:10AAC00000010978019AD2F804224FF4007301F0D2
:10AAD00045F90CE0029840F20601C2F20001097843
:10AAE000019AD2F80422402301F038F9FFE7002050
:10AAF0008DF80F00FFE79DF80F0004B080BD000047
:10AB000083B001900091009820B9FFE703208DF8F1
:10AB10000B000BE000980199D1F8D42201EB8201DF
:10AB2000C1F8C40200208DF80B00FFE79DF80B0070
:10AB300003B0704784B0029001910298D0F8D4120B
:10AB400000EB8100D0F8C0020090009820B9FFE728
:10AB500003208DF80F0007E001980099C1F8040266
:10AB600000208DF80F00FFE79DF80F0004B070473C
:10AB700085B00390029101920398D0F8D41200EBB3
:10AB80008100D0F8C0020090009820B9FFE70320B0
:10AB90008DF813000BE002980099C1F808020198A3
:10ABA0000099C1F8100200208DF81300FFE79DF80E
:10ABB000130005B07047000080B58AB00890079177
:10ABC0000898D0F8D41200EB8100D0F8C0020690AB
:10ABD00000208DF81500ADF812008DF811000698D0
:10ABE00020B9FFE703208DF82700C7E00798007819
:10ABF00000F060000146039100285ED0FFE7039853
:10AC0000202840F0AE80FFE70798C088002846D093
:10AC1000FFE7079800780006002823D5FFE708988B
:10AC2000D0F8D41200EB8100D0F8C4028368079AF0
:10AC300050780699D28898470798C088082803D387
:10AC4000FFE70720029003E00798C0880290FFE723
:10AC50000298ADF8160008980699BDF8162000F085
:10AC60007FF91BE007984078069981F80002079861
:10AC7000C0883F2804D8FFE70798C088019002E009
:10AC800040200190FFE70198069981F80102089899
:10AC9000069991F8012200F031F9FFE70CE00898DD
:10ACA000D0F8D41200EB8100D0F8C4028368079971
:10ACB000487800229847FFE75BE007984078014614
:10ACC00000910B2844D80099DFE801F00641424288
:10ACD0004242424242421C32089890F89C020328A9
:10ACE00007D1FFE708980DF11201022200F038F9B0
:10ACF00007E00898079900F0F3F803208DF8110099
:10AD0000FFE72DE0089890F89C02032807D1FFE7A1
:10AD100008980DF11501012200F022F907E00898CA
:10AD2000079900F0DDF803208DF81100FFE717E028
:10AD3000089890F89C02032808D0FFE70898079924
:10AD400000F0CEF803208DF81100FFE708E007E0DF
:10AD50000898079900F0C4F803208DF81100FFE768
:10AD600007E00898079900F0BBF803208DF8110060
:10AD7000FFE79DF811008DF82700FFE79DF82700F9
:10AD80000AB080BD80B584B002900298D0F8D41289
:10AD900000EB8100D0F8C002019001208DF8030083
:10ADA000019820B9FFE703208DF80F002AE00198F1
:10ADB000D0F8140208BBFFE701990120C1F8140282
:10ADC0000198D0F81002029A40F20501C2F2000187
:10ADD0000B7803F00F0303EB830302EB8302506154
:10ADE00002980978019BD3F80822D3F8103201F0B9
:10ADF0001BF900208DF80300FFE79DF803008DF894
:10AE00000F00FFE79DF80F0004B080BD80B582B051
:10AE100001908DF8031000208DF802000198D0F801
:10AE2000B8124A689DF80310904720B1FFE703204D
:10AE30008DF80200FFE79DF8020002B080BD00001F
:10AE400080B582B001900091019890F89C02013881
:10AE500002280ED8FFE700984088012808D1FFE7B4
:10AE600001990020C1F8A402019800F095F8FFE7CD
:10AE700004E00198009900F033F8FFE702B080BDCC
:10AE800082B001908DF80310002002B070470000DE
:10AE900082B001908DF80310002002B070470000CE
:10AEA00080B584B00390029101920398029A019BAD
:10AEB0000021009100F052FF009804B080BD000016
:10AEC00080B584B00390029101920398029A019B8D
:10AED0000021009101F0A8F8009804B080BD0000A6
:10AEE00080B582B0019000910198802101F04EF868
:10AEF0000198002101F04AF802B080BD80B584B00D
:10AF000003900291019203990320C1F894020198E1
:10AF10000399C1F8540102980399C1F8640101989A
:10AF20000399C1F858010398029A019B00210091EE
:10AF300000F014FF009804B080BD000080B582B01E
:10AF4000019001990520C1F8940201980023009313
:10AF500019461A4600F002FF009802B080BD0000BA
:10AF600080B584B003900291019203990220C1F848
:10AF700094020198039948610298039948620198E4
:10AF8000039988610398029A019B0021009101F0C6
:10AF90004BF8009804B080BD80B582B00190019953
:10AFA0000420C1F8940201980023009319461A4620
:10AFB00001F03AF8009802B080BD000080B582B080
:10AFC0008DF8070000919DF8070060B9FFE7009A2F
:10AFD00044F26950C0F6010040F24831C2F200016B
:10AFE00000F0DEFA0BE0009A44F26950C0F601006E
:10AFF00040F24831C2F2000100F0D2FAFFE740F21D
:10B000004830C2F2000002B080BD000082B08DF86E
:10B010000700009100991220088040F2B000C2F2AF
:10B02000000002B07047000080B582B08DF80700C4
:10B0300000919DF8070060B9FFE7009A44F2545070
:10B04000C0F6010040F24831C2F2000100F0A8FA57
:10B050000BE0009A44F25450C0F6010040F248312F
:10B06000C2F2000100F09CFAFFE740F24830C2F261
:10B07000000002B080BD000082B08DF80700009192
:10B0800000990420088040F2D800C2F2000002B00B
:10B090007047000080B584B08DF80F000291029ACD
:10B0A00044F27450C0F6010040F24831C2F200018F
:10B0B000019100F075FA019804B080BD80B582B0AE
:10B0C0008DF8070000919DF8070060B9FFE7009A2E
:10B0D00044F26250C0F6010040F24831C2F2000171
:10B0E00000F05EFA0BE0009A44F26250C0F60100F4
:10B0F00040F24831C2F2000100F052FAFFE740F29C
:10B100004830C2F2000002B080BD000080B582B0BD
:10B110008DF80700009100991A200880F6F7E2FBED
:10B1200040F2DC00C2F2000002B080BD80B584B005
:10B13000039002910298C088012805D0FFE7039888
:10B140000299FFF7CDFE21E0039890F89C12481E6B
:10B150000191022804D3FFE7019803280AD00FE0E9
:10B16000039900208860039800F108010122FFF78D
:10B17000F7FE0AE00398011D0122FFF7F1FE04E04B
:10B1800003980299FFF7ACFEFFE7FFE704B080BD2C
:10B1900080B588B0079006910020ADF816000490A5
:10B1A0008DF80F000698C0780138014602910628F4
:10B1B00000F21E810299DFE811F0070011002E0055
:10B1C0001B011B01E80000010798D0F8B4120A68BF
:10B1D000007C0DF116019047049013E10798007C64
:10B1E00060B9FFE70798D0F8B802816A0DF1160040
:10B1F000884704900499022048700BE00798D0F823
:10B20000B802C16A0DF11600884704900499022023
:10B210004870FFE7F6E0069880780146019105281E
:10B2200000F2A8800199DFE801F0031E39546F8A0B
:10B230000798D0F8B402406850B1FFE70798D0F8FB
:10B24000B4124A68007C0DF116019047049009E0A1
:10B2500007980699FFF744FE9DF80F0001308DF81E
:10B260000F00FFE790E00798D0F8B402806850B173
:10B27000FFE70798D0F8B4128A68007C0DF1160138
:10B280009047049009E007980699FFF729FE9DF87A
:10B290000F0001308DF80F00FFE775E00798D0F838
:10B2A000B402C06850B1FFE70798D0F8B412CA687A
:10B2B000007C0DF116019047049009E0079806996B
:10B2C000FFF70EFE9DF80F0001308DF80F00FFE72D
:10B2D0005AE00798D0F8B402006950B1FFE7079828
:10B2E000D0F8B4120A69007C0DF116019047049061
:10B2F00009E007980699FFF7F3FD9DF80F0001306C
:10B300008DF80F00FFE73FE00798D0F8B4024069DE
:10B3100050B1FFE70798D0F8B4124A69007C0DF1EC
:10B3200016019047049009E007980699FFF7D8FDA9
:10B330009DF80F0001308DF80F00FFE724E007981B
:10B34000D0F8B402806950B1FFE70798D0F8B41282
:10B350008A69007C0DF116019047049009E0079876
:10B360000699FFF7BDFD9DF80F0001308DF80F0025
:10B37000FFE709E007980699FFF7B2FD9DF80F0077
:10B3800001308DF80F00FFE73CE00798007C48B9DA
:10B39000FFE70798D0F8B802416B0DF11600884717
:10B3A000049009E007980699FFF79AFD9DF80F00B1
:10B3B00001308DF80F00FFE724E00798007C60B9AA
:10B3C000FFE70798D0F8B802016B0DF11600884727
:10B3D000049004990720487009E007980699FFF740
:10B3E0007FFD9DF80F0001308DF80F00FFE709E0A9
:10B3F00007980699FFF774FD9DF80F0001308DF84E
:10B400000F00FFE79DF80F0008B1FFE72AE006985C
:10B41000C08818B3FFE7BDF81600C8B1FFE7BDF854
:10B4200016000699C988884204DAFFE7BDF81600BD
:10B43000009003E00698C0880090FFE70098ADF800
:10B44000160007980499BDF81620FFF789FD04E05F
:10B4500007980699FFF744FDFFE703E00798FFF719
:10B460009BFDFFE708B080BD80B586B005908DF8E4
:10B4700013100598039005980290002001900299FE
:10B4800048880978884227DDFFE702980078ADF800
:10B490000200FFE7BDF802000299498888421ADAE3
:10B4A000FFE703980DF1020100F034F803900398D0
:10B4B000407805280ED1FFE7039801900198807825
:10B4C0009DF81310884201D1FFE704E000200190AD
:10B4D000FFE7FFE7DEE7FFE7019806B080BD000069
:10B4E00083B0029000208DF8070002980090FFE7DB
:10B4F0000098007848B1FFE79DF8070001308DF80B
:10B500000700009801300090F2E79DF8070003B0B3
:10B510007047000083B0029001910298009000985B
:10B5200002780199088810440880029800990978E7
:10B5300008440090009803B07047000080B582B0C6
:10B5400001900091019890F89C02013802281FD8C0
:10B55000FFE70098C088022805D0FFE7019800990E
:10B56000FFF7BEFC19E001990120C8600198D0F8EE
:10B57000A40230B1FFE70199C86840F00200C8603A
:10B58000FFE7019800F10C010222FFF7E9FC04E05B
:10B5900001980099FFF7A4FCFFE702B080BD00000E
:10B5A00080B586B005900491039200208DF80B00C1
:10B5B000059808B9FFE74FE0059801900198FFF75B
:10B5C0008FFF0146022000EB4100B0F5807F04D9D7
:10B5D000FFE74FF48070009008E00198FFF780FFCC
:10B5E0000146022000EB41000090FFE7009803991C
:10B5F00008800398007804999DF80B2088549DF8E2
:10B600000B0001308DF80B0004999DF80B200320EE
:10B6100088549DF80B0001308DF80B00FFE701986E
:10B620000078C8B1FFE70198007804999DF80B20D5
:10B6300088540198013001909DF80B0001308DF87D
:10B640000B0004999DF80B20002088549DF80B00F6
:10B6500001308DF80B00E2E706B080BD82B08DF8B6
:10B66000070000208DF806009DF8070001460091B4
:10B67000032814D80099DFE801F002060A0E002022
:10B680008DF806000FE003208DF806000BE0012086
:10B690008DF8060007E003208DF8060003E0032084
:10B6A0008DF80600FFE79DF8060002B07047000025
:10B6B00080B584B0029001918DF80320029820B9E2
:10B6C000FFE703208DF80F0023E002990020C1F866
:10B6D000B8020299C1F8C4020299C1F8D0020198D7
:10B6E00028B1FFE701980299C1F8B402FFE7029977
:10B6F000012081F89C029DF80300029908700298CD
:10B7000000F028FA8DF802009DF802008DF80F0075
:10B71000FFE79DF80F0004B080BD000080B582B047
:10B7200001908DF8031000208DF802008DF80100C3
:10B730000198D0F8C8029DF80310F8F775FA8DF853
:10B7400002009DF80200FFF789FF8DF801009DF8C7
:10B75000010002B080BD000080B582B001908DF87C
:10B76000031000208DF802008DF801000198D0F838
:10B77000C8029DF80310F8F703FA8DF802009DF84F
:10B780000200FFF76BFF8DF801009DF8010002B089
:10B7900080BD000080B588B006908DF81710049227
:10B7A0009DF81700002879D1FFE706981430039020
:10B7B0000698D0F89402022862D1FFE703994868FE
:10B7C0008989884217D9FFE703998A894868801ACE
:10B7D000486003998A8908691044086106980399AA
:10B7E0004A680969FFF76CFB0698002319461A4658
:10B7F00000F0B4FA43E003998889496888421ED171
:10B80000FFE7039908688989884218D3FFE70398FE
:10B8100000680699D1F89812884210D2FFE706987E
:10B82000002201921146FFF74BFB019B0698C0F8DE
:10B830009832069819461A4600F090FA1EE00698CB
:10B8400090F89C02032811D1FFE70698D0F8B802BF
:10B85000C06850B1FFE706990020C1F8D4020698ED
:10B86000D0F8B812C9688847FFE7FFE7069880213B
:10B8700000F08CFB0698FFF761FBFFE7FFE7FFE7AF
:10B88000069890F8A00240B1FFE7069800F05AFC35
:10B890000699002081F8A002FFE740E006989DF895
:10B8A000171041F08001FFF7EBFA8DF80A009DF8C0
:10B8B0000A00FF2832D0FFE79DF80A0070BBFFE7BF
:10B8C000069890F89C02032827D1FFE706989DF878
:10B8D0000A1000EB8100D0F8B8024069E0B1FFE740
:10B8E0009DF80A000699C1F8D40206989DF80A103E
:10B8F00000EB8101D1F8B8124A699DF81710904702
:10B900008DF80B009DF80B0028B1FFE79DF80B00A8
:10B910008DF81F0007E0FFE7FFE7FFE7FFE70020E4
:10B920008DF81F00FFE79DF81F0008B080BD0000E4
:10B9300080B58AB008908DF81F10069200208DF80F
:10B9400013009DF81F00002840F08780FFE708984B
:10B9500000F5AA7005900898D0F8940203287BD1CE
:10B96000FFE7059948688989884222D9FFE7059948
:10B970008A894868801A486005998A89086910444C
:10B98000086108980290059948680A6903928989B4
:10B99000884204D9FFE705984068019003E00598C4
:10B9A00080890190FFE703990298019AFFF778FADE
:10B9B00051E0089890F8AA0200F01F00014600919B
:10B9C00040B1FFE70098012808D0FFE7009802285F
:10B9D0000CD013E000208DF8120013E0089890F8C6
:10B9E000AE12FFF755FA8DF812000BE0089890F8A8
:10B9F000AE12FFF745FA8DF8120003E000208DF833
:10BA00001200FFE79DF8120008BBFFE7089890F8C6
:10BA10009C0203281AD1FFE708989DF8121000EB4A
:10BA20008100D0F8B802006978B1FFE79DF81200F4
:10BA30000899C1F8D40208989DF8121000EB810112
:10BA4000D1F8B81209698847FFE7FFE7FFE70898D0
:10BA5000FFF7A2FAFFE7FFE740E008989DF81F1004
:10BA600001F07F01FFF70CFA8DF812009DF812002B
:10BA7000FF2832D0FFE79DF8120070BBFFE708985F
:10BA800090F89C0203281ED1FFE708989DF8121039
:10BA900000EB8100D0F8B802806998B1FFE79DF80B
:10BAA00012000899C1F8D40208989DF8121000EB12
:10BAB0008101D1F8B8128A699DF81F1090478DF85E
:10BAC0001300FFE7FFE79DF8130028B1FFE79DF89B
:10BAD00013008DF8270005E0FFE7FFE700208DF851
:10BAE0002700FFE79DF827000AB080BD81B00090D5
:10BAF000002001B07047000080B582B001900020A6
:10BB00008DF803000199012081F89C020198D0F87A
:10BB1000B80268B1FFE70198D0F8B8124A68017915
:10BB2000904720B1FFE703208DF80300FFE7FFE710
:10BB30009DF8030002B080BD80B582B001908DF801
:10BB400003100198D0F8C8029DF80310F8F7D0F858
:10BB500002B080BD80B584B0039003980078A8BB84
:10BB6000FFE7039942F28030C2F200000290C0F871
:10BB7000E0140399C1F8C8024FF0A041016004210C
:10BB800001710222C2710021817142728172C172FF
:10BB900001738173C173F8F74BFE18B1FFE7F5F736
:10BBA000ADFCFFE742F28030C2F20000019080213C
:10BBB0000091F7F71FFF019800214022F7F726FFB9
:10BBC000009A01980121F7F721FFFFE7002004B058
:10BBD00080BD000084B002908DF807100298D0F864
:10BBE000C80200909DF80700000600280DD5FFE769
:10BBF00000989DF8071001F07F0101EBC10100EBF7
:10BC00008100807D8DF80F000DE000989DF80710F1
:10BC100001F07F0101EBC10100EB810090F85602B9
:10BC20008DF80F00FFE79DF80F0004B0704700008B
:10BC300080B584B002908DF807100298D0F8D41225
:10BC400000EB8100D0F8B80220B9FFE703208DF89F
:10BC50000F0020E0029890F89C02032817D1FFE71C
:10BC60000298D0F8D41200EB8100D0F8B802006A34
:10BC700060B1FFE70298D0F8D41200EB8101D1F84F
:10BC8000B8120A6A9DF807109047FFE7FFE7002007
:10BC90008DF80F00FFE79DF80F0004B080BD000095
:10BCA00080B584B002908DF807100298D0F8D412B5
:10BCB00000EB8100D0F8B80220B9FFE703208DF82F
:10BCC0000F0020E0029890F89C02032817D1FFE7AC
:10BCD0000298D0F8D41200EB8100D0F8B802406A84
:10BCE00060B1FFE70298D0F8D41200EB8101D1F8DF
:10BCF000B8124A6A9DF807109047FFE7FFE7002057
:10BD00008DF80F00FFE79DF80F0004B080BD000024
:10BD100080B584B003908DF80B108DF80A20ADF833
:10BD2000083000208DF807008DF806000398D0F841
:10BD3000C8029DF80B10BDF808209DF80A30F7F7EF
:10BD4000E9FF8DF807009DF80700FFF787FC8DF8E5
:10BD500006009DF8060004B080BD000080B586B0E6
:10BD600005908DF813100392029300208DF80700C0
:10BD70008DF806000598D0F8C8029DF81310039AB4
:10BD8000029BF8F73FF88DF807009DF80700FFF7D2
:10BD900065FC8DF806009DF8060006B080BD000029
:10BDA00080B586B0059000208DF81300059A01211A
:10BDB00082F89C120599C1F894020599486005998A
:10BDC000C1F8A402059981F8A0020598D0F8B8023C
:10BDD000A0B1FFE70598D0F8B802406868B1FFE766
:10BDE0000598D0F8B8124A680179904720B1FFE76A
:10BDF00003208DF81300FFE7FFE7FFE70598002217
:10BE00000192402303931146FFF782FF019A039B9F
:10BE100005990120029081F863010598A0F860312E
:10BE200005988021FFF774FF02990398059A82F81C
:10BE30002310059908849DF8130006B080BD00000A
:10BE400081B00090009890F89C02042807D1FFE789
:10BE5000009890F89D02009981F89C02FFE700206D
:10BE600001B0704780B582B00190019890F89C02B3
:10BE7000032813D1FFE70198D0F8B80268B1FFE7B3
:10BE80000198D0F8B802C06930B1FFE70198D0F846
:10BE9000B812C9698847FFE7FFE7FFE7002002B053
:10BEA00080BD000082B001908DF803109DF8030062
:10BEB00001990874002002B07047000080B582B07C
:10BEC00001908DF8031000208DF802008DF801001C
:10BED0000198D0F8C8029DF80310F8F761FE8DF8BC
:10BEE00002009DF80200FFF7B9FB8DF801009DF8F4
:10BEF000010002B080BD000080B584B003900291C3
:10BF0000039800F2AA20029900F0B0F803990120EA
:10BF1000C1F894020399B1F8B002C1F898020398ED
:10BF200090F8AA0200F01F000146009140B1FFE71F
:10BF3000009801280CD0FFE70098022810D017E0E5
:10BF4000039800F2AA2100F055FA8DF8070019E0D5
:10BF5000039800F2AA2100F08DFC8DF8070011E093
:10BF6000039800F2AA2100F0ABFA8DF8070009E06F
:10BF7000039890F8AA1201F0800100F007F88DF8FC
:10BF80000700FFE79DF8070004B080BD80B582B0D0
:10BF900001908DF8031000208DF802008DF801004B
:10BFA0000198D0F8C8029DF80310F7F761FF8DF8EB
:10BFB00002009DF80200FFF751FB8DF801009DF88B
:10BFC000010002B080BD000080B582B00190002069
:10BFD0008DF803008DF802000198D0F8C802F8F738
:10BFE00019FE8DF803009DF80300FFF737FB8DF86D
:10BFF00002009DF8020002B080BD000081B00090F8
:10C00000009890F89C02042807D0FFE7009890F869
:10C010009C02009981F89D02FFE70099042081F8B5
:10C020009C02002001B0704780B586B005908DF865
:10C0300013100392029300208DF807008DF806007C
:10C040000598D0F8C8029DF81310039A029BF7F7E1
:10C050007FFF8DF807009DF80700FFF7FFFA8DF8C6
:10C0600006009DF8060006B080BD000080B584B0D3
:10C07000039002910298019001980078039908704A
:10C080000198013001900198007803994870019857
:10C09000013001900198FDF72FF90399488001982C
:10C0A000013001900198013001900198FDF724F9C9
:10C0B0000399888001980130019001980130019026
:10C0C0000198FDF719F90399C88004B080BD0000FC
:10C0D00080B584B0029001910020ADF80200019873
:10C0E00020B9FFE703208DF80F0026E001980299A0
:10C0F000C1F8B8020298D0F8D41200EB8100D0F851
:10C10000B802C06A78B1FFE70298D0F8D41200EB09
:10C110008100D0F8B802C16A0DF102008847029987
:10C12000C1F8D002FFE70299D1F8D8020130C1F876
:10C13000D80200208DF80F00FFE79DF80F0004B033
:10C1400080BD000081B00090002001B07047000069
:10C1500080B584B00390029102988088B8BBFFE755
:10C160000298C08898BBFFE7029840887F282ED8A5
:10C17000FFE70298807800F07F008DF807000398B1
:10C1800090F89C02032805D1FFE703980299FEF777
:10C19000A7FE1BE09DF80700039981F89E02039813
:10C1A0009DF80710FFF78AFE0398FEF7F5FE9DF84D
:10C1B000070028B1FFE70399022081F89C0204E000
:10C1C0000399012081F89C02FFE7FFE704E0039850
:10C1D0000299FEF785FEFFE704B080BD80B582B00E
:10C1E00001908DF8031000208DF802000198D0F81E
:10C1F000B80250B1FFE70198D0F8B8120A689DF86C
:10C20000031090478DF80200FFE79DF8020002B08E
:10C2100080BD000080B586B00490039100208DF8A9
:10C220000B000398817840F24430C2F200000170A4
:10C230000078022808D3FFE704980399FEF750FE20
:10C2400003208DF81700A0E0049890F89C020146A6
:10C250000191022804D0FFE7019803282FD07FE046
:10C2600040F24430C2F20000007818B3FFE740F219
:10C270004431C2F200010878049A506004980978A9
:10C28000FFF7ACFF8DF80B009DF80B0048B1FFE7FE
:10C2900004980399FEF724FE0499022081F89C0279
:10C2A00007E00498FEF778FE0499032081F89C02C9
:10C2B000FFE703E00498FEF76FFEFFE760E040F25F
:10C2C0004430C2F20000007898B9FFE704990220D8
:10C2D00081F89C0240F24431C2F200010878049ACD
:10C2E000506004980978FEF791FD0498FEF754FE1B
:10C2F00035E040F24430C2F2000000780499496809
:10C30000884227D0FFE704980179FEF77FFD40F2CD
:10C310004431C2F200010878049A50600498097808
:10C32000FFF75CFF8DF80B009DF80B0068B1FFE78D
:10C3300004980399FEF7D4FD04980179FEF766FD91
:10C340000499022081F89C0203E00498FEF724FE81
:10C35000FFE703E00498FEF71FFEFFE7FFE70FE0AB
:10C3600004980399FEF7BCFD049840F24431C2F2F0
:10C3700000010978FEF74AFD03208DF80B00FFE766
:10C380009DF80B008DF81700FFE79DF8170006B029
:10C3900080BD000080B582B0019000910098408877
:10C3A000012808D1FFE701990120C1F8A4020198F2
:10C3B000FEF7F2FD13E000984088022809D1FFE75C
:10C3C00000984079019981F8A0020198FEF7E4FDF8
:10C3D00004E001980099FEF783FDFFE7FFE702B054
:10C3E00080BD000080B582B001900198FFF7ECFDA0
:10C3F00002B080BD80B586B00590049100208DF814
:10C400000F000498007800F0600001460291A8B186
:10C41000FFE70298202804D0FFE70298402846D181
:10C42000FFE70598D0F8D41200EB8101D1F8B812DB
:10C430008A68049990478DF80F003DE00498407891
:10C440000146019109282CD80199DFE801F01B254C
:10C450002A202A0A052A160F05980499FEF798FE45
:10C4600024E005980499FFF773FE1FE005980499EE
:10C47000FFF7D0FE8DF80F0018E005980499FEF73D
:10C4800055FE13E005980499FFF758F80EE005985B
:10C490000499FFF77FFF09E005980499FEF7D0FCA7
:10C4A00004E005980499FEF71BFDFFE704E00598FA
:10C4B0000499FEF715FDFFE79DF80F0006B080BD5B
:10C4C00080B58CB00B900A9100208DF821000A985D
:10C4D00080888DF823000A98007800F060000146FB
:10C4E0000791B8B3FFE70798202805D0FFE7079822
:10C4F000402840F0B581FFE70B989DF82310FEF728
:10C50000BFFC8DF822009DF82200FF2821D0FFE714
:10C510009DF82200E8B9FFE79DF822000B99C1F8C9
:10C52000D4020B989DF8221000EB8100D0F8B802DD
:10C53000806868B1FFE70B989DF8221000EB81013D
:10C54000D1F8B8128A680A9990478DF82100FFE760
:10C55000FFE78AE10A98407801460691002800F03A
:10C56000BD80FFE7069801284CD0FFE70698032816
:10C5700040F07081FFE70B9890F89C02014605910E
:10C58000022804D0FFE70598032819D034E09DF86D
:10C59000230078B1FFE79DF8230080280AD0FFE749
:10C5A0000B989DF82310FFF7F1FC0B988021FFF703
:10C5B000EDFC04E00B980A99FEF792FCFFE720E0FF
:10C5C0000A984088A0B9FFE79DF8230078B1FFE7FB
:10C5D0009DF8230080280AD0FFE70A98C08830B968
:10C5E000FFE70B989DF82310FFF7D0FCFFE7FFE76C
:10C5F0000B98FEF7D1FC04E00B980A99FEF770FC4B
:10C60000FFE72CE10B9890F89C0201460491022868
:10C6100004D0FFE70498032819D059E09DF82300BF
:10C6200078B1FFE79DF8230080280AD0FFE70B9838
:10C630009DF82310FFF7AAFC0B988021FFF7A6FCBA
:10C6400004E00B980A99FEF74BFCFFE745E00A98D7
:10C650004088E0BBFFE79DF82300400630B1FFE7CC
:10C660000B989DF82310FFF759F8FFE70B98FEF79A
:10C6700093FC0B989DF82310FEF702FC8DF8220026
:10C680009DF82200FF2821D0FFE79DF82200E8B99D
:10C69000FFE79DF822000B99C1F8D4020B989DF892
:10C6A000221000EB8100D0F8B802806868B1FFE783
:10C6B0000B989DF8221000EB8101D1F8B8128A681E
:10C6C0000A9990478DF82100FFE7FFE7FFE704E0B4
:10C6D0000B980A99FEF704FCFFE7C0E00B9890F86E
:10C6E0009C0201460391022804D0FFE70398032827
:10C6F00039D0A9E09DF8230050B1FFE79DF8230051
:10C70000802805D0FFE70B980A99FEF7E9FBA0E027
:10C710009DF82300000600280CD5FFE70B989DF834
:10C72000231001F07F0101EB810100EB8100143047
:10C7300002900CE00B989DF8231001F07F0101EBB3
:10C74000810100EB810000F5AA700290FFE70298DA
:10C7500009900999002088730B9809990E310222DB
:10C76000FEF7FEFB75E09DF823000006002813D5B8
:10C77000FFE70B989DF8231001F00F0101EB8101F9
:10C7800000EB810090F8230028B9FFE70B980A9985
:10C79000FEF7A6FB5DE012E00B989DF8231001F078
:10C7A0000F0101EB810100EB810090F8630128B9D2
:10C7B000FFE70B980A99FEF793FB4AE0FFE79DF825
:10C7C0002300000600280CD5FFE70B989DF82310E6
:10C7D00001F07F0101EB810100EB81001430019039
:10C7E0000CE00B989DF8231001F07F0101EB810113
:10C7F00000EB810000F5AA700190FFE70198099015
:10C800009DF8230028B1FFE79DF82300802804D17C
:10C81000FFE70999002088730FE00B989DF823101B
:10C82000FFF7D8F920B1FFE709990120887303E0E9
:10C83000099900208873FFE7FFE70B9809990E31EB
:10C840000222FEF78DFB04E00B980A99FEF748FBE5
:10C85000FFE704E00B980A99FEF742FBFFE704E0CC
:10C860000B980A99FEF73CFBFFE79DF821000CB0FE
:10C8700080BD000080B584B00390029100208DF847
:10C8800007000298007800F060000146009140B176
:10C89000FFE70098202804D0FFE7009840285AD1ED
:10C8A000FFE7039890F89C02013802284DD8FFE773
:10C8B00002980079012842D8FFE703980299097984
:10C8C000FEF7E6FA8DF806009DF80600FF2825D051
:10C8D000FFE79DF8060008BBFFE703989DF80610E8
:10C8E00000EB8100D0F8B802806890B1FFE79DF8B6
:10C8F00006000399C1F8D40203989DF8061000EBD6
:10C900008101D1F8B8128A68029990478DF8070022
:10C9100003E003208DF80700FFE703E003208DF814
:10C920000700FFE70298C08840B9FFE79DF80700BD
:10C9300020B9FFE70398FEF72FFBFFE704E0039819
:10C940000299FEF7CDFAFFE704E003980299FEF79B
:10C95000C7FAFFE704E003980299FEF7C1FAFFE780
:10C960009DF8070004B080BD81B0009001B0704711
:10C9700081B0009040F24840C2F2000001B0704720
:10C9800084B003900291039801900298007800907F
:10C9900002984078012830D1FFE70298007800F033
:10C9A0000F01012000FA01F20199D1F81C0810438F
:10C9B000C1F81C080198009900EB4110D0F800095B
:10C9C0000004002818D4FFE7029988686FF3DF207D
:10C9D000097940EA8140009A40EA8250019901EBCE
:10C9E0004211D1F80029104348F20002C1F20002BE
:10C9F0001043C1F80009FFE72EE00298007800F02C
:10CA00000F01012000FA01F20199D1F81C0840EA57
:10CA10000240C1F81C080198009900EB4110D0F8C1
:10CA2000000B0004002816D4FFE7029988686FF312
:10CA3000DF20097940EA81400199009A01EB421117
:10CA4000D1F8002B104348F20002C1F2000210435B
:10CA5000C1F8000BFFE7FFE7002004B070470000BB
:10CA600082B00190019800900099D1F8000940F23D
:10CA7000FF729043C1F800090099D1F8040840F40E
:10CA80008070C1F80408002002B0704740F268606E
:10CA9000C2F200000078704781B08DF803009DF865
:10CAA000030040F26861C2F20001087001B07047F3
:10CAB00080B58AB0DDF830C0CDF814C0049303927D
:10CAC00002919DF814108DF824100299039A049B8A
:10CAD00008930792069101909DF81D00012823D12B
:10CAE000FFE70199886B20F4803088630199C8685A
:10CAF0004FF6BF72CFF6BD721040C8600199C8688A
:10CB000020F44010C8609DF82400012806D1FFE7FA
:10CB10000199C86840F48010C860FFE7019800F0F0
:10CB200033F88DF803001AE00199C86840F040001E
:10CB3000C860019800F028F88DF803009DF82100E6
:10CB400030B9FFE70199886B40F48030886305E0D5
:10CB50000199886B20F480308863FFE7FFE79DF838
:10CB60001A0001280BD1FFE70199886840F0060000
:10CB700088600199886840F020008860FFE79DF890
:10CB800003000AB080BD000083B001900020009037
:10CB9000FFE70098013000900098B0F1706F04D961
:10CBA000FFE703208DF80B002EE0FFE701980069F6
:10CBB000C00F0028EDD0FFE70A200090FFE70098A3
:10CBC00020B1FFE7009801380090F8E70199086963
:10CBD00040F001000861FFE70098013000900098E4
:10CBE000B0F1706F04D9FFE703208DF80B000BE064
:10CBF000FFE70198006900F001000128ECD0FFE791
:10CC000000208DF80B00FFE79DF80B0003B0704784
:10CC100084B00390029103980190029800780090EC
:10CC200002984078012845D1FFE70198009900EB70
:10CC30004110D0F80009C00FA8B1FFE70198009992
:10CC400000EB4111D1F8000940F00060C1F8000983
:10CC50000198009900EB4111D1F8000940F08040A3
:10CC6000C1F80009FFE70298007800F00F010120E9
:10CC700000FA01F3019AD2F83C189943C2F83C1823
:10CC80000299097801F00F0100FA01F20199D1F837
:10CC90001C089043C1F81C080198009900EB411151
:10CCA000D1F8000947F60002CEF633421040C1F831
:10CCB000000946E00198009900EB4110D0F8000B04
:10CCC000C00FA8B1FFE70198009900EB4111D1F81E
:10CCD000000B40F00060C1F8000B0198009900EBD8
:10CCE0004111D1F8000B40F08040C1F8000BFFE784
:10CCF0000298007800F00F01012000FA01F3019A78
:10CD0000D2F83C1821EA0341C2F83C18029909788C
:10CD100001F00F0100FA01F20199D1F81C0820EA94
:10CD20000240C1F81C080198009900EB4111D1F8AC
:10CD3000000B47F60002CEF6F3721040C1F8000B6C
:10CD4000FFE7002004B0704782B001900198009086
:10CD50000099D1F8000E20F00300C1F8000E0099F0
:10CD6000D1F8040820F00200C1F80408002002B045
:10CD70007047000082B00190019800900099D1F8AE
:10CD8000000E20F00300C1F8000E0099D1F804084D
:10CD900040F00200C1F80408002002B07047000013
:10CDA00080B58CB0DDF838C0CDF81CC00693059274
:10CDB00004919DF81C108DF82C100499059A069B7F
:10CDC0000A9309920891039000208DF80B000399B3
:10CDD00001910090FFE700980E280CD8FFE7039818
:10CDE000009900EB81010020C1F80401FFE70098E1
:10CDF00001300090EFE79DF82A00B8B9FFE70199EC
:10CE0000D1F8040840F00200C1F804080399886BC7
:10CE100040F4001088630399886B20F40020886335
:10CE20000399886B20F4802088630AE00399886B5B
:10CE300020F4001088630399886B40F40020886315
:10CE4000FFE701990020C1F8000E9DF82500012898
:10CE50000FD1FFE79DF8230028B9FFE703980021D1
:10CE600000F07CFE04E00398012100F077FEFFE76C
:10CE700004E00398032100F071FEFFE703981021FE
:10CE800000F0A8FC20B1FFE701208DF80B00FFE7C0
:10CE9000039800F065FC20B1FFE701208DF80B003E
:10CEA000FFE701990020C1F810080199C1F81408A2
:10CEB0000199C1F81C080090FFE700989DF8201028
:10CEC00088423BD2FFE70198009900EB4110D0F86F
:10CED0000009C00FB0B1FFE7009848B9FFE701981B
:10CEE000009900EB41114FF00060C1F8000908E023
:10CEF0000198009900EB41114FF09040C1F80009F2
:10CF0000FFE707E00198009900EB41110020C1F80C
:10CF10000009FFE70198009900EB41110020C1F8DA
:10CF200010090198009900EB41114FF67F30C1F8CC
:10CF30000809FFE7009801300090BEE7002000904C
:10CF4000FFE700989DF8201088423BD2FFE7019848
:10CF5000009900EB4110D0F8000BC00FB0B1FFE713
:10CF6000009848B9FFE70198009900EB41114FF094
:10CF70000060C1F8000B08E00198009900EB411136
:10CF80004FF09040C1F8000BFFE707E001980099CF
:10CF900000EB41110020C1F8000BFFE70198009958
:10CFA00000EB41110020C1F8100B0198009900EB33
:10CFB00041114FF67F30C1F8080BFFE700980130B0
:10CFC0000090BEE70199D1F8100820F48070C1F8F4
:10CFD000100803990020886103996FF08040486130
:10CFE0009DF8220030B9FFE70399886940F01000EE
:10CFF0008861FFE70399886943F60002C8F23C02A2
:10D00000104388619DF8260030B1FFE703998869D5
:10D0100040F008008861FFE79DF82A00012808D148
:10D02000FFE7039988690422C4F200021043886173
:10D03000FFE79DF80B000CB080BD000081B00090B0
:10D040000099886820F001008860002001B07047D6
:10D0500086B004908DF80F10029204980190049805
:10D06000006C0090009843F20B01C4F654718842A2
:10D070000BD3FFE70198D0F8000BC00F20B1FFE7FA
:10D0800000208DF817002EE0FFE701990020C1F87D
:10D09000100B0199D1F8100B40F40020C1F8100BCF
:10D0A0000199D1F8100B40F01800C1F8100B01994C
:10D0B000D1F8100B40F0C040C1F8100B9DF80F00E4
:10D0C00001280CD1FFE702980199C1F8140B0199CE
:10D0D000D1F8000B40F08020C1F8000BFFE70020E2
:10D0E0008DF81700FFE79DF8170006B070470000A5
:10D0F00084B0039002910398019002980078009008
:10D1000002984078012820D1FFE70198009900EBB0
:10D110004111D1F8000920F40010C1F8000902986B
:10D120000079032805D0FFE70298007902280BD187
:10D13000FFE70198009900EB4111D1F8000940F098
:10D140008050C1F80009FFE71FE00198009900EB4B
:10D150004111D1F8000B20F40010C1F8000B029827
:10D160000079032805D0FFE70298007902280BD147
:10D17000FFE70198009900EB4111D1F8000B40F056
:10D180008050C1F8000BFFE7FFE7002004B07047B4
:10D1900084B0039002910398019002980078009067
:10D1A00002984078012822D1FFE70198009900EB0E
:10D1B0004110D0F80009C00F70B9FFE7009858B1CE
:10D1C000FFE70198009900EB4111D1F8000920F028
:10D1D0008040C1F80009FFE70198009900EB411178
:10D1E000D1F8000940F40010C1F8000921E00198CD
:10D1F000009900EB4110D0F8000BC00F70B9FFE7A9
:10D20000009858B1FFE70198009900EB4111D1F85F
:10D21000000B20F08040C1F8000BFFE70198009957
:10D2200000EB4111D1F8000B40F40010C1F8000BE5
:10D23000FFE7002004B0704780B588B007900691E2
:10D240008DF81720079804900698007803900698A8
:10D250004078012840F02481FFE706980069F8B97A
:10D26000FFE70498039900EB4111D1F810096FF31F
:10D27000DC40C1F810090498039900EB4111D1F882
:10D28000100940F40020C1F810090498039900EB3C
:10D290004111D1F810096FF31200C1F8100971E0C3
:10D2A0000498039900EB4111D1F810096FF31200B3
:10D2B000C1F810090498039900EB4111D1F8100945
:10D2C0006FF3DC40C1F810090398A8B9FFE706988E
:10D2D00081680069884204D9FFE706998868086177
:10D2E000FFE70498039900EB4111D1F8100940F4CD
:10D2F0000020C1F8100937E00698816800690844E9
:10D300000138B0FBF1F0ADF80A00BDF80A100020BA
:10D31000C1F6F87000EAC1420498039900EB41118C
:10D32000D1F810091043C1F81009069800790128B6
:10D3300019D1FFE70498039900EB4111D1F81009C6
:10D3400020F0C040C1F81009BDF80A0000F0030247
:10D350000498039900EB4111D1F8100940EA42709A
:10D36000C1F81009FFE7FFE7069802696FF3DF4293
:10D370000498039900EB4111D1F810091043C1F84A
:10D380001009FFE79DF8170001283BD1FFE7069839
:10D39000C06948B1FFE70698C0690499039A01EB98
:10D3A0004211C1F81409FFE70698007901281ED13F
:10D3B000FFE70498D0F80808C00500280BD4FFE761
:10D3C0000498039900EB4111D1F8000940F0005096
:10D3D000C1F800090AE00498039900EB4111D1F863
:10D3E000000940F08050C1F80009FFE7FFE704980A
:10D3F000039900EB4111D1F8000940F00440C1F855
:10D4000000094CE00498039900EB4111D1F80009A0
:10D4100040F00440C1F8000906980079012813D0B3
:10D42000FFE70698006970B1FFE70698007800F002
:10D430000F01012000FA01F20499D1F834081043D9
:10D44000C1F83408FFE729E00498D0F80808C005BF
:10D4500000280BD4FFE70498039900EB4111D1F8A1
:10D46000000940F00050C1F800090AE0049803994F
:10D4700000EB4111D1F8000940F08050C1F80009DB
:10D48000FFE70798069BD9681A781B8A9DF817C092
:10D49000EE46CEF800C000F051FCFFE7FFE7C4E025
:10D4A0000498039900EB4111D1F8100B6FF31200AF
:10D4B000C1F8100B0498039900EB4111D1F8100B3F
:10D4C0006FF3DC40C1F8100B039818BBFFE7069818
:10D4D000006920B1FFE7069988680861FFE70699AF
:10D4E000886808620698026A6FF3DF42049803991D
:10D4F00000EB4111D1F8100B1043C1F8100B049848
:10D50000039900EB4111D1F8100B40F40020C1F851
:10D51000100B49E006980069C0B9FFE706988268D9
:10D520006FF3DF420498039900EB4111D1F8100B1F
:10D530001043C1F8100B0498039900EB4111D1F886
:10D54000100B40F40020C1F8100B2CE00698816805
:10D55000006908440138B0FBF1F0ADF80A00069903
:10D560008868BDF80A2050430862BDF80A10002000
:10D57000C1F6F87000EAC1420498039900EB41112A
:10D58000D1F8100B1043C1F8100B0698026A6FF324
:10D59000DF420498039900EB4111D1F8100B1043BE
:10D5A000C1F8100BFFE7FFE79DF8170001280ED127
:10D5B000FFE70698C06848B1FFE70698C06804997D
:10D5C000039A01EB4211C1F8140BFFE7FFE706983D
:10D5D000007901281ED1FFE70498D0F80808C0059B
:10D5E00000280BD4FFE70498039900EB4111D1F810
:10D5F000000B40F00050C1F8000B0AE004980399BA
:10D6000000EB4111D1F8000B40F08050C1F8000B45
:10D61000FFE7FFE70498039900EB4111D1F8000BF5
:10D6200040F00440C1F8000BFFE7002008B080BDC7
:10D6300085B004900391002002908DF807000498B3
:10D6400000900398407801283ED1FFE700980399A5
:10D65000097800EB4110D0F80009C00F98B3FFE73C
:10D6600000980399097800EB4111D1F8000940F0C6
:10D670000060C1F8000900980399097800EB411196
:10D68000D1F8000940F08040C1F80009FFE7029896
:10D6900001300290029842F21171884204D3FFE7F0
:10D6A00001208DF807000DE0FFE700980399097845
:10D6B00000EB4110D0F8000900F00040B0F1004F3D
:10D6C000E5D0FFE7FFE73DE000980399097800EB1C
:10D6D0004110D0F8000BC00F98B3FFE700980399F2
:10D6E000097800EB4111D1F8000B40F00060C1F85F
:10D6F000000B00980399097800EB4111D1F8000B59
:10D7000040F08040C1F8000BFFE702980130029022
:10D71000029842F21171884204D3FFE701208DF88C
:10D7200007000DE0FFE700980399097800EB41102E
:10D73000D0F8000B00F00040B0F1004FE5D0FFE75B
:10D74000FFE7FFE79DF8070005B0704781B0009044
:10D750000099886840F001008860002001B070479F
:10D7600083B0019000200090FFE700980130009006
:10D770000098B0F1706F04D9FFE703208DF80B001B
:10D7800024E0FFE701980069C00F0028EDD0FFE713
:10D7900000200090019910200861FFE700980130F7
:10D7A00000900098B0F1706F04D9FFE703208DF866
:10D7B0000B000BE0FFE70198006900F01000102853
:10D7C000ECD0FFE700208DF80B00FFE79DF80B0081
:10D7D00003B0704784B00290019100200090FFE7F1
:10D7E0000098013000900098B0F1706F04D9FFE705
:10D7F00003208DF80F0026E0FFE702980069C00FB4
:10D800000028EDD0FFE70020009001988001203033
:10D8100002990861FFE70098013000900098B0F18C
:10D82000706F04D9FFE703208DF80F000BE0FFE7CE
:10D830000298006900F020002028ECD0FFE70020CB
:10D840008DF80F00FFE79DF80F0004B0704700004F
:10D8500084B00390039802900298D0F8080800F072
:10D8600006000090009820B9FFE700208DF807001F
:10D8700010E00098022804D0FFE70098062804D1A1
:10D88000FFE702208DF8070003E00F208DF8070066
:10D89000FFE7FFE79DF8070004B0704781B00090F4
:10D8A0000098406900F0010001B0704783B0029019
:10D8B000029801900198D0F8180800900198D0F8CB
:10D8C0001C18009808400090BDF8000003B0704795
:10D8D00083B00290029801900198D0F81808009047
:10D8E0000198D0F81C18009808400090BDF802007C
:10D8F00003B0704786B005908DF81310059803901B
:10D900000398D0F8100801900398D0F834080090DC
:10D9100000989DF8131001F00F01C84000F00101BC
:10D92000019840EAC110019003989DF8131000EB94
:10D930004110D0F80809019908400290029806B0F9
:10D940007047000084B003908DF80B10039801908D
:10D9500001989DF80B1000EB4110D0F8080B0090D7
:10D960000198D0F81418009808400090009804B06E
:10D970007047000082B001900198406900900198C2
:10D980008169009808400090009802B0704700003C
:10D9900089B008900791ADF81A200898059007986B
:10D9A0000490BDF81A0080080190BDF81A0000F03C
:10D9B0000300ADF8020000200290FFE702980199F1
:10D9C000884217D2FFE705984FF4805140580499D8
:10D9D0000860049801300490049801300490049881
:10D9E00001300490049801300490FFE70298013060
:10D9F0000290E3E7BDF8020008B3FFE700200290C1
:10DA000005984FF4805140580390FFE703989DF824
:10DA10000810C900C84004990870029801300290AB
:10DA2000049801300490BDF802000138ADF80200FE
:10DA3000FFE7BDF802000028E8D1FFE7FFE7049800
:10DA400009B0704780B586B004908DF80F100020A3
:10DA500002900499C86820F0C040C8609DF80F008B
:10DA6000012823D1FFE70499C86840F00050C8603E
:10DA7000FFE70A20F5F7E8FC02980A300290FFE77A
:10DA80000498FFF70BFF014600200129019007D001
:10DA9000FFE702990020C82938BF01200190FFE765
:10DAA0000198C0070028E4D1FFE72AE09DF80F00A5
:10DAB00010BBFFE70499C86840F08040C860FFE7EA
:10DAC0000A20F5F7C1FC02980A300290FFE704989B
:10DAD000FFF7E4FE01460020009039B1FFE702990C
:10DAE0000020C82938BF01200090FFE70098C00738
:10DAF0000028E5D1FFE703E001208DF817000CE0D6
:10DB0000FFE70298C82804D1FFE701208DF817002D
:10DB100003E000208DF81700FFE79DF8170006B01E
:10DB200080BD000083B002908DF80710029800902D
:10DB30000099D1F8000820F4FE60C1F800089DF8B3
:10DB4000070000F07F020099D1F8000840EA0210B7
:10DB5000C1F80008002003B07047000083B00290B5
:10DB60008DF80710029800909DF807200099D1F8D1
:10DB700000081043C1F80008002003B070470000FF
:10DB800084B0039002918DF807209DF807000228C9
:10DB900040F0B880FFE702984AF6C041C0F2D801D1
:10DBA00088420BD3FFE702984EF2BF11C0F2E401A6
:10DBB000884203D8FFE70F200090A2E002984EF2BF
:10DBC000C011C0F2E40188420BD3FFE7029842F291
:10DBD000FF31C0F2F401884203D8FFE70E20009025
:10DBE0008EE0029842F20041C0F2F40188420BD369
:10DBF000FFE7029847F27F31C0F20611884203D84E
:10DC0000FFE70D2000907AE0029847F28031C0F2E1
:10DC1000061188420BD3FFE7029844F69F11C0F229
:10DC20001A11884203D8FFE70C20009066E00298A2
:10DC300044F6A011C0F21A1188420BD3FFE70298F4
:10DC400042F6FF41C0F23111884203D8FFE70B20B2
:10DC5000009052E0029842F60051C0F23111884221
:10DC60000BD3FFE702984AF23F41C0F24C118842C1
:10DC700003D8FFE70A2000903EE002984AF24041B4
:10DC8000C0F24C1188420BD3FFE7029843F2FF51D8
:10DC9000C0F26E11884203D8FFE7092000902AE005
:10DCA000029843F20061C0F26E1188420BD3FFE785
:10DCB00002984AF61F31C0F2A611884203D8FFE746
:10DCC0000820009016E002984AF62031C0F2A61112
:10DCD00088420BD3FFE7029844F2FF71C0F2E811CB
:10DCE000884203D8FFE70720009002E0062000905A
:10DCF000FFE7FFE7FFE7FFE7FFE7FFE7FFE7FFE7F4
:10DD0000FFE70AE09DF8070018B9FFE70920009037
:10DD100002E009200090FFE7FFE70399C86820F4BC
:10DD20007050C860009800F00F020399C86840EA7C
:10DD30008220C860002004B07047000080B588B021
:10DD400084460A98CDF81CC006918DF81720ADF8CE
:10DD500014308DF8130007980390069802909DF8F0
:10DD6000130048BBFFE7BDF81400033080080190A2
:10DD700000200090FFE70098019988421BD2FFE73E
:10DD80000298006803999DF8172001EB02314FF4C7
:10DD9000805288500298013002900298013002901F
:10DDA000029801300290029801300290FFE700983B
:10DDB00001300090DFE7FFE7002008B080BD0000E1
:10DDC000FFE7FEE780B58AB08DED050ACDED040AC8
:10DDD0008DED031A9DED050A9DED041A21EE011A41
:10DDE00020EE000A30EE010A8DED080A02A8079025
:10DDF0009DED080AB5EE400AF1EE10FA0BDBFFE7E5
:10DE00009DED080A05F072FE079880ED000A0020DB
:10DE10008DF8270006E0079900200860FF208DF8A4
:10DE20002700FFE79DED030A9DED021A30EE410A3F
:10DE30008DED010A9DED010AB5EE400AF1EE10FAF2
:10DE400003DDFFE7002006900FE09DED030ADDED06
:10DE5000020A41F6B430C2F2000090ED051A5430C7
:10DE6000FAF72EFE8DED060AFFE79DED060A0AB0D1
:10DE700080BD000081B08DF803009DF903000028EB
:10DE80000ED4FFE79DF9031001F01F02012090401E
:10DE90004A094EF20011CEF2000141F82200FFE7DC
:10DEA00001B070474EF60C50CEF200000068C0F38F
:10DEB0000220704782B08DF8070000919DF907009D
:10DEC00000280AD4FFE7009800019DF907104EF2E0
:10DED0000042CEF2000288540BE0009800019DF849
:10DEE000071001F00F014EF61452CEF200028854D2
:10DEF000FFE702B07047000083B00290029800F084
:10DF0000070000904EF60C51CEF200010868019017
:10DF100001984FF6FF02104001900198009A40EAE4
:10DF200002200022C0F2FA521043019001980860CA
:10DF300003B0704780B582B041F6DC23C2F2000323
:10DF40000193581C991CDA1C0433F2F723FB019847
:10DF50000830F2F791FB02B080BD000080B582B0BE
:10DF600041F6DC23C2F200030193581C991CDA1C11
:10DF70000433F2F70FFB01980830F2F77DFB0198AC
:10DF800090ED020A9FED091A80EE010A80ED030A66
:10DF900090ED020A41F63C52C2F20002106851684C
:10DFA000926803F083FE02B080BD00BFD7B3DD3FAF
:10DFB0009FED221A9FED222A20EE010AB5EE001AEB
:10DFC00030EE010ABDEEC01A11EE100AB5EE400A9D
:10DFD000F1EE10FAB8BF013801EE100AB8EEC11A1E
:10DFE00030EE410A20EE020ABDEEC01A9FED152A5E
:10DFF00011EE100A002130EE021AB1EB502F43F659
:10E0000050411CBF0020B0EE410AC0F6010101EEF4
:10E01000100A01EB8001B8EE411A30EE410A91ED91
:10E02000001A91ED012AB7EE003A33EE403A23EEA2
:10E03000011A20EE020A31EE000A704783F9223EEF
:10E0400000000044000000C49FED201A9FED202A2C
:10E0500020EE010ABDEEC01A11EE100AB5EE400A1C
:10E06000F1EE10FAB8BF013801EE100AB8EEC11A8D
:10E0700030EE410A20EE020ABDEEC01A9FED152ACD
:10E0800011EE100A002130EE021AB1EB502F43F6C8
:10E0900050411CBF0020B0EE410AC0F6010101EE64
:10E0A000100A01EB8001B8EE411A30EE410A91ED01
:10E0B000001A91ED012AB7EE003A33EE403A23EE12
:10E0C000011A20EE020A31EE000A704783F9223E5F
:10E0D00000000044000000C480B588B004A901918C
:10E0E0000146019880ED030AC0ED020A80ED011A95
:10E0F000C0ED001A8DF80F1090ED030AD0ED020A62
:10E1000090ED011AD0ED001A41F6BC40C2F20000B9
:10E1100002909FED122A01F03BFD02999DF80F003D
:10E1200081F844009DF80F0040B9FFE741F6BC417B
:10E13000C2F20001012081F8450007E041F6BC4130
:10E14000C2F20001032081F84500FFE741F6BC411F
:10E15000C2F200010020886408B080BD17B75138B2
:10E1600080B588B041F6BC40C2F2000090F844008F
:10E17000002840F02081FFE7F3F79EFB41F67C4149
:10E18000C2F20001049181ED060A91ED060A91EDBB
:10E19000071A30EE410A41F6BC40C2F20000059079
:10E1A00090ED081A80EE010A81ED0E0A8A69CA61B3
:10E1B00091ED031AD1ED041A91ED062A91ED0C0AA6
:10E1C000D1ED0D0A91ED0E3A90ED044A63EE042A6A
:10E1D00000F0DAF9059890F84500013801460691FB
:10E1E000072800F2E6800699DFE801F00412596280
:10E1F000829CC2D541F69431C2F2000101208870A0
:10E200000020C8704CF6CD40C3F6CC50C860D1E0B9
:10E2100041F69431C2F200010020887041F6BC4002
:10E22000C2F2000090ED080A41F67C40C2F2000004
:10E2300090ED051A9FEDC22A20EE020A30EE010A87
:10E2400080ED050A90ED050A9FEDBE1AB4EE410A75
:10E25000F1EE10FA0DDBFFE741F67C40C2F2000060
:10E2600090ED050A9FEDB81A30EE010A80ED050A1F
:10E27000FFE741F67C41C2F20001002088620020E5
:10E28000C4F24000C86291ED051A91ED0A0AD1ED81
:10E290000B0A01F13000343101F01CF98AE041F63B
:10E2A0007C41C2F200014FF07C500863486381E07A
:10E2B00042F66420C2F20000039090ED000AB8EE2E
:10E2C000400A9FED9E1A20EE010AFFF7BDFE039A59
:10E2D000B0EE081A20EE010A41F67C41C2F20001BC
:10E2E00081ED0C0A1068013010600020486361E085
:10E2F00042F66421C2F200010020086041F6943029
:10E30000C2F2000001218170C17041F6BC41C2F22D
:10E31000000191ED041A9FED880A80EE010A80ED5C
:10E32000050A47E041F69431C2F2000101208870ED
:10E330000020C87042F66420C2F20000016801317A
:10E3400001600068B0F57A7F09D9FFE741F69431A2
:10E35000C2F200010020C4F24000886007E041F6EC
:10E360009431C2F200014FF07E508860FFE721E057
:10E3700042F66421C2F200010020086041F69431A7
:10E38000C2F2000101208870C8704CF6CD40C3F67F
:10E390004C6048610EE041F69431C2F20001002069
:10E3A0008870C87041F67C41C2F20001086348637E
:10E3B00000E0FFE77CE041F67C40C2F2000090ED17
:10E3C000031AD0ED041A90ED0C0AD0ED0D0A90ED71
:10E3D0000E2A41F6BC40C2F20000019002F0BCFCE3
:10E3E000019890F8450003380146029105285DD850
:10E3F0000299DFE801F00312325B5B4D41F6943184
:10E40000C2F200010020887041F67C41C2F2000196
:10E410004FF07C500863486349E042F66420C2F242
:10E420000000009090ED000AB8EE400A9FED431AFC
:10E4300020EE010AFFF708FE009AB0EE081A20EE5F
:10E44000010A41F67C41C2F2000181ED0C0A10681C
:10E45000013010600020486329E042F66421C2F2D6
:10E4600000010020086041F69430C2F20000022151
:10E4700081700121C17041F6BC41C2F2000191EDF1
:10E48000041A9FED2D0A80EE010A80ED050A0EE0C8
:10E4900041F69431C2F2000100208870C87041F644
:10E4A0007C41C2F200010863486300E0FFE7FFE738
:10E4B00041F6BC40C2F2000090F84C00C00778B1B1
:10E4C000FFE741F6BC40C2F20000016841F6BC2201
:10E4D000C2F20002116090ED000AFAF7C9FCFFE7F2
:10E4E00041F6BC40C2F2000090F8450008281AD15D
:10E4F000FFE741F6BC40C2F20000426841F6BC2191
:10E50000C2F200014A6082688A60C268CA60026919
:10E510000A6142694A6182698A61C069C8610120F1
:10E520008DF81F0003E000208DF81F00FFE79DF825
:10E530001F0008B080BD00BF00005042DB0F493F04
:10E5400000004843DB0FC940DB0FC9C085B08DED2B
:10E55000040ACDED030A8DED021A01900091049892
:10E56000019908609DED030A9DED021A30EE410A03
:10E570009FED041A20EE010A009880ED000A05B014
:10E58000704700BF3ACD133F80B592B011908DED2A
:10E59000100ACDED0F0A8DED0E1ACDED0D1A8DED91
:10E5A0000C2ACDED0B2A00200A9009909DED100A4F
:10E5B000119890ED014A90ED023A90ED082A90ED05
:10E5C0000B1A24EE014A30EE440A90ED0D4A30EE6B
:10E5D000440A80EE030A20EE020A30EE010A80EDC2
:10E5E0000B0A9DED0F0A119890ED014A90ED023A49
:10E5F00090ED082A90ED0C1A24EE014A30EE440A00
:10E6000090ED0E4A30EE440A80EE030A20EE020A34
:10E6100030EE010A80ED0C0A9DED0E0A119890ED86
:10E620000B1A30EE410A8DED080A9DED0D0A119886
:10E6300090ED0C1A30EE410A8DED070A4DF20A708A
:10E64000C3F6234006909DED080A9DED061AB4EE30
:10E65000410AF1EE10FA05DDFFE7B7EE000A8DED95
:10E66000030A13E09DED082A9DED060AB1EE403A3B
:10E67000BFEE001A9FEDB40AB4EE432AF1EE10FA91
:10E68000B8BFB0EE410A8DED030AFFE79DED030A26
:10E690008DED050A9DED070A9DED061AB4EE410ABF
:10E6A000F1EE10FA05DDFFE7B7EE000A8DED020A84
:10E6B00013E09DED072A9DED060AB1EE403ABFEE4C
:10E6C000001A9FEDA10AB4EE432AF1EE10FAB8BF8A
:10E6D000B0EE410A8DED020AFFE79DED020A8DEDD5
:10E6E000040A119890ED090A9DED051A20EE010A21
:10E6F00080ED0D0A119890ED090A9DED041A20EEA7
:10E70000010A80ED0E0A119890ED082A90ED0A0A90
:10E7100090ED0D3A90ED0F1A33EE413A20EE030AD8
:10E7200020EE020A30EE010A80ED0F0A119890EDFA
:10E73000082A90ED0A0A90ED0E3A90ED101A33EE89
:10E74000413A20EE030A20EE020A30EE010A80ED83
:10E75000100A119890F845000138014601910628E9
:10E7600000F2E4800199DFE801F0041B3B5977A82F
:10E77000D0009DED0B0A9FED751AB4EE410AF1EE43
:10E7800010FA01DDFFE7D2E00C98119908601199A9
:10E79000012081F84C001199022081F84500C6E063
:10E7A0009DED0B0A42F6F410C2F2000090ED001A43
:10E7B00030EE410AB7EE001AB4EE410AF1EE10FA5B
:10E7C00001DDFFE7B3E011989DED0C0A04F026F897
:10E7D00028B1FFE71199032081F84500FFE7A6E083
:10E7E0009DED0B0A9FED591AB4EE410AF1EE10FAB5
:10E7F00001DDFFE79BE011989DED100ADDED0F0AAA
:10E800009DED0E1ADDED0D1A04F0D0F828B1FFE7EA
:10E810001199042081F84500FFE788E09DED0B0A7F
:10E820009FED4A1AB4EE410AF1EE10FA01DDFFE75E
:10E830007DE011989DED100ADDED0F0A9DED0E1A99
:10E84000DDED0D1A03F014FE28B1FFE71199052044
:10E8500081F84500FFE76AE09DED0B0A42F6F410EF
:10E86000C2F2000090ED001A30EE410A10EE100ADC
:10E87000F1F744FD41EC100B51EC100B9FED300B08
:10E8800053EC102BF1F704FD08B9FFE74FE09DEDC5
:10E890000B0A119890ED041A20EE010A8DED0A0A78
:10E8A00011989DED0A0A03F067FC28B1FFE7119962
:10E8B000062081F84500FFE739E09DED0C0A11982C
:10E8C00090ED041A20EE010A8DED090A11989DEDD4
:10E8D0000B0A42F6F411C2F2000191ED001A30EE7B
:10E8E000410A90ED081A80EE010ADDED0E0A9DED59
:10E8F0000D1ADDED091A03F0B3FE28B1FFE71199F7
:10E90000072081F84500FFE711E011989DED0B0A03
:10E91000DDED0E0A9DED0D1A03F0C6FC28B1FFE7F0
:10E920001199082081F84500FFE700E0FFE70B9808
:10E9300042F6F411C2F20001086012B080BD00BFBF
:10E940009A9999999999B93F000000000AD7233CF8
:10E9500082B08DED010A019820F0004000909DEDFD
:10E96000000A02B07047000081B08DED000A9DEDF5
:10E97000000AB6EE001A30EE010ABCEEC00A10EE34
:10E98000100A01B07047000080B584B041F6FC2049
:10E99000C2F20000009090ED0B0A90ED0C1AB8EE58
:10E9A000400AF8EE410AF2F70DFF009890ED0D0ACB
:10E9B000D0ED0E0A41F6DC20C2F20000029090ED8C
:10E9C000021A41F6B430C2F2000001903830FAF772
:10E9D0004BF8009A0198029992ED0D0AD2ED0E0AB9
:10E9E00091ED021A1C30FAF73FF80099019891ED69
:10E9F0000F0AD1ED100A91ED161A5430FAF734F8D7
:10EA00000099019891ED110AD1ED120A91ED161AB3
:10EA10007030FAF729F80099019891ED130AD1EDB9
:10EA2000140A91ED151AD1ED171A8C30F9F70AFF77
:10EA30000098019A016EC2F8C010416EC2F8C4106D
:10EA400090ED040AD0ED050A42F60420C2F200005F
:10EA50009FED231A02F04EFC009890ED022A90EDF3
:10EA6000040AD0ED050A90ED061AF8EE421A41F6B6
:10EA7000F020C2F200000390807AFFF72DFB00998E
:10EA80000198D1ED1F0A91ED200A91ED211AD1EDE7
:10EA9000221A91ED232AD1ED242A91ED253A02F094
:10EAA0009BFD029890ED020A41F63C52C2F2000230
:10EAB00010685168926803F0DFF803990A7A41F60A
:10EAC0009430C2F200008270497AC17080780128C7
:10EAD00003D1FFE7F2F7B8FCFFE7012004B080BDE7
:10EAE00017B7513880B5F2F7B5FE00F04DFE42F68B
:10EAF0000420C2F2000002F031FC02F0AFFD41F64A
:10EB0000DC20C2F2000090ED020A41F63C52C2F253
:10EB1000000210685168926803F0C8F880BD0000D8
:10EB200080B58CB041F69430C2F200000078C00786
:10EB300010B9FFE700F051BCF2F794FEF2F78CF940
:10EB400041F69430C2F20000807801460B9148B142
:10EB5000FFE70B98012806D0FFE70B98022800F08A
:10EB6000F382E2E3E2E3F2F7A7FE41F6BC20C2F251
:10EB7000000090ED041A20EE010A41F67C41C2F239
:10EB80000001099181ED050A91ED030AD1ED040A16
:10EB900091ED051A01F12400203101F07DFDF2F71D
:10EBA0008BFE099981ED060A91ED060A91ED071A8F
:10EBB00030EE410A9FEDE01A80EE010A81ED0E0A67
:10EBC0008869C86141F69430C2F20000C0780146FD
:10EBD0000A91012800F01A82FFE70A98022805D05E
:10EBE000FFE70A98032800F02181ABE2F2F764FE08
:10EBF00041F67C40C2F2000080ED0F0A41F6B430CD
:10EC0000C2F20000407CC007002800F0A280FFE7AD
:10EC100041F69430C2F2000090ED060A9FEDC71A4B
:10EC2000B4EE410AF1EE10FA0DDDFFE741F6943043
:10EC3000C2F2000090ED060A9FEDC11A30EE010A03
:10EC400080ED060AFFE741F69430C2F2000090ED35
:10EC5000060A9FEDBB1AB4EE410AF1EE10FA0DDA86
:10EC6000FFE741F69430C2F2000090ED060A9FEDF6
:10EC7000B31A30EE010A80ED060AFFE741F6943040
:10EC8000C2F2000090ED060A90ED071A30EE410A3C
:10EC900042F63C20C2F2000090ED001AB4EE410AA8
:10ECA000F1EE10FA11DDFFE742F63C20C2F200005F
:10ECB00090ED001A41F69430C2F2000090ED070A80
:10ECC00030EE010A80ED070A30E041F69430C2F2DE
:10ECD000000090ED060A90ED071A30EE410A42F668
:10ECE0003C20C2F2000090ED001AB1EE411AB4EEE1
:10ECF000410AF1EE10FA11DAFFE742F63C20C2F2C7
:10ED0000000090ED001A41F69430C2F2000090ED40
:10ED1000070A30EE410A80ED070A06E041F6943119
:10ED2000C2F200018869C861FFE7FFE741F694304D
:10ED3000C2F20000089090ED070A41F67C40C2F252
:10ED40000000D0ED0F0AF9F749FF089880ED040A9A
:10ED5000FFE741F6B430C2F20000007CC007002893
:10ED600063D0FFE741F69430C2F2000090ED040A50
:10ED700090ED051A30EE410A42F63C20C2F2000046
:10ED800090ED011AB4EE410AF1EE10FA11DDFFE741
:10ED900042F63C20C2F2000090ED011A41F6943098
:10EDA000C2F2000090ED050A30EE010A80ED050A7E
:10EDB000FFE741F69430C2F2000090ED040A90EDB6
:10EDC000051A30EE410A42F63C20C2F2000090EDF6
:10EDD000011AB1EE411AB4EE410AF1EE10FA11DA5D
:10EDE000FFE742F63C20C2F2000090ED011A41F626
:10EDF0009430C2F2000090ED050A30EE410A80ED39
:10EE0000050AFFE741F69430C2F20000079090ED4A
:10EE1000050A41F67C40C2F20000D0ED0E0AFAF776
:10EE200087FA079880ED020AFFE78CE1F2F74CFDC4
:10EE300041F67C40C2F2000080ED0F0A41F6B4308A
:10EE4000C2F20000407CC00700286BD0FFE741F60B
:10EE50009430C2F2000090ED060A90ED071A30EEF1
:10EE6000410A42F63C20C2F2000090ED001AB4EED6
:10EE7000410AF1EE10FA11DDFFE742F63C20C2F242
:10EE8000000090ED001A41F69430C2F2000090EDBF
:10EE9000070A30EE010A80ED070A30E041F69430AF
:10EEA000C2F2000090ED060A90ED071A30EE410A1A
:10EEB00042F63C20C2F2000090ED001AB1EE411A79
:10EEC000B4EE410AF1EE10FA11DAFFE742F63C2007
:10EED000C2F2000090ED001A41F69430C2F2000038
:10EEE00090ED070A30EE410A80ED070A06E041F690
:10EEF0009431C2F200018869C861FFE7FFE741F67B
:10EF00009430C2F20000069090ED070A41F67C4072
:10EF1000C2F20000D0ED0F0AF9F776FE069880EDF8
:10EF2000040AFFE741F6B430C2F20000007CC007DB
:10EF300000286AD006E000BF00409C46DB0FC940B5
:10EF4000DB0FC9C041F69430C2F2000090ED040A14
:10EF500090ED051A30EE410A42F63C20C2F2000064
:10EF600090ED011AB4EE410AF1EE10FA11DDFFE75F
:10EF700042F63C20C2F2000090ED011A41F69430B6
:10EF8000C2F2000090ED050A30EE010A80ED050A9C
:10EF9000FFE741F69430C2F2000090ED040A90EDD4
:10EFA000051A30EE410A42F63C20C2F2000090ED14
:10EFB000011AB1EE411AB4EE410AF1EE10FA11DA7B
:10EFC000FFE742F63C20C2F2000090ED011A41F644
:10EFD0009430C2F2000090ED050A30EE410A80ED57
:10EFE000050AFFE741F69430C2F20000059090ED6B
:10EFF000050A41F67C40C2F20000D0ED0E0AFAF795
:10F0000097F9059880ED020AFFE79CE041F6B430DD
:10F01000C2F20000007CC007002800F09280FFE7E9
:10F0200041F69430C2F2000090ED040A90ED051A0A
:10F0300030EE410A42F63C20C2F2000090ED011A87
:10F04000B4EE410AF1EE10FA11DDFFE742F63C2082
:10F05000C2F2000090ED011A41F69430C2F20000B5
:10F0600090ED050A30EE010A80ED050AFFE741F652
:10F070009430C2F2000090ED040A90ED051A30EED3
:10F08000410A42F63C20C2F2000090ED011AB1EEB6
:10F09000411AB4EE410AF1EE10FA11DAFFE742F636
:10F0A0003C20C2F2000090ED011A41F69430C2F209
:10F0B000000090ED050A30EE410A80ED050AFFE7F9
:10F0C00041F69430C2F20000049090ED050A41F63A
:10F0D0007C40C2F20000D0ED0E0AFAF729F904983C
:10F0E00080ED020A41F6DC20C2F200000078C00781
:10F0F00030B3FFE741F67C40C2F2000090ED0E0A0B
:10F10000B3EE0E1AB4EE410AF1EE10FA17DDFFE786
:10F1100041F67C40C2F2000090ED0A0AD0ED0B0AE5
:10F1200041F6DC20C2F2000090ED031AFEF74AFE21
:10F1300041F69430C2F2000080ED030AFFE7FFE7DA
:10F14000FFE700E0FFE7F1E042F63C20C2F20000FA
:10F1500090F82100C00718B9FFE702F0E1FFE3E0F3
:10F1600041F67C40C2F2000090ED031AD0ED041A83
:10F1700090ED0C0AD0ED0D0A42F60420C2F2000018
:10F1800002F004F942F63C20C2F2000090F82000A0
:10F19000C00718B9FFE700F051FC36E042F6042042
:10F1A000C2F20000C06A41F67C41C2F2000148612F
:10F1B00041F69430C2F2000090ED040A40F21410BF
:10F1C000C2F2000090ED001AB4EE410AF1EE10FA1E
:10F1D0001ADDFFE741F67C40C2F2000090ED0E0A16
:10F1E00040F21410C2F2000090ED001AB4EE410A91
:10F1F000F1EE10FA08DAFFE742F63C21C2F2000114
:10F20000002081F82000FFE7FFE741F67C41C2F2D1
:10F210000001039191ED030AD1ED040A91ED051A65
:10F2200001F12400203101F037FA42F60420C2F245
:10F23000000002F057F8039880ED0E0A41F6943072
:10F24000C2F20000C07801286DD1FFE741F6B4306A
:10F25000C2F20000007CC007002863D0FFE741F63F
:10F260009430C2F2000090ED040A90ED051A30EEE1
:10F27000410A42F63C20C2F2000090ED011AB4EEC1
:10F28000410AF1EE10FA11DDFFE742F63C20C2F22E
:10F29000000090ED011A41F69430C2F2000090EDAA
:10F2A000050A30EE010A80ED050AFFE741F69430C9
:10F2B000C2F2000090ED040A90ED051A30EE410A0A
:10F2C00042F63C20C2F2000090ED011AB1EE411A64
:10F2D000B4EE410AF1EE10FA11DAFFE742F63C20F3
:10F2E000C2F2000090ED011A41F69430C2F2000023
:10F2F00090ED050A30EE410A80ED050AFFE741F680
:10F300009430C2F20000029090ED050A41F67C4074
:10F31000C2F20000D0ED0E0AFAF70AF8029880ED6A
:10F32000020AFFE7FFE7FFE700E0FFE741F694305E
:10F33000C2F200008078E0B3FFE741F69430C2F2F9
:10F340000000009090ED020A41F67C40C2F20000FD
:10F350000190D0ED080AF1F767FD0099019880ED62
:10F360000B0A91ED030AD0ED090AF9F74DF801985F
:10F3700080ED0A0A90ED0B0A41F6B430C2F20000AB
:10F3800090ED0C1AB4EE410AF1EE10FA10D1FFE73D
:10F3900041F67C41C2F2000191ED051A91ED0A0A95
:10F3A000D1ED0B0A01F13000343100F093F8FFE7A2
:10F3B000FFE741F67C40C2F2000090ED0C0AD0ED70
:10F3C0000D0A41F63C52C2F2000210685168926880
:10F3D00002F082FC01F016FEFFE70CB080BD0000D9
:10F3E00080B541F69430C2F200000078C007A0B1A9
:10F3F000FFE741F69431C2F2000100200870F1F7F6
:10F40000F3FDF2F727FA00F0BFF941F67C40C2F2B3
:10F4100000004021F0F71EFFFFE780BD80B541F6F8
:10F420009430C2F200000078C00748B9FFE7F1F756
:10F43000F5FE41F69431C2F2000101200870FFE7A9
:10F4400080BD00000000000080B582B041F67C4025
:10F45000C2F2000090ED0E0AFFF77AFA10EE100AE1
:10F46000F0F74CFF41EC100B9FED131B53EC112BED
:10F4700051EC100BF0F70CFFA0B9FFE741F6943008
:10F48000C2F200000121C17041F67C41C2F20001CC
:10F4900091ED0E0AB1EE400A80ED050A00208DF8CC
:10F4A000070003E001208DF80700FFE79DF8070043
:10F4B00002B080BD00BF00BF9A9999999999B93F50
:10F4C00041F6BC40C2F2000090F8530000F0010089
:10F4D0007047000080B588B08DED070ACDED060AB3
:10F4E0008DED051A049003919DED050AFEF7ACFD24
:10F4F0008DED020A9DED050AFEF75AFD8DED010A1C
:10F500009DED070A9DED012A9DED061A9DED023A3B
:10F5100021EE031A20EE020A30EE410A049880ED33
:10F52000000A9DED070A9DED022A9DED061A9DED4C
:10F53000013A21EE031A20EE020A30EE010A039886
:10F5400080ED000A08B080BD80B582B041F6DC20B5
:10F55000C2F20000826840F2E811C2F2000100919C
:10F560008A604068C86041F67C42C2F200021068BE
:10F5700008615068486190688861106A0862506A42
:10F58000C86141F69430C2F20000C3684B628368E0
:10F590008B6292ED0E0A9FED261A20EE010A81ED94
:10F5A0000B0A90ED040A20EE010A81ED0C0A92ED9F
:10F5B0000F0A9FED201A20EE010A81ED0D0A90ED51
:10F5C000060A20EE010A81ED0E0AC2788A7140789F
:10F5D000487141F61050C2F200000278CA704078BB
:10F5E000087140F2DC10C2F20000007801300870AF
:10F5F000F4F740F900990190019844F6D353C1F211
:10F600006203A0FB0320800944F24542C0F2444259
:10F61000A0FB02C048700198A0FB03308009A0FB4A
:10F620000232C2EB0212A0EB8200887002B080BDF1
:10F63000EBC91841E12E654280B584B040F2DC1080
:10F64000C2F200000190816840F2E810C2F20000AE
:10F650003C22F1F7D5FF01990878013008708868DD
:10F660003C308860486801304860002002900C21DE
:10F670000391F2F709F801980299039AF1F7C0FF94
:10F6800004B080BD80B584B040F2DC10C2F200004E
:10F69000007808B9FFE722E040F2DC10C2F2000077
:10F6A00001900078C0EB00113C2000EB81014FF489
:10F6B0008050F1F7E9FF019A002002901070516824
:10F6C000013151604FF4883191600C210391F1F7C1
:10F6D000DBFF01980299039AF1F792FFFFE704B06C
:10F6E00080BD000080B582B040F2DC10C2F20000A4
:10F6F00001904FF480310C22F1F72EFF0198007831
:10F70000FF280BD1FFE740F2DC11C2F2000100201C
:10F71000087048604FF488308860FFE740F2DC10E2
:10F72000C2F200000078092803D1FFE7FFF7AAFF23
:10F73000FFE702B080BD000080B584B00390029165
:10F740000192009340F2DC10C2F20000007820B970
:10F75000FFE703990020087014E040F2DC10C2F2C9
:10F7600000000178039A11700078C0EB001080004F
:10F7700001990870009801990A784FF48831F1F7DF
:10F78000EBFEFFE704B080BD80B582B041F6B43037
:10F79000C2F2000001903830F9F786F901981C3068
:10F7A000F9F782F901987030F9F77EF90198543031
:10F7B000F9F77AF901988C30F9F764F802B080BD56
:10F7C00080B582B000200190F4F768F8F9F7F4FDF5
:10F7D000F8F7A0FBF8F738FBF8F742FCF8F792FCD3
:10F7E000F8F736FAF8F796FAF8F706FBF8F762FC3E
:10F7F000F8F7AEFDF8F7F2FCF8F7CAFDFFE7F9F706
:10F8000045FEFCE780B50020F1F774FF80BD0000E5
:10F8100083B08DF80B000191019808B9FFE76CE007
:10F820009DF80B0001460091092865D80099DFE892
:10F8300001F0050F19232D37414B535B41F6F020A2
:10F84000C2F20000407800F001000199087054E015
:10F8500041F6F020C2F20000807800F0010001992A
:10F8600008704AE041F6F020C2F20000C07800F0D3
:10F8700001000199087040E041F6F020C2F200005A
:10F88000007900F001000199087036E041F6F0209F
:10F89000C2F20000407900F00100019908702CE0EC
:10F8A00041F6F020C2F20000807900F001000199D9
:10F8B000087022E041F6F020C2F20000C07900F0AA
:10F8C00001000199087018E041F6F020C2F2000032
:10F8D000007A0199087010E041F6F020C2F20000B1
:10F8E000407A0199087008E041F6F020C2F2000069
:10F8F000807A0199087000E0FFE703B070470000CC
:10F9000080B500200B21F1F7BFFE80BD80B541F628
:10F91000F020C2F2000000210B22F1F71DFE80BD95
:10F9200080B582B0002000900B210191F1F7ACFE70
:10F930000099019A41F6F020C2F20000F1F760FE52
:10F9400002B080BD83B08DF80B0001919DF80B00D3
:10F9500001460091092800F26D800099DFE801F06E
:10F9600005101B26313C47525A6201980078002846
:10F9700018BF012041F6F021C2F2000148705AE0A0
:10F9800001980078002818BF012041F6F021C2F24A
:10F99000000188704FE001980078002818BF01200E
:10F9A00041F6F021C2F20001C87044E001980078ED
:10F9B000002818BF012041F6F021C2F200010871B1
:10F9C00039E001980078002818BF012041F6F021A5
:10F9D000C2F2000148712EE001980078002818BF9B
:10F9E000012041F6F021C2F20001887123E0019864
:10F9F0000078002818BF012041F6F021C2F2000172
:10FA0000C87118E00198007841F6F021C2F20001B7
:10FA1000087210E00198007841F6F021C2F200016E
:10FA2000487208E00198007841F6F021C2F2000126
:10FA3000887200E0FFE703B07047000080B582B035
:10FA400040F21410C2F2000090ED000A42F63C2091
:10FA5000C2F2000090ED061AB4EE410AF1EE10FA7F
:10FA60000DDAFFE740F21410C2F2000090ED000A38
:10FA70009FED421A30EE010A80ED000A0AE042F6DC
:10FA80003C20C2F20000806940F21411C2F2000171
:10FA90000860FFE740F21410C2F2000090ED000A87
:10FAA0009FED371A80EE011A41F67C40C2F2000049
:10FAB00090ED050A30EE010A80ED050A90ED050A89
:10FAC0009FED301AB4EE410AF1EE10FA0DDDFFE7BA
:10FAD00041F67C40C2F2000090ED050A9FED2A1A23
:10FAE00030EE010A80ED050AFFE742F63C20C2F243
:10FAF00000000190406941F69431C2F20001886033
:10FB000042F60420C2F2000001F0ECFB019841F63D
:10FB10007C41C2F2000181ED0E0A91ED0E0A90EDDA
:10FB2000071AB4EE410AF1EE10FA25DDFFE740F2C4
:10FB30001410C2F2000090ED000A42F63C20C2F21E
:10FB4000000090ED071A9FED112A21EE021AB4EE83
:10FB5000410AF1EE10FA0FDDFFE742F63C21C2F256
:10FB60000001012081F8200040F21411C2F20001CE
:10FB70004FF080400860FFE702B080BD6F12833A0B
:10FB800000409C46DB0FC940DB0FC9C03333333F15
:10FB900086B005908DED040ACDED030A8DED021AB5
:10FBA000CDED011A8DED002A04980599486003985F
:10FBB0000599886002980599C860019805990861BF
:10FBC000059941F26F20C3F6832048610599886149
:10FBD00000980599086205990020C4F2A0004862C7
:10FBE000059890ED090AB2EE041A20EE010A80EDA4
:10FBF0000A0A05994CF6CD40C3F6CC50C861059968
:10FC00000020C862059908630599486305998863CF
:10FC10000599C86305990864059981F84500059917
:10FC20008864059981F84D00059981F84E00059981
:10FC300081F84F00059981F85000059981F851002D
:10FC4000059981F8520006B07047000080B582B077
:10FC500041F6FC20C2F200000190406841F6F0211C
:10FC6000C2F20001497801F00101F0F703FE0198AA
:10FC700090ED160AD0ED170A90ED181AD0ED191A6A
:10FC800090ED1A2AD0ED1B2A90ED1C3AD0ED1D3ACA
:10FC900090ED1E4A00F03AFD0020F1F72BFD02B076
:10FCA00080BD000083B08DF80B000191019808B968
:10FCB000FFE7F3E19DF80B0001460091242800F2D4
:10FCC000EC810099DFE811F0250039002D0041009A
:10FCD0004D005900650071007D0089009100990078
:10FCE000A100AD00B900C500D100DD00E900F500BC
:10FCF00001010D0119012901390149015501610174
:10FD00006D01790185019501A501B101BD01C9010F
:10FD1000D90141F6FC20C2F2000040680199086058
:10FD2000BCE141F6FC20C2F2000090ED030A01980C
:10FD3000BCEEC00A80ED000AB0E141F6FC20C2F240
:10FD40000000806801990860A8E141F6FC20C2F239
:10FD5000000090ED040A0198BCEEC00A80ED000A94
:10FD60009CE141F6FC20C2F2000090ED050A0198EA
:10FD7000BCEEC00A80ED000A90E141F6FC20C2F220
:10FD8000000090ED060A0198BCEEC00A80ED000A62
:10FD900084E141F6FC20C2F2000090ED070A0198D0
:10FDA000BCEEC00A80ED000A78E141F6FC20C2F208
:10FDB000000090ED080A0198BCEEC00A80ED000A30
:10FDC0006CE141F6FC20C2F2000090ED090A0198B6
:10FDD000BCEEC00A80ED000A60E141F6FC20C2F2F0
:10FDE0000000806A0199086058E141F6FC20C2F2E7
:10FDF0000000C06A0199086050E141F6FC20C2F29F
:10FE00000000006B0199086048E141F6FC20C2F255
:10FE1000000090ED0D0A0198BCEEC00A80ED000ACA
:10FE20003CE141F6FC20C2F2000090ED0E0A019880
:10FE3000BCEEC00A80ED000A30E141F6FC20C2F2BF
:10FE4000000090ED0F0A0198BCEEC00A80ED000A98
:10FE500024E141F6FC20C2F2000090ED100A019866
:10FE6000BCEEC00A80ED000A18E141F6FC20C2F2A7
:10FE7000000090ED110A0198BCEEC00A80ED000A66
:10FE80000CE141F6FC20C2F2000090ED120A01984C
:10FE9000BCEEC00A80ED000A00E141F6FC20C2F28F
:10FEA000000090ED130A0198BCEEC00A80ED000A34
:10FEB000F4E041F6FC20C2F2000090ED140A019833
:10FEC000BCEEC00A80ED000AE8E041F6FC20C2F278
:10FED000000090ED150A0198BCEEC00A80ED000A02
:10FEE000DCE041F6FC20C2F2000090ED160A019819
:10FEF000BCEEC00A80ED000AD0E041F6FC20C2F260
:10FF0000000090ED170A9FED661A20EE010A019895
:10FF1000BCEEC00A80ED000AC0E041F6FC20C2F24F
:10FF2000000090ED180A9FED5F1A20EE010A01987B
:10FF3000BCEEC00A80ED000AB0E041F6FC20C2F23F
:10FF4000000090ED190A9FED571A20EE010A019862
:10FF5000BCEEC00A80ED000AA0E041F6FC20C2F22F
:10FF6000000090ED1A0A0198BCEEC00A80ED000A6C
:10FF700094E041F6FC20C2F2000090ED1B0A0198CB
:10FF8000BCEEC00A80ED000A88E041F6FC20C2F217
:10FF9000000090ED1C0A0198BCEEC00A80ED000A3A
:10FFA0007CE041F6FC20C2F2000090ED1D0A0198B1
:10FFB000BCEEC00A80ED000A70E041F6FC20C2F2FF
:10FFC000000090ED1E0A0198BCEEC00A80ED000A08
:10FFD00064E041F6FC20C2F2000090ED1F0A9FEDA4
:10FFE000311A20EE010A0198BCEEC00A80ED000A29
:10FFF00054E041F6FC20C2F2000090ED200A9FED93
:020000040801F1
:10000000281A20EE010A0198BCEEC00A80ED000A11
:1000100044E041F6FC20C2F2000090ED210A019874
:10002000BCEEC00A80ED000A38E041F6FC20C2F2C6
:10003000000090ED220A0198BCEEC00A80ED000A93
:100040002CE041F6FC20C2F2000090ED230A01985A
:10005000BCEEC00A80ED000A20E041F6FC20C2F2AE
:10006000000090ED240A9FED0E1A20EE010A01987F
:10007000BCEEC00A80ED000A10E041F6FC20C2F29E
:10008000000090ED250A9FED061A20EE010A019866
:10009000BCEEC00A80ED000A00E0FFE703B0704745
:1000A000EBC91841E12E654280B500209821F1F797
:1000B000EBFA80BD80B541F6FC20C2F200000021C1
:1000C0009822F1F749FA80BD80B584B0FFF7F2FFBE
:1000D00020B9FFE700208DF80F00C4E0FFF716FC01
:1000E00020B9FFE700208DF80F00BCE041F6FC20AE
:1000F000C2F200000078C00720B9FFE701208DF8A8
:100100000F00B0E041F6F021C2F2000101910020A1
:100110000290087048708870C870087148718871C2
:10012000C87102200872012048728872FFE741F608
:10013000FC20C2F200000078C00720B9FFE70120D0
:100140008DF80F008FE041F6FC21C2F20001009112
:1001500000200870C860072088604CF6CD40C3F6C8
:100160004C5008614BF21770C3F6511048614DF2C4
:100170000A70C3F6234088614BF21770C3F6D100B2
:10018000C86141F26F20C3F6032008624CF6CD40EF
:10019000C3F6CC50486244F620628A624FF4FA6299
:1001A000CA624FF47A720A634FF07C534B630022A9
:1001B000C4F2C8228A63CB630022C4F220120A640C
:1001C00048640022C4F2A0028A6440F2000CC4F227
:1001D000482CC1F84CC04FF07E5EC1F850E0486535
:1001E000C1F858C041F2634CC4F29D3CC1F85CC0F8
:1001F00048F66E0CCCF22E3CC1F860C048F66E0C8E
:10020000C4F22E3CC1F864C0886649F69A10C3F661
:100210009970C8664CF6CD40C3F68C700867486785
:1002200088674BF6C200C3F63260C86748F636509E
:10023000C4F22710C1F88000C1F88420C1F88830CA
:10024000C1F88C2045F2D232C4F27B12C1F8902062
:10025000C1F89400FFE7FFF7D5FAFFF7F7FC01209C
:100260008DF80F00FFE79DF80F0004B080BD00007F
:1002700080B582B00020009098210191F1F704FA36
:100280000099019A41F6FC20C2F20000F1F7B8F99A
:1002900002B080BD80B584B08DF80F0002919DF84A
:1002A0000F0001460191242800F2EC810199DFE85A
:1002B00011F0250039002D0041004D005900650066
:1002C00071007D00890091009900A100AD00B90086
:1002D000C500D100DD00E900F50001010D011901A3
:1002E000290139014901550161016D01790185013A
:1002F0009501A501B101BD01C901D90102980068AC
:1003000041F6FC21C2F200014860BCE1029890ED88
:10031000000AB8EE400A41F6FC20C2F2000080ED6F
:10032000030AB0E10298006841F6FC21C2F2000124
:100330008860A8E1029890ED000AB8EE400A41F604
:10034000FC20C2F2000080ED040A9CE1029890EDCE
:10035000000AB8EE400A41F6FC20C2F2000080ED2F
:10036000050A90E1029890ED000AB8EE400A41F6C5
:10037000FC20C2F2000080ED060A84E1029890EDB4
:10038000000AB8EE400A41F6FC20C2F2000080EDFF
:10039000070A78E1029890ED000AB8EE400A41F6AB
:1003A000FC20C2F2000080ED080A6CE1029890ED9A
:1003B000000AB8EE400A41F6FC20C2F2000080EDCF
:1003C000090A60E10298006841F6FC21C2F20001CE
:1003D000886258E10298006841F6FC21C2F20001EF
:1003E000C86250E10298006841F6FC21C2F20001A7
:1003F000086348E1029890ED000AB8EE400A41F621
:10040000FC20C2F2000080ED0D0A3CE1029890ED64
:10041000000AB8EE400A41F6FC20C2F2000080ED6E
:100420000E0A30E1029890ED000AB8EE400A41F65B
:10043000FC20C2F2000080ED0F0A24E1029890ED4A
:10044000000AB8EE400A41F6FC20C2F2000080ED3E
:10045000100A18E1029890ED000AB8EE400A41F641
:10046000FC20C2F2000080ED110A0CE1029890ED30
:10047000000AB8EE400A41F6FC20C2F2000080ED0E
:10048000120A00E1029890ED000AB8EE400A41F627
:10049000FC20C2F2000080ED130AF4E0029890ED17
:1004A000000AB8EE400A41F6FC20C2F2000080EDDE
:1004B000140AE8E0029890ED000AB8EE400A41F60E
:1004C000FC20C2F2000080ED150ADCE0029890EDFD
:1004D000000AB8EE400A41F6FC20C2F2000080EDAE
:1004E000160AD0E0029890ED000AB8EE400A9FED9F
:1004F000681A80EE010A41F6FC20C2F2000080ED8D
:10050000170AC0E0029890ED000AB8EE400A9FED8D
:10051000611A20EE010A41F6FC20C2F2000080EDD3
:10052000180AB0E0029890ED000AB8EE400A9FED7C
:10053000591A20EE010A41F6FC20C2F2000080EDBB
:10054000190AA0E0029890ED000AB8EE400A41F6C0
:10055000FC20C2F2000080ED1A0A94E0029890EDAF
:10056000000AB8EE400A41F6FC20C2F2000080ED1D
:100570001B0A88E0029890ED000AB8EE400A41F6A6
:10058000FC20C2F2000080ED1C0A7CE0029890ED95
:10059000000AB8EE400A41F6FC20C2F2000080EDED
:1005A0001D0A70E0029890ED000AB8EE400A41F68C
:1005B000FC20C2F2000080ED1E0A64E0029890ED7B
:1005C000000AB8EE400A9FED331A20EE010A41F608
:1005D000FC20C2F2000080ED1F0A54E0029890ED6A
:1005E000000AB8EE400A9FED2A1A80EE010A41F691
:1005F000FC20C2F2000080ED200A44E0029890ED59
:10060000000AB8EE400A41F6FC20C2F2000080ED7C
:10061000210A38E0029890ED000AB8EE400A41F64F
:10062000FC20C2F2000080ED220A2CE0029890ED3E
:10063000000AB8EE400A41F6FC20C2F2000080ED4C
:10064000230A20E0029890ED000AB8EE400A9FEDE0
:10065000101A80EE010A41F6FC20C2F2000080ED83
:10066000240A10E0029890ED000AB8EE400A9FEDCF
:10067000081A80EE010A41F6FC20C2F2000080ED6B
:10068000250A00E0FFE7FFF7E1FA04B080BD00BFF4
:10069000EBC9184135FA8E3C80B588B08DED070A5C
:1006A000CDED060A8DED051A049003919DED050A26
:1006B000FDF7CAFC8DED020A9DED050AFDF778FCF9
:1006C0008DED010A9DED070A9DED012A9DED061AAB
:1006D0009DED023A21EE031A20EE020A30EE010AE5
:1006E000049880ED000A9DED071A9DED022A9DED0C
:1006F000060A9DED013A20EE030A21EE021A30EEC1
:10070000410A039880ED000A08B080BD89B08DEDE4
:10071000080ACDED070A8DED061ACDED051A8DED0F
:10072000042ACDED032A8DED023ACDED013A8DED8F
:10073000004A41F61051C2F20001002008704870D2
:100740008870C8700871089888600798C860069813
:10075000086105984861049888610398C861029807
:100760000862019848620098886209B070470000EA
:1007700080B541F61051C2F2000100208870C870A7
:100780000220F0F7B7FF80BD80B582B041F610506F
:10079000C2F200008078C00708B1FFE7EEE0FEF784
:1007A0008FFE40B1FFE741F61051C2F20001012077
:1007B00008708870FFE741F67C40C2F2000090EDBF
:1007C000000A9FED6F1AB4EE410AF1EE10FA2FDC29
:1007D000FFE741F67C40C2F2000090ED010A9FED78
:1007E000681AB4EE410AF1EE10FA21DCFFE741F697
:1007F0007C40C2F2000090ED020A9FED611AB4EE57
:10080000410AF1EE10FA13DCFFE741F61050C2F294
:10081000000090ED020A90ED081A41F67C40C2F209
:1008200000002030DFED570AF9F7C2FA48B1FFE7C0
:1008300041F61051C2F200010220087001208870B8
:10084000FFE7F0F723F958B1FFE7F0F71FF906309B
:1008500041F61051C2F20001087001208870FFE7D4
:1008600041F61050C2F2000090ED071A41F6DC206C
:10087000C2F2000008309FED440AF3EE040AF9F7D3
:1008800097FAB8B1FFE741F6DC20C2F2000090ED24
:10089000020A9FED3D1AB4EE410AF1EE10FA09DDAD
:1008A000FFE741F61051C2F2000103200870012059
:1008B0008870FFE741F69430C2F20000807801288A
:1008C00030D1FFE7F1F708F88DF807009DF8070031
:1008D00058B1FFE79DF80700013041F61051C2F210
:1008E000000148700120C8701BE041F61050C2F2B0
:1008F00000004078012808DCFFE741F61050C2F202
:100900000000407804280BDCFFE741F61051C2F2EA
:1009100000010020C87048700871FFF729FFFFE749
:10092000FFE7FFE741F61050C2F20000C078C007B1
:1009300040B9FFE741F61050C2F200008078C007CE
:10094000E0B1FFE741F61050C2F200000079C007A5
:10095000A0B9FFE7FEF7F8FD0620F0F7CBFEFCF7A5
:1009600095F8012801D1FFE708E0FEF765FE41F6A2
:100970001051C2F2000101200871FFE702B080BDF2
:1009800000004842000000000000084282B08DF8DC
:100990000700ADF804109DF80700014600910128FA
:1009A00008D0FFE7009802280DD0FFE70098032841
:1009B00012D01AE0BDF8040042F65C11C2F2000148
:1009C0000968486312E0BDF8040042F65C11C2F207
:1009D00000010968886309E0BDF8040042F65C1173
:1009E000C2F200010968C86300E0FFE702B0704787
:1009F00080B58AB008909DF822008DF82600BDF8D9
:100A00002000ADF8240006919DF81A008DF81E0014
:100A1000BDF81800ADF81C0004929DF812008DF886
:100A20001600BDF81000ADF8140041F68C20C2F29B
:100A30000000006849F2E031C0F20401884210D1A0
:100A4000FFE79DF826008DF80E00BDF82400ADF8F4
:100A50000C00039A00200221F8F72CF9F8F716F998
:100A6000FFE741F68C20C2F20000006842F2C0713C
:100A7000C0F20901884210D1FFE79DF81E008DF8F1
:100A80000A00BDF81C00ADF80800029A00200221FF
:100A9000F8F710F9F8F7FAF8FFE741F68C20C2F200
:100AA000000000684BF6A031C0F20D01884215D15C
:100AB000FFE741F68C21C2F20001002008609DF89A
:100AC00016108DF80610BDF81410ADF80410019A38
:100AD0000221F8F7EFF8F8F7D9F8FFE741F68C2193
:100AE000C2F200010868013008600AB080BD000051
:100AF00080B586B004909DF812008DF81600BDF800
:100B00001000ADF8140002919DF80A008DF80E0057
:100B1000BDF80800ADF80C0041F68C20C2F20000D0
:100B2000006849F2E031C0F20401884210D1FFE7C9
:100B30009DF816008DF80600BDF81400ADF804000D
:100B4000019A00200221F8F7B5F8F8F79FF8FFE7BF
:100B500041F68C20C2F20000006842F2C071C0F27F
:100B60000901884215D1FFE741F68C21C2F200014C
:100B7000002008609DF80E108DF80210BDF80C10D2
:100B8000ADF80010009A0221F8F794F8F8F77EF813
:100B9000FFE741F68C21C2F20001086801300860CD
:100BA00006B080BD80B586B004909DF812008DF827
:100BB0001600BDF81000ADF814009DF8140018B927
:100BC000FFE70020029014E09DF8140042F6ED11BA
:100BD000C2F200010A7844F25441C0F60101895C76
:100BE000484340F20211C0F20111A0FB0110029033
:100BF000FFE7029841F69C21C2F2000108709DF8BF
:100C0000150018B9FFE70020019014E09DF81500C9
:100C100042F6ED11C2F200010A7844F25441C0F6E6
:100C20000101895C484340F20211C0F20111A0FBAE
:100C300001100190FFE7019841F69C21C2F20001EA
:100C400048709DF8160018B9FFE70020009014E0E6
:100C50009DF8160042F6ED11C2F200010A7844F246
:100C60005441C0F60101895C484340F20211C0F2D0
:100C70000111A0FB01100090FFE7009841F69C21B4
:100C8000C2F20001887041F68822C2F20002108888
:100C9000411C1180B0F5FA6F19DBFFE741F688219E
:100CA000C2F200010020088042F6ED10C2F20000FE
:100CB0000178013101700078FF2807DBFFE742F679
:100CC000ED11C2F2000100200870FFE7FFE741F6D6
:100CD0009C20C2F20000007841F69F21C2F2000180
:100CE000097888421AD1FFE741F69C20C2F2000041
:100CF000407841F69F21C2F20001497888420DD127
:100D0000FFE741F69C20C2F20000807841F69F2167
:100D1000C2F20001897888421AD0FFE741F69C2090
:100D2000C2F20000817841F69F22C2F20002917067
:100D30000188118081788DF80E100088ADF80C00C4
:100D4000039A00200221F7F7B5FFF7F79FFFFFE7AF
:100D500006B080BD0000000080B58EB00D908DED16
:100D60000C0ACDED0B0A8DED0A1ACDED091A8DEDA9
:100D7000082A9DED0C0A0D9890ED014A90ED023A7B
:100D800090ED082A90ED0B1A24EE014A30EE440A49
:100D900090ED0D4A30EE440A80EE030A20EE020A7E
:100DA00030EE010A80ED0B0A9DED0B0A0D9890EDD7
:100DB000014A90ED023A90ED082A90ED0C1A24EECB
:100DC000014A30EE440A90ED0E4A30EE440A80EEBD
:100DD000030A20EE020A30EE010A80ED0C0A9DEDB6
:100DE0000A0A0D9890ED0B1A30EE410A8DED070AB4
:100DF0009DED090A0D9890ED0C1A30EE410A8DED2B
:100E0000060A4DF20A70C3F6234005909DED070ACD
:100E10009DED051AB4EE410AF1EE10FA05DDFFE78B
:100E2000B7EE000A8DED020A13E09DED072A9DED55
:100E3000050AB1EE403ABFEE001A9FED710AB4EE1A
:100E4000432AF1EE10FAB8BFB0EE410A8DED020A66
:100E5000FFE79DED020A8DED040A9DED060A9DED6A
:100E6000051AB4EE410AF1EE10FA05DDFFE7B7EE20
:100E7000000A8DED010A13E09DED062A9DED050A9D
:100E8000B1EE403ABFEE001A9FED5D0AB4EE432A80
:100E9000F1EE10FAB8BFB0EE410A8DED010AFFE79E
:100EA0009DED010A8DED030A0D9890ED090A9DED67
:100EB000041A20EE010A80ED0D0A0D9890ED090A42
:100EC0009DED031A20EE010A80ED0E0A0D9890EDBB
:100ED000082A90ED0A0A90ED0D3A90ED0F1A33EEC4
:100EE000413A20EE030A20EE020A30EE010A80EDBC
:100EF0000F0A0D9890ED082A90ED0A0A90ED0E3A2F
:100F000090ED101A33EE413A20EE030A20EE020A69
:100F100030EE010A80ED100A0D9890F84500014668
:100F20000091032808D0FFE70098042817D0FFE7B6
:100F30000098052826D055E00D989DED0C0ADDEDB2
:100F40000B0A9DED0A1ADDED091A01F02FFD28B1FB
:100F5000FFE70D99042081F84500FFE743E00D9875
:100F60009DED0C0ADDED0B0A9DED0A1ADDED091A67
:100F700001F07EFA28B1FFE70D99052081F84500C0
:100F8000FFE730E09DED080A42F6F010C2F20000E3
:100F900090ED001A30EE410A10EE100AEFF7AEF9AC
:100FA00041EC100B51EC100B9FED130B53EC102B7D
:100FB000EFF789F940B9FFE79DED080AB5EE400A61
:100FC000F1EE10FA01D1FFE70DE00D989DED080A52
:100FD00001F0D2F828B1FFE70D99082081F845000B
:100FE000FFE700E0FFE7089842F6F011C2F20001C7
:100FF00008600EB080BD00BF9A9999999999B93F40
:101000000000000080B582B041F63C50C2F2000002
:101010000079013801460191042800F2B680019957
:10102000DFE801F0035BB3035B0041F63C50C2F222
:101030000000C08800EE100AB8EEC00A9FEDA51AA5
:10104000B4EE410AF1EE10FA11DDFFE741F6982007
:10105000C2F200000078012807D0FFE741F698218E
:10106000C2F200010120087000E031E134E041F6F5
:101070003C50C2F20000C088400000EE100AB8EEFA
:10108000C00A9FED951AB4EE410AF1EE10FA11DA9A
:10109000FFE741F69820C2F200000078032807D04D
:1010A000FFE741F69821C2F200010320087000E03A
:1010B0000EE110E041F69820C2F20000007802280C
:1010C00007D0FFE741F69821C2F200010220087024
:1010D00000E0FDE0FFE7FFE7AFE041F63C50C2F281
:1010E0000000008900EE100AB8EEC00A9FED791AE0
:1010F000B4EE410AF1EE10FA11DDFFE741F6982057
:10110000C2F200000078012807D0FFE741F69821DD
:10111000C2F200010120087000E0D9E034E041F69D
:101120003C50C2F200000089400000EE100AB8EE08
:10113000C00A9FED691AB4EE410AF1EE10FA11DA15
:10114000FFE741F69820C2F200000078032807D09C
:10115000FFE741F69821C2F200010320087000E089
:10116000B6E010E041F69820C2F2000000780228B4
:1011700007D0FFE741F69821C2F200010220087073
:1011800000E0A5E0FFE7FFE757E041F63C50C2F280
:101190000000408900EE100AB8EEC00A9FED4D1A1B
:1011A000B4EE410AF1EE10FA11DDFFE741F69820A6
:1011B000C2F200000078012807D0FFE741F698212D
:1011C000C2F200010120087000E081E034E041F645
:1011D0003C50C2F200004089400000EE100AB8EE18
:1011E000C00A9FED3D1AB4EE410AF1EE10FA11DA91
:1011F000FFE741F69820C2F200000078032807D0EC
:10120000FFE741F69821C2F200010320087000E0D8
:101210005EE010E041F69820C2F20000007802285B
:1012200007D0FFE741F69821C2F2000102200870C2
:1012300000E04DE0FFE7FFE7FFE741F69820C2F24C
:101240000000007801460091012808D0FFE70098CF
:10125000022808D0FFE7009803281CD037E00120BF
:10126000EFF7F0FA34E041F63C50C2F20000C088DB
:1012700000EE100AB8EEC00A9FED191A30EE010A0E
:10128000BFEE001A30EE010ABDEEC00A10EE100AE1
:10129000EFF7D8FA1CE041F63C50C2F20000C088DB
:1012A00000EE100AB8EEC00A9FED0C2A30EE020ADA
:1012B000B7EE001A30EE410A30EE020A30EE410A73
:1012C000BDEEC00A10EE100AEFF7BCFA00E0FFE72F
:1012D00002B080BDFFFFFFBFFFFF3FC09E4A073344
:1012E000E85216B481B00090009890ED0C0A01B05D
:1012F0007047000084B003908DED020ACDED010A25
:101300008DED001A029803990860019803994860CE
:1013100000980399886003990020C4F2A000C86077
:10132000039890ED030AB2EE041A20EE010A80ED54
:10133000040A039900204861039988610399C861F0
:101340000399086203994862039988620399C86205
:10135000039908630399486304B0704781B0009013
:10136000009900204861009988610099C86100993E
:10137000086200994862009988620099C8620099E1
:1013800008630099486301B07047000080B58AB0D7
:1013900009908DED080ACDED070A8DED061ACDED09
:1013A000051A9DED080A099890ED004A90ED013A62
:1013B00090ED022A90ED051A24EE014A30EE440A1F
:1013C00090ED074A30EE440A80EE030A20EE020A4E
:1013D00030EE010A80ED050A9DED070A099890EDAF
:1013E000004A90ED013A90ED022A90ED061A24EEA3
:1013F000014A30EE440A90ED084A30EE440A80EE8D
:10140000030A20EE020A30EE010A80ED060A9DED85
:10141000060A099890ED051A30EE410A8DED040A8E
:101420009DED050A099890ED061A30EE410A8DED02
:10143000030A9DED042AB7EE001ABFEE000AB5EECE
:10144000402AF1EE10FAB0EE402AC8BFB0EE412AB1
:101450008DED022A9DED032AB5EE402AF1EE10FA39
:10146000C8BFB0EE410A8DED010A099890ED030A5C
:101470009DED021A20EE010A80ED070A099890ED11
:10148000030A9DED011A20EE010A80ED080A099871
:1014900090ED022A90ED040A90ED073A90ED091ABA
:1014A00033EE413A20EE030A20EE020A30EE010A42
:1014B00080ED090A099890ED022A90ED040A90ED5A
:1014C000083A90ED0A1A33EE413A20EE030A20EE74
:1014D000020A30EE010A80ED0A0A0998D0ED090AE5
:1014E00090ED0A0A02F0ACF9099880ED0B0A099810
:1014F00090ED021A90ED0B0A90ED0D2A30EE420AA3
:1015000080EE010A8DED000A0999C86A48639DEDD5
:10151000000A9FED151AB4EE410AF1EE10FA09DD4A
:10152000FFE79DED000A9FED131A30EE010A8DEDE5
:10153000000A13E09DED000A9FED0C1AB4EE410A7B
:10154000F1EE10FA09DAFFE79DED000A9FED081AA7
:1015500030EE010A8DED000AFFE7FFE700980999D8
:1015600008630AB080BD00BFDB0F4940DB0F49C0F4
:10157000DB0FC940DB0FC9C080B582B042F6640002
:10158000C2F200000DF1060101224FF47A73F4F764
:1015900031FA9DF8060002B080BD000080B582B02F
:1015A0008DF8060042F66400C2F200000DF106015B
:1015B00001224FF47A73F4F74DFB20B9FFE70120C5
:1015C0008DF8070003E000208DF80700FFE79DF885
:1015D000070002B080BD000080B58AB009908DED93
:1015E000080ACDED070A8DED061ACDED051A8DED31
:1015F000042ACDED032A8DED023A42F63C20C2F2D8
:10160000000001902421EEF725FE01999DED080AC6
:10161000099890ED051A20EE010A81ED010A9DED71
:10162000070A099890ED061A20EE010A81ED000ADA
:10163000069888609DED050A9FED071A80EE010A65
:10164000BCEEC00A81ED040A0498486103988861E1
:101650000298C8610AB080BD00409C4642F63C2119
:10166000C2F200010020C86081F8210081F820004A
:101670007047000080B584B002900191029820B9B3
:10168000FFE703208DF80F0026E0029800F086F8AF
:1016900020B1FFE702208DF80F001DE0019850B146
:1016A000FFE702990868898808440090009800784C
:1016B00001990870FFE702998888431C0A89B3FBE7
:1016C000F2F000FB12308880029948890138488185
:1016D00000208DF80F00FFE79DF80F0004B080BDDB
:1016E00080B584B002900191029818B1FFE701988B
:1016F00020B9FFE703208DF80F0022E0029800F0E8
:1017000063F820B1FFE701208DF80F0019E002997E
:101710000868C9880844009001980078009908700A
:101720000299C888431C0A89B3FBF2F000FB12300F
:10173000C880029948890130488100208DF80F0047
:10174000FFE79DF80F0004B080BD000084B0029058
:101750000191ADF80220029838B1FFE7019820B15D
:10176000FFE7BDF8020020B9FFE703208DF80F0066
:1017700010E001980299086002990020888002997F
:10178000C880BDF80210029A1181029948818DF833
:101790000F00FFE79DF80F0004B0704782B0009083
:1017A000009820B9FFE701208DF8070007E00098B6
:1017B0004089B0FA80F040098DF80700FFE79DF8F6
:1017C000070002B07047000082B00090009820B976
:1017D000FFE701208DF8070009E000994889098991
:1017E000401AB0FA80F040098DF80700FFE79DF835
:1017F000070002B07047000080B58AB041F694300F
:10180000C2F20000407801460291062865D802998C
:10181000DFE801F0041263202E3C550043F6CE3081
:10182000C0F6010081788DF826100088ADF82400FC
:101830000998FFF7B7F951E043F6D130C0F601003F
:1018400081788DF822100088ADF820000898FFF705
:10185000A9F943E043F6C030C0F6010081788DF865
:101860001E100088ADF81C000798FFF79BF935E0C3
:1018700043F6CB30C0F6010081788DF81A1000884D
:10188000ADF818000698FFF78DF927E043F6CB3046
:10189000C0F6010081788DF816100088ADF81400AC
:1018A000059843F6D431C0F601018A788DF81220EC
:1018B0000988ADF810100499FFF71AF90EE043F605
:1018C000D430C0F6010081788DF80E100088ADF894
:1018D0000C000398FFF766F900E0FFE7EFF7FCFF65
:1018E0000146019103282FD80199DFE801F0022475
:1018F000272A41F68020C2F20000018801310180D0
:101900000088B0F57A7F03D1FFE7F6F72BF9FFE700
:1019100041F68020C2F200000088B0F5FA6F09D1CC
:10192000FFE741F68021C2F2000100200880F6F7AF
:1019300023F9FFE709E0F6F715F906E0F6F71CF9D9
:1019400003E0F6F70FF900E0FFE7EFF79FF8014635
:10195000009140B1FFE70098012826D0FFE70098EA
:10196000022825D025E041F67E20C2F20000018841
:10197000013101800088B0F57A7F03D1FFE7F6F7E7
:10198000F1F8FFE741F67E20C2F200000088B0F5D2
:10199000FA6F09D1FFE741F67E21C2F20001002073
:1019A0000880F6F7E9F8FFE704E0F6F7D1F801E080
:1019B00000E0FFE70AB080BD80B584B08DF80F006D
:1019C00002919DF80F0001460191152800F24A810D
:1019D0000199DFE811F01600300038004000610086
:1019E0007F009D00A500AD00B500BD00C500CD0085
:1019F000D500DD00E500F30001010F011D012B0101
:101A00003901F7F777FD014641F68420C2F2000064
:101A1000017041F69431C2F200014978417041F6FB
:101A20001051C2F200010A7882704978C17002999F
:101A30000068086017E141F6DC20C2F2000040684F
:101A4000029908600FE141F6DC20C2F200008068D4
:101A50000299086007E141F63C50C2F20000C088DC
:101A600000EE100AB8EEC00A41F6DC20C2F2000017
:101A700090ED021A20EE010A9FED7E1A80EE010A17
:101A8000B0EE001A80EE010ABFEE001A30EE010A35
:101A9000029880ED000AE6E041F67C40C2F20000C8
:101AA00090ED040A41F6DC20C2F2000090ED021A2B
:101AB00020EE010A9FED6F1A80EE010AB0EE001AC7
:101AC00080EE010ABFEE001A30EE010A029880EDA6
:101AD000000AC8E041F67C40C2F2000090ED0C0A1A
:101AE00041F6DC20C2F2000090ED021A20EE010A5D
:101AF0009FED601A80EE010AB0EE001A80EE010A36
:101B0000BFEE001A30EE010A029880ED000AAAE04A
:101B100041F67C40C2F20000C06A02990860A2E06F
:101B200041F67C40C2F20000806A029908609AE0A7
:101B300041F67C40C2F2000000680299086092E021
:101B400041F67C40C2F200004068029908608AE0D9
:101B500041F67C40C2F2000080680299086082E091
:101B600041F67C40C2F20000006A029908607AE007
:101B700041F67C40C2F20000406A0299086072E0BF
:101B800041F69430C2F200008068029908606AE071
:101B900041F69430C2F20000C0680299086062E029
:101BA00041F67C40C2F2000090ED0E0A9FED301A23
:101BB00020EE010A029880ED000A54E041F69430CC
:101BC000C2F2000090ED050A9FED291A20EE010AED
:101BD000029880ED000A46E041F69430C2F200001F
:101BE00090ED040A9FED221A20EE010A029880ED82
:101BF000000A38E041F67C40C2F2000090ED050A90
:101C00009FED1A1A20EE010A029880ED000A2AE0E0
:101C100041F67C40C2F2000090ED060A9FED131AD7
:101C200020EE010A029880ED000A1CE041F6943093
:101C3000C2F2000090ED070A9FED0C1A20EE010A97
:101C4000029880ED000A0EE041F69430C2F20000E6
:101C500090ED060A9FED051A20EE010A029880ED2C
:101C6000000A00E0FFE704B080BD00BFE12E65423E
:101C7000EBC918410040834584B003920291019062
:101C80008DED000A00200390029001909DED001A56
:101C9000BFEE000A80EE010A9FED031A30EE010A42
:101CA0008DED010A04B07047E854634584B0039297
:101CB000029101908DED000A9DED001ABFEE000A21
:101CC00080EE010A9FED031A30EE010A8DED010A44
:101CD00004B07047E854634580B598B017921691E8
:101CE00015908DED140ACDED130A139812909DED09
:101CF000140A9DED131A9FEDDA2A20EE020A30EE47
:101D0000410A8DED110A9DED111A9DED130AB8EEF1
:101D1000002A20EE020A30EE410A8DED100A9DEDF8
:101D2000120A0020B5EE400AF1EE10FA0146C8BFD3
:101D300001218DF83F109DED110AB5EE400AF1EE3C
:101D400010FA0146C8BF01218DF83E109DED100A22
:101D5000B5EE400AF1EE10FAC8BF01208DF83D0043
:101D60009DF83D0080009DF83E1000EB41009DF87D
:101D70003F1008448DF83C009DF83C0001380146B6
:101D80000191052800F28E800199DFE801F0031B24
:101D90003349617702208DF858009DED150AB8EEA1
:101DA000001A20EE010A9DED121A20EE010A8DEDB7
:101DB0000E0A9DED150A9DED101A20EE410A8DEDDB
:101DC0000D0A70E006208DF858009DED150A9DED76
:101DD000101A20EE410A8DED0E0A9DED150AB8EE9F
:101DE000001A20EE010A9DED121A20EE010A8DED77
:101DF0000D0A58E001208DF858009DED150A9DED63
:101E0000111A20EE010A8DED0E0A9DED150A30EE35
:101E1000000A9DED121A20EE010A8DED0D0A42E036
:101E200004208DF858009DED150AB8EE001A20EE3A
:101E3000010A9DED121A20EE010A8DED0E0A9DEDAC
:101E4000150A9DED111A20EE410A8DED0D0A2AE0CA
:101E500003208DF858009DED150A30EE000A9DED27
:101E6000121A20EE010A8DED0E0A9DED150A9DED68
:101E7000101A20EE010A8DED0D0A14E005208DF8F0
:101E800058009DED150A9DED101A20EE010A8DED0A
:101E90000E0A9DED150A9DED111A20EE010A8DED39
:101EA0000D0A00E0FFE79DED0E0A9DED0D1A30EEE4
:101EB000010A9FED8B1AB4EE410AF1EE10FA29DD0A
:101EC000FFE79DED0E1A9FED870A21EE003AB0EE76
:101ED000002A83EE023A9DED0D4A31EE044AB7EE38
:101EE000001A81EE044A33EE443A8DED0E3A9DED30
:101EF0000D3A23EE000A80EE020A9DED0E2A32EE24
:101F0000032A81EE021A30EE410A8DED0D0A0020FF
:101F10000C900CE09DED0E1A9FED710A30EE410A17
:101F20009DED0D1A30EE410A8DED0C0AFFE79DED97
:101F30000C0AB0EE001A80EE010A8DED0B0A9DED41
:101F40000B0A9DED0E1A30EE010A8DED0A0A9DED89
:101F50000A0A9DED0D1A30EE010A8DED090A9DED7C
:101F6000090A9DED0B1A30EE010A8DED080A0021D9
:101F7000079143F20000C4F20350069005910490CB
:101F8000039102909DF85800013801460091052800
:101F900068D80099DFE801F00313233343530B980B
:101FA0000790089806900A980590099804900020D8
:101FB000039043F20000C4F20350029053E00A98E9
:101FC0000790099806900B980590089804900020B7
:101FD000039043F20000C4F20350029043E000205B
:101FE000079043F20000C4F2035006900B9805904E
:101FF000089804900A9803900998029033E0002012
:10200000079043F20000C4F2035006900A9805902E
:10201000099804900B9803900898029023E00A987E
:102020000790099806900020059043F20000C4F242
:10203000035004900B9803900898029013E00B98BB
:102040000790089806900020059043F20000C4F223
:10205000035004900A9803900998029003E000BF8F
:10206000D7B3DD3FFFE79DED070A9DED061A30EE81
:10207000010AB0EE001A80EE010ABDEEC00A10EEB1
:10208000100AADF85A009DED050A9DED042A30EEC8
:10209000020A80EE010ABDEEC00A10EE100AADF889
:1020A0005C009DED030A9DED022A30EE020A80EEEF
:1020B000010ABDEEC00A10EE100AADF85E00BDF8D0
:1020C0005A100120FEF762FCBDF85C100220FEF7FA
:1020D0005DFCBDF85E100320FEF758FC18B080BD13
:1020E000003003450040834580B582B0EEF7E8F943
:1020F00000F022FD01F0F8FAFBF71CFFFDF7E4FF0A
:1021000020B9FFE700208DF8070005E0FDF7EAFAA7
:1021100001208DF80700FFE79DF8070002B080BDA1
:1021200042F63C21C2F20001C868096988420ED219
:10213000FFE742F63C20C2F20000C1680131C160F5
:10214000806841F69431C2F20001C86013E042F6A3
:102150003C21C2F200010020C86041F69432C2F274
:102160000002D06041F67C42C2F2000250610120C0
:1021700081F82100FFE7704780B586B004908DEDAF
:10218000030A9DED030AFCF7E3FBB2EE041AB4EE7A
:10219000410AF1EE10FA68DDFFE79DED030AFCF756
:1021A000D7FB9FED3D1AB4EE410AF1EE10FA5CDA6E
:1021B000FFE70498806CC72857D8FFE7049890ED94
:1021C0000F0A90ED101A21EE011A20EE000A30EEEF
:1021D000010A01F08BFC8DED020A9DED030AFCF76C
:1021E000B7FBB7EE001AB4EE410AF1EE10FA3BDD90
:1021F000FFE79DED020A8DED000A9DED030AFCF755
:10220000A7FBB0EE401A9DED000A80EE010A8DEDAD
:10221000010A9DED010A9FED211AB4EE410AF1EE8B
:1022200010FA20DDFFE79DED010AB7EE001AB4EECB
:10223000410AF1EE10FA16DAFFE7049890ED030A6E
:102240009DED011A9FED162A21EE021A9FED152A27
:1022500020EE020A30EE010A80ED030A0499886C30
:1022600001308864FFE7FFE7FFE70498806CC82827
:102270000AD3FFE70499012081F84F00049A002156
:1022800091648DF8170003E000208DF81700FFE738
:102290009DF8170006B080BD0000964317B7D138EF
:1022A000CDCCCC3D6666663F80B592B010908DED8A
:1022B0000F0ACDED0E0A8DED0D1A1098806CC7280F
:1022C00000F2B480FFE79DED0F0AFCF741FBB6EE8C
:1022D000001AB4EE410AF1EE10FA80F2A680FFE790
:1022E0009DED0F0AFCF734FB9FED5C1AB4EE410A3A
:1022F000F1EE10FA40F39980FFE79DED0E0A8DEDA7
:10230000020A9FED570A8DED030AFBF751FEB0EE6E
:10231000401A9DED030A8DED011A9DED0D1A8DED0C
:10232000001AFBF791FE9DED002A9DED013A9DED0F
:10233000021AB0EE404A9DED030A22EE042A21EE75
:10234000031A31EE021A8DED0C1A9DED0E1A8DED69
:10235000051AFBF779FEB0EE401A9DED030A8DEDEC
:10236000041A9DED0D1A8DED061AFBF721FE9DED69
:10237000042A9DED051AB0EE403A9DED060A20EEC6
:10238000030A21EE021A30EE410A8DED0B0A109875
:1023900090ED031A90ED040AB7EE082A20EE020A27
:1023A00020EE010A9DED0B1A20EE010A8DED0A0ABE
:1023B0000A9809909DED090A8DED070A9DED0F0A17
:1023C000FCF7C6FAB0EE401A9DED070A80EE010A4E
:1023D0008DED080A9DED080A9FED221AB4EE410A20
:1023E000F1EE10FA20DDFFE79DED080A9FED1E1AC1
:1023F000B4EE410AF1EE10FA16DAFFE7109890ED0C
:10240000060A9DED081A9FED182A21EE021A9FED8B
:10241000172A20EE020A30EE010A80ED060A109912
:10242000886C01308864FFE7FFE7FFE71098806C55
:10243000C8280AD3FFE71099012081F85200109AAA
:10244000002191648DF8470003E000208DF84700DB
:10245000FFE79DF8470012B080BD00BF0AD7233CBC
:102460000000000017B7D138CDCCCC3D6666663F82
:1024700080B58EB00C908DED0B0ACDED0A0A8DED76
:10248000091ACDED081A9DED090A42F66820C2F23C
:10249000000090ED001A30EE410A0C9890ED081AF9
:1024A00080EE010A8DED070A9DED080A42F66C20C8
:1024B000C2F2000090ED001A30EE410A0C9890ED47
:1024C000081A80EE010A8DED060A9DED070A9DEDC2
:1024D000061A21EE011A20EE000A30EE010A01F080
:1024E00005FB8DED050A9DED0B0A0C9890ED011A88
:1024F0009DED092A21EE021A30EE410A8DED040A03
:102500009DED0A0A0C9890ED011A9DED082A21EE26
:10251000021A30EE410A8DED030A9DED040A9DED8D
:10252000031A21EE011A20EE000A30EE010A01F032
:10253000DDFA8DED020A9DED050AB1EE041AB4EE46
:10254000410AF1EE10FA42DDFFE79DED020A9FED30
:102550003F1AB4EE410AF1EE10FA38DDFFE70C98AD
:10256000806C632833D8FFE79DED020A9DED051AC4
:1025700080EE010A8DED010A9DED010A9FED341AEE
:10258000B4EE410AF1EE10FA20DDFFE79DED010AFD
:102590009FED2E1AB4EE410AF1EE10FA16DAFFE7BB
:1025A0000C9890ED020A9DED011A9FED282A21EE6C
:1025B000021A9FED282A20EE020A30EE010A80ED71
:1025C000020A0C99886C01308864FFE7FFE70998DC
:1025D00042F66821C2F200010860089842F66C21B8
:1025E000C2F2000108600C98806C642825D3FFE7D4
:1025F0000C9890ED020A9FED181AB4EE410AF1EE24
:1026000010FA10DDFFE70C9890ED020A9FED131A07
:10261000B4EE410AF1EE10FA05DAFFE70C99012059
:1026200081F85300FFE70C99012081F84E000C9AC5
:10263000002191648DF8370003E000208DF8370009
:10264000FFE79DF837000EB080BD00BFCDCCCC3D7C
:10265000BD3786356666663FACC5A73617B75139B4
:1026600080B590B00E908DED0D0ACDED0C0A8DED7C
:102670000B1ACDED0A1A9DED0C0A8DED020A9DEDA7
:102680000A0AFBF795FC8DED010A9DED0B0A8DED15
:10269000000A9DED0A0AFBF7D7FC9DED001A9DED9F
:1026A000012AB0EE403A9DED020A21EE031A20EE17
:1026B000020A30EE010A8DED090A9DED0C0A8DED3E
:1026C000040A9DED0A0AFBF7BFFC8DED030A9DEDA0
:1026D0000B0A8DED050A9DED0A0AFBF769FC9DEDDD
:1026E000032A9DED041AB0EE403A9DED050A20EE56
:1026F000030A21EE021A30EE410A8DED080A0E9807
:1027000090ED031A90ED040AB7EE082A20EE020AB3
:102710009DED082A21EE021A20EE010A8DED070A2E
:102720009DED0D0AFCF714F99FED371AB4EE410A3E
:10273000F1EE10FA50DDFFE79DED0D0AFCF708F908
:102740009FED321AB4EE410AF1EE10FA44DAFFE7D7
:102750009DED070AFCF7FCF89FED2D1AB4EE410A37
:10276000F1EE10FA38DDFFE70E98806C632833D85D
:10277000FFE79DED070A9DED0D1A80EE010A8DED34
:10278000060A9DED060A9FED231AB4EE410AF1EE0A
:1027900010FA20DDFFE79DED060A9FED1B1AB4EE4F
:1027A000410AF1EE10FA16DAFFE70E9890ED050AED
:1027B0009DED061A9FED142A21EE021A9FED162AAE
:1027C00020EE020A30EE010A80ED050A0E99886CAF
:1027D00001308864FFE7FFE70E98806C64280AD315
:1027E000FFE70E99012081F851000E9A00219164B3
:1027F0008DF83F0003E000208DF83F00FFE79DF8D3
:102800003F0010B080BD00BFCDCCCC3D00004842A1
:102810000AD7233CBD3786356666663F80B588B0EB
:1028200006908DED050A0698D0ED0F0A90ED100A7E
:1028300001F006F88DED040A9DED050A42F67420BC
:10284000C2F2000090ED001A30EE410A8DED030A4D
:102850009DED040A42F67020C2F2000090ED001ACD
:1028600030EE410A8DED020A9DED020A9FED481AF5
:10287000B4EE410AF1EE10FA09DDFFE79DED020A20
:102880009FED441A30EE010A8DED020AFFE79DED3F
:10289000020A9FED411AB4EE410AF1EE10FA09DA8C
:1028A000FFE79DED020A9FED3D1A30EE010A8DED26
:1028B000020AFFE79DED030AFCF74AF89FED381A7C
:1028C000B4EE410AF1EE10FA3FDDFFE79DED020A9A
:1028D0009DED031A80EE010A8DED010A9DED010ABE
:1028E000FCF736F8FCF740F800EE100AB8EE400AA4
:1028F0008DED010A9DED010AB7EE001AB4EE410A12
:10290000F1EE10FA20DBFFE79DED010AB3EE041AA9
:10291000B4EE410AF1EE10FA16DCFFE7069890EDEE
:10292000040A9DED011A9FED1F2A21EE021A9FED68
:102930001E2A20EE020A30EE010A80ED040A0699F2
:10294000886C01308864FFE7FFE7059842F6742140
:10295000C2F200010860049842F67021C2F2000140
:1029600008600698806C64280AD3FFE70699012066
:1029700081F85000069A002191648DF81F0003E051
:1029800000208DF81F00FFE79DF81F0008B080BDF4
:10299000DB0F4940DB0FC9C0DB0F49C0DB0FC9406B
:1029A0000AD7233CCDCCCC3D6666663F80B58AB065
:1029B00008908DED070ACDED060A8DED051ACDEDD7
:1029C000041A9DED070A9DED061A21EE011A20EE6C
:1029D000000A30EE010A01F089F88DED030A9DED41
:1029E000050A9DED041A21EE011A20EE000A30EED0
:1029F000010A01F07BF88DED020A9DED020A9FEDC0
:102A0000481AB4EE410AF1EE10FA56DDFFE79DEDEB
:102A1000020AB7EE001AB4EE410AF1EE10FA4CDAEF
:102A2000FFE79DED030A9FED3F1AB4EE410AF1EE78
:102A300010FA42DDFFE79DED030AB1EE041AB4EE91
:102A4000410AF1EE10FA38DAFFE70898806CC728DF
:102A500033D8FFE79DED030A9DED021A80EE010ACF
:102A60008DED010A9DED010A9FED2F1AB4EE410A8A
:102A7000F1EE10FA20DDFFE79DED010AB1EE041A38
:102A8000B4EE410AF1EE10FA16DAFFE7089890ED7D
:102A9000010A9DED011A9FED252A21EE021A9FEDF4
:102AA000242A20EE020A30EE010A80ED010A08997C
:102AB000886C01308864FFE7FFE70898806CC828BD
:102AC00025D3FFE7089890ED010A9FED1A1AB4EE9E
:102AD000410AF1EE10FA10DDFFE7089890ED010AC7
:102AE000B1EE041AB4EE410AF1EE10FA05DAFFE78E
:102AF0000899012081F85300FFE70899012081F827
:102B00004D00089A002191648DF8270003E0002011
:102B10008DF82700FFE79DF827000AB080BD00BFB1
:102B2000CDCC4C3DCDCCCC3D6F12833A0AD7A33CE3
:102B300048E17A3F0AD7233C80B584B040F269600F
:102B4000C2F20000039040F205110191EDF782FB03
:102B5000019940F26E70C2F200000290EDF77AFB2C
:102B6000029B039955221A70AA2083F804010A7067
:102B700081F8040142F6A410C2F2000041F683215C
:102B8000C2F200010122F4F7D7FE04B080BD0000BC
:102B900080B582B0019041F64850C2F20000007842
:102BA000C007002800F0C080FFE70198007840F2DD
:102BB0006961C2F2000191F8041188421FD1FFE758
:102BC00041F69A20C2F20000008840F26961C2F228
:102BD000000191F8031188420AD1FFE740F26961D0
:102BE000C2F2000148788A78033100F0E3F8FFE789
:102BF00041F64851C2F200010020087093E040F213
:102C0000DA10C2F20000007840B9FFE701980078BE
:102C100040F26961C2F200014870FFE740F2DA1049
:102C2000C2F200000078012808D1FFE7019800787F
:102C300040F26961C2F200018870FFE740F2DA10E9
:102C4000C2F200000078022825DBFFE740F2DA102C
:102C5000C2F20000007840F26961C2F20001897896
:102C60000231884217DAFFE70198007840F2DA1162
:102C7000C2F20001097840F26962C2F20002114416
:102C800048700198027841F69A21C2F20001088842
:102C900010440880FFE740F2DA10C2F2000000782A
:102CA00040F26961C2F200018978023188421DD187
:102CB000FFE70198007840F26961C2F2000181F8F3
:102CC000030141F69A20C2F2000001880020009022
:102CD00019B1FFE701200090FFE7009800F0010024
:102CE00041F69A21C2F200010880FFE740F2DA10B3
:102CF000C2F20000007840F26961C2F200018978F6
:102D00000331884207DDFFE741F64851C2F2000176
:102D100000200870FFE740F2DA11C2F200010878E3
:102D200001300870FFE71CE00198007840F26E71F6
:102D3000C2F200010978884212D1FFE741F64851FA
:102D4000C2F200010120087040F2DA11C2F2000163
:102D50000020087041F69A21C2F200010880FFE7C6
:102D6000FFE7019942F6A410C2F200000122F4F735
:102D7000E3FD02B080BD000080B582B001900199F2
:102D800042F6A410C2F200000122F4F71BFE02B0CA
:102D900080BD000080B582B001908DF803100199CC
:102DA0009DF8032042F6A410C2F20000F4F70AFED8
:102DB00002B080BD80B5ADF50C7D8DF82F028A91F3
:102DC0008DF827229DF82702002840F07E80FFE73B
:102DD0009DF82F02F038014608910E2854D8089922
:102DE000DFE801F00832363A3E414452475252522F
:102DF00052522A0042F68020C2F2000007900121C0
:102E0000069101702C30059044F28751C0F6010103
:102E1000EDF72BFA0598EDF734FA0599C2B2FF20C9
:102E200000F060F90698079900228A70C8700220A5
:102E300008710320487028E042F68021C2F20001A8
:102E400000200870487020E00120EEF753FC1CE0E1
:102E50000520EEF74FFC18E00220EEF74BFC14E0E3
:102E6000FCF7DCFA11E0FCF7BBFA0EE0FDF780FCA2
:102E70000BE0FCF707FC40F21111C2F20001F82050
:102E8000012200F02FF900E0FFE79DF82F02F7285C
:102E90001AD1FFE70DF1270004904FF40071EDF710
:102EA000D9F9049800218DF82610411C431D0DF11D
:102EB0002602FCF741FC04999DF826000530C2B2B9
:102EC000F72000F00FF9FFE709E19DF82702062837
:102ED00006DBFFE79DF82702082840F0FF80FFE7A8
:102EE0009DF82F02013801460391242800F2F48056
:102EF0000399DFE811F025006B0083003D00F1002D
:102F0000F100F100F100F100F100F100F100F10039
:102F1000F100F100F100F100F100F100F100F10029
:102F2000F100F100F100F100F100F100F100F10019
:102F3000F100F100F100AE00B200B700F100C700EF
:102F40008A98007818B9FFE7FDF7AEF8FFE78A988E
:102F50000078012803D1FFE7FCF7D2FCFFE740F23D
:102F60001111C2F200010122104600F0BBF8B4E0DA
:102F70008A98007870B9FFE7FDF77AF948B1FFE762
:102F800040F21111C2F200010420012200F0AAF85F
:102F9000A5E0FFE78A98007801280ED1FFE7FCF74B
:102FA000BFFC48B1FFE740F21111C2F2000104205A
:102FB000012200F097F892E0FFE740F21311C2F20D
:102FC00000010420012200F08DF886E09DF8270220
:102FD000052806D1FFE78A9911F8010BFDF75AF988
:102FE0000BE09DF82702022806D1FFE78A9911F825
:102FF000010BFCF7A7FCFFE7FFE76EE08A9800787B
:1030000080B9FFE78A98407842F68021C2F2000139
:103010006C310291FCF746FE02990320042200F075
:1030200061F815E08A980078012810D1FFE78A98A6
:10303000407842F68021C2F200016D310191FCF727
:10304000E7FB01990320012200F04CF8FFE7FFE7BE
:1030500043E08A98EDF786FE3FE08A980078EDF726
:1030600075FE3AE08A98007842F68021C2F20001AB
:1030700028310091FEF7A0FC00992320042200F0E3
:1030800031F82AE09DF82702033042F68021C2F28F
:103090000001487003208DF82500FFE79DF825000A
:1030A00042F68021C2F200014978884213DAFFE734
:1030B0008A989DF82520104410F8030C42F68021D0
:1030C000C2F2000111448870FFE79DF8250001302D
:1030D0008DF82500E2E700E0FFE7FFE7FFE70DF5E9
:1030E0000C7D80BD80B588B08DF81F0006918DF8ED
:1030F00017209DF8170008B9FFE74DE09DF81F0065
:1031000040F26E71C2F2000148709DF8170088709D
:1031100000200490FFE704989DF8171088420DDA0C
:10312000FFE706980499415CBDF814000844ADF827
:103130001400FFE7049801300490ECE79DF81400B8
:1031400000F0010140F26E70C2F20000039080F8BE
:10315000031100F20311029106999DF81720033024
:103160000190EDF75EF80398FFF706FE0398013033
:10317000FFF702FE03980230FFF7FEFD01989DF86D
:103180001710FFF707FE0298FFF7F6FD039800F50A
:103190008270FFF7F1FDFFE708B080BD80B582B017
:1031A00042F68020C2F20000407808B9FFE72DE027
:1031B00000208DF80700FFE79DF8070042F6802108
:1031C000C2F200014978884214DAFFE79DF807202F
:1031D00042F68021C2F200018818807801EB82015A
:1031E0000C31FEF7E9FBFFE79DF8070001308DF891
:1031F0000700E1E742F68021C2F200014878800032
:103200000C31C2B22520FFF76DFFFFE702B080BD91
:1032100080B588B006900591069818B1FFE705982B
:1032200020B9FFE700208DF81F006DE006980078B8
:1032300040F67301C2F200010978884260D1FFE7CD
:10324000069905980078084410F8010C40F67301BF
:10325000C2F2000191F80411884251D1FFE70699AA
:1032600005980078084410F8020C40F67301C2F289
:10327000000181F803010020ADF812000320039043
:10328000FFE7039805990978023988420DDAFFE7CC
:1032900006980399415CBDF812000844ADF812008D
:1032A000FFE7039801300390EBE7BDF8120000F050
:1032B000010040F67301C2F2000191F80311884247
:1032C00004D0FFE700208DF81F001DE0069841782C
:1032D00040F67300C2F200000190417006998978AF
:1032E000817006990331827803300290ECF799FFE0
:1032F000019A02995078927800F032F8FFE7FFE7E0
:1033000001208DF81F00FFE79DF81F0008B080BD69
:1033100080B584B002908DF8071002989DF80710D0
:10332000EDF7E4FC20B9FFE701208DF80F0012E073
:1033300002989DF80710EDF7D9FC012806D1FFE7A8
:1033400002989DF80710FFF7E3FFFFE7FFE7002073
:103350008DF80F00FFE79DF80F0004B080BD00005E
:1033600080B5ADF50A7D8DF8270288918DF81F2272
:103370009DF81F0200284FD1FFE79DF82702F7288C
:103380001AD1FFE70DF11F0006904FF40071ECF722
:1033900061FF069800218DF81E10411C431D0DF1A0
:1033A0001E02FCF7C9F906999DF81E000530C2B24D
:1033B000F72000F03FF9FFE79DF82702F1380146BA
:1033C0000591072826D80599DFE801F004080C10BC
:1033D000131624190120EEF78DF91CE00520EEF7F5
:1033E00089F918E00220EEF785F914E0FCF716F8E9
:1033F00011E0FBF7F5FF0EE0FDF7BAF90BE0FCF783
:1034000041F940F21011C2F20001F820012200F04F
:1034100011F900E0FFE709E19DF81F02062806DB2D
:10342000FFE79DF81F02082840F0FF80FFE79DF8A6
:103430002702013801460491242800F2F4800499FF
:10344000DFE811F025006B0083003D00F100F10082
:10345000F100F100F100F100F100F100F100F100E4
:10346000F100F100F100F100F100F100F100F100D4
:10347000F100F100F100F100F100F100F100F100C4
:10348000F100F100AE00B200B700F100C70088986B
:10349000007818B9FFE7FCF707FEFFE78898007887
:1034A000012803D1FFE7FCF72BFAFFE740F21011E8
:1034B000C2F200010122104600F0BCF8B4E0889886
:1034C000007870B9FFE7FCF7D3FE48B1FFE740F2A0
:1034D0001011C2F200010420012200F0ABF8A5E0B7
:1034E000FFE78898007801280ED1FFE7FCF718FA6B
:1034F00048B1FFE740F21011C2F20001042001229E
:1035000000F098F892E0FFE740F21211C2F20001D9
:103510000420012200F08EF886E09DF81F020528A5
:1035200006D1FFE7889911F8010BFCF7B3FE0BE019
:103530009DF81F02022806D1FFE7889911F8010BB8
:10354000FCF700FAFFE7FFE76EE08898007880B9A3
:10355000FFE78898407840F21811C2F200016C3100
:103560000391FCF79FFB03990320042200F062F80B
:1035700015E088980078012810D1FFE788984078F6
:1035800040F21811C2F200016D310291FCF740F9CE
:1035900002990320012200F04DF8FFE7FFE743E026
:1035A0008898EDF7DFFB3FE088980078EDF7CEFBD9
:1035B0003AE08898007840F21811C2F200012831F0
:1035C0000191FEF7F9F901992320042200F032F865
:1035D0002AE09DF81F02033040F21811C2F20001E8
:1035E000487003208DF81D00FFE79DF81D0040F294
:1035F0001811C2F200014978884213DAFFE788986F
:103600009DF81D20104410F8030C40F21811C2F26E
:10361000000111448870FFE79DF81D0001308DF80E
:103620001D00E2E700E0FFE7FFE7FFE70DF50A7D99
:1036300080BD000080B586B08DF8160004918DF82D
:103640000F209DF80F0020B9FFE700208DF817002C
:1036500046E00020ADF80C000290FFE702989DF8CC
:103660000F1088420DDAFFE704980299415CBDF81B
:103670000C000844ADF80C00FFE7029801300290FE
:10368000ECE79DF8161040F67810C2F200000090AA
:1036900041709DF80F10817004999DF80F20033040
:1036A000ECF7BFFD00989DF80C1001F0010180F8C7
:1036B000031100F2031101919DF80F100331C9B2FB
:1036C000FFF726FE01980221FFF722FE20B1FFE757
:1036D00001208DF8170003E000208DF81700FFE7A8
:1036E0009DF8170006B080BD80B584B040F6781014
:1036F000C2F20000029040F205110191ECF7AAFD20
:10370000019940F67300C2F200000390ECF7A2FDAD
:10371000029B03992C221A70C22083F804010A70BC
:1037200081F8040104B080BD80B592B0F9F7AEF91C
:1037300080B9FFE740F21810C2F200000078C0071D
:1037400038B1FFE740F21811C2F200010020087002
:10375000FFE725E040F21810C2F200000078C00731
:10376000D8B9FFE740F21811C2F200010120087039
:1037700043F66831C0F6010102A800904022ECF740
:1037800050FD0098ECF77DFD00998DF807009DF83D
:103790000720FF20FFF74EFF02E000F003F8FFE7ED
:1037A00012B080BD80B582B040F21810C2F20000A5
:1037B000407808B9FFE72DE000208DF80700FFE70B
:1037C0009DF8070040F21811C2F2000149788842C2
:1037D00014DAFFE79DF8072040F21811C2F2000149
:1037E0008818807801EB82010C31FEF7E5F8FFE7DD
:1037F0009DF8070001308DF80700E1E740F218114D
:10380000C2F20001487880000C31C2B22520FFF7D7
:1038100011FFFFE702B080BD4100080218BF04207D
:103820000A0E18BF40F001004FF07F4232EA01015A
:1038300008BF40F00200012808BF052070470000C3
:1038400070B54FF068422DED048BF0EE408A18EE13
:10385000900AB0EE608A18EE101A02EB4003B3F142
:10386000654F3CBF02EB4102B2F1654F7DD200BF14
:10387000C0F3C753C1F3C7529A1A1B2A09DD10F0CF
:10388000004F14BF9FED830A9FED830ABDEC048BAC
:1038900070BD12F11A0F36DA11F0004F09D010F096
:1038A000004F0CBF9FED7D0A9FED7D0ABDEC048BA0
:1038B00070BD88EE889A19EE100AFFF7ADFF042854
:1038C00008BF00F033F918EE900AFFF7A5FF054690
:1038D00018EE100AFFF7A0FF044619EE100AFFF7D2
:1038E0009BFF042D18BF052D08D1042C18BF052CF3
:1038F00004D1002804BF022000F030F9B0EE490ADC
:10390000BDEC048B70BD4200B2EB410F3AD910F010
:10391000004F19BFDFED630A9FED630ADFED630A15
:103920009FED630AB0EE481A0A46B1EE688A80F04D
:103930000041F0EE418A10460A1A5200B2F1807F2F
:1039400034D2484010F0004FDFED5A1A9FED5A2A4A
:103950001DBFBEEE001A70EEE10A30EE420AB6EE6E
:10396000001A08BF70EEA10A00E040E008BF30EE88
:10397000020AB0EE682A01EE482A08EE818AC2EEF9
:10398000081A15E011F0004F04BF9FED4C0AF0EE4D
:10399000400AD1D010F0004F19BFDFED490A9FED6A
:1039A000490ADFED490A9FED490AC5E7C8EE881AC2
:1039B00021EEA11A9FED462ADFED462A41EE022AAA
:1039C0009FED452A01EE222ADFED442A41EE022A2C
:1039D0009FED432ABDEC048B01EE222A21EE811AD1
:1039E00001EE020A30EE210A30EE200A70BD4FF0DF
:1039F0007F42B2EB400F28BFB2EB410F09D2F0EE8D
:103A0000480AB0EE680ABDEC048BBDE8704000F0D7
:103A10008AB840EA01035B0008BF41F0FF410BD0C8
:103A2000B2EB400F08BFB2EB410F08D120F080404D
:103A300008EE900A21F0804108EE101A18E7B2EB68
:103A4000400F12BF5FEA410340F0FF4001F0004128
:103A50003FF40EAFB2EB410F12BF5FEA400200F03D
:103A6000004041F0FF413FF403AF4A0092EA4003B7
:103A70003FF5FEAE002AACBF9FED1A0A9FED1A0A71
:103A800068EE808A28EE008A18EE900A18EE101A66
:103A9000EEE60000DB0FC9BFDB0FC93FDB0F49407B
:103AA000DB0F49C00000C9BF22AAFDB90000C93F11
:103AB00022AAFD390060ED3EC30ACE3700000000A7
:103AC000000049C022AA7DBA0000494022AA7D3ADE
:103AD0002DAD65BD8FB8D53D0FB511BE61C84C3E4B
:103AE000A8AAAABE0000804F0000802F10B52DEDBF
:103AF000028BB1EEC08A18EE100A20F00040C0F12F
:103B0000FF40C00F0AD010EE100A20F00040C0F1B4
:103B1000FF40C00F04BF012000F020F8B0EE480ABB
:103B2000BDEC028B10BD30EE200A70479FED020AFB
:103B300020EE000A704700000000001002E008C8F4
:103B4000121F08C1002AFAD170477047002001E017
:103B500001C1121F002AFBD1704700000149086013
:103B600070470000000000205844722D7374616E8D
:103B7000646172642C312E302E302C7869616F773D
:103B8000616E672C32306B487A2C3530412C3334DF
:103B9000562C3230562C3830000000000000000057
:103BA0000000000000000000000000000000000015
:103BB00001020304060708090000000001020304D3
:103BC0000000FF000610160006101600FF00FF00A0
:103BD000DC7F6A00FF00007877767574737271700D
:103BE0006F6E6D6C6B6A696867666564636261605D
:103BF0005F5E5D5C5B5A595857565554535251504D
:103C00004F4E4D4C4B4A494847464544434241403C
:103C10003F3E3D3C3B3A393837363534333231302C
:103C20002F2E2D2C2B2A292827262524232221201C
:103C30001F1E1D1C1B1A191817161514131211100C
:103C40000F0E0D0C0B0A09080706050403020100FC
:103C500000000000920E493CB10AC93C2BC3163D3E
:103C60002EFB483D752B7B3D04A9963D80B6AF3DAC
:103C700036BDC83D2FBCE13D73B2FA3D87CF093E4A
:103C80008340163EB5AB223EA2102F3ECF6E3B3E88
:103C9000C2C5473E0115543E135C603E7F9A6C3EA0
:103CA000CCCF783EC07D823E938E883E229A8E3E57
:103CB00032A0943E86A09A3EE59AA03E128FA63E80
:103CC000D47CAC3EEF63B23E2A44B83E491DBE3EB2
:103CD00015EFC33E53B9C93ECA7BCF3E4136D53EF0
:103CE00080E8DA3E4F92E03E7533E63EBBCBEB3EDA
:103CF000EA5AF13ECBE0F63E275DFC3EE4E7003FAA
:103D00003D9C033F824B063F9BF5083F6B9A0B3F60
:103D1000DA390E3FCDD3103F2A68133FD9F6153F4D
:103D2000C07F183FC6021B3FD17F1D3FCBF61F3F10
:103D30009967223F25D2243F5636273F1594293FC5
:103D40004AEB2B3FDE3B2E3FBB85303FC9C8323F9D
:103D5000F304353F233A373F4268393F3B8F3B3FBF
:103D6000F9AE3D3F67C73F3F70D8413F01E2433F57
:103D700003E4453F65DE473F12D1493FF8BB4B3F67
:103D8000029F4D3F207A4F3F3D4D513F4918533FD1
:103D900031DB543FE595563F5348583F6AF2593F4F
:103DA0001A945B3F532D5D3F05BE5E3F2146603F49
:103DB00097C5613F5A3C633F59AA643F880F663FED
:103DC000D86B673F3CBF683FA7096A3F0C4B6B3F0E
:103DD0005E836C3F93B26D3F9ED86E3F73F56F3F2D
:103DE0000809713F5213723F4714733FDD0B743F54
:103DF0000BFA743FC6DE753F07BA763FC58B773F37
:103E0000F853783F9812793F9DC7793F02737A3F04
:103E1000BE147B3FCDAC7B3F283B7C3FC9BF7C3F82
:103E2000AC3A7D3FCCAB7D3F23137E3FB0707E3FED
:103E30006DC47E3F580E7F3F6D4E7F3FAB847F3F0A
:103E40000FB17F3F97D37F3F43EC7F3F11FB7F3F15
:103E50000000803F11FB7F3F43EC7F3F97D37F3FC4
:103E60000FB17F3FAB847F3F6D4E7F3F580E7F3F4A
:103E70006DC47E3FB0707E3F23137E3FCCAB7D3F51
:103E8000AC3A7D3FC9BF7C3F283B7C3FCDAC7B3FFC
:103E9000BE147B3F02737A3F9DC7793F9812793FEA
:103EA000F853783FC58B773F07BA763FC6DE753F3C
:103EB0000BFA743FDD0B743F4714733F5213723F8C
:103EC0000809713F73F56F3F9ED86E3F93B26D3F07
:103ED0005E836C3F0C4B6B3FA7096A3F3CBF683F5A
:103EE000D86B673F880F663F59AA643F5A3C633FCF
:103EF00097C5613F2146603F05BE5E3F532D5D3F44
:103F00001A945B3F6AF2593F5348583FE595563F34
:103F100031DB543F4918533F3D4D513F207A4F3FCD
:103F2000029F4D3FF8BB4B3F12D1493F65DE473FF3
:103F300003E4453F01E2433F70D8413F67C73F3F3D
:103F4000F9AE3D3F3B8F3B3F4268393F233A373F15
:103F5000F304353FC9C8323FBB85303FDE3B2E3FBF
:103F60004AEB2B3F1594293F5636273F25D2243F55
:103F70009967223FCBF61F3FD17F1D3FC6021B3FF3
:103F8000C07F183FD9F6153F2A68133FCDD3103FA5
:103F9000DA390E3F6B9A0B3F9BF5083F824B063F89
:103FA0003D9C033FE4E7003F275DFC3ECBE0F63E4F
:103FB000EA5AF13EBBCBEB3E7533E63E4F92E03E14
:103FC00080E8DA3E4136D53ECA7BCF3E53B9C93E82
:103FD00015EFC33E491DBE3E2A44B83EEF63B23ED4
:103FE000D47CAC3E128FA63EE59AA03E86A09A3EB7
:103FF00032A0943E229A8E3E938E883EC07D823EB1
:10400000CCCF783E7F9A6C3E135C603E0115543EE7
:10401000C2C5473ECF6E3B3EA2102F3EB5AB223EFF
:104020008340163E87CF093E73B2FA3D2FBCE13D77
:1040300036BDC83D80B6AF3D04A9963D752B7B3D8E
:104040002EFB483D2BC3163DB10AC93C920E493C9C
:1040500000000000920E49BCB10AC9BC2BC316BDBA
:104060002EFB48BD752B7BBD04A996BD80B6AFBDA8
:1040700036BDC8BD2FBCE1BD73B2FABD87CF09BE46
:10408000834016BEB5AB22BEA2102FBECF6E3BBE84
:10409000C2C547BE011554BE135C60BE7F9A6CBE9C
:1040A000CCCF78BEC07D82BE938E88BE229A8EBE53
:1040B00032A094BE86A09ABEE59AA0BE128FA6BE7C
:1040C000D47CACBEEF63B2BE2A44B8BE491DBEBEAE
:1040D00015EFC3BE53B9C9BECA7BCFBE4136D5BEEC
:1040E00080E8DABE4F92E0BE7533E6BEBBCBEBBED6
:1040F000EA5AF1BECBE0F6BE275DFCBEE4E700BFA6
:104100003D9C03BF824B06BF9BF508BF6B9A0BBF5C
:10411000DA390EBFCDD310BF2A6813BFD9F615BF49
:10412000C07F18BFC6021BBFD17F1DBFCBF61FBF0C
:10413000996722BF25D224BF563627BF159429BFC1
:104140004AEB2BBFDE3B2EBFBB8530BFC9C832BF99
:10415000F30435BF233A37BF426839BF3B8F3BBFBB
:10416000F9AE3DBF67C73FBF70D841BF01E243BF53
:1041700003E445BF65DE47BF12D149BFF8BB4BBF63
:10418000029F4DBF207A4FBF3D4D51BF491853BFCD
:1041900031DB54BFE59556BF534858BF6AF259BF4B
:1041A0001A945BBF532D5DBF05BE5EBF214660BF45
:1041B00097C561BF5A3C63BF59AA64BF880F66BFE9
:1041C000D86B67BF3CBF68BFA7096ABF0C4B6BBF0A
:1041D0005E836CBF93B26DBF9ED86EBF73F56FBF29
:1041E000080971BF521372BF471473BFDD0B74BF50
:1041F0000BFA74BFC6DE75BF07BA76BFC58B77BF33
:10420000F85378BF981279BF9DC779BF02737ABF00
:10421000BE147BBFCDAC7BBF283B7CBFC9BF7CBF7E
:10422000AC3A7DBFCCAB7DBF23137EBFB0707EBFE9
:104230006DC47EBF580E7FBF6D4E7FBFAB847FBF06
:104240000FB17FBF97D37FBF43EC7FBF11FB7FBF11
:10425000000080BF11FB7FBF43EC7FBF97D37FBFC0
:104260000FB17FBFAB847FBF6D4E7FBF580E7FBF46
:104270006DC47EBFB0707EBF23137EBFCCAB7DBF4D
:10428000AC3A7DBFC9BF7CBF283B7CBFCDAC7BBFF8
:10429000BE147BBF02737ABF9DC779BF981279BFE6
:1042A000F85378BFC58B77BF07BA76BFC6DE75BF38
:1042B0000BFA74BFDD0B74BF471473BF521372BF88
:1042C000080971BF73F56FBF9ED86EBF93B26DBF03
:1042D0005E836CBF0C4B6BBFA7096ABF3CBF68BF56
:1042E000D86B67BF880F66BF59AA64BF5A3C63BFCB
:1042F00097C561BF214660BF05BE5EBF532D5DBF40
:104300001A945BBF6AF259BF534858BFE59556BF30
:1043100031DB54BF491853BF3D4D51BF207A4FBFC9
:10432000029F4DBFF8BB4BBF12D149BF65DE47BFEF
:1043300003E445BF01E243BF70D841BF67C73FBF39
:10434000F9AE3DBF3B8F3BBF426839BF233A37BF11
:10435000F30435BFC9C832BFBB8530BFDE3B2EBFBB
:104360004AEB2BBF159429BF563627BF25D224BF51
:10437000996722BFCBF61FBFD17F1DBFC6021BBFEF
:10438000C07F18BFD9F615BF2A6813BFCDD310BFA1
:10439000DA390EBF6B9A0BBF9BF508BF824B06BF85
:1043A0003D9C03BFE4E700BF275DFCBECBE0F6BE4B
:1043B000EA5AF1BEBBCBEBBE7533E6BE4F92E0BE10
:1043C00080E8DABE4136D5BECA7BCFBE53B9C9BE7E
:1043D00015EFC3BE491DBEBE2A44B8BEEF63B2BED0
:1043E000D47CACBE128FA6BEE59AA0BE86A09ABEB3
:1043F00032A094BE229A8EBE938E88BEC07D82BEAD
:10440000CCCF78BE7F9A6CBE135C60BE011554BEE3
:10441000C2C547BECF6E3BBEA2102FBEB5AB22BEFB
:10442000834016BE87CF09BE73B2FABD2FBCE1BD73
:1044300036BDC8BD80B6AFBD04A996BD752B7BBD8A
:104440002EFB48BD2BC316BDB10AC9BC920E49BC98
:1044500000000080808386898C8F9295989B9EA215
:10446000A5A7AAADB0B3B6B9BCBEC1C4C6C9CBCEB0
:10447000D0D3D5D7DADCDEE0E2E4E6E8EAEBEDEE35
:10448000F0F1F3F4F5F6F7F8F9FAFAFBFCFCFDFDB0
:10449000FDFEFEFEFEFEFEFEFDFDFDFCFCFBFAFA4F
:1044A000F9F8F7F6F5F4F3F1F0EEEDEBEAE8E6E40F
:1044B000E2E0DEDCDAD7D5D3D0CECBC9C6C4C1BEEC
:1044C000BCB9B6B3B0ADAAA7A5A29E9B9895928F92
:1044D0008C898683807C797673706D6A6764615D90
:1044E0005A5855524F4C494643413E3B3936343178
:1044F0002F2C2A282523211F1D1B191715141211D3
:104500000F0E0C0B0A090807060505040303020237
:104510000201010101010101020202030304050578
:10452000060708090A0B0C0E0F1112141517191B98
:104530001D1F212325282A2C2F313436393B3E419B
:104540004346494C4F5255585A5D6164676A6D70D5
:104550007376797C43444320496E74657266616367
:1045600065005844726976650043444320436F6E8A
:104570006669670053544D6963726F656C65637457
:10458000726F6E696373005844722D7374616E6448
:104590006172642C312E302E302C7869616F776116
:1045A0006E672C32306B487A2C3530412C333456C0
:1045B0002C3230562C383000D8450108000000203D
:1045C0009001000090030008B84601089001002007
:1045D000682D00004C3B0108512F828101000DB075
:1045E000000879B0000895B02C08BDB000080DB1E6
:1045F0000008BDAF2C0829B000080024F4005DA815
:104600005A0895A50008B9AB0008DD85A600083159
:10461000A4000825A500082F81A7000815A70008F9
:10462000F1A70008FDA63D0809024300020100C0F1
:104630003209042E010202010005240010010524A4
:10464000012901042402020524064F010705820303
:1046500008001009040100020A360705010240465D
:104660000705810240450A0600024340012D120160
:104670000002020200408304405736020102030197
:104680002F750C0008710C0008050C0008A90C0C13
:104690002208D50C0008040309041A030310E55E80
:1046A00045FEFEF0F0076C400003000102420142AB
:0846B0001000000000000000F2
:040000050800018965
:00000001FF
