:020000040800F2
:10400000502900209D4100088DAD000885A60008BC
:1040100089AD0008CD4A0008C1E200080000000098
:1040200000000000000000000000000099B100083E
:10403000054C000800000000C1AD00089DB100085B
:10404000B7410008B7410008B7410008B741000870
:10405000B7410008B7410008B7410008B741000860
:10406000B7410008B7410008B7410008B14B00084C
:10407000B7410008B7410008BD4B0008B741000830
:10408000C94B0008B7410008B7410008B741000814
:10409000B7410008B7410008B7410008B741000820
:1040A000B7410008B7410008B7410008B741000810
:1040B000B7410008B7410008B7410008B741000800
:1040C000B7410008B7410008B7410008B7410008F0
:1040D000B7410008BDBA0008B7410008B741000861
:1040E000B7410008B7410008B7410008B7410008D0
:1040F000D1B20008B7410008B7410008B741000835
:10410000B7410008B7410008B7410008C5AD000835
:10411000B7410008B7410008B7410008B74100089F
:10412000D54B0008B7410008E14B0008B741000833
:10413000B74100080000000000000000B74100087F
:10414000D14A0008B7410008B741000891AD000806
:10415000ED4B0008B7410008F94B0008B7410008D3
:10416000B7410008B7410008B7410008B74100084F
:10417000B7410008B741000800000000000000003F
:10418000B7410008B7410008DFF80CD000F0D2FAC0
:1041900000480047C93801085029002006488047D8
:1041A00006480047FEE7FEE7FEE7FEE7FEE7FEE71C
:1041B000FEE7FEE7FEE7FEE751B20008894100088E
:1041C0002DE9F05F0546002092469B46884606464C
:1041D000814640241BE0284641464746224600F0DF
:1041E000CAF953465A46C01A914110D3114618468F
:1041F000224600F0B1F92D1A67EB01084F4622461E
:104200000120002100F0A8F917EB00094E41201E03
:10421000A4F10104DFDC484631462A464346BDE8A6
:10422000F09F40EA01039B0703D009E008C9121F71
:1042300008C0042AFAD203E011F8013B00F8013B60
:10424000521EF9D27047D2B201E000F8012B491E8C
:10425000FBD270470022F6E710B513460A46044623
:104260001946FFF7F0FF204610BD421C10F8011B55
:104270000029FBD1801A70472DE9FE4F804681EA64
:104280000300C00F0C46009021F0004123F00045D0
:10429000B8EB0200A94105D24046214690461C4693
:1042A0000B46024623F00040104347D0270DC7F3CA
:1042B0000A00C3F30A510290401A019040286BDAB9
:1042C000C3F3130040F4801B0098924620B10023F2
:1042D000D2EB030A63EB0B0B01985946C0F1400285
:1042E000504600F039F906460D4650465946019AA7
:1042F00000F051F910EB08006141002487EA1152E7
:1043000084EAE7731A4340D0009A62B3019A012A03
:104310004FEA075215DC001B61EB02014FF000422F
:1043200002EA0752CDE90042001C41F580113246F5
:104330002B4600F0B1F903B0BDE8F08F40462146AE
:10434000F9E7001B61EB0201001C41F58013001826
:104350005B412018A2F5001747EB030140EAD57036
:10436000B6196D4111E06D084FEA360645EAC07591
:104370004FEA0752001B61EB0201001C41F580115E
:1043800049084FEA30000019514132462B4603B02C
:10439000BDE8F04F00F071B9009801224000002301
:1043A000D0EB020263EBE073009821464FEAE07421
:1043B000B8EB000061EB0401E9E783F000435BE741
:1043C00081F0004158E72DE9FE4F81EA030404F033
:1043D000004421F0004100944FF0000B23F0004313
:1043E00050EA01045ED052EA03045BD0C3F30A54DE
:1043F000C1F30A552C44A4F2F3340194A0FB0254F7
:10440000C1F3130141F48011C3F3130343F4801388
:1044100001FB024400FB034E840A970A44EA8154DC
:1044200047EA8357A4FB076802958D0A05FB0785B9
:104430004FEA932C04FB0C542705029D4FEA0658C3
:1044400047EA1637B5EB08056EEB070C870E920EA0
:1044500047EA811742EA8312A7FB0201B6EB0B0180
:1044600064EB00042B0D43EA0C335E1844EB1C5044
:10447000DA465146E7FB0201C5F313044FEA0B335A
:1044800043EA14534FEA0432019C43EA0603A4F1C1
:104490000C040294009CCDE900B400F0FDF803B0D8
:1044A000BDE8F08F00200146F9E730B5041E71F138
:1044B000000404DB4FF00044404264EB0101141E91
:1044C00073F1000405DB1C464FF00043524263EBDE
:1044D0000403101A8B4101D2012030BD002030BDF1
:1044E0000EB540F2334102910021CDE900110A4698
:1044F0000B4600F0D1F803B000BD00F0004230F0F0
:1045000000400AD0C10D01F56071C0F3160042EA07
:104510000151C2084007114370470020014670470F
:1045200001F0004330B421F0004150EA010206D00E
:104530000A0DA2F56072C1F31301002A02DC30BC3F
:1045400000207047440F44EAC104C100E01830BCA9
:1045500000EBC25000F031B8202A04DB203A00FA08
:1045600002F1002070479140C2F1200320FA03F3CA
:10457000194390407047202A04DB203A21FA02F0C8
:104580000021704721FA02F3D040C2F1200291408D
:10459000084319467047202A06DBCB17203A41FA18
:1045A00002F043EAE07306E041FA02F3D040C2F1C0
:1045B000200291400843194670470029A8BF704760
:1045C000401C490008BF20F00100704710B4B0FA49
:1045D00080FC00FA0CF050EA010404BF10BC7047E4
:1045E00049B1CCF1200421FA04F411FA0CF118BFFE
:1045F000012121430843A3EB0C01CB1D4FEA0061CD
:104600004FEA102042BF002010BC704700EBC3509F
:1046100010440029A4BF10BC7047401C490008BFCB
:1046200020F0010010BC7047F0B400F0004221F00F
:10463000004120F00040CE0DC30DC1F3160141F43E
:104640000001C0F316004C42154640F40000761EEF
:1046500009E010EB440002D582F00042404288425B
:10466000F7D840005B1EB342F9DA18B1F0BC002164
:10467000FFF7ACBF2846F0BC704710B5141E73F1AD
:10468000000408DA401C41F1000192185B411A4312
:1046900001D120F0010010BD2DE9F04D92469B465E
:1046A00011B1B1FA81F202E0B0FA80F22032904604
:1046B000FFF752FF04460F4640EA0A0041EA0B01A9
:1046C00053465A46084313D0114653EA010019D005
:1046D000C8F140025046FFF74EFF05460E465046D1
:1046E00059464246FFF738FF084305D0012004E051
:1046F00020463946BDE8F08D0020054346EAE076C5
:104700002C4337430A986305E40AA0EB0800002213
:10471000FD0A44EA47540A3002D500200146E9E781
:10472000010510196941DDE9084500196941BDE835
:10473000F04DA2E71CB509480090094801900546D4
:10474000009C06E0E06840F0010394E80700984709
:104750001034AC42F6D3FFF71BFD0000744401088F
:104760009444010830B58C1810F8012B12F00F0397
:1047700001D110F8013B120906D110F8012B03E01A
:1047800010F8015B01F8015B5B1EF9D101E001F853
:10479000013B521EFBD1A142E6D3002030BD0000F8
:1047A0000146806B036C026C13F0500F08D0D206E8
:1047B00048BF00F0AFBB806BC26C0846104700BF1B
:1047C00042F40071016401688A6812F0405F01D010
:1047D00000F05EBB027E002AFAD1CA6A12F4700FA2
:1047E00002D08A685205F3D44A6822F020024A6057
:1047F000016C21F480710164016CC90448BF00F0B0
:1048000047BB016C41F00101016400F041BB0000B5
:10481000806B40210164416C41F00401416400F06F
:1048200079BB0000806B00F073BB00002DE9F04302
:1048300081B040F2E83EC2F2000E9EF90D304FF01A
:104840004B08B3F1FF3FC8BF4FF023085A064FF0A3
:104850004B0258BF23229C064FF04B0458BF232421
:10486000DD064FF04B0558BF23251E074FF04B06C2
:1048700058BF23265F074FF04B0758BF23279807E1
:104880004FF04B0041F6007158BF2320DB07C2F206
:1048900000014FF04B0308BF2323C1E906039EF834
:1048A0000C00C1E9008201F10802F0C242B2B2F18B
:1048B000FF3F4FF04B089EF80E30C8BF4FF0230863
:1048C00044064FF04B0958BF4FF0230985064FF0BF
:1048D0004B0558BF2325C6064FF04B0658BF23266D
:1048E00007074FF04B0758BF232742074FF04B02F3
:1048F00058BF232284074FF04B0458BF2324C0071E
:104900004FF04B0008BF2320C1E9088901F12808B6
:10491000C86358B288E8E000B0F1FF3F4FF04B08A1
:10492000C1E90D24C8BF4FF023085A064FF04B02CF
:1049300058BF23229C064FF04B0458BF2324DD06AA
:104940004FF04B0558BF23251E074FF04B0658BFAD
:1049500023265F074FF04B0758BF232798074FF0D8
:104960004B0058BF2320DB074FF04B0308BF232326
:1049700088659EF91000C1E9108201F14802B0F18A
:10498000FF3F4FF04B08F0C2CB65C8BF4FF0230884
:1049900043064FF04B0358BF232384064FF04B04CC
:1049A00058BF2324C5064FF04B0558BF23250607E3
:1049B0004FF04B0658BF232647074FF04B0758BF11
:1049C000232782074FF04B0258BF2322C0074FF026
:1049D0004B0008BF23208A679EF90F20C1E9188386
:1049E00001F16803B2F1FF3F4FF04B08F0C3C86715
:1049F000C8BF4FF0230853064FF04B0358BF232383
:104A000094064FF04B0458BF2324D5064FF04B05B6
:104A100058BF232516074FF04B0658BF23265707CC
:104A20004FF04B0758BF232790074FF04B0058BF5C
:104A30002320D2074FF04B0208BF2322C1F8980071
:104A40009EF91100C1E9208301F18803B0F1FF3F15
:104A50004FF04B0EF0C3C1F89C20C8BF4FF0230E9F
:104A600043064FF04B0358BF232387064FF04B07F5
:104A700058BF2327C6064FF04B0658BF232605070D
:104A80004FF04B0558BF232544074FF04B0458BF48
:104A9000232482074FF04B024FF04B0C58BF2322C8
:104AA000C00708BF4FF0230CC1E928E3C1E92A760B
:104AB000C1E92C54C1E92E2C01F1C0004FF4C8719A
:104AC000FFF7C8FB01B0BDE8F0830000FEE700007F
:104AD00041F2C830C2F2000000F0C6BD00207047AD
:104AE0000020704710B541F25C04C2F2000440F6A9
:104AF0002631C2F200012046002207F0ABF940F651
:104B00002611C2F20001204607F096F9002010BDE0
:104B1000B0B504460EF00CFF41F25C05C2F2000590
:104B20002846214607F088F9284607F05FF900205B
:104B3000B0BD00000020704741F25C02C2F20002EA
:104B4000D2F8BC22D2F81432002B1CBF01207047CF
:104B500010B541F25C04C2F200040A460146204648
:104B600007F078F92046BDE8104007F0F7B90000DB
:104B700010B541F6C044C2F200042046002104F002
:104B8000E9FF2046042104F0E5FF2046082104F057
:104B9000E1FF2046002104F095F92046042104F0AD
:104BA00091F920460821BDE8104004F08BB90000BF
:104BB00041F2B040C2F2000001F084B841F27050FE
:104BC000C2F2000001F07EB841F21050C2F20000C3
:104BD00001F078B841F2F030C2F2000001F072B892
:104BE00041F25040C2F2000001F06CB841F2D050E6
:104BF000C2F2000001F066B841F23060C2F200007B
:104C000001F060B87047000010B541F6C044C2F230
:104C100000042046002104F0D7FD2046042104F0C2
:104C2000D3FD2046082104F0CFFD2046002104F0EA
:104C3000C9F82046042104F0C5F820460821BDE843
:104C4000104004F0BFB8000072B602200EF0FABAAD
:104C5000F0B581B040F2A027044643F60C46C2F2FC
:104C600000070020C4F20206F86101F059FC316827
:104C7000C9031BD43068C0071CBF012030603068F6
:104C800010F0F20F30D03068C00631D430688006A2
:104C900037D4306840063DD43068000643D43068CD
:104CA000800749D4012001B0F0BD00BFC4B1054662
:104CB000601C10D13068C003DCD53068C00344BF2D
:104CC00030685FEAC030D5D53068C003F2D4D1E790
:104CD0003068C003CED501F023FC401BA042F7D9B9
:104CE000032001B0F0BD00BF002001B0F0BD00BF47
:104CF000F86940F01000F8611020306030688006DC
:104D0000C7D5F86940F00800F861202030603068AD
:104D10004006C1D5F86940F00400F86140203060D9
:104D200030680006BBD5F86940F00200F8618020C9
:104D3000306030688007B5D5F86940F02000F86130
:104D400002203060012001B0F0BD000070B581B0DC
:104D50000022009290F83C20012A03D1022001B0E9
:104D600070BD00BFD1F800E00122BEF10A0F1FFAAA
:104D70008EFC80F83C2009D34FEA4C02036812FAFB
:104D80008EF2A2F11E0403F10C0204E003680EEBA4
:104D90004E0403F1100207251668A54026EA050512
:104DA00015608D68166805FA04F434431460496888
:104DB000062907D801EB81014A1F194651F8345FD3
:104DC0000FE000BF0C2901EB810105D8A1F12302FE
:104DD000194651F8305F04E0A1F14102194651F83B
:104DE0002C5F1F24944025EA04040C600CFA02F2A4
:104DF0000C6842F2043CC4F2010C2243ACF541744D
:104E0000A3420A603ED1BEF1120F07D1DCF80010B8
:104E100041F48001CCF8001034E000BF2EF0010115
:104E200010292FD1DCF80010BEF1100F41F4000161
:104E3000CCF8001026D140F23001C2F2000109681E
:104E40004DF68362C4F21B32A1FB0212910C01EBFE
:104E50008101490000910099A1B1009901390091A7
:104E6000009979B1009901390091009951B10099E7
:104E700001390091009929B10099013900910099F7
:104E80000029EAD1002180F83C10002001B070BD5B
:104E9000006842F20011C4F20101884218BF704755
:104EA00040F2FC30C2F200008178C27800EE101AA5
:104EB0009FED151AB8EE400A20EE010A01EE102A05
:104EC0009FED123AB8EE411AB3EE082A21EE021A0B
:104ED00030EE032A81EE021AB6EE002A43F65C3267
:104EE000C0F6010280ED030A31EE021ABDEEC11ACE
:104EF00011EE101A515C00EE101AB8EE400A0121B2
:104F000080ED040A417070473A07543E9A9999BE61
:104F10007047000070470000002804BF0120704760
:104F200010B5016C00293DD0016CC90645D4016C57
:104F300041F202129143023142F204320164C4F29E
:104F40000102116821F440311160136890E81210D9
:104F50002343D0F810E013604A68012422F48072E1
:104F60004A604A68C0F6007442EA0E224A604A6803
:104F700022F040724A604A6842EA0C024A608A683B
:104F800022F400628A60C2688B681A438A60826A6F
:104F90008B68A24223F070638B608B6810D123F082
:104FA000405216E0044600F065F820460021616496
:104FB00084F83C10016CC906B9D5012153E000BF4B
:104FC0001A438A608A6822F040528A60C26A8B68FB
:104FD0001A438A608A6822F002028A608A68037E25
:104FE00090F8204042EA43028A604A6884B142F461
:104FF00000624A604A684EF2000322F460424A604E
:10500000426ACFF6FF734C6803EB4232224301E061
:1050100022F400624A60CA6A40F2000C22F4700274
:10502000CA62C3694269CFF6F07CCC6A0CEB0353C9
:105030002343CB628B6823F400738B6090F830308D
:105040008C6844EA43238B608B6823F480638B6015
:105050008B6843EA82228A6000214164026C01234A
:1050600063F301020264002280F83C20BDE8104096
:1050700008467047F0B587B00446006842F2001158
:10508000C4F2010100268842CDE90566CDE9036638
:10509000029647D042F20001C4F20101884240F07A
:1050A000878043F630000196C4F20200416941F462
:1050B00080714161416901F480710191019901960A
:1050C000016841F001010160006802A900F00100DF
:1050D00001900198072002900320CDE903060020EB
:1050E000C4F2020001F03EF941F2F03546F2104000
:1050F000C2F20005C4F202004FF48061C5E9000667
:1051000005F110004FF400624FF400534FF4807C1F
:1051100080E80E104FF40030C5E90266C5E90806C4
:105120003DE000BF43F630000196C4F20200416941
:10513000032741F400714161416901F4007101915B
:1051400001990196016841F001010160006802A91E
:1051500000F0010001900198602002900020C4F24C
:105160000200CDE9037601F0FDF846F21040C4F2EA
:10517000020041F250453030C2F200054FF000719C
:105180004FF4806285E843000420C5E90362C5E965
:105190000566EE61C5E90860C5E90A762E63284612
:1051A00000F072FE002818BFFFF74EFDA563AC6348
:1051B00007B0F0BDB0B582B00023019390F83C3049
:1051C000012B03D1022002B0B0BD00BF8E460123E7
:1051D000016880F83C308B689446DB0729D18B68E6
:1051E0004DF6836443F001038B6040F23003C2F25A
:1051F00000031B68C4F21B34A3FB0434A30C03EBB1
:1052000043030193019BA3B1019B013B0193019BCC
:105210007BB1019B013B0193019B53B1019B013B7E
:105220000193019B2BB1019B013B0193019B002B3F
:10523000EAD18B68DB0503D58B6823F480738B6020
:105240008C68036CE4070BD143F01001016400F19A
:105250004401002001220B681A430A6002B0B0BD6D
:1052600040F20174A34303F5807303644B685B054C
:1052700004D5036C012464F30D330364046C002330
:10528000E4044FF0000444BF446C24F0060444647A
:1052900080F83C30836B44F2A17444F62502C0F6DA
:1052A0000004C0F60002C3E90F4244F61102C0F642
:1052B0000002DA646FF022020A604A6842F20434A3
:1052C00042F080624A608A68054642F480728A60D1
:1052D0004C31184672466346C4F2010400F086FE63
:1052E00022682968D20605D0A4F54172914225D0E2
:1052F00002B0B0BD42F20002C4F20102914215D0E8
:1053000042F20022C4F2010291420CD042F2001299
:10531000C4F201029142EBD12268D20606D0A4F574
:1053200082729142E4D12268D206E1D451F8082F6A
:1053300012F0405FDCD14FF080428CE74FF6045111
:10534000CFF6FF71615811F0405FD1D1A4F53F71E4
:105350004FF080427FE7000090F82020013A012AB8
:1053600008D8006800F11402002013681943116086
:10537000704700BF00F1240201204FF48021136820
:10538000194311607047000010B590F820E0D0F884
:1053900000C0AEF1010EBEF1010FDCF808E011D83B
:1053A0001EF0E05F18D0CEF301640120A040186029
:1053B0008B68DBB1D1F804E0C86840EACE0040EA6F
:1053C000030E17E000F1240301204FF480211A6836
:1053D0001143196010BD00BF00F1240301204FF4F8
:1053E00000111A681143196010BD00BF0868CB682E
:1053F00043EA405E0CF5C07000EB0413240140F852
:1054000004E00C69184640F8044F097D012903D1D6
:10541000016841F48071016050680121D860106812
:10542000986000201A681143196010BD90F8202080
:10543000013A012A30D8B0B546F20060C4F200004B
:10544000026842F001020260026822F47C520260AB
:10545000D1F814E0CC694A6A0368012C43EA0222BD
:1054600002600EF01F024FF0010303FA02F2C3695B
:105470006FEA020C23EA0203C36113D02CBBC3689A
:1054800003EA0C03C360CB688C8844EA034300EB57
:10549000CE0423640B4611E0416A41F4802141624D
:1054A00001207047C3681343C3600B688C8844EACB
:1054B000034300EBCE04236401F10C038C681B88CA
:1054C00043EA044300EBCE04636443688D6943EA16
:1054D0000204D1F810E0096A002D08BF03EA0C04A9
:1054E00044604369BEF1000F43EA020408BF03EAC7
:1054F0000C040129446102D1C1691143C1610168F1
:1055000021F0010101600020B0BD000070470000E3
:10551000B0B590F82040013C012C7DD8D0F800C0F7
:1055200000290CBFDCF80C40DCF81040A4077DD04B
:105530000CF5D8754FEA011C55F80C4014F0040422
:10554000946055F80CE005EB011C19BF4FEADE052D
:1055500055604FEA5E551560DCF80050E64605F0F0
:105560000205D5605EF8044F24075ABFDEF80040FC
:1055700004F00F0408241461DEF800400029C4F38D
:1055800007249461DEF800504FEA15455561DCF8B8
:1055900008201A70026802EB0112D2F8B8214FEA13
:1055A00012225A70026802EB0112D2F8B8214FEAB7
:1055B00012429A70026802EB0112D2F8B8214FEA47
:1055C0001262DA70026802EB0112D2F8BC211A7181
:1055D000026802EB0112D2F8BC214FEA12225A7182
:1055E000026802EB0112D2F8BC214FEA12429A7112
:1055F000026802EB0112D2F8BC214FEA1262DA71A2
:1056000000680CBF00F10C0100F110010020202205
:105610000B681A430A60B0BD00F1240101204FF469
:1056200080220B681A430A60B0BD00BF00F124015C
:1056300001204FF400120B681A430A60B0BD00004D
:1056400090F820100139012984BF002070470068BC
:10565000816882688068C1F38061C2F3C0621144CE
:10566000C0F30070084470472DE9F04F81B0044644
:1056700000684669D0F804908768D0F80CB0D0F87C
:1056800010A0D0F81880F10704D1002530071DD4F0
:1056900024E000BFF90710D00121BA07816009D4C6
:1056A000780700F1AF80380700F1B680204600F09F
:1056B000A1FA02E0204600F09FFA0025F80500F16B
:1056C0008780F80300F1B180300707D51BF0100088
:1056D00004D0206845F400751021C160700708D51A
:1056E0001BF0080005D020680821C160204600F0AA
:1056F000C9F9B00706D52068C068800702D02046E7
:1057000000F0C2F9700607D51AF0100004D0206826
:1057100045F4806510210161B00608D51AF0080033
:1057200005D0206808210161204600F0FFF9F0064D
:1057300006D520680069800702D0204600F0F8F9FD
:10574000B00308D519F0100005D020681021416081
:10575000204600F0EFF9F00308D519F0080005D055
:10576000206808214160204600F050FA300440F1E2
:105770009B805FEA497040F1948006F4807008EAEB
:10578000102028435FEA8871014648BF41F00201BA
:10579000B20558BF01465FEA48700D4648BF45F064
:1057A0000405700558BF0D46300540F17A8018F0A9
:1057B000700000F076801038000905286CD8DFE80A
:1057C00000F003655D61596945F0080564E000BFBC
:1057D00020684FF48071BA0581600BD4780515D428
:1057E00038051DD4204600F009FAF8037FF56CAFA8
:1057F0001BE000BF204600F003FAF8037FF564AF1A
:1058000013E000BF4FF4006558E700BF05F50055F1
:10581000F8037FF559AF08E04FF480554EE700BF1D
:1058200005F58045F8037FF54FAF20684FF48031D0
:10583000BA0381600AD4780310D4380314D4204604
:1058400000F0E0F930073FF541AF47E7204600F0B0
:10585000DBF930073FF53AAF40E700BF05F50045FB
:1058600030073FF533AF39E705F5803530073FF5B1
:105870002DAF33E745F080050EE000BF45F0200571
:105880000AE000BF45F0400506E000BF45F0100506
:1058900002E000BF45F480752068816921F0700145
:1058A000816120680421416055B1606A40EA0501C8
:1058B0002046616201B0BDE8F04FFFF727BE00BF90
:1058C00001B0BDE8F08F0000002804BF0120704740
:1058D000B0B5044690F8200010B9204600F06EF8EC
:1058E0002068016841F00101016000F019FE0546E1
:1058F00020684168C90705D100F012FE401B0B2843
:10590000F6D310E0016821F00201016000F008FE0A
:10591000054600BF2068416889070DD500F000FEEC
:10592000401B0B28F6D3606A052140F4003060620A
:10593000012084F82010B0BD217E0268012922F0E8
:10594000800208BF80320260617E0268012922F075
:10595000400208BF40320260A17E0268012922F0A5
:10596000200208BF20320260E17E0268012922F095
:10597000100218BF10320260217F0268012922F054
:10598000080208BF08320260617F0268012922F024
:10599000040208BF04320260D4E901C2D4E903352D
:1059A00061691A432A431143ACF101021143C161F9
:1059B00000200121606284F82010B0BD2DE9F04381
:1059C00087B040F20044C4F202040068A4F5CE316E
:1059D00000268842CDE90566CDE90366029603D02C
:1059E00007B0BDE8F08300BF43F640000196C4F263
:1059F0000200016802AD41F08061016001684FF072
:105A0000020801F0806101910199019601684FF04F
:105A1000030941F0007101600168092701F000717C
:105A200001910199019650F8101C41F0020140F8D3
:105A3000101C50F8100C294600F00200019001984B
:105A400020200290012004902046CDF80C80CDF853
:105A50001490069700F086FC4020CDE9020820460D
:105A60002946CDE90469069700F07CFC402002211C
:105A7000032200F0F1FD402000F0DCFD07B0BDE89E
:105A8000F083000070470000F0B589B007AC6A46AB
:105A900000212346FFF73CFD90B140F20C20C2F2FA
:105AA000000001790531CAB2322A01713CD340F2BB
:105AB0003C20C2F200000221017009B0F0BD00BF1D
:105AC00040F20C26C2F200060099326840F23C20F7
:105AD000C2F2000003239142037017D17079D8B14C
:105AE00006F10805B11D28460DF0F2F8049848B1FA
:105AF000002700BFE11928460DF0EAF804980137A5
:105B00008742F7D3F11D28460DF0E2F8307958B1FD
:105B10000138307109B0F0BD9DF8101007A809F0E8
:105B200089FE30790028F3D109B0F0BD704700003C
:105B30007047000070470000B0B5044690F82000A0
:105B400001281DD1022084F820002068016821F07E
:105B50000101016000F0E4FC054600BF20684068D8
:105B6000C00713D000F0DCFC401B0B28F6D3606AA2
:105B700040F400306062052084F820000120B0BDB0
:105B8000606A40F4002060620120B0BD00206062C5
:105B9000B0BD0000B0B5044690F82000022819D12D
:105BA0002068016841F00101016000F0B9FC054680
:105BB00020684168C90713D100F0B2FC401B0B28D4
:105BC000F6D3606A40F400306062052084F820005B
:105BD0000120B0BD606A40F4801060620120B0BD59
:105BE000016821F002010160012084F820000020FA
:105BF000B0BD000070470000704700007047000013
:105C000070470000704700007047000070470000B8
:105C100070B5866D044600F083FC94F835100229B7
:105C200028D105462068216C026822F01602026025
:105C3000426922F08002426109B9A16C19B1016880
:105C400021F008010160016821F00101016000BF3D
:105C500020680068C00715D000F062FC401B0628D1
:105C6000F6D320206065032084F83500002184F8F5
:105C7000341070BD802060650120002184F834104C
:105C800070BD00BFE06D3F2101FA00F0B06001205F
:105C900084F835000020002184F8341070BD000025
:105CA00090F83510022909D1052180F835100068D7
:105CB000016821F0010101600020704780214165E9
:105CC00001207047F0B581B00021009140F2300111
:105CD000C2F200010B68D0E9166148F2B5153768C9
:105CE0000822C1F64E358A403A42A3FB05350CD056
:105CF00003681C68640708D51C6824F004041C6051
:105D0000B260426D42F00102426501228A403A428D
:105D100008D003685B691B0604D5B260426D42F08F
:105D20000202426504228A403A4208D003681B6896
:105D30009B0704D5B260426D42F004024265102216
:105D40008A403A4219D001680B681B0715D5B2602A
:105D50000B680A685B0309D4D20509D40A6822F0EB
:105D600008020A60016C29B907E000BF110341D4A1
:105D7000016C11B1044688472046C26D202101FA0A
:105D800002F33B4243D001680F68FF063FD5B36082
:105D900090F835700B68052F1CD123F016030B60AB
:105DA0004B6923F080034B61036C0BB9836C1BB10F
:105DB0000B6823F008030B603F219140B160012183
:105DC00080F83510016D0022002980F8342054D16C
:105DD00058E000BF0A685B0310D4D20512D40A68E9
:105DE00022F010020A60012180F83510002180F8AD
:105DF000341007E0816C0029BCD1BEE7110301D447
:105E0000416C00E0C16B11B1044688472046416DEA
:105E1000C1B3416DC9072ED0052180F83510016846
:105E2000AA0A0B6823F001030B60009B0133934225
:105E300000931AD80B68DB0717D0009B01339342FD
:105E4000009312D80B68DB070FD0009B01339342FD
:105E500000930AD80B68DB0707D0009B01339342FD
:105E6000009302D80B68DB07DFD1012180F83510E1
:105E7000002180F83410C16C21B101B0BDE8F040C0
:105E8000084700BF01B0F0BD2DE9F041044600F025
:105E900047FBECB10546022084F83500002021685C
:105EA00084F83400086820F0010008602168086860
:105EB000C00711D000F034FB401B0528F6D903259C
:105EC00020230320636584F83550BDE8F08100BFCE
:105ED0000120BDE8F08100BF086848F23F02CFF220
:105EE0001002D4E9013500EA020C04F10C0898E82C
:105EF000C10143EA0C032B431843D4E9072E304376
:105F000038431043626A40EA0E00042A40EA08035C
:105F10001CD1206BD4E90A2E40EA0E001843086019
:105F20004869BEF1000F20F0030040EA020040F093
:105F3000040C11D0B8F5005F36D0B8F1000F45D190
:105F4000022A46D0012A3BD032B942E00B604869B0
:105F500020F0070040EA020C01F0F8004AF6AB22FC
:105F60001038CAF6AA22A0FB02231A0943F65433BA
:105F7000C1F814C0C0F601039A5C40F2FF335F28F9
:105F80004FF03F0021EA030100FA02F088BF04311C
:105F9000C4E916128860002301250020636584F897
:105FA0003550BDE8F08100BF032AD5D80125402334
:105FB0000120DFE802F0030E030500BF82E700BF07
:105FC000AEF1C070B0FA80F0400904E0032A04D3B7
:105FD000C2D1CEF300600028BED0012540230120AD
:105FE000636584F83550BDE8F081000090F834C056
:105FF000BCF1010F04BF0220704770B54FF0010CD7
:1060000080F834C0D0F858E090F835C0BCF1010FEA
:1060100038D14FF0020C80F835C04FF0000CC0F8BA
:1060200054C0D0F800C08468056CC06DDCF8006016
:10603000402C26F48026CCF80060CCF804300B46C7
:1060400004BF13460A463F2101FA00F0CCF808309D
:10605000CCF80C20CEF80800DCF8000040F0160068
:10606000CCF800002DB1DCF8000040F00800CCF8BE
:106070000000DCF8000040F00100CCF80000002037
:1060800070BD00BF002180F83410022070BD0000F8
:10609000B0B5044600F044FA054640F20400C2F2EE
:1060A00000000078611C18BF044400BF00F038FAFB
:1060B000401BA042FAD3B0BD2DE9F04381B040F2BD
:1060C000A028C2F2000898F81820012A04D1022062
:1060D00001B0BDE8F08300BF0546012088F8180034
:1060E0004CF250308946FEF7B3FD28B1002188F804
:1060F000181001B0BDE8F0834FF0FF30C9F8000080
:10610000286843F610470128C4F202071CD1286909
:106110003968000221F440713960396880B241F079
:10612000040139603968084340F4803038604CF22B
:106130005030FEF78DFD396821F00401396057F8C1
:10614000101C89053BD452E0D5E9026030448642F8
:1061500030D2F000841C00BF28694FF44072C1B2F5
:10616000032939684FEA002021F440713960396809
:1061700038BF82B241EA02003860386820F0780007
:106180003860386820433860386840F480303860C0
:106190004CF25030FEF75CFD3968002821F07A019E
:1061A000396047D1D5E9020101360844864204F13D
:1061B0000804D1D3002057F8101C890517D557F8CB
:1061C000101C21F4007147F8101C57F8101C41F402
:1061D000006147F8101C57F8101C21F4006147F8C3
:1061E000101C57F8101C41F4007147F8101C57F8A8
:1061F000101C49057FF57AAF57F8101C21F4806117
:1062000047F8101C57F8101C41F4805147F8101C37
:1062100057F8101C21F4805147F8101C57F8101C37
:1062200041F4806147F8101C002188F8181001B073
:10623000BDE8F083C9F8006057F8101C8905BED48A
:10624000D5E7000043F61041C4F20201086840F0AF
:10625000004200200A6070472DE9F04140F2A0247E
:10626000C2F20004277E012F04BF0220BDE8F081A6
:106270000546012020764CF2503098460F461646CF
:10628000FEF7E6FC20B100212176BDE8F08100BFD9
:106290002A46022D43F61045C4F202051ED0012AFB
:1062A000314638460CD03ABB2A6822F440722A6044
:1062B0002A682A602A6842F001022A6001702CE0F4
:1062C0002A6822F440722A602A6842F480722A60A6
:1062D0002A6842F001022A6001801EE0286820F44A
:1062E00040702860286840F400702860286840F0FA
:1062F000010028603E6010E02A6822F440722A60A3
:106300002A6842F440722A602A6842F001022A6038
:106310000160BFF36F8FC0F804804CF25030FEF77D
:1063200097FC296821F00101296000212176BDE850
:10633000F081000043F60440C4F20200C168B1F1EC
:10634000FF3FC4BF0020704740F22311C4F26751E1
:10635000016048F6AB11CCF6EF510160C068C00F88
:10636000704700002DE9F04F83B000F1200200F1EA
:106370003E4741F60045009207F1FF77C4F202055F
:1063800008224FEAB726A84208BF072200254FF08F
:1063900000084FF00009072E38BF4FEAB7220192DC
:1063A0000AE000BF09F1010908F10208B9F1100F74
:1063B00005F1040500F0A2800F68012202FA09FE2F
:1063C00017EA0E0AEED0D1F804C003220CF003073E
:1063D0007E1E02FA08F4012E6FEA040B12D88468BC
:1063E000CE6804EA0B0406FA08F634438460446875
:1063F00024EA0E06CCF3001404FA09F4264346609E
:1064000004E000BF032F01D103271EE0C6688C689B
:1064100006EA0B0604FA08F42643022FC66014D1DC
:106420006FF00302009E02EA590756F807C005F014
:106430001C040F220B69A2402CEA0202A3401A435B
:10644000F251D1F804C00CF00307026807FA08F310
:1064500002EA0B021A431CF4403F0260A2D0002261
:1064600043F644030292C4F202031A6843F600445E
:1064700042F480421A601A68C4F2010402F48042B5
:106480000292029A29F003024FF6084C2244CFF6FA
:10649000FF7C52F80C3005F00C070F26BE40B343CA
:1064A000019E06FA07F73B4342F80C30A2684B689E
:1064B00042EA0A0743F60C4CDE0258BF22EA0A07FA
:1064C000A760C4F2010CDCF800209E0242EA0A0731
:1064D00058BF22EA0A07CCF8007062689E0342EABD
:1064E0000A0758BF22EA0A0767602268DB0342EA0C
:1064F0000A0758BF22EA0A07276053E703B0BDE83E
:10650000F08F0000426902EA0103914341EA03412E
:1065100081617047002A08BF09048161704700004B
:1065200041F6FC60C2F200000068704780B582B09E
:10653000FFF7F6FF4EF21401CEF200010A68496837
:106540000132511A019101994FF47A735943B1FB09
:10655000F2F100FB031002B080BD000040F2040025
:1065600041F6FC61C2F20000C2F2000100780A6844
:10657000104408607047000080B543F60040C4F244
:106580000200016841F400710160016841F480611A
:106590000160016841F480710160032000F088F817
:1065A000032000F005F800F027F8002080BD00006F
:1065B00070B540F20406C2F2000640F230013278B3
:1065C000C2F200014FF47A730968B3FBF2F2044699
:1065D000B1FBF2F1084602F057FB0F2C4FF001051A
:1065E00008D838B94FF0FF3021460022002500F0CE
:1065F00033F87460284670BD82B0002043F6400135
:106600000190C4F202014A6842F480424A604A683A
:1066100002F480420192019A0090086840F0805094
:106620000860086800F0805000900098052002B0D3
:1066300000F03EB8002848BF704700F01F0101225B
:1066400002FA01F11C2202EAD0004EF20012CEF250
:10665000000281507047000010B54EF60C5CCEF27F
:10666000000CDCF80030C3F3022E8EF00704042C7B
:1066700028BF0424BEF103034FF0FF3E0EFA04F4DA
:1066800038BF0023A14399400EFA03F39A43114304
:1066900000F00F0200F160430901043A03F564437E
:1066A0006244002848BF02F10C03197010BD0000BD
:1066B0004EF60C51CEF200010A684FF6FF031A4065
:1066C00060F30A2242F0806040F0FD70086070477D
:1066D0007047000002680020516270472DE9F041C8
:1066E000D0F80080D8F8243091B1D8F82870B1F1F2
:1066F000010C03EB17414FD05FFA8CF708F582735A
:10670000042F0CF0030E0BD2002700242BE000BF57
:1067100043EA02410020C8F82810BDE8F08100BF1C
:106720000CF0FC0508F1F406002400BF56F8107FB9
:1067300044F0020001EB174144F00107FFB253F8A7
:106740002770C0B253F8200001EB174101EB104055
:1067500044F00301C9B253F821100434E7B2AF4248
:1067600000EB1141E2D1BEF1000F15D053F8270024
:10677000BEF1010F01EB10410ED0601CC0B253F806
:106780002000BEF1020F01EB104105D0A01CC0B2E9
:1067900053F8200001EB104141EA024008EB8C0164
:1067A000C1F804010020BDE8F0810000D0F8E00449
:1067B00005F010BF01EBC102D0F8E03400EB82001D
:1067C000026A184605F06ABE01EBC102D0F8E03457
:1067D00000EB8200D0F86022184605F0BDBE000034
:1067E000D0F8E00405F0F8BE10B501F00F0E0A462F
:1067F0004FFA81FC0EEBCE0100EB810303F515711E
:10680000BCF1000F48BF03F1140190F89434D20991
:10681000012B4A7081F800E004BF022010BD02681D
:10682000012380F894340446104606F0DFFC002073
:1068300084F8940410BD0000037901F00F029A421D
:1068400084BF0120704710B502EBC20300EB830345
:106850004FFA81FC8E4603F51571BCF1000F48BF5D
:1068600003F114014FEADE134B7090F894344FF0AB
:10687000000C012B81F802C00A7004BF022010BD79
:106880000268012380F894340446104606F0A2FF03
:10689000002084F8940410BD01F00F0101EBC10148
:1068A00000EB8100D0F868027047000010B54FFA85
:1068B00081FE01F00F0CBEF1000F6FF3DF220CEB35
:1068C000CC010DD400EB810E00240EF515718EF86D
:1068D00055428EF854C2CEF85C228EF8583209E048
:1068E00000EB810101F814CF01244C708A600B7118
:1068F000A1F81AC0022B04BF00224A7190F8942418
:10690000012A04BF022010BD0268012380F89434DC
:106910000446104606F0DCFA002084F8940410BD0A
:1069200010B501F00F0E0EEBCE0100EB81044FF01D
:10693000000CC4F868C284F855C290F806C004F58B
:106940001571C4F86022C4F86432BCF1010F84F8F8
:1069500054E208BFCA610068624606F085FF002065
:1069600010BD0000B0B5027901F00F0494424FF061
:1069700001022CD801EBC10300EB83034FFA81FC29
:1069800003F5157304EBC405C90900EB8505BCF1DB
:10699000000F48BF05F11403597090F894149A70D1
:1069A00001291C7004BF0220B0BD0168054680F8B3
:1069B00094240846194606F037FF2CB92868A979AF
:1069C00005F29C4206F0D8FE002285F89424104679
:1069D000B0BD000001F00F0C0CEBCC0100EB81010D
:1069E00001F814CF4FF0000C0B618379C1F814C08B
:1069F0004FF0010CCA60012B81F801C008BFCA61C9
:106A000080B500681A4606F02FFF002080BD000008
:106A10002DE9F04F87B005688246284607F040F917
:106A200010B107B0BDE8F08FDAF8000007F066F9A2
:106A30000028F6D0D5F80808C0F30D21DAF80000D8
:106A4000CAF8D41407F05AF90146DAF800008907A9
:106A500003D5416901F00201416105F5006104912E
:106A600007F04CF90146DAF80000C906059535D55E
:106A7000816921F0100181612C6A04F00F0000EBA4
:106A8000C0000AEB8001C4F34340062801F51575E8
:106A900012D002281BD147F6F07014EA000616D077
:106AA000E96834090598224607F02CF9E86800EBFC
:106AB0001610E86008E000BF05980AF29C41082221
:106AC00007F020F9C4F30A14686920446861DAF811
:106AD0000000816941F010018161059D07F00EF908
:106AE000000340F1F180DAF8000007F0E5F8002833
:106AF00000F0EA8006460AF29C404FF43068002419
:106B00004FF0000B069019E005EB080002218160B0
:106B1000B80642BF05EB080020218160B80442BFDF
:106B200005EB08004FF4005181600BF1010B760872
:106B300008F1200804F1240400F0C680F007F4D026
:106B4000DAF800005FFA8BF9494607F0CFF80746FC
:106B5000C00760D005EB080001218160DAF8000071
:106B600008EB0001036C8A689AF80650012D25D1C4
:106B7000150733D4950600F19F8043F20B05C4F648
:106B80005475AB42059D02D312F4004230D10AEB9A
:106B90000402D2F8743209696FF3DF41A3EB0101FB
:106BA000C2F868129CBBD2F86432002B00F08A80D5
:106BB000D2F860020844C2F8600228E043F20B05F4
:106BC000C4F65475FF35AB4218D1059D10040FD49F
:106BD000900644BF2020886019E000BF43F20B00FC
:106BE000C4F65470059D834215D312F4004012D0B0
:106BF0004FF40040886038070FD43DE0059D34B95C
:106C0000DAF8641219B90021069A06F0B5FD50466B
:106C10004946FFF7D9FD38072ED505EB08000821B6
:106C20008160DAF8000043F20B02056C4044816891
:106C3000C4F6547295420BD311F4004108D04FF4BE
:106C400000418160504600F019FD059D0AE000BF3B
:106C5000504600F013FD43F20B00C4F65470854219
:106C6000059D09D39AF80600012805D1DAF800003D
:106C7000069A012106F080FDF80642BF05EB0800E8
:106C800010218160B8077FF543AF6869000604D51D
:106C90000499486840F4806048600AEB040090F86A
:106CA000571201297FF430AF002180F85712504667
:106CB000494600F031FB27E720208860059D380712
:106CC000ABD4D9E701219FE7DAF80000CDF818A08E
:106CD00007F014F8400340F1D3800698006806F0EE
:106CE000E3FF002800F0CC800646069805F5106901
:106CF00000F1140100F29C40002703910190CDF8AF
:106D0000089004E0760807F1010700F0B980F00769
:106D1000F8D006985FFA87FA0068514606F0D4FF6B
:106D20000446C00726D0049A07F00F00516B0123D8
:106D300003FA00F021EA0000506309EB471083607A
:106D400006988079012811D1039907EBC70001EB60
:106D50008000D0E902121144C1603FB9006928B92E
:106D60000698019A0068012106F006FD0698514632
:106D7000FFF720FD200742BF09EB47100821816083
:106D8000E00642BF09EB471010218160600642BF58
:106D900009EB471040218160A00716D528463946E7
:106DA00006F010FF039907EBC70001EB800010F815
:106DB000031F012905D1002101700698514600F0FA
:106DC000A7FA09EB47100221816020069AD50399A2
:106DD00007EBC70001EB8008D8E90420824291D379
:106DE0000699D8F808300C68111A994238BF0B463A
:106DF00004EB4711D1F818C903F1030E1FFA8CF305
:106E0000B3EB9E0F2DD301F5106900BFD8F8102009
:106E1000824224D9101A069AD8E902B195795845C8
:106E200038BF83461FFA8BF3204652460095059DD6
:106E300007F010FAD8F80C00D8F814105844C8F825
:106E40000C0001EB0B00C8F81400D9F818100BF176
:106E5000030289B2B1EB920FD8D2D8F81020DDF836
:106E6000089082423FF64EAF07F00F00D4F8341876
:106E7000012202FA00F021EA0000C4F8340841E7D8
:106E8000DDF81890D9F8000006F038FF002821D46A
:106E9000D9F8000006F032FF00053AD4D9F8000016
:106EA00006F02CFFC00445D50499486820F0010085
:106EB0004860D9F80000102106F084FE99F804001B
:106EC000010600F0EC80C1B2042900F0030035D2C5
:106ED00000219AE00499486820F00100486099F880
:106EE000CC04012808D1002089F8CC0448460021B0
:106EF000FFF7EEFB03E000BF484600F0A3FBD9F824
:106F00000000416901F00041416106F0F7FE000513
:106F1000C4D504988068C00702D0484600F0D6FB6C
:106F2000D9F80000416901F40061416106F0E6FE14
:106F3000C004B9D4D9F80000DDE000BF6FF06002F2
:106F400002EA411200234FF67F370021EE18C6F8FF
:106F50000879D6F80059803325F40015C6F8005991
:106F6000C6F8087BD6F8005B9A4225F40015C6F8EF
:106F7000005BD6F8005B01F1040145F00065C6F83E
:106F8000005BC6F82879D6F8205925F40015C6F814
:106F90002059C6F8287BD6F8205B25F40015C6F8E2
:106FA000205BD6F8205B45F00065C6F8205BC6F88C
:106FB0004879D6F8405925F40015C6F84059C6F866
:106FC000487BD6F8405B25F40015C6F8405BD6F840
:106FD000405B45F00065C6F8405BC6F86879D6F8B6
:106FE000605925F40015C6F86059C6F8687BD6F8D4
:106FF000605B25F40015C6F8605BD6F8605B45F071
:107000000065C6F8605B059DA0D1002847D005F556
:10701000106202EB41134FF67F374E019F60955986
:10702000059B25F4001503F53063955103EB4115DD
:10703000AF609D59012825F400159D519D5945F0DB
:1070400000659D512BD04E1C02EB46147501A760C4
:10705000545903EB461624F400145451B7605F5999
:10706000022827F400175F515F5947F000675F510E
:1070700015D0881C02EB40174FF67F364101BE60E9
:10708000575803EB401027F40017575086605858A4
:1070900020F400105850585840F000605850049F99
:1070A0008421F869442240F00110F86199F80F003A
:1070B00000284FF00B0008BF142108BF42F22B003C
:1070C0007B5808BF102218437850B85840F00B0086
:1070D000B850386809F29C4220F4FE603860D9F854
:1070E000000099F8061006F047FBD9F80000416946
:1070F00001F48051416106F001FE0146D9F800001B
:1071000089041AD505F026FFD9F8000006F0BAFD6B
:10711000D9F8004089F8070000F0A4FB99F807208F
:107120000146204607F00AF8484600F075FAD9F8FB
:107130000000416901F40051416106F0DFFD0007E4
:1071400006D4D9F8000006F0D9FD00060DD437E0CA
:10715000484600F07BFAD9F80000416901F00801C7
:10716000416106F0CBFD00062AD50599886920F01B
:107170008000886199F80400022821D309F515746C
:1071800009F11405012640F27B2704E0013686420E
:1071900007F1240714D219F807100129F6D106F0D7
:1071A0000F0000EBC0023006D9F8000005EB8201A9
:1071B00058BF04EB820106F075FC99F80400E5E77E
:1071C000D9F8000006F09AFDC0024BD4D9F80000AF
:1071D00006F094FD059D80027CD599F804100229E3
:1071E00026D305F53260013909F51F72012304E049
:1071F0002030013902F124021AD007681678012ED6
:10720000F6D1B7F1FF3FF3DCD9F8D46486EA17472B
:10721000FF07EDD102F8013CAF6947F08007AF618D
:107220006F693F06E4D40499486840F400704860F0
:10723000D9F80000416901F40011416106F05EFDDA
:1072400040004DD54846FFF7B1FAD9F80000416932
:1072500001F08041416106F051FD40077FF5E1AB4F
:1072600045E000BF99F80400022827D3059909F1E9
:10727000140401F5126509F13B064FF001080127DE
:1072800006E000BF01372035874206F1240615D2FB
:1072900029687278012AF5D1B1F1FF3FF2DC07F0DD
:1072A0000F0000EBC001D9F8000004EB810186F863
:1072B000008006F0F7FB99F80400E3E7D9F8000036
:1072C000416901F48011416106F018FD059D8002BD
:1072D0003FF583AFD9F8000006F010FD4000B1D4AF
:1072E000D9F8000006F00AFD40077FF59AABD9F8FF
:1072F00000004468610704D54846FFF771FAD9F8E1
:10730000000041682143416007B0BDE8F08F0000F4
:10731000D0F8E00405F0C4B9D0F8E00405F0D6B91F
:10732000002804BF01207047F0B581B0044605680D
:1073300090F8950428B9002084F89404204600F0C1
:1073400027F90320B5F1A04F84F8950404BF00206D
:10735000A071206806F008FA94E80F00267C0096D9
:1073600005F008FE002840F000812068002106F0AA
:107370001FFD002840F0F98094F804E0BEF1000FF2
:1073800000F0EC800EF0030CBEF1040F4FF0000291
:1073900040D30EF0FC03A4F190000321012500BFAF
:1073A000CE1E80F8A460A0F8BE608E1E80F8C86073
:1073B000A0F8E2604E1E80F8EC60A0F8066180F84C
:1073C0001011A0F82A110E1D013180F8A55080F887
:1073D000A820C0E92B22C0F8B42080F8C95080F85A
:1073E000CC20C0E93422C0F8D82080F8ED5080F8D5
:1073F000F020C0E93D22C0F8FC2080F8115180F84F
:107400001421C0E94622C0F820219030994231462B
:10741000C6D1F21EBCF1000F31D004F1140002EB12
:10742000C20100EB8105012300F821200021BCF1FD
:10743000010F6B706A832971C5E9021129611ED0A1
:10744000551C05EBC50600EB8607BCF1020F7B70EF
:1074500000F826507D833971C7E9021139610ED0D9
:10746000911C01EBC10200EB8203012500F8221000
:1074700000205D7059831871C3E902001861BEF1E4
:10748000000F6BD0BEF1040F4FF0000236D30EF0A8
:10749000FC000321234600BFCF1E83F854728F1EC9
:1074A00083F878724F1E83F8C0120D1D013183F8E6
:1074B000552283F85822C3E99722C3F8642283F83F
:1074C000792283F87C22C3E9A022C3F8882283F8BA
:1074D0009D2283F89C7283F8A022C3E9A922C3F8F5
:1074E000AC2283F8C12283F8C422C3E9B222C3F8D4
:1074F000D022903381422946CED1EA1EBCF1000F42
:107500002CD004F5157002EBC20300EB83070021B9
:10751000BCF1010F797000F823203971C7E902111D
:1075200039611BD0531C03EBC30700EB8706BCF18A
:10753000020F717000F827303171C6E90211316114
:107540000CD0911C01EBC10200EB820300275F709D
:1075500000F822101F71C3E902771F6194E80F0041
:10756000277C009705F0A4FE30B1022084F8950432
:10757000012001B0F0BD00BF00206074012084F83C
:107580009504206805F084FE002001B0F0BD0000E5
:10759000B0B586B000680024B0F1A04F0594CDE9E5
:1075A00003440294019401D006B0B0BD43F6300507
:1075B0000094C4F20205286801A940F00100286087
:1075C000286800F00100009000984FF4C05001902E
:1075D0000220CDE90204032004900A200590002037
:1075E000C4F20200FEF7BEFE6868032140F080008E
:1075F000686000946869032240F4804068616869AB
:1076000000F48040009000984320FFF725F84320C5
:10761000FFF710F806B0B0BD10B50446C07928B128
:10762000022801D0FDF710FB012100E00021D4F871
:10763000E00405F0D3F8D4F8E004BDE8104005F00C
:1076400081B80000D0F8E00405F0AEB8D0F8E0044E
:1076500005F0B4B890F89424012A04BF02207047C2
:1076600010B5012280F89424417402680446104643
:1076700006F052FD002084F8940410BDD0F8E024F8
:1076800000F29C41104605F0BFB8000010B504465A
:1076900090F89404012804BF022010BD2068012145
:1076A00084F89414C168490606D5617B012903D189
:1076B000816B41F48031816306F07CFA206805F02B
:1076C000D7FD002084F8940410BD000010B50446D6
:1076D000D0F8E00405F0EEF82068D0F8001E41F084
:1076E0000101C0F8001EE07A002808BF10BD4EF668
:1076F0001050CEF20000016841F00601016010BD9B
:10770000002804BF012070472DE9F04143F6080826
:10771000C4F202080446D8F8F8030D4600F007004A
:10772000884207D288F8F853D8F8F80300F0070029
:10773000A84277D12068810717D5410705D5D8F829
:10774000001041F4E051C8F80010010705D5D8F841
:10775000001041F46041C8F80010D8F80010A26889
:1077600021F0F0011143C8F80010C00740D1D8F84B
:10777000F80300F00700A84207D988F8F853D8F8B2
:10778000F80300F00700A8424CD12068410707D554
:10779000D8F80010E26821F4E0511143C8F8001055
:1077A000000708D5D8F80000216920F4604040EABD
:1077B000C100C8F8000000F083F8D8F8001043F6C4
:1077C000FC22C1F30311C0F60102515C40F2300209
:1077D00020FA01F140F20800C2F200000068C2F293
:1077E00000021160FEF7E4FE0020BDE8F08100BF5A
:1077F0006068811E022907D258F8081C89015CBF05
:107800000120BDE8F08111E0012807D158F8081CDB
:1078100089035CBF0120BDE8F08107E058F8081C2F
:10782000890703D40120BDE8F08100BFD8F800101B
:1078300021F003010843C8F80000FEF771FE064678
:1078400041F28837D8F80000616800F00C00B0EB16
:10785000810F8CD0FEF764FE801BB842F2D9032062
:10786000BDE8F08140F23000C2F2000000687047CD
:1078700040F2300043F60801C2F20000C4F20201F7
:107880000068096843F60C32C1F38221C0F6010298
:10789000515CC8407047000040F2300043F60801D8
:1078A000C2F20000C4F202010068096843F60C321B
:1078B000C1F34231C0F60102515CC840704700007C
:1078C00010B543F60404C4F20204606800F00C0032
:1078D00008280BD0042819BF42F20040C0F2F4007F
:1078E00047F64000C0F27D1010BD00BF206821683F
:1078F0002368490247F64001C0F27D1100F03F02C3
:10790000C3F388105CBF42F20041C0F2F401A1FB56
:1079100000010023FCF754FC21680222C1F301415D
:1079200002EB4101B0FBF1F010BD0000002804BFE4
:10793000012070472DE9F04182B00446007843F6FB
:107940000006C007C4F202060CD0B06800F00C00BC
:10795000042840F081803068800303D560680028E7
:1079600000F06881207880071BD5B06810F00C0FFC
:1079700009D0B06800F00C00082840F087807068DB
:10798000400200F183803068800703D5E068012859
:1079900040F050813068216920F0F80040EAC100D1
:1079A00030602078000713D4207840072AD4A569D6
:1079B000002D00F03A81B06800F00C00082840F07B
:1079C000A580012D40F00E81012002B0BDE8F081BC
:1079D0006069002800F082800020C4F24720012165
:1079E000C0F8801EFEF79CFD054600BF706F800743
:1079F000DAD4FEF795FD401B0228F7D9032002B028
:107A0000BDE8F081306C5FEAC0080AD40020019024
:107A1000306C40F080503064306C00F08050019049
:107A2000019847F20007C4F200073868C00547D440
:107A3000386840F480703860FEF772FD054600BF7C
:107A40003868C0053CD4FEF76BFD401B0228F7D90F
:107A5000032002B0BDE8F081B06800F00C000828F7
:107A600003D1706840023FF576AF61683068B1F5C8
:107A7000803F07D0B1F5A02F40F09A8040F48020DD
:107A80003060306840F4803030609AE0E068002870
:107A900040F20000C4F247205CD001210160FEF7F3
:107AA0003FFD0546306880073FF574AFFEF738FDAF
:107AB000401B0228F6D9032002B0BDE8F08100BFC8
:107AC000A168306F012905D0052955D140F0040087
:107AD0003067306F40F00100306756E00020C4F29C
:107AE00047200021C0F8801EFEF71AFD054600BFA2
:107AF000706F80077FF558AFFEF712FD401B02281C
:107B0000F6D9032002B0BDE8F08100BF0027C4F21F
:107B1000472700203866FEF703FD022D05460DD1EC
:107B20003068800140F18A80FEF7FAFC401B022891
:107B30004FF00300F4D902B0BDE8F0813068800155
:107B400073D5FEF7EDFC401B02284FF00300F5D97A
:107B5000F1E700BF00210160FEF7E2FC054600BF2F
:107B6000306880077FF51DAFFEF7DAFC401B022866
:107B70004FF00300F4D9DEE720F001003067306FEA
:107B8000002920F0040030677AD0FEF7C9FC0546D2
:107B900041F28837306F800700F18480FEF7C0FC27
:107BA000401BB842F6D9032002B0BDE8F08100BF07
:107BB00020F4803030603068002920F4802030606C
:107BC0007AD0FEF7ADFC0546306880033FF5CAAEBB
:107BD000FEF7A6FC401B6428F6D9032002B0BDE8DE
:107BE000F08100BF7068E16900F480028A4221D10F
:107BF000216A00F03F028A421CD147F6C071626AD6
:107C00000140B1EB821F15D1A16A4FF6FF73C90382
:107C1000994300F44032A1F580318A420AD1E16AE9
:107C200000F07060B0EB016F04D1002002B0BDE83D
:107C3000F08100BF012002B0BDE8F08104F11C0515
:107C40002FCD084340EA8210D9034FF6FF729143CB
:107C5000A1F5803140EA0560084370600120386674
:107C6000FEF75EFC044600BF30688001DDD4FEF7FD
:107C700057FC001B02284FF00300F5D95BE700BF5B
:107C8000FEF74EFC054641F2883700BF306F800793
:107C900008D5FEF745FC401BB8424FF00300F5D96C
:107CA00049E700BFB8F1000F3FF581AE306C20F01E
:107CB000805030647BE600BFFEF732FC054600BF13
:107CC000306880037FF54EAEFEF72AFC401B642827
:107CD0004FF00300F4D92EE710B584B040F2300124
:107CE000C2F20001096841F6F112C0F27652A1FB1E
:107CF0000212510A642251430291029904460391EF
:107D00000168486820F0200048604868000607D4F1
:107D10004868400637D44868800768D49CE000BFB4
:107D20004AF66D60C0F600006064039810B30398D3
:107D30000138039094F8510007281FD00398C8B168
:107D400003980138039094F85100072816D003983F
:107D500080B103980138039094F8510007280DD0A2
:107D6000039838B103980138039094F8510007281C
:107D7000DBD103E0606D40F0400060650298039045
:107D800048684006C7D54AF6D150C0F600002064C6
:107D9000039818B303980138039094F8510007280A
:107DA00020D00398D0B103980138039094F8510083
:107DB000072817D0039888B103980138039094F8E6
:107DC000510007280ED0039840B103980138039062
:107DD00094F851000728DBD104E000BF606D40F04B
:107DE00040006065029803904868800734D5A06C15
:107DF00090B300210165FDF70BFF00281CBF402058
:107E000060652168486820F0020048600398F8B176
:107E1000039801380390886880071DD40398B8B18F
:107E20000398013803908868800715D4039878B1C7
:107E3000039801380390886880070DD4039838B1FF
:107E400003980138039088688007DFD504E000BFFD
:107E5000606D40F0400060654868C00712D0E06C7B
:107E600080B100210165FDF7D3FE00281CBF402032
:107E700060652168086820F040000860486820F0CC
:107E8000010048600023E387E386606D4FF0010C3A
:107E900040284FF001001CBF636500200193CA68B1
:107EA00001928A680192019A01938968019101996E
:107EB00084F851C004B010BD41F62041C2F2000167
:107EC000884218BF704710B582B00020C4F202008B
:107ED0004FF400410122FEF71DFB41F62044C2F29F
:107EE0000004204600F01EF8012805D041F620408D
:107EF000C2F20000FFF7F0FE002001902168CA687E
:107F000001928A680192019A009089680091009913
:107F100040F2AC31C2F200010876086202B0BDE85E
:107F20001040704790F8510070470000B0B582B023
:107F300001684A688B6803F04105012D08D112F0F1
:107F4000400505D0016C02B0BDE8B040084700BF55
:107F50009D0707D512F0800504D0416C02B0BDE842
:107F6000B040084713F4B07F18BF12F0200501D1CC
:107F700002B0B0BD5D0618D590F85150032D09D15F
:107F800000200190C868019088680190019802B0B3
:107F9000B0BD00BF456D45F0040545650025019560
:107FA000CD6801958D680195019D9D0604D4DB0582
:107FB00011D4436DDBB9DBE7456D45F0010545653F
:107FC000002501958D6801950D6825F040050D602F
:107FD000019DDB05EDD5436D43F0080343650023A8
:107FE00001938B680193019B436D002BC0D04B68BC
:107FF000920723F0E0034B604FF0010380F851300B
:1080000026D04A684AF6896422F003024A60C16CAD
:10801000C0F6000459B1054608460C65FDF740FE60
:108020000146284619B1416D41F040014165816C1E
:1080300000299DD00C6504460846FDF731FE002856
:1080400096D0606D40F04000606502B0B0BD00BFEA
:1080500002B0BDE8B040FFF72FBF000070B528B1F7
:10806000416A29B100210161142106E0012070BD9F
:108070004168B1F5827F02D01C21002242500026C7
:10808000866290F8511029B980F85060054600F0DA
:108090003DF82846022180F8511090E82E0002F4A5
:1080A00082720C6803F4044324F040040C601A4408
:1080B00005F4006305691A4405F0020345691A4492
:1080C00005F001038569C4691A4405F400731A4474
:1080D00004F03803046A1A4404F08003846A1A43E3
:1080E00004F400531A430A60436A042202EA154268
:1080F00003F010031A444A60CA6922F40062CA619C
:108100000121466580F85110304670BD2DE9F04FD1
:1081100087B00446006843F60041C4F2000100271E
:108120008842CDE90577CDE90377029734D043F64D
:108130000001C4F20001884240F0AB80002043F609
:1081400030010190C4F202010A6942F480420A61DE
:108150000A6902F480420192019A01900A6842F091
:1081600002020A60096801F00201019101994FF4CD
:10817000604102910221CDE903100520069040F6EE
:108180000000C4F202000591A0F5806002A9FEF78C
:10819000E9F807B0BDE8F08F43F630000197C4F26C
:1081A0000200016940F6000B41F4004101610169E0
:1081B000C4F2020B01F40041019101990197016899
:1081C00002AE41F00401016000684FF0020A00F0C5
:1081D0000400019001984FF4A050029001254FF047
:1081E000060858463146CDE903A70595CDF8188015
:1081F000FEF7B8F84FF40069CDF8188046F2100881
:1082000058463146CDE9029ACDE90455C4F2020838
:10821000FEF7A8F841F2B045C2F200054FF4806BBA
:108220004FF4005A4FF400362846C5E90087C5E9E7
:108230000277C5E904B9C5E906A7C5E90867FDF7EE
:1082400023FE002818BFFCF7FFFCE564AC6341F295
:10825000105508F17800C2F200050021402285E89F
:1082600007002846C5E9031BC5E9059AE961C5E988
:108270000861FDF709FE002818BFFCF7E5FC332074
:1082800002210222A564AC63FEF7E6F93320FEF773
:10829000D1F907B0BDE8F08F2DE9F04182B0044676
:1082A00090F8510001281AD100294FF0010018BFA1
:1082B000002A03D102B0BDE8F08100BF60681D460E
:1082C0001746B0F5827F03D1A068002800F0BC807B
:1082D0000E46FEF725F994F85010012904D102202A
:1082E00002B0BDE8F08100BF8046012084F8500054
:1082F0000420002184F851006165A663A787E78701
:108300002163A186E186A2682068B2F5004F21644E
:10831000616437D0016849063FD5E168E08F0029E4
:1083200043D000287AD0681C0BD11AE0C068A16B3A
:1083300021F8020BA163E08F0138E087E08F00286D
:108340006CD020688168C907F0D1FEF7E9F8A0EB8E
:108350000800A842F2D342E0FEF7E2F8E08F0028DE
:108360005CD020688168C907F6D0C068A16B21F88D
:10837000020BA163E08F0138E087E08F0028F0D185
:108380004CE000BF016821F040010160016821F468
:108390008041016001684906BFD4016841F0400195
:1083A0000160E168E08F0029BBD1B8B3681C0CD133
:1083B00024E000BF007BA16B0870A06B0130A063BC
:1083C000E08F0138E087E08F40B320688168C907FB
:1083D000F0D1FEF7A5F8A0EB0800A842F3D30120E6
:1083E00084F85100002084F85000032002B0BDE85A
:1083F000F08100BFFEF794F8E08F78B120688168C3
:10840000C907F7D0007BA16B0870A06B0130A06397
:10841000E08F0138E087E08F0028EFD16068B0F589
:10842000827F0ED1A068B0F5004F02D0B0F5806F0A
:1084300016D12168B0F5806F0A6822F040020A6008
:108440000ED1204601210DE0042084F85100204681
:108450000A463B46009500F061F902B0BDE8F081A4
:108460002046802100222B46CDF8008002F002FE3B
:1084700028B1606D40F0200060652020606501201B
:1084800084F85100002084F85000606D002818BF67
:10849000012002B0BDE8F081704700007047000085
:1084A0002DE9F04184B01D4616460F460446FEF7FE
:1084B00037F894F8511001290ED18046002F4FF063
:1084C000010018BF002E03D104B0BDE8F08100BF49
:1084D00094F85000012803D1022004B0BDE8F081D7
:1084E000012084F850000320002184F851006165C8
:1084F0002763A686E686A163A187E187A068216439
:10850000B0F5004F2068616407D1016821F0400197
:108510000160016841F4804101600168490603D4AB
:10852000016841F0400101606168731EE268B1FAC0
:1085300081F1B3FA83F349095B09B2F5006F41EAAF
:10854000030139D131B137F8021BC1602763E08ED6
:108550000138E086E08E002870D0681C0BD11AE04C
:10856000216B31F8022BC2602163E08E0138E08676
:10857000E08E002862D0206881688907F0D4FDF77A
:10858000CFFFA0EB0800A842F2D338E0FDF7C8FF08
:10859000E08E002852D0206881688907F6D5216BCB
:1085A00031F8022BC2602163E08E0138E086E08E54
:1085B0000028F0D142E000BF39B139780173206B57
:1085C00001302063E08E0138E086E08EB0B3681C95
:1085D0000BD123E0216B09780173206B01302063FC
:1085E000E08E0138E086E08E40B32068816889071C
:1085F000F0D4FDF795FFA0EB0800A842F3D30120CB
:1086000084F85100002084F85000032004B0BDE835
:10861000F08100BFFDF784FFE08E78B120688168AB
:108620008907F7D5216B09780173206B013020632E
:10863000E08E0138E086E08E0028EFD1204602214E
:1086400001222B46CDF8008002F014FDE0B1606DF0
:1086500040F02000606520206065A06838B90020E7
:1086600002902068C16802918068029002980120FF
:1086700084F85100002084F85000606D002818BF75
:10868000012004B0BDE8F08140F23000C2F20000E9
:10869000006849F68171C1F25E61A0FB0101480DDD
:1086A0004FF47A71484303906068B0F5827F0BD134
:1086B0002046802100222B46CDF8008002F0DAFC13
:1086C0000028C4D1C9E700BF03980028C5D003988B
:1086D00001380390206880680006BED50398002802
:1086E000BBD0039801380390206880680006B4D599
:1086F00003980028B1D0039801380390206880685F
:108700000006AAD503980028A7D003980138039043
:10871000206880680006D7D49FE700002DE9F04369
:1087200083B01E4615460F460446FDF7F9FE94F841
:1087300051108146012909D1002F4FF0010018BFC7
:10874000002D0FD103B0BDE8F08300BF6068B0F525
:10875000827F0DD104294FF00200F3D1A1680029D6
:10876000EAD0EFE7002EEDD094F85000012803D1B5
:10877000022003B0BDE8F083012084F8500094F893
:108780005100002104281CBF052084F851006165B8
:10879000A563E687A6872763E6862068A686216408
:1087A00061640168490603D4016841F04001016039
:1087B0006168731EE268B1FA81F1B3FA83F3DDF800
:1087C000288049095B09B2F5006F41EA030165D1D0
:1087D00031B137F8021BC1602763E08E0138E086B3
:1087E000012518F1010032D102E000BFFDF798FE2B
:1087F000E08E18B9E08F002800F0B880206881680A
:1088000089070CD5E18E51B1012D08D1216B0025CE
:1088100031F8022BC2602163E18E0139E186816863
:10882000C907E3D0E18F0029E0D0C068A16B012522
:1088300021F8020BA163E08F0138E087D6E700BF83
:10884000FDF76EFEA0EB0900404580F0A580E08EAC
:1088500018B9E08F002800F08980206881688907B6
:108860000CD5E18E51B1012D08D1216B002531F8D5
:10887000022BC2602163E18E0139E1868168C9075C
:10888000DED0E18F0029DBD0C068A16B012521F883
:10889000020BA163E08F0138E087D1E739B1397865
:1088A0000173206B01302063E08E0138E0860125E2
:1088B00018F1010032D101E0FDF732FEE08E10B96F
:1088C000E08F002852D02068816889070ED5E18E9C
:1088D00061B1012D0AD1216B002509780173216B4B
:1088E000206801312163E18E0139E1868168C90781
:1088F000E2D0E18F0029DFD0C068A16B01250870AC
:10890000A06B0130A063E08F0138E087D4E700BF9F
:10891000FDF706FEA0EB090040453DD2E08E08B908
:10892000E08F18B32068816889070ED5E18E61B1A8
:10893000012D0AD1216B002509780173216B206874
:1089400001312163E18E0139E1868168C907DFD0F9
:10895000E18F0029DCD0C068A16B01250870A06BF5
:108960000130A063E08F0138E087D1E72046022183
:1089700001224346CDF8009002F07CFBB0B1606D5F
:1089800040F02000606520206065002084F85000E1
:10899000012003B0BDE8F083012084F851000020DD
:1089A00084F85000032003B0BDE8F08340F23000AB
:1089B000C2F20000006849F68171C1F25E61A0FB5D
:1089C0000101480D4FF47A71484302906068B0F598
:1089D000827F0BD12046802100224346CDF80090B3
:1089E00002F048FB0028CAD124E000BF029808B377
:1089F0000298013802902068806800061AD5029813
:108A0000C0B102980138029020688068000611D534
:108A1000029878B1029801380290206880680006B8
:108A200008D5029830B10298013802902068806819
:108A30000006DBD4A06838B9002001902068C16826
:108A40000191806801900198012084F85100002074
:108A500084F85000606D002818BF012003B0BDE805
:108A6000F083000070B590F85150012D08D1002915
:108A70004FF0010C18BF002A0ED1604670BD00BF38
:108A80004468B4F5827F0DD1042D4FF0020CF4D16F
:108A90008568002DEBD0F0E7002BEED090F8505019
:108AA000012D01D1022070BD012580F8505090F8B1
:108AB00051500024042D1CBF052580F851504465F9
:108AC00001638386C38682638387C387C0E91044BA
:108AD00090F851104AF6B5634AF6BD66C0F6000339
:108AE000C0F600060568D0F84CC0042908BF1E4631
:108AF0004AF6C5614AF67173C0F60001C0F600037C
:108B000008BF0B464AF69561C0F60001CCE90F3666
:108B1000CCE91314C38F064605F10C016046FDF73E
:108B200065FA38B1706D40F010007065012086F86C
:108B3000504070BD3568316BB06C6B6805F10C024C
:108B400043F001036B60C0E90F44C0E91344F38EA6
:108B5000FDF74CFA40B1706D40F0100070650020D8
:108B600086F85000012070BD30683546016849061E
:108B700003D4016841F0400101604FF0000C85F81A
:108B800050C0416841F020014160416841F002015C
:108B90004160604670BD000041F62041C2F2000114
:108BA000884218BF704770B582B00024C4F2020436
:108BB00020464FF400410122FDF7ACFC40F2AC35F9
:108BC000C2F20005287E012846D10220287641F60F
:108BD0002040C2F20000FFF7A5F9012814D1204679
:108BE0004FF400410022FDF795FC41F6204040F291
:108BF000C22105F10802C2F20000C2F20001022304
:108C00000226FFF72FFFB8B320464FF400410122A0
:108C1000FDF780FC41F62044C2F200042046FFF735
:108C200081F9012805D041F62040C2F20000FFF78B
:108C300053F8002001902168CA6801928A68019265
:108C4000019A01908968019101992876286202B001
:108C5000BDE87040704700BF287E0228F7D172B689
:108C6000A888E8802889688162B60320287602B047
:108C7000BDE87040704700BF2E7602B0BDE870407E
:108C80007047000070470000411E0020B0EB116FDC
:108C90001CBF012070474EF21002CEF2000251605C
:108CA0004EF62351CEF20001F0230B7007219060A5
:108CB00011607047704700007047000090F83C203A
:108CC000012A04BF02207047B0B501F108053CCD70
:108CD000D1E900CE23F47C5322F470521A432EF4CF
:108CE000F0431A432CF4E0431A4324F4C0431A43DC
:108CF0002A43C96922F48042036811435964002160
:108D000080F83C100020B0BD90F83C20012A4FF0C4
:108D1000020254D010B580F83D200268D2F804E079
:108D2000D2F808C00C682EF07003234341F2FF74A0
:108D3000C4F20004A24253600EDC40F2FF73C4F29E
:108D400000039A4216DCB2F1804F2BD040F2004370
:108D5000C4F2000324E000BF40F2FF33C4F2010379
:108D60009A4213DC41F60003C4F200039A4219D080
:108D7000002313E040F60003C4F200039A4211D02E
:108D800040F60043C4F200030AE000BF44F20003CF
:108D9000C4F201039A4205D040F20043C4F2010339
:108DA0009A4204D149682CF0800319439160012153
:108DB000002280F83D1080F83C20BDE810401046AD
:108DC00070470000C1B1042908D0082914BF45220A
:108DD0004422825C012A05D016E000BF4322825C57
:108DE000012A11D10222082910D0042914BF80F8C9
:108DF000452080F843200BE090F84220012A03D15F
:108E0000022280F8422003E00120704780F84420CD
:108E1000006801F00F010422036A02FA01F123EA5B
:108E200001020262026A11430162416C41F2FF7267
:108E3000C4F2000241F40041904241640EDC40F271
:108E4000FF71C4F20001884216DCB0F1804F2BD0D4
:108E500040F20041C4F2000124E000BF40F2FF31C3
:108E6000C4F20101884213DC41F60001C4F20001A2
:108E7000884219D0002113E040F60001C4F200013D
:108E8000884211D040F60041C4F200010AE000BF60
:108E900044F20001C4F20101884205D040F20041D1
:108EA000C4F20101884206D1816801F00701062958
:108EB00004BF00207047016841F0010101600020FB
:108EC0007047000010B5026801F00F0E4FF0040C5F
:108ED000146A0CFA0EF324EA03031362136A136292
:108EE000146A41F211131C4206D1D2F820C040F29C
:108EF00044441CEA040F0DD0146A1C4211D1136AB9
:108F000040F2444423420CD1136823F00103136060
:108F100007E000BF546C24F400445464146A1C42FB
:108F2000EDD0082912D004290AD000294FF0010100
:108F300014BF80F8451080F84210002010BD00BF1B
:108F4000012180F84310002010BD00BF012180F8EE
:108F50004410002010BD0000002804BF012070470D
:108F600010B5044690F83D0028B9002084F83C0074
:108F7000204600F01FF8022084F83D002068211DE3
:108F800002F0ACF9012084F8460084F83E0084F831
:108F90003F0084F8400084F8410084F8420084F8DF
:108FA000430084F8440084F8450084F83D00002024
:108FB00010BD00002DE9F04182B0016840F200428E
:108FC000C4F2010291423DD040F60002C4F2000218
:108FD000914233D18046002043F640010190C4F213
:108FE00002010A6841F2705442F004020A60096802
:108FF000C2F2000401F004010191019946F2580106
:10900000C4F202014FF08062402384E80E0004F1B4
:109010000C014FF480654FF480564FF48047E1C156
:10902000C4E9070060622046FCF72EFF002818BF45
:10903000FBF70AFEC8F82840C4F8388002B0BDE843
:10904000F08100BF0020009043F64000C4F202000F
:109050004168002241F0020141604068002100F0B7
:109060000200009000982C20FDF7F6FA2C2002B0A8
:10907000BDE8F041FDF7DEBA90F83D1001291CBFB4
:1090800001207047022180F83D10006841F2FF7214
:10909000C168C4F20002904241F00101C1600DDCE0
:1090A00040F2FF71C4F20001884215DCB0F1804F3C
:1090B0002AD040F20041C4F2000123E040F2FF3127
:1090C000C4F20101884213DC41F60001C4F2000140
:1090D000884219D0002113E040F60001C4F20001DB
:1090E000884211D040F60041C4F200010AE000BFFE
:1090F00044F20001C4F20101884205D040F200416F
:10910000C4F20101884206D1816801F007010629F5
:1091100004BF00207047016841F001010160002098
:109120007047000090F83C20012A4FF002026CD0FA
:1091300080B580F83D20D0F800C04FF67772DCF89B
:10914000083023EA0202CCF808200B684F2B29DCF8
:109150001F2B45DD202B46D0302B44D0402B40F038
:10916000AF80D1F804E0C968DCF82030DCF82020BA
:1091700022F00102CCF82020DCF8182022F0F002C6
:1091800042EA011123F00A0242EA0E02CCF818105A
:10919000CCF82020DCF8081041F0470121F0300124
:1091A00028E000BF6F2B33DDB3F5005F74D0B3F55B
:1091B000805F21D0702B40F08380D1E901E3C96842
:1091C000DCF8082043EA0E0322F47F4243EA01213F
:1091D0001143CCF80810DCF8081041F0770109E0E1
:1091E0000BB1102B6CD1DCF8081021F07001194381
:1091F00041F00701CCF808100022012180F83D1051
:10920000002180F83C10BDE880401046704700BF48
:10921000502B21D0602B53D1D1F804E0C968DCF881
:109220002030DCF8202022F01002CCF82020DCF8DE
:10923000182022F4704242EA013123F0A00242EAEF
:109240000E12CCF81810CCF82020DCF8081041F0F1
:10925000670121F01001CDE7D1F804E0C968DCF81E
:109260002030DCF8202022F00102CCF82020DCF8AD
:10927000182022F0F00242EA011123F00A0242EA29
:109280000E02CCF81810CCF82020DCF8081041F0C1
:10929000570121F02001ADE7D1E901E3C968DCF80D
:1092A000082043EA0E0322F47F4243EA01211143DE
:1092B000CCF80810DCF8081041F480419AE700BFB0
:1092C00001229AE7704700007047000070B504461D
:1092D0000068C5680669B10716D515F0020113D0FC
:1092E0006FF002010161012121778069800703D0BD
:1092F0002046FFF7E9FF05E0204600F00FF9204681
:1093000000F04EFA00202077700719D515F0040000
:1093100016D020686FF00401016102212177806975
:1093200010F4407F04D02046FFF7CEFF06E000BFD8
:10933000204600F0F3F8204600F032FA00202077B3
:10934000300717D515F0080014D020686FF0080119
:10935000016104212177C069800703D02046FFF70F
:10936000B3FF05E0204600F0D9F8204600F018FAD7
:1093700000202077F00619D515F0100016D02068CF
:109380006FF01001016108212177C06910F4407F5E
:1093900004D02046FFF798FF06E000BF204600F00B
:1093A000BDF8204600F0FCF900202077F00718BF38
:1093B00015F0010002D1300609D412E020686FF0E8
:1093C00001010161204600F079FC300609D515F055
:1093D000800006D020686FF0800101612046FFF711
:1093E00069FC700609D515F0400006D020686FF0C2
:1093F00040010161204600F085FCB00658BF70BDF9
:1094000015F0200008D021686FF0200220460A6184
:10941000BDE87040FFF750BC70BD00002DE9F04181
:1094200086B0006840F20041C4F201010026884283
:10943000CDE90466CDE90266019621D040F600012F
:10944000C4F20001884265D1002043F6300100904B
:10945000C4F202010A6842F002020A60096801F0DF
:10946000020100910099802101910221CDE90210B1
:10947000CDE9040140F20040C4F2020047E000BF21
:1094800043F630000096C4F20200016840F2004446
:1094900041F0010101600168C4F2020401F0010120
:1094A000009100990096016801AD41F00201016050
:1094B00001684FF0020801F0020100910099009646
:1094C0000168032741F0040101600068294600F0AB
:1094D00004000090009880200190A4F58060CDE900
:1094E000028604960597FCF73DFF20462946CDE904
:1094F0000178CDE903660597FCF734FF4FF4E0707F
:10950000CDE9010804F58060CDE90366059701A95E
:10951000FCF728FF06B0BDE8F081000070470000AE
:1095200090F83C30012B04BF022070474FEAB20292
:10953000032A00F2FF802DE9F043DFE802F003B1D7
:109540003F7F00BF036840F200461C6A1A6A24F09D
:10955000020422F001021A621A46D3F804C052F83B
:1095600018EF8F6843F48065C4F20106B54244EAFF
:10957000070405D1CF6824F00C0427F004073C430E
:109580000F68B54206D1D1E905582CF440762E4338
:1095900046EA080C2EF073063743C3F804C09F61F7
:1095A0004F6809695F631C629F6947F008079F6104
:1095B0009F6927F004079F61B1E000BF036840F294
:1095C00000481C6A1A6A24F4007422F480721A6239
:1095D0001A46D3F804C052F81CEF8F6843F4806534
:1095E000C4F20108454544EA072408D1CF6840F297
:1095F000FF463F0224F4406427EA06063443D1F8CC
:109600000090454506D1D1E905562CF440572E432C
:1096100047EA061C2EF0730747EA0907C3F804C09F
:10962000DF614F680969DF631C62DF6947F0080783
:10963000DF61DF6927F00407DF6170E0036840F253
:109640000045D3F820C01A6A43F4806722F48052A0
:109650001A621A465C6852F81C8FD1F800E08E68D6
:10966000C4F20105AF4204D14D6924F4804444EAB8
:1096700085142CF4005747EA063728F4E64646EAF4
:109680000E265C60DE614E6809691E641F62DF6938
:1096900047F40067DF61DF6927F48067DF613DE041
:1096A000036840F200481C6A1A6A24F0200422F081
:1096B00010021A621A46D3F804C052F818EF8F68E5
:1096C00043F48065C4F20108454544EA071407D114
:1096D000CF686FF0400624F0C00406EA0716344352
:1096E000D1F80090454506D1D1E905562CF44067E4
:1096F0002E4347EA860C2EF4E64747EA0927C3F8CB
:1097000004C09F614F6809699F631C629F6947F4A9
:1097100000679F619F6927F480679F610902136852
:10972000194311600021BDE8F043002280F83C207D
:10973000084670470121002280F83C200846704707
:10974000002804BF0120704710B5044690F83D0082
:1097500028B9002084F83C00204600F01FF80220C1
:1097600084F83D002068211D01F0B8FD012084F837
:10977000460084F83E0084F83F0084F8400084F8F6
:10978000410084F8420084F8430084F8440084F8DF
:10979000450084F83D00002010BD00007047000027
:1097A00041F67842C2F2000201681268914218BF85
:1097B000704740F22022C2F20002012304211370FC
:1097C00000F01EBA70470000C1B1042908D0082972
:1097D00014BF41224022825C012A05D016E000BF5E
:1097E0003F22825C012A11D10222082910D00429CB
:1097F00014BF80F8412080F83F200BE090F83E2015
:10980000012A03D1022280F83E2003E001207047A4
:1098100080F84020006801F01F010122036A02FA6B
:1098200001F123EA01020262026A114341F2FF726E
:10983000C4F20002904201620CDC40F2FF71C4F2FB
:109840000001884214DCB0F1804F37D040F2004173
:1098500016E000BF40F2FF31C4F20101884215DC7E
:1098600041F60001C4F20001884227D0002115E032
:1098700040F60001C4F2000188421FD040F60041CA
:10988000C4F20001884219D01FE000BF44F2000179
:10989000C4F20101884211D040F20041C4F201013A
:1098A000884212D1416C40F2004340F48062C4F21D
:1098B000010341F400419A42416406D1816801F0FC
:1098C0000701062904BF00207047016841F001012B
:1098D000016000207047000070B5B9B1412508292A
:1098E00008BF4025042908BF3F25455D022D04BF60
:1098F000022070BD08291BD0042914BF00F14105C6
:1099000000F13F052D78012D0AD016E0054615F827
:109910003E4F022C04BF022070BD2D78012D0CD1CA
:10992000002A4FF0010C18BF002B09D1604670BD12
:1099300000F140052D78012DF2D0012070BD00BF4F
:10994000022569B1082913D0042914BF80F84150B9
:1099500080F83F504FEAB105032D0FD9E6E700BF6D
:1099600080F83E504FEAB105032D07D9DEE700BF6E
:1099700080F840504FEAB105032DD7D80E46DFE8F6
:1099800005F00365234300BF456A4BF21944C0F656
:109990000004EC63456A4BF28544C0F600042C6475
:1099A000456A4BF2BD440168C0F60004EC6405460C
:1099B000406A01F1340C11466246FCF717FB00289F
:1099C000BBD14FF4007161E0C56A4BF21944C0F697
:1099D0000004EC63C56A4BF28544C0F600042C64B5
:1099E000C56A4BF2BD440168C0F60004EC6405464C
:1099F000C06A01F13C0C11466246FCF7F7FA0028F8
:109A00009BD14FF4006141E0056B4BF21944C0F665
:109A10000004EC63056B4BF28544C0F600042C6433
:109A2000056B4BF2BD440168C0F60004EC640546CA
:109A3000006B01F1400C11466246FCF7D7FA002892
:109A40007FF47BAF4FF4805120E000BF856A4BF27A
:109A50001944C0F60004EC63856A4BF28544C0F6F5
:109A600000042C64856A4BF2BD440168C0F6000412
:109A7000EC640546806A01F1380C11466246FCF739
:109A8000B5FA00287FF459AF4FF480612868C268A6
:109A90001143C16006F01F010122036A02FA01F1BD
:109AA00023EA01020262026A114341F2FF72C4F228
:109AB0000002904201620BDC40F2FF71C4F200012F
:109AC000884213DCB0F1804F36D040F2004115E0FF
:109AD00040F2FF31C4F20101884215DC41F6000179
:109AE000C4F20001884227D0002115E040F60001B1
:109AF000C4F2000188421FD040F60041C4F20001C8
:109B0000884219D01DE000BF44F20001C4F20101F7
:109B1000884211D040F20041C4F20101884210D1C4
:109B2000416C40F2004340F48062C4F2010341F40E
:109B300000419A42416404D1816801F0070106297D
:109B400003D0016841F0010101604FF0000C604654
:109B500070BD000010B5026801F01F0E4FF0010C3F
:109B6000146A0CFA0EF324EA0303136240F2004372
:109B7000D2F820C042F48064C4F201039C42C2F8CF
:109B800020C009D1136A41F21114234204D1136A8F
:109B900040F2444423420FD0136A41F2111423428D
:109BA00013D1136A40F2444423420ED1136823F0C8
:109BB0000103136009E000BF536C23F400435364B6
:109BC000136A41F211142342EBD0082912D0042960
:109BD0000AD000294FF0010114BF80F8411080F82D
:109BE0003E10002010BD00BF012180F83F10002072
:109BF00010BD00BF012180F84010002010BD000002
:109C000070B504464FEAB10003284FF0010652D860
:109C10000D4643F644312268C0F6010151F8201088
:109C2000D36804EB80001940D160406AFCF738F833
:109C3000206805F01F01026A06FA01F122EA01011B
:109C4000016240F20043016A40F48062C4F2010301
:109C50009A4201620DD1016A41F21112114208D1FA
:109C6000016A40F24442114203D1416C21F40041A7
:109C70004164016A41F21112114208D1016A40F2B5
:109C80004442114203D1016821F001010160012029
:109C9000082D0DD0042D07D0002D14BF84F84100ED
:109CA00084F83E0006E000BF84F83F0002E000BFF9
:109CB00084F840000026304670BD0000016840F284
:109CC0000040C4F20100814200D070470068C00625
:109CD00048BF704710B5FCF729FC40F26434C2F26B
:109CE0000004206006F070FDFCF720FC6168401A5B
:109CF000E060FCF71BFC21686060401AA060BDE8D2
:109D00001040704770470000704700007047000027
:109D1000B0B582B001680A68CC684B6902F02F05C3
:109D2000202D04F0200505D125B102B0BDE8B040DA
:109D300001F0D0BD5FEA027C1EBF03F0010E04F407
:109D4000907313EB0E0341D1036BD50618D5012B8D
:109D500016D114F0100313D0002201920A68019268
:109D60004A680192019A496949064BD4818DC28D96
:109D7000C38D002B18BF914240F0068202B0B0BDE7
:109D800013062DD514F080032AD090F84120212A03
:109D9000F4D18268B2F5805F03D10269002A00F035
:109DA0007982026A531C036212784A60C28C013ABB
:109DB0001304C284E2D1C86820F08000C860C8687B
:109DC00040F04000C86002B0B0BD00BFD30718BF6C
:109DD00014F4807340F0E280530700F1E580EAE07C
:109DE0005206CBD514F04002C8D0CA6822F0400217
:109DF000CA60202180F8411002B0BDE8B04000F0F8
:109E00003DBC00BFC26B11684B68858D99B20029BB
:109E100000F0B480A94280F0B180C385D169B1F56A
:109E2000807F00F0A080016851E8031F026821F4E0
:109E3000807142E80313DBB1016851E8031F026837
:109E400021F4807142E8031393B1016851E8031FC4
:109E5000026821F4807142E803134BB1016851E8B4
:109E6000031F026821F4807142E80313002BDAD14A
:109E7000016851E8051F026821F0010142E805135D
:109E8000BBB3016851E8051F026821F0010142E8F7
:109E9000051373B3016851E8051F026821F0010141
:109EA00042E805132BB3016851E8051F026821F051
:109EB000010142E80513002BDAD11AE0016851E8EC
:109EC000051F026821F0400142E80513DBB101687B
:109ED00051E8051F026821F0400142E8051393B1E3
:109EE000016851E8051F026821F0400142E80513AE
:109EF0004BB1016851E8051F026821F0400142E8BA
:109F00000513002BDAD1202180F8421000210163D3
:109F1000016851E8031F026821F0100142E80313B1
:109F2000DBB1016851E8031F026821F0100142E82B
:109F3000031393B1016851E8031F026821F0100177
:109F400042E803134BB1016851E8031F026821F096
:109F5000100142E80313002BDAD1C16B0446084616
:109F6000FBF756FE204602214163818DC28D891A7E
:109F700089B202B0BDE8B040FFF7C6BE8D427FF4A3
:109F8000FDAED269B2F5807F7FF4F8AE0222426363
:109F900002B0BDE8B040FFF7B7BE00BF436C43F06E
:109FA00001034364530706D5BEF1000F03D0436C91
:109FB00043F002034364930706D5BEF1000F03D0BC
:109FC000436C43F004034364BCF1000F06D55EEA22
:109FD000050303D0436C43F008034364436C002B38
:109FE0003FF4CCAE920605D525B1044601F072FCD3
:109FF000216820464969426C01F0400102F00802E4
:10A00000891800F0B98000BF016851E8031F026899
:10A0100021F4907142E80313BBB3016851E8031FB8
:10A02000026821F4907142E8031373B3016851E8A8
:10A03000031F026821F4907142E803132BB30168F7
:10A0400051E8031F026821F4907142E80313002BCA
:10A05000DAD11AE0016851E8051F026821F0010118
:10A0600042E80513DBB1016851E8051F026821F0E1
:10A07000010142E8051393B1016851E8051F026828
:10A0800021F0010142E805134BB1016851E8051FB9
:10A09000026821F0010142E80513002BDAD1016BBF
:10A0A000012924D1016851E8031F026821F0100141
:10A0B00042E80313DBB1016851E8031F026821F095
:10A0C000100142E8031393B1016851E8031F0268CD
:10A0D00021F0100142E803134BB1016851E8031F5E
:10A0E000026821F0100142E80313002BDAD120218D
:10A0F00080F842100021016301684969490640F176
:10A10000C380016851E8051F026821F0400142E860
:10A110000513DBB1016851E8051F026821F0400119
:10A1200042E8051393B1016851E8051F026821F068
:10A13000400142E805134BB1016851E8051F026870
:10A1400021F0400142E80513002BDAD1C16B002950
:10A1500000F09A804BF21D52C0F6000204460846F9
:10A160000A65FBF79DFD00283FF408AEE06B016D2A
:10A1700002B0BDE8B04008470446FFF7C7FD002025
:10A18000606402B0B0BD00BF891A00BF026852E827
:10A19000032F036822F4907243E80325BDB30268DD
:10A1A00052E8032F036822F4907243E8032575B345
:10A1B000026852E8032F036822F4907243E80325F3
:10A1C0002DB3026852E8032F036822F4907243E82B
:10A1D0000325002DDAD11AE0026852E8052F036842
:10A1E00022F0010243E80525DDB1026852E8052F9F
:10A1F000036822F0010243E8052595B1026852E8A0
:10A20000052F036822F0010243E805254DB10268DD
:10A2100052E8052F036822F0010243E80525002DCE
:10A22000DAD1202280F8422000220263026852E83C
:10A23000032F036822F0100243E80325DDB1026812
:10A2400052E8032F036822F0100243E8032595B17A
:10A25000026852E8032F036822F0100243E8032546
:10A260004DB1026852E8032F036822F0100243E860
:10A270000325002DDAD1022289B2426302B0BDE883
:10A28000B040FFF741BD00BF02B0BDE8B040FFF7EE
:10A290003DBD00BF026A32F8023B6FF35F234B60A3
:10A2A000026283E5002804BF0120704710B5044610
:10A2B00090F8410028B9002084F84000204600F0C2
:10A2C00021F8242084F841002068C16821F400515D
:10A2D000C160204601F07EFB2068016921F49041B5
:10A2E0000161416921F02A014161C16841F40051D5
:10A2F000C16000202021606484F8411084F842107D
:10A30000606310BD2DE9F04387B0044641F20000C0
:10A310002168C4F20100002681420696CDE9046658
:10A320000396029602D007B0BDE8F08343F63001F1
:10A330000196C4F202014A6946F2884842F01002CE
:10A340004A614A6900F5704002F010020192019AD8
:10A3500001960A68C4F2020842F001020A60096824
:10A3600001F00101019101994FF4C06102910221B4
:10A37000CDE90316032105910721069102A9FBF7F8
:10A38000F1FF41F2306508F13000C2F200054FF0F4
:10A3900000674021C5E9000705F108004FF4806916
:10A3A00080E842022846C5E90566C5E907666E628F
:10A3B000FBF76AFD002818BFFAF746FCA563AC63FB
:10A3C00041F2D055C2F200050020C5E90200C5E9FE
:10A3D0000490C5E90600C5E908002846C5E90087DC
:10A3E000FBF752FD002818BFFAF72EFC25200321A9
:10A3F0000022E563AC63FCF72FF92520FCF71AF97E
:10A4000007B0BDE8F083000070B582B090F842500C
:10A41000202D0BD113460A460146002A4FF00100B9
:10A4200018BF002B06D102B070BD00BF022002B0E1
:10A4300070BD00BF002622200E638A628B854E64A9
:10A4400081F842000C680D46C86B4BF2A56C4BF6C8
:10A450000501C0F6000CC0F60001C0E90FC14BF2C7
:10A460002951C0F60001C0E91316211DFBF7BEFDFE
:10A4700040B110206864202085F84200012002B01D
:10A4800070BD00BF019628682946026801924068A5
:10A4900001900198286928B3086850E8030F0A68FA
:10A4A00040F4807042E80303E3B1086850E8030F0A
:10A4B0000A6840F4807042E803039BB1086850E8E2
:10A4C000030F0A6840F4807042E8030353B1086840
:10A4D00050E8030F0A6840F4807042E80303002B41
:10A4E000DAD100BF086850E8050F0A6840F00100A3
:10A4F00042E80503DBB3086850E8050F0A6840F03E
:10A50000010042E8050393B3086850E8050F0A68A4
:10A5100040F0010042E805034BB3086850E8050F1E
:10A520000A6840F0010042E80503002BDAD11EE082
:10A53000086850E8050F0A6840F0400042E805034B
:10A54000FBB1086850E8050F0A6840F0400042E897
:10A550000503B3B1086850E8050F0A6840F04000F1
:10A5600042E80503002B4FF000003FF45CAF0868A1
:10A5700050E8050F0A6840F0400042E80503002B50
:10A58000D6D1002002B070BD006841F20001C4F2D3
:10A590000101884218BF704740F62750C2F2000000
:10A5A00009F096B870470000B0B590F84140202CF3
:10A5B0001CBF0220B0BD1346024600294FF0010027
:10A5C00018BF002B00D1B0BD4FF0000C212011624C
:10A5D0009384D384C2F844C082F8410014681546BD
:10A5E000906B4BF61D0E4BF6CD02C0F6000EC0F67A
:10A5F0000002C0E90FE24BF22952C0F60002C0E9A6
:10A60000132C221DFBF7F2FC30B1102068642020CF
:10A6100085F841000120B0BD286829466FF040024E
:10A62000026000BF086850E8050F0A6840F080002B
:10A6300042E8050303B3086850E8050F0A6840F0D4
:10A64000800042E80503BBB1086850E8050F0A68BE
:10A6500040F0800042E8050373B1086850E8050F38
:10A660000A6840F0800042E80503002B4FF000002C
:10A6700008BFB0BDD6E700BF0020B0BD70470000E6
:10A6800070470000FEE70000B0B584B041F23830FA
:10A69000C2F2000042F2000C4FF000534FF0606134
:10A6A0000024C4F2010C4FF480320125C0E90A13E2
:10A6B00003210394047680F82040C16180F8305073
:10A6C000C0E900C2C0E90244C0E90454FAF724FC1E
:10A6D000002818BFFAF7B8FA41F23830C2F2000089
:10A6E0006946CDE900450294FAF730FB002818BF0F
:10A6F000FAF7AAFA0120009041F238300224C2F29F
:10A70000000069460194FAF721FB002818BFFAF708
:10A710009BFA0320019041F23830C2F200006946F2
:10A720000094FAF713FB002818BFFAF78DFA04B06B
:10A73000B0BD0000B0B584B041F2803001210024EA
:10A74000C2F20000C0F6007142F2001CC0E90A1417
:10A750000221C4F2010C4FF480324FF00073012546
:10A76000C16100F108010394047680F8204080F86C
:10A770003050C0E900C238C14561FAF7CDFB00286E
:10A7800018BFFAF761FA0520CDE9000541F28030E3
:10A79000C2F2000069460294FAF7D8FA002818BFFE
:10A7A000FAF752FA062000900220019041F2803020
:10A7B000C2F200006946FAF7C9FA002818BFFAF792
:10A7C00043FA04B0B0BD000080B541F2C83046F68F
:10A7D0000001C2F20000C4F200010322002380E85D
:10A7E0000E0000F10C014FF4002C4FF4401E81E8E4
:10A7F000085083618383FBF767F8002808BF80BD9A
:10A80000BDE88040FAF720BA80B582B0002043F658
:10A8100030010190C4F202010A6842F480020A6029
:10A820000A6802F480020192019A009008680022EE
:10A8300040F4001008600868022100F40010009045
:10A8400000980B20FBF708FF0B20FBF7F3FE0E2010
:10A8500000210022FBF700FF0E20FBF7EBFE10208B
:10A8600002210222FBF7F8FE1020FBF7E3FE38205E
:10A8700001210022FBF7F0FE3820FBF7DBFE3A2037
:10A8800000210022FBF7E8FE3A20FBF7D3FE44202C
:10A8900003210122FBF7E0FE4420FBF7CBFE46201C
:10A8A00003210222FBF7D8FE462002B0BDE880401B
:10A8B000FBF7C0BE2DE9F04F87B0002543F630000E
:10A8C0000695CDE90455CDE902550195C4F2020083
:10A8D000016840F2000941F0040101600168C4F21E
:10A8E000020901F00401019101990195016809F53E
:10A8F000006A41F0800101600168002201F08001DE
:10A9000001910199019501684FF4005641F0010150
:10A910000160016801F0010101910199019501684F
:10A9200041F002010160016801F002010191019909
:10A930000195016841F00801016000684FF4005181
:10A9400000F00800019001985046FBF7E3FD09F57F
:10A95000806420464FF4805101220127FBF7DAFD85
:10A9600048464FF480710022FBF7D4FD48464FF46F
:10A9700000410122FBF7CEFD09F540684046042165
:10A980000022FBF7C7FD204608210022FBF7C2FD8D
:10A99000CDE9026702AE4FF0020B50463146CDE9D9
:10A9A00004B5FBF7DFFC4FF48050CDE902072046E9
:10A9B0003146CDE90477FBF7D5FC4FF4807002A94E
:10A9C00081E88108484631460595FBF7CBFC4FF4FA
:10A9D0000040CDE9020748463146CDE90477FBF750
:10A9E000C1FC0420CDE9020740463146CDE90455BB
:10A9F000FBF7B8FC082002A981E88108204631460F
:10AA00000595FBF7AFFC07B0BDE8F08FB0B541F698
:10AA1000C83043F60001C2F20000C4F200014FF456
:10AA20008272002380E80E0000F10C014FF0020C4E
:10AA30004FF0010E4FF40074382581E808500A21C8
:10AA4000C0E90645C0E90833C0E90A31FDF706FB55
:10AA5000002808BFB0BDBDE8B040FAF7F5B8000067
:10AA600070B541F6204043F60041C2F20000C4F246
:10AA700000014FF4827200234FF4006C4FF0020E7D
:10AA8000012480E80E5000F114014FF400752026D7
:10AA900070C10A21C0E90833C0E90A31FDF7DEFAC6
:10AAA000002808BF70BDBDE87040FAF7CDB80000BF
:10AAB00010B58EB041F6784040F600020021C2F297
:10AAC0000000C4F2000268230D91CDE90B11099139
:10AAD000CDE90711CDE90511CDE90311CDE901114A
:10AAE000C0E90021C0E9021301618161FEF734FA77
:10AAF000002818BFFAF7A8F84FF480500A9041F6E2
:10AB00007840C2F200000AA9FEF70CFB002818BF2B
:10AB1000FAF79AF841F67840C2F20000FEF710FE0C
:10AB2000002818BFFAF790F841F678400024C2F2E6
:10AB3000000008A9CDE90844FEF7E6F8002818BF90
:10AB4000FAF782F86020CDE9010441F67840C2F2BC
:10AB5000000001A9042203940594FEF7E1FC0028FB
:10AB600018BFFAF771F841F67840C2F20000FEF71C
:10AB700055FC0EB010BD000010B596B041F6C040B7
:10AB800040F200420021C2F20000C4F2010280241F
:10AB90001591CDE913111191CDE90F11CDE90D11E9
:10ABA000CDE90B11CDE90911CDE90711CDE9051169
:10ABB000CDE90311CDE9011101234FF0200C40F63E
:10ABC000330E80E80C50C0E904118461FEF7C4F92B
:10ABD000002818BFFAF738F84FF48050129041F669
:10ABE000C040C2F2000012A9FEF79CFA002818BF6C
:10ABF000FAF72AF841F6C040C2F20000FEF7A0FDC5
:10AC0000002818BFFAF720F87020109080201190CB
:10AC100041F6C040C2F2000010A9FEF775F8002806
:10AC200018BFFAF711F8602009900020CDE90A005A
:10AC3000CDE90C00CDE90E0041F6C040C2F20000A3
:10AC400009A90022FEF76CFC002818BFF9F7FCFFE9
:10AC500041F6C040C2F2000009A90422FEF760FCE0
:10AC6000002818BFF9F7F0FF41F6C040C2F200001B
:10AC700009A90822FEF754FC002818BFF9F7E4FFE1
:10AC80007020099041F6C040C2F2000009A90C22D0
:10AC9000FEF746FC002818BFF9F7D6FF0020042174
:10ACA000CDE901000390CDE904104FF40051089064
:10ACB00041F6C0400691C2F2000001A9FDF7FEFF77
:10ACC000002818BFF9F7C0FF41F6C040C2F20000EB
:10ACD000FEF7A4FB16B010BD80B541F6085041F256
:10ACE0000001C2F20000C4F2010100234FF00C0C7D
:10ACF0004FF4E13280E80E00C0E90333C0E905C338
:10AD0000C361FFF7CFFA002808BF80BDBDE88040CF
:10AD1000F9F79ABF80B541F25C0040F21401C2F22B
:10AD20000000C2F20001002201F07EFB002818BFE3
:10AD3000F9F78AFF41F25C0040F23401C2F20000F0
:10AD4000C2F2000101F0E2FD002818BFF9F77CFF14
:10AD500041F25C0040F2D001C2F20000C2F20001F8
:10AD600001F05EF8002818BFF9F76EFF41F25C00B1
:10AD7000C2F2000001F0F4FD002808BF80BDBDE86C
:10AD80008040F9F761BF0000FEE70000FEE7000029
:10AD900041F2E460C2F20000FBF73ABE10B540F6A3
:10ADA0000000C4F202004FF4005100220024FBF71F
:10ADB000B1FB40F29C30C2F20000047210BD0000F2
:10ADC0007047000041F62040C2F20000FDF7AEB827
:10ADD00082B00021019140F23001C2F20001096805
:10ADE00041F6F112C0F27652A1FB0212510A64221E
:10ADF00051430091009919B30099013900910168FC
:10AE00008A68920721D40099D1B100990139009143
:10AE100001688A68920718D4009989B100990139AC
:10AE2000009101688A6892070FD4009941B1009996
:10AE30000139009101688A689207DBD505E000BFFF
:10AE40000168426D42F0400242650A6822F0400209
:10AE50000A604A6822F0E0024A60C96801910199DB
:10AE6000072180F8511002B07047000001684A685D
:10AE700022F080024A600A6822F040020A6007213C
:10AE800080F8511070470000806B0021C187C18697
:10AE9000FDF712B8806B01684A6822F003024A602D
:10AEA000416D41F010014165012180F85110FDF71D
:10AEB00003B80000806BFDF7F1BA0000806BFDF76E
:10AEC000E1BE0000B0B582B0846B0546FBF728FBFD
:10AED00029680968C90545D484462068A168426884
:10AEE00022F02002426049B96268B2F5827F05D142
:10AEF000416821F00301416018E000BF426822F080
:10AF0000010242606268B2F5827F0CD1B1F5004F58
:10AF100002D0B1F5806F09D10268B1F5806F22F0DF
:10AF20004002026002D12046012101E0204680213A
:10AF300000226423CDF800C000F09CF828B1606DB9
:10AF400040F020006065202060650020E08701203F
:10AF500084F85100606D28B1204602B0BDE8B040D1
:10AF6000FCF7AABF204602B0BDE8B040FDF794BA96
:10AF7000B0B582B0846B0546FBF7D2FA2968096840
:10AF8000C90529D40546206801224168642321F0BF
:10AF90002001416020460221009500F06BF808B3C3
:10AFA000606D40F020006065606D40F020006065DD
:10AFB0002068416821F0030141600020E086E087BD
:10AFC000012084F85100606D30B1204602B0BDE828
:10AFD000B040FCF771BF00BF204602B0BDE8B040F2
:10AFE000FDF7DABD40F23000C2F20000006849F619
:10AFF0008171C1F25E61A0FB0101480D4FF47A71CD
:10B00000484301906068B0F5827F09D120468021D5
:10B0100000226423009500F02DF80028C0D1C7E776
:10B0200001980028C4D001980138019020688068F8
:10B030000006BDD501980028BAD0019801380190CA
:10B04000206880680006B3D501980028B0D0019828
:10B0500001380190206880680006A9D50198002871
:10B06000A6D0019801380190206880680006D7D4E6
:10B070009EE700002DE9F04381B0089C98461546F4
:10B080000E468146FBF74CFA201A00EB0804FBF74A
:10B0900047FA40F23001C2F200010968C1F3CB3136
:10B0A00061430091D9F800108A683240921BB2FACD
:10B0B00082F25209AA4203D1002001B0BDE8F08318
:10B0C000074618F101000ED130E000BF00980138AA
:10B0D0000090D9F8000080683040801BB0FA80F002
:10B0E0004009A842E8D0FBF71BFAC01BA04227D2B8
:10B0F00000980028EAD10024EBE700BF88683040C0
:10B10000801BB0FA80F04009A842D5D08868304052
:10B11000801BB0FA80F04009A842CDD0886830404A
:10B12000801BB0FA80F04009A842C5D08868304042
:10B13000801BB0FA80F04009A842DFD1BCE700BF15
:10B14000D9E900014268B1F5827F22F0E002426055
:10B150000BD1D9F80810B1F5004F02D0B1F5806FCE
:10B1600003D1016821F040010160D9F82810B1F540
:10B17000005F07D1016821F400510160016841F4CA
:10B1800000510160012089F85100002089F8500029
:10B19000032001B0BDE8F08370470000FBF7DEB983
:10B1A00070B592B006AC20463021F9F753F800256F
:10B1B00043F640000595CDE90355CDE901550095CD
:10B1C000C4F202000168022641F08051016000686B
:10B1D00000F080500090009847F200000095C4F203
:10B1E0000000016841F480410160006800F4804083
:10B1F00000900098012006904FF4803007904FF4A3
:10B2000080000D9019200E904FF4A870CDE90F0624
:10B210000720119020460C96FCF788FB18B172B6F7
:10B22000022008F00FF80F20CDE901064FF4A050DE
:10B2300004904FF48050059001A805210395FCF778
:10B240005FFA18B172B6022007F0FCFF12B070BDB1
:10B250004EF68850CEF20000016841F470010160A2
:10B260007047000010B541F6B864C2F200042078BF
:10B27000022821D0012815D0002818BF10BD04F0E5
:10B2800053FE06F07DFFF8B104F0A4FB07F0BEF911
:10B2900005F046FF04F004F805F0C6F80120207020
:10B2A00010BD00BF04F0F4FB04F0ACFB07F0D0F9D4
:10B2B000BDE8104007F040BD072005F0DDFABDE80D
:10B2C000104007F0AFBF00BF0220207010BD00008B
:10B2D00041F6C040C2F20000FDF7F8BFB0B540F63D
:10B2E000FF3E0568C4F2000E40F2004C7045C4F207
:10B2F000010C25DCB0F1804F2FD040F20043C4F2A6
:10B300000003984229D040F60003C4F2000398429B
:10B3100023D041F6FF73C4F20003984228DC704545
:10B320003ADCB0F1804F5BD040F20043C4F200033E
:10B33000984255D040F60003C4F200034EE000BF2F
:10B3400040F60043C4F20003984206D0604504D0A2
:10B350000023C4F201039842DBD14B6825F0700250
:10B3600043EA020541F6FF73C4F200039842D6DDBA
:10B3700043F6FF73C4F2010398421FDC42F200035C
:10B38000C4F2000398422BD00023C4F20103984278
:10B3900026D0604524D028E040F60043C4F20003E4
:10B3A00098421DD041F60003C4F20003984217D022
:10B3B00041F60043C4F2000310E000BF44F2000372
:10B3C000C4F2010398420BD044F60003C4F2010317
:10B3D000984205D044F20043C4F20103984204D1DC
:10B3E000CB6825F4407243EA02050A688C684B6911
:10B3F000C46240F480648262644504BF09690163E9
:10B40000026825F0800142F0040219430260012223
:10B4100042610160B0BD000010B5846B616A814279
:10B4200012D0A16A814217D0E16A81421CD0216BFF
:10B43000814220D1C06908210028217704BF012062
:10B4400084F8410017E000BFC1690120002920777E
:10B4500008BF84F83E000EE0C0690221217750B990
:10B46000012084F83F0006E0C0690421217710B96B
:10B47000012084F840002046FEF792F90020207752
:10B4800010BD000010B5846B616A81420AD0A16AC8
:10B49000814209D0E16A814208D0216B814207D103
:10B4A000082004E0012002E0022000E004202077D0
:10B4B0002046FEF787F90020207710BD10B5846B79
:10B4C000616A81420CD0A16A81420FD0E16A814257
:10B4D00012D0216B814215D0012084F83D0016E086
:10B4E0000120207784F83E0011E000BF0220207781
:10B4F000012084F83F000AE004202077012084F82E
:10B50000400004E008202077012084F84100204614
:10B51000FDF7D8FE0020207710BD0000806B0021D1
:10B52000C185FEF7F3BB0000806B01684A6990F8A3
:10B530004130212B2DD112F080022AD00021C1846C
:10B54000016851E8031F026821F0C00142E80313BB
:10B55000DBB1016851E8031F026821F0C00142E835
:10B56000031393B1016851E8031F026821F0C00181
:10B5700042E803134BB1016851E8031F026821F050
:10B58000C00142E80313002BDAD1202180F84110DA
:10B590000168496990F84220222A40F07D8011F02C
:10B5A000400179D00021C185016851E8031F02687C
:10B5B00021F4907142E80313BBB3016851E8031F03
:10B5C000026821F4907142E8031373B3016851E8F3
:10B5D000031F026821F4907142E803132BB3016842
:10B5E00051E8031F026821F4907142E80313002B15
:10B5F000DAD11AE0016851E8051F026821F0010163
:10B6000042E80513DBB1016851E8051F026821F02B
:10B61000010142E8051393B1016851E8051F026872
:10B6200021F0010142E805134BB1016851E8051F03
:10B63000026821F0010142E80513002BDAD1016B09
:10B64000012924D1016851E8031F026821F010018B
:10B6500042E80313DBB1016851E8031F026821F0DF
:10B66000100142E8031393B1016851E8031F026817
:10B6700021F0100142E803134BB1016851E8031FA8
:10B68000026821F0100142E80313002BDAD12021D7
:10B6900080F8421000210163416C41F010014164C7
:10B6A000FEF734BB0168806B0968C90500F19F8013
:10B6B0000021C185016851E8031F026821F48071EF
:10B6C00042E80313E3B1016851E8031F026821F463
:10B6D000807142E803139BB1016851E8031F0268BF
:10B6E00021F4807142E8031353B1016851E8031F4C
:10B6F000026821F4807142E80313002BDAD100BF05
:10B70000016851E8051F026821F0010142E80513B4
:10B71000BBB3016851E8051F026821F0010142E84E
:10B72000051373B3016851E8051F026821F0010198
:10B7300042E805132BB3016851E8051F026821F0A8
:10B74000010142E80513002BDAD11AE0016851E843
:10B75000051F026821F0400142E80513DBB10168D2
:10B7600051E8051F026821F0400142E8051393B13A
:10B77000016851E8051F026821F0400142E8051305
:10B780004BB1016851E8051F026821F0400142E811
:10B790000513002BDAD1202180F84210016B01291A
:10B7A00025D100BF016851E8031F026821F0100194
:10B7B00042E80313DBB1016851E8031F026821F07E
:10B7C000100142E8031393B1016851E8031F0268B6
:10B7D00021F0100142E803134BB1016851E8031F47
:10B7E000026821F0100142E80313002BDAD1002196
:10B7F0004163016B012918BFFEF7C6BE818DFEF7BC
:10B8000083BA0000806B01214163016B012918BFDD
:10B81000FEF7C8BE818D4908FEF776BA0168806BD5
:10B820000968C90548BFFEF729BF0021C18400BFD0
:10B83000016851E8051F026821F0800142E8051304
:10B8400083B3016851E8051F026821F0800142E8D6
:10B8500005133BB3016851E8051F026821F0800120
:10B8600042E80513F3B1016851E8051F026821F0B1
:10B87000800142E80513002BDAD113E0016851E89A
:10B88000031F026841F0400142E80313002B08BF88
:10B890007047016851E8031F026841F0400142E827
:10B8A000031393B1016851E8031F026841F040019E
:10B8B00042E803134BB1016851E8031F026841F0ED
:10B8C000400142E80313002BD8D17047806BFEF78C
:10B8D000D7BE000081B090F84210222921D18368A0
:10B8E0000246B3F5805F09D152F8281F52F8183C80
:10B8F000002B63D003685B680AE000BF52F8281F82
:10B9000013B90369002BF5D003685B6803F07F036C
:10B910000B70116801311160C18D01390A04C185B4
:10B9200002D001B0704700BF0168CA6822F020024F
:10B93000CA60CA6822F48072CA604A6922F00102B1
:10B940004A61202180F8421000214163026B012AE4
:10B950003CD10163016851E8031F026821F0100126
:10B9600042E80313DBB1016851E8031F026821F0CC
:10B97000100142E8031393B1016851E8031F026804
:10B9800021F0100142E803134BB1016851E8031F95
:10B99000026821F0100142E80313002BDAD101689C
:10B9A0000A68D20606D5002200920A680092496809
:10B9B00000910099818D01B0FEF7A6B90268526826
:10B9C0006FF35F2221F8022B8162A5E701B0FEF739
:10B9D000DBBD0000B0B50446006804F108030ECBDF
:10B9E0000569194325F440552A4302616269E369F8
:10B9F0001143C268194349F20C639A431143C16071
:10BA00004169A26921F4407141F20043114340F4BD
:10BA10008062C4F201039A42416103D1FBF73CFF0B
:10BA200002E000BFFBF724FFE1694FF69C756368F5
:10BA30001922C0F6FF75B1F5004FA0FB02011FD11E
:10BA40005A00DB0FF8F7BCFB48F21F51C5F2EB11AF
:10BA5000A0FB01235A0905F1805302FB03003223A6
:10BA600003EBC000A0FB01014FF4F87000EA1110D5
:10BA700000EB0210C1F34211084421688860B0BD98
:10BA80009A009B0FF8F79CFB48F21F51C5F2EB118F
:10BA9000A0FB01235A0902FB0500322303EB00102F
:10BAA000A0FB0101F02000EA511000EB0210C1F3ED
:10BAB0004311084421688860B0BD000041F6085079
:10BAC000C2F20000FEF724B9D0F8D42200EB820CB9
:10BAD000DCF8C032002B04BF03207047B0B501F082
:10BAE0000F0404EB840200EB820E5EF8142F5AB1AF
:10BAF000D0F8C85204EBC40405EB8404E469B2FB3B
:10BB0000F4F505FB14229AB10020C3F81402DCF806
:10BB1000C422D2F810C0BCF1000F08BFB0BDD3F8EA
:10BB200008020A4603F50471E0470020B0BD00BFDB
:10BB300000220023CEF8002000F0CAFE0020B0BD95
:10BB4000B0B5D0F8D42200EB8202D2F8C0529DB139
:10BB5000044600F053FDD4F8D412C5F80C0204EBEF
:10BB60008101D1F8C412D5F80402CA6805F5037141
:10BB700090470020B0BD00BF0320B0BD70B581214B
:10BB8000044600F079FC00252046012184F8375056
:10BB900000F072FC2046822184F8775100F06CFCA2
:10BBA000D4F8D40204F5307656F8201084F84B50BF
:10BBB000656489B104EB8000D0F8C4024068804716
:10BBC000D4F8D40256F8200001F07AF9D4F8D4025F
:10BBD00046F82050C4F8BC52002070BD10B5D0F813
:10BBE000D41200EB8100D0F8C0428CB1D0F8C4125E
:10BBF00059B194F80002FF2807D08B6894F801220D
:10BC000021469847FF2084F80002002010BD00BFA5
:10BC1000032010BD014640F2B0000A22C2F200002B
:10BC20000A807047F0B581B040F26C07C2F200079D
:10BC300004463846822100F01FFB064638460121A3
:10BC400000F01AFB05463846812100F015FB002E56
:10BC50001CBF1021B171002D1CBF4021A9800028FC
:10BC60001CBF40218180432140F26C00C2F20000E1
:10BC7000218001B0F0BD0000F0B581B040F26C074A
:10BC8000C2F2000704463846822100F0F5FA064663
:10BC90003846012100F0F0FA05463846812100F0CF
:10BCA000EBFA002E1CBF1021B171002D1CBF4FF408
:10BCB0000071A98000281CBF4FF4007181804321CE
:10BCC00040F26C00C2F20000218001B0F0BD000023
:10BCD000F0B581B040F26C07C2F200070446384666
:10BCE000822100F0C9FA06463846012100F0C4FA64
:10BCF00005463846812100F0BFFA002E1CBF1021F6
:10BD0000B171002D1CBF4021A98000281CBF40211B
:10BD10008180432140F26C00C2F20000218001B01A
:10BD2000F0BD00002DE9F04104464FF4077001F02A
:10BD3000C9F8002850D04FF407710546F8F78AFA81
:10BD4000D4F8D402402704EB8000C0F8C052207C15
:10BD5000C4F8BC52002808BF4FF400772046812168
:10BD600002223B46022600F0C7FC4FF001082046A5
:10BD7000012102223B4684F8378000F0BDFC1020F0
:10BD80006064204682210322082384F8778100F032
:10BD9000B3FCD4F8D4020027C5F8047204EB800089
:10BDA000D0F8C40284F84B8000688047C5F814724C
:10BDB000C5F81872D5F8042252B1207C0121002860
:10BDC000204614BF40234FF4007300F0A9FC002666
:10BDD0003046BDE8F08100BFD4F8D402002104EB66
:10BDE0008000C0F8C0120220BDE8F081D0F8D41263
:10BDF00000EB8101D1F8C012002904BF0320704775
:10BE000080B590F810C0D1F8042240230121BCF184
:10BE1000000F08BF4FF4007300F082FC002080BDCB
:10BE200000290FBF0320D0F8D42200EB8200C0F815
:10BE3000C41218BF00207047D0F8D42200EB820053
:10BE4000D0F8C00200280EBF0320C0F80412002062
:10BE500070470000D0F8D43200EB8300D0F8C00265
:10BE600000280FBF0320C0F80812C0F810220020DD
:10BE700070470000F0B581B0D0F8D42200EB820307
:10BE8000D3F8C0420022002C8DF80320ADF800202A
:10BE900060D00D7815F0600218D0202A58D1CA88D9
:10BEA000002A29D06DB2B5F1FF3F2FDD4978402A35
:10BEB00084F80012214628BF402284F8012200F0B5
:10BEC00099F80024204601B0F0BD00BF4A780B2A43
:10BED0003ED80024DFE802F008063C3C3C3C3C3CF9
:10BEE0003C3C2A38EEE700BF90F89C22032A2FD171
:10BEF0006946022221E000BFD3F8C4020022836811
:10BF0000487800249847204601B0F0BDD3F8C432E9
:10BF100006469D684B780F4618462146A847FA8882
:10BF20003046072A28BF0722214606E090F89C22C7
:10BF3000032A0DD10DF10301012200F077F800244E
:10BF4000204601B0F0BD00BF90F89C22032AB9D072
:10BF500000F044F80324204601B0F0BDD0F8D4121C
:10BF600000EB8101D1F8C022002A04BF03207047F2
:10BF7000D2F8141200294FF0010101D00846704791
:10BF800080B5C2F81412D2F81032D2F808228121FA
:10BF9000836200F09DFC0021BDE8804008467047A8
:10BFA00080B5D0F8B82252689047002818BF032007
:10BFB00080BD0000002070470020704780B5134608
:10BFC0000A46002100F0ACFB002080BD80B513467E
:10BFD0000A46002100F07CFC002080BD10B58021C5
:10BFE000044600F043FC20460021BDE8104000F06C
:10BFF0003DBC000080B513460A460321C0F89412E8
:10C000000021C0F86421C0E9553300F089FB00200D
:10C0100080BD000080B50521C0F8941200210022E7
:10C02000002300F07DFB002080BD000080B513469A
:10C030000A460221C0F8941200214262C0E9053389
:10C0400000F046FC002080BD80B50421C0F89412A9
:10C0500000210022002300F03BFC002080BD0000F6
:10C0600010B540F27C54C2F200040A4602A02146F8
:10C0700000F044F9204610BD43444320436F6E66F0
:10C080006967000040F2BC001222C2F200000A8080
:10C090007047000010B540F27C54C2F200040A461A
:10C0A00002A0214600F02AF9204610BD4344432057
:10C0B000496E7465726661636500000040F2E400D9
:10C0C0000422C2F200000A807047000010B540F25E
:10C0D0007C54C2F200040A4602A0214600F00EF988
:10C0E000204610BD7778640010B540F27C54C2F24F
:10C0F00000040A4602A0214600F000F9204610BDC7
:10C100005844722D5000000047F61020C1F6FF7011
:10C11000026883684FF01A0C9B18A1F800C000F069
:10C12000A680B0B54FF0370C1A0F0CEB13714068B6
:10C13000B3F1204F38BF02F1300140F2E802C2F201
:10C140000002917019014FF0000E0CEB117582F88E
:10C1500003E0C3F30364B1F1204F38BF04F13005AD
:10C16000190215710CEB117582F805E0C3F3035445
:10C17000B1F1204F38BF04F13005190395710CEB74
:10C18000117582F807E0C3F30344B1F1204F38BFC3
:10C1900004F13005190415720CEB117582F809E0F1
:10C1A000C3F30334B1F1204F38BF04F13005190552
:10C1B00095720CEB117582F80BE0C3F30324B1F117
:10C1C000204F38BF04F1300519061573C3F303146B
:10C1D0000CEB1175B1F1204F4FEA037103F00F031F
:10C1E00082F80DE038BF04F1300503F13704957390
:10C1F00082F80FE0B1F1204F38BF03F13004010F96
:10C200000CEB1073147482F811E0B0F1204F38BFBA
:10C2100001F1300301010CEB1174937482F813E007
:10C22000C0F30363B1F1204F38BF03F130040102C2
:10C230001475C0F303530CEB1174B1F1204F4FEAA6
:10C24000003182F815E038BF03F130040CEB1173B4
:10C25000947582F817E0C0F30340B1F1204F38BF66
:10C2600000F13003137682F819E0BDE8B04040F2E7
:10C27000E800C2F200007047B0F802C003789C45A5
:10C280009CBF0020704780B508E000BF82788A42DA
:10C2900008BF80BD73449AB262452DD290F800E089
:10C2A00070444278052A02D182788A4225D07344AC
:10C2B0009AB2624520D290F800E070444278052A94
:10C2C00002D182788A4218D073449AB2624513D25E
:10C2D00090F800E070444278052A02D182788A42C0
:10C2E0000BD073449AB2624506D290F800E07044D5
:10C2F0004278052ACAD0CDE7002080BD002808BFBB
:10C30000704710B50378ABB100F1020E4FF0000C8E
:10C31000734600BF13F8014CA4B11C78D4B15C780B
:10C32000002C5BD09C780CF1040C002C03F104036E
:10C33000F0D111E04FF0000C5FFA8CF3022404EB13
:10C3400043030EE04CF0010C5FFA8CF33F2B07D84F
:10C350004AE000BF4CF0020C5FFA8CF33F2B43D94C
:10C360008023138003220B704A70037893B302304A
:10C3700002224FF0000C00BFD4B251FA82FE0B55DE
:10C380008EF801C010F8013C23B3941C5FFA84FEC0
:10C3900051FA84F401F80E3084F801C00378CBB16F
:10C3A000141D5FFA84FE51FA84F401F80E3084F80B
:10C3B00001C0437873B1941D5FFA84FE51FA84F48E
:10C3C00001F80E3084F801C083780832002B00F1A8
:10C3D0000400D1D1BDE81040704700BF4CF0030C01
:10C3E0005FFA8CF33F2BBBD84FF0000C1EF8013CDA
:10C3F00073B19EF800307BB19EF8013083B19EF896
:10C4000002300CF1040C002B0EF1040EEED193E778
:10C410004CF0010C90E700BF4CF0020C8CE700BF21
:10C420004CF0030C88E70000002804BF032070478D
:10C430000023C0F8B832C0F8C4320029C0F8D032A6
:10C4400018BFC0F8B412012180F89C12027000F0ED
:10C45000D9B8000080B5D0F8C802FAF7EDF940F27B
:10C460000032C100C0F2013222FA01F1032888BF74
:10C470000321C8B280BD000080B5D0F8C802FAF729
:10C48000B3F940F20032C100C0F2013222FA01F1E8
:10C49000032888BF0321C8B280BD0000B0B589B1B0
:10C4A00090F89C22032A54D1D0F8B8225269002A6D
:10C4B0004FD00023C0F8D4329047002808BF002096
:10C4C000B0BD00BFD0F8941202293BD18169038C22
:10C4D00099420FD9CA1A416A8261194441620446DD
:10C4E000FFF774FD204600210022002300F018F918
:10C4F00027E000BF10D142698A420DD3D0F89812CC
:10C500008A4209D20021002204460025FFF75EFD81
:10C51000C4F89852E6E700BF90F89C12032909D1AD
:10C52000D0F8B812C96829B10022C0F8D422044654
:10C53000884720468021044600F098F92046FFF7FE
:10C5400069FD204690F8A01200291CBF002180F848
:10C55000A0120020B0BD000010B579B190F89C2267
:10C56000032A22D1D0F8B8229269F2B10023C0F890
:10C57000D4329047002808BF002010BDD0F8941294
:10C58000032912D1D0F85811B0F8602191420FD987
:10C590008B1AD0F86411C0F858311144C0F86411F6
:10C5A000934288BF1A46FFF709FD002010BD00BF67
:10C5B00090F89C12032909D1D0F8B812096929B161
:10C5C0000022C0F8D422044688472046FFF73CFDED
:10C5D000002010BD00207047012180F89C12D0F887
:10C5E000B812002904BF0020704780B54A6801795D
:10C5F0009047002818BF032080BD0000D0F8C80273
:10C60000FAF74AB9017809B10020704710B541F234
:10C61000E461C2F20001C1F8E004C0F8C8124FF0B2
:10C62000A0400860042008714FF40070C880022008
:10C63000C1F809000020C8810846FAF771FE0028F9
:10C6400018BFF8F701FB41F2E464C2F2000420468F
:10C650008021FAF73FF8204600214022FAF73EF801
:10C66000204601218022FAF739F8BDE81040002069
:10C6700070470000D0F8C80201F07F034AB203EB14
:10C68000C30301EBC10100EB830300EB810000F267
:10C690005620002A48BF03F11600007870470000BA
:10C6A000D0F8D42200EB8202D2F8B822002A04BFCC
:10C6B0000320704790F89C32032B05D1126A1AB1FF
:10C6C00080B59047002080BD00207047D0F8D4226C
:10C6D00000EB8202D2F8B822002A04BF0320704780
:10C6E00090F89C32032B05D1526A1AB180B590475D
:10C6F000002080BD0020704780B59446D0F8C80265
:10C700001A466346FAF7D2F840F20032C100C0F28E
:10C71000013222FA01F1032888BF0321C8B280BD8B
:10C7200080B5D0F8C802FAF7FBF840F20032C10039
:10C73000C0F2013222FA01F1032888BF0321C8B2F6
:10C7400080BD0000F0B581B00126002580F89C6214
:10C75000C0F8945204464560D0F8B802C4F8A45218
:10C7600084F8A05240B1426832B12046002190477F
:10C770000546002818BF032520460021002240233B
:10C780004027FFF7B9FF204680210022402384F88C
:10C790006361A4F86071FFF7AFFF84F82360284657
:10C7A000278401B0F0BD000090F89C12042904BF5A
:10C7B00090F89D1280F89C120020704790F89C120F
:10C7C000032908D1D0F8B81229B1C96919B180B5C7
:10C7D0008847BDE8804000207047000002460020E6
:10C7E0001174704780B5D0F8C802FAF733FF40F2F1
:10C7F0000032C100C0F2013222FA01F1032888BFE1
:10C800000321C8B280BD0000B0B500F2AA240546DD
:10C81000204600F06FF80121C5F8941295F8AA128D
:10C82000B5F8B03201F01F02022AC5F898320FD0D5
:10C83000012A07D092B928462146BDE8B04000F051
:10C8400091B800BF28462146BDE8B04000F0FCBAD0
:10C8500028462146BDE8B04000F046BA01F080010C
:10C860002846BDE8B04000F001B8000080B5D0F81F
:10C87000C802FAF777F840F20032C100C0F2013284
:10C8800022FA01F1032888BF0321C8B280BD00004D
:10C8900080B5D0F8C802FAF7F9FE40F20032C100C4
:10C8A000C0F2013222FA01F1032888BF0321C8B285
:10C8B00080BD0000014690F89C02042204281CBFA1
:10C8C00091F89C0281F89D02002081F89C2270471B
:10C8D00080B5D0F8C802FAF77DF840F20032C10006
:10C8E000C0F2013222FA01F1032888BF0321C8B245
:10C8F00080BD00000A7802704A7842704A884280FF
:10C900008A888280C988C1807047000010B582B0D3
:10C9100004460020ADF80600B1B1D4F8D42204F5E5
:10C920002E70C4F8B81250F82200C16A21B10DF17E
:10C9300006008847C4F8D002D4F8D8020130C4F801
:10C94000D802002002B010BD032002B010BD0000CC
:10C95000D0F8B822002A04BF0020704712681047A0
:10C96000FFF796BF70B582B00A7812F060020FD060
:10C97000402A02D0202A40F0D780D0F8D42200EB01
:10C980008202D2F8B822926802B0BDE87040104727
:10C990004A78092A00F2C880DFE802F00630C6585B
:10C9A000C66284C61C4200BF90F89C22013A022A4B
:10C9B00000F2BA80C988022940F0B680D0F8A412EB
:10C9C0000322002908BF0122014641F80C2F022250
:10C9D0006CE100BFC988012940F0A68090F89C1244
:10C9E0004A1E022A80F09A800024014641F8084F2E
:10C9F0000122FFF71BFB204602B070BD90F89C227D
:10CA0000013A022A00F2908049880024012940F06E
:10CA10009480C0F8A442FFF717FB204602B070BD17
:10CA2000498840F27855C2F2000511F0FE0F2970D6
:10CA300052D080210446FFF719FF20460021FFF75E
:10CA400015FF0324204602B070BD00BF4A88022AA9
:10CA500060D0012A68D10121C0F8A4122FE100BFE3
:10CA60008A88002A60D1CA88002A5DD14D887F2D2E
:10CA70005AD890F89C12032956D0E9B280F89E52F9
:10CA80000446FFF7AFFE20462646FFF7DDFA002DED
:10CA900014BF0220012086F89C020024204602B028
:10CAA00070BD00BF4A884FF0FF3303EB122300260E
:10CAB000062BADF8066000F2FF80DFE813F00700F8
:10CAC0004F004100FD00FD005F006D000D46D0F8F5
:10CAD000B4120A68D9E000BF90F89C22032A6BD0F8
:10CAE000022A40F091800A0600F0E98001F001027C
:10CAF000C9B242600546FFF72BFF002800F0A68070
:10CB0000044628468021FFF7B1FE28460021FFF7A2
:10CB1000ADFE73E0497980F8A012D0E0032903D17B
:10CB2000011D0122C2E000BF80210446FFF79EFEE6
:10CB3000204600210024FFF799FE204602B070BD78
:10CB4000D2B2052A00F2B880DFE802F004968E9295
:10CB50008A9A00BFD0F8B422526894E00D46017C56
:10CB60000446D0F8B80200290CBF816AC16A0DF1F1
:10CB700006008847014602201CE000BF027C002A14
:10CB800040F09A800446D0F8B8020D46416B0DF192
:10CB9000060088477EE000BF027C002A40F08C80BF
:10CBA0000446D0F8B8020D46016B0DF10600884727
:10CBB0000146072048706EE00A0635D0426801F051
:10CBC00001018A4200F07B80D1B20446FFF7E8F908
:10CBD0002978204661602546FFF7BAFE002800F05C
:10CBE0008180044628468021FFF740FE2846002128
:10CBF000FFF73CFE29792846FFF7D2F9022085F895
:10CC00009C02204602B070BD80210446FFF72EFE34
:10CC100020460021FFF72AFE29782046FFF7C0F9B9
:10CC20000324204602B070BD022201F0010180F809
:10CC30009C224160002105460024FFF7B1F92846F7
:10CC4000FFF702FA204602B070BD00BF2846FFF78A
:10CC5000FBF9032085F89C020024204602B070BD39
:10CC6000D0F8B42252690EE0D0F8B422D2680AE0BB
:10CC7000D0F8B422126906E0D0F8B422926802E03B
:10CC8000D0F8B4229269BAB10D460446007C0DF189
:10CC9000060190470146EA8882B1BDF80630ABB183
:10CCA000934238BF1A46ADF806202046FFF7BEF97A
:10CCB0000024204602B070BD044608E02046FFF77D
:10CCC000C3F90024204602B070BD00BF2046802179
:10CCD000FFF7CCFD20460021FFF7C8FD00242046C9
:10CCE00002B070BD2846EAE770B50A780D460979AA
:10CCF00012F0600204460BD0402A01D0202A3CD119
:10CD00002046FFF757F9002855D0002070BD00BF1E
:10CD1000687848B3012815D003282ED194F89C02D6
:10CD2000032813D1688838B911F07F0004D0E8884F
:10CD300010B92046FFF79AFD2046FFF785F900203D
:10CD400070BD00BF94F89C02032821D0022814D1A2
:10CD5000480612D02046FFF789FD20468021FFF7C4
:10CD600085FD002070BD00BF94F89C0203282FD0E1
:10CD7000022808BF5FEA416056D020468021FFF7B5
:10CD800075FD20460021FFF771FD002070BD00BF3A
:10CD900068880028B9D10E46480603D0204631469F
:10CDA000FFF758FB2046FFF74FF920463146FFF7C3
:10CDB00001F90028A9D1D4F8B80282680020002A1D
:10CDC000C4F8D402A1D020462946BDE870401047DF
:10CDD00001F00F0000EB8000802904EB80002CBFE5
:10CDE00090F8230090F863010028C6D001F07F007E
:10CDF00000EB800004EB800000F1140501EB8100E2
:10CE000004EB8000802938BF00F5AA75480605D0DC
:10CE10002046FFF72FFC08B1012000E0002005F1BB
:10CE20000E01A8730AE000BF08064FF0140058BFB7
:10CE30004FF4AA702118002001F80E0F204602229C
:10CE4000FFF7F4F8002070BDB0B50A7812F0600268
:10CE500018BF402A10D190F89C22013A022A0DD81E
:10CE60008A8812F0FE0F09D10C46D1B20546FFF7B1
:10CE7000A3F878B10320B0BD202AECD0802104466D
:10CE8000FFF7F4FC204600210024FFF7EFFC2046CA
:10CE9000B0BD00BFD5F8B8128A68002AEAD00021D8
:10CEA0002846C5F8D41221469047E1880446002957
:10CEB00008BF002CEBD12846FFF7C6F80020B0BD14
:10CEC0007047000040F2FC50C2F2000070470000C2
:10CED00010B50A784B78D0F81CE802F00F04012B4B
:10CEE0004FEA421C18D10123A34043EA0E03C0F8C5
:10CEF0001C386044D0F800391B0428D48B6800F536
:10CF00001060097904686FF3DF2343EA814144EA42
:10CF10008252114316E000BF4FF48032A24042EA31
:10CF20000E02C0F81C286044D0F8002B12040ED466
:10CF30008A6800F5306009796FF3DF22036842EAFE
:10CF40008141194341F0805141F4004101600020CA
:10CF500010BD00000146D0F8000940F2FF72904376
:10CF6000C1F80009D1F8040840F480720020C1F82B
:10CF70000428704782B002F47F42B2F5807F40F00F
:10CF80009980826B4FF6BF7322F480328263C2684D
:10CF9000CFF6BD731A40C260029BC268DBB222F4B6
:10CFA0004012012BC26003D1C26842F48012C260F9
:10CFB00000220092009A01320092009AB2F1706F42
:10CFC00000F2F0800269002A21D4009A0132009216
:10CFD000009AB2F1706F00F2E5800269002A16D45F
:10CFE000009A01320092009AB2F1706F00F2DA807A
:10CFF0000269002A0BD4009A01320092009AB2F121
:10D00000706F00F2CF800269B2F1FF3FD2DC0A22DA
:10D010000092009AAAB100BF009A013A0092009AC9
:10D020007AB1009A013A0092009A52B1009A013AFC
:10D030000092009A2AB1009A013A0092009A002ABE
:10D04000EAD1026942F001020261009A01320092C3
:10D05000009AB2F1706F00F2A5800269D20720D069
:10D06000009A01320092009AB2F1706F00F29A8039
:10D070000269D20715D0009A01320092009AB2F1EB
:10D08000706F00F28F800269D2070AD0009A0132D5
:10D090000092009AB2F1706F00F284800269D207A8
:10D0A000D3D14FF0000C01F47F01B1F5803F40F087
:10D0B00099808FE0C26842F04002C2600022019273
:10D0C000019A01320192019AB2F1706F72D802692D
:10D0D000002A1ED4019A01320192019AB2F1706FB6
:10D0E00068D80269002A14D4019A01320192019A87
:10D0F000B2F1706F5ED80269002A0AD4019A013237
:10D100000192019AB2F1706F54D80269B2F1FF3FF7
:10D11000D6DC0A220192019AAAB100BF019A013A13
:10D120000192019A7AB1019A013A0192019A52B19F
:10D13000019A013A0192019A2AB1019A013A0192A7
:10D14000019A002AEAD1026942F001020261019AC1
:10D1500001320192019AB2F1706F2BD80269D207A5
:10D160001DD0019A01320192019AB2F1706F21D85B
:10D170000269D20713D0019A01320192019AB2F1E9
:10D18000706F17D80269D20709D0019A0132019253
:10D19000019AB2F1706F0DD80269D207D7D14FF062
:10D1A000000C09E04FF0030C01F47F01B1F5803F62
:10D1B00018D10FE04FF0030C826B13F47F4F14BFB4
:10D1C00022F4803242F48032826301F47F01B1F5AF
:10D1D000803F07D1816841F006018160816841F09C
:10D1E00020018160604602B07047000010B54A78A7
:10D1F00091F800E047F6000CCEF6334C012A4FEAD6
:10D200004E1227D10244D2F8001902F51063B1F191
:10D21000FF3F4FF0010407DC196841F0006119601D
:10D22000196841F0804119600EF00F01D0F83C28D8
:10D2300004FA01F18A43C0F83C28D0F81C2822EAFD
:10D240000101C0F81C18186800EA0C0100201960E0
:10D2500010BD00BF811801F53063D1F8001B0CF13F
:10D26000707CB1F1FF3F4FF48034DDDCD4E7000087
:10D270000146D0F8000E20F00300C1F8000ED1F8EE
:10D28000040820F002020020C1F8042870470000C2
:10D290000146D0F8000E20F00300C1F8000ED1F8CE
:10D2A000040840F002020020C1F804287047000082
:10D2B0002DE9F04F86B0C3F3074516468E46002190
:10D2C000C0F80411C0F80811C0F80C11C0F8101112
:10D2D000C0F81411C0F81811C0F81C11C0F82011C2
:10D2E000C0F82411C0F82811C0F82C11C0F8301172
:10D2F000C0F83411C0F83811C0F83C1145B1816B49
:10D3000021F400118163816B41F4002111E000BF21
:10D31000D0F8041841F00201C0F80418816B41F400
:10D3200000118163816B21F400218163816B21F401
:10D33000802106F47F4281630021B2F5807FC0F82E
:10D34000001E07D1D0F80028B1EB1E6F08D1C0F83D
:10D35000002809E0D0F8001841F0030102E000BF06
:10D3600042F00101C0F80018002104910499013134
:10D3700004910499B1F1706F52D8016900291ED44B
:10D380000499013104910499B1F1706F48D8016991
:10D39000002914D40499013104910499B1F1706FFA
:10D3A0003ED8016900290AD40499013104910499F5
:10D3B000B1F1706F34D80169B1F1FF3FD6DC0021C3
:10D3C00004914FF48461016104990131049104993D
:10D3D000B1F1706F24D8016989061DD50499013116
:10D3E00004910499B1F1706F1AD80169890613D5B7
:10D3F0000499013104910499B1F1706F10D8016959
:10D40000890609D50499013104910499B1F1706F2D
:10D4100006D801698906D7D44FF0000A02E000BFA0
:10D420004FF0010A002105910599013105910599F7
:10D43000B1F1706F4ED8016900291ED405990131F0
:10D4400005910599B1F1706F44D80169002914D490
:10D450000599013105910599B1F1706F3AD80169CB
:10D4600000290AD40599013105910599B1F1706F30
:10D4700030D80169B1F1FF3FD6DC002105911021C0
:10D4800001610599013105910599B1F1706F21D8BC
:10D490000169C90620D50599013105910599B1F1B8
:10D4A000706F17D80169C90616D505990131059124
:10D4B0000599B1F1706F0DD80169C9060CD50599B0
:10D4C000013105910599B1F1706F03D80169C90661
:10D4D000D7D401E04FF0010A5FFA8EF94FF000084F
:10D4E000B9F1000FC0F81088C0F81488C0F81C8883
:10D4F00000F00D81CDF80CA0CDE9015ED0F8001947
:10D500004FF0006404EA11114FF67F35B9F1010BB9
:10D51000C0F80019C0F81089C0F8085974D0A9F1F2
:10D52000020103290BF0030A04D20121BAF1000F12
:10D5300040D169E000962BF0030700F51866002340
:10D540004FF0904C4FF67F324FF0000E56F8601CB3
:10D550000EF1040E0CEAE17146F8601C46F8503CEE
:10D5600046F8582C56F8401C77450CEAE17146F80D
:10D57000401C46F8303C46F8382C56F8201C0CEA83
:10D58000E17146F8201C46F8103C46F8182C31682A
:10D590000CEAE17131603361B26006F18006D5D1E9
:10D5A000009E0EF101014FF67F354FF00064BAF195
:10D5B000000F29D000F510634F01B446DE594FF03B
:10D5C000904202EAE67603EB4111DE5166460027FF
:10D5D0004FF67F33BAF1010F0F618B6014D00E6AE2
:10D5E000BAF1020F02EAE67266460A620F638B62C4
:10D5F0000AD00A6C4FF0904303EAE2720A640022F8
:10D600000A654FF67F328A64D0F8001BBBF1000F29
:10D6100004EA1111C0F8001B4FF00001C0F8101B04
:10D62000C0F8085BDDE9015EDDF80CA06FD0A9F160
:10D63000020103290BF0030C04D20121BCF1000FFD
:10D640003BD164E0A94600962BF0030500F538664F
:10D6500000234FF090474FF67F32002156F8604C80
:10D66000043107EAE47446F8604C46F8503C46F84A
:10D67000582C56F8404C8D4207EAE47446F8404C6A
:10D6800046F8303C46F8382C56F8204C07EAE4744B
:10D6900046F8204C46F8103C46F8182C346807EA47
:10D6A000E47434603361B26006F18006D6D1009E26
:10D6B00001314D46BCF1000F29D000F530634F0118
:10D6C0003446DE594FF0904202EAE67603EB411110
:10D6D000DE51264600274FF67F33BCF1010F0F6164
:10D6E0008B6014D00E6ABCF1020F02EAE672264685
:10D6F0000A620F638B620AD00A6C4FF0904303EA10
:10D70000E2720A6400220A654FF67F328A64D0F81A
:10D7100010181EF47F0F21F48071C0F810186FF0FC
:10D720008041C0F81880416103D1816941F0100146
:10D730008161816943F60002C8F23C02114316F48C
:10D740007F0F816103D0816941F008018161012D62
:10D7500005D1816941F0804141F004018161504669
:10D7600006B0BDE8F08F00000146806820F001029D
:10D7700000208A6070470000D0F840C043F20B03DD
:10D78000C4F654739C4503D3D0F8003B002B1ED441
:10D790000023C0F8103BD0F8103B012943F40023CC
:10D7A000C0F8103BD0F8103B43F01803C0F8103B12
:10D7B000D0F8103B43F0C043C0F8103B07D1C0F88D
:10D7C000142BD0F8001B41F08021C0F8001B002072
:10D7D000704700004A780B78012A4FEA4312104440
:10D7E0000ED1D0F8002922F40012C0F800290979DE
:10D7F00001F0FE01022914D100F510600DE000BF18
:10D80000D0F8002B22F40012C0F8002B097901F0A7
:10D81000FE01022905D100F53060016841F0805118
:10D8200001600020704700000A784B785101012BFD
:10D83000084407D1D0F80019002900F5106107D578
:10D840000BE000BFD0F8001B002900F5306104D4C4
:10D850001AB1086820F080400860086840F400129F
:10D8600000200A6070470000F0B54B78002591F861
:10D8700000C04FF6FF76CFF6F875012BCEF2070603
:10D880002CD10C6900EB4C1EDEF81079002C0EF543
:10D8900010634FD03D401D611D69BCF1000F05EACA
:10D8A00006051D618E6800F09B80A519013DB5FB42
:10D8B000F6F50026C1F6F8761F6906EAC5463E432E
:10D8C0001E610E79012E40F098801E6926F0C04638
:10D8D0001E614FF0C04606EA45758BE000EB4C1325
:10D8E000D3F8107B4FF6FF742F40C3F8107BD3F8AA
:10D8F000107BC0F207043740C3F8107B8D680E69B7
:10D90000BCF1000F03F530633CD0002E3ED07719F8
:10D91000013FB7FBF5F740F2000CBEB26E430E625A
:10D92000C1F6F87C1D690CEAC7472F4326401F61EA
:10D9300033E000BF07EA06041C611C6944F40024BC
:10D940001C611C6925400024012A1D615DD000F581
:10D9500010634FEA4C169F5947F004479F510F79C7
:10D96000012F33D1D0F80878F558FF054FF08057D4
:10D9700058BF4FF000572F43002AF75060D00020C7
:10D98000F0BD00BF002E18BF0D610D621F6905EAD2
:10D99000040637431F614FF400261F69012A47EA36
:10D9A00006071F6103D1CA68002A18BF5A610979A6
:10D9B00001293DD1D0F808081968C0054FF0805002
:10D9C00058BF4FF00050084331E000BF002CD6D0C4
:10D9D0000CF00F01012202FA01F100F6340329E0F4
:10D9E000B44205D90E614FF40025344602E000BF71
:10D9F0004FF400251E6935431D6125461E696FF3EE
:10DA0000DF453543012A1D61A1D1CA69002A18BF2B
:10DA1000CEF81429097901290AD1D0F80818DEF8BE
:10DA20000009C9054CBF40F0805040F0005018601C
:10DA30004FF004411868084318600020F0BD00BF93
:10DA4000A2B2002A9BD0D61C4FF0FF33C96803EB6B
:10DA5000960300F580504FEA0C32032BC6F3810386
:10DA60000ED3B70827F003060F68043E17504F681F
:10DA700017508F681750CF6801F110011750F3D17C
:10DA8000002B3FF47CAF0F68012B87503FF477AF3A
:10DA90004F68022B87503FF472AF89688150002095
:10DAA000F0BD000081B0002200924A780978012A76
:10DAB0004FEA41113AD100F510625058B0F1FF3FE2
:10DAC0003ADC885842F2107340F000608850885861
:10DAD00040F08040885000980130009000989842B3
:10DAE00064D85058B0F1FF3F26DC00980130009018
:10DAF000009898425AD85058B0F1FF3F1CDC00986B
:10DB0000013000900098984250D85058B0F1FF3F33
:10DB100012DC0098013000900098984246D8505886
:10DB2000B0F1FF3F4FF00000D5DD3CE000F5306282
:10DB30005058B0F1FF3F03DD002001B0704700BF37
:10DB4000885842F2107340F000608850885840F0C6
:10DB5000804088500098013000900098984225D865
:10DB60005058B0F1FF3FE7DC00980130009000987A
:10DB700098421BD85058B0F1FF3FDDDC00980130CF
:10DB800000900098984211D85058B0F1FF3FD3DC74
:10DB90000098013000900098984207D8505800280B
:10DBA0004FF00000D6D401B0704700BF012001B093
:10DBB000704700000146806840F0010200208A6042
:10DBC0007047000081B000220092009A013200925A
:10DBD000009AB2F1706F51D80269002A1ED4009ADF
:10DBE00001320092009AB2F1706F47D80269002AA0
:10DBF00014D4009A01320092009AB2F1706F3DD8AD
:10DC00000269002A0AD4009A01320092009AB2F105
:10DC1000706F33D80269B2F1FF3FD6DC8901002270
:10DC20002031009201610099013100910099B1F118
:10DC3000706F23D8016989061DD5009901310091C3
:10DC40000099B1F1706F19D80169890613D500994F
:10DC5000013100910099B1F1706F0FD80169890607
:10DC600009D50099013100910099B1F1706F05D883
:10DC700001698906D7D4002001B07047032001B0A4
:10DC800070470000D0F8080800F0060180074FF048
:10DC9000020058BF0F20002908BF08467047000047
:10DCA000406900F001007047D0F81818D0F81C083F
:10DCB000084080B270470000D0F81818D0F81C084F
:10DCC0000840000C70470000D0F810C8D0F8343875
:10DCD00001F00F0223FA02F2D20100EB4110D2B29E
:10DCE000D0F8080942EA0C010840704700EB4111E6
:10DCF000D1F8081BD0F814080840704741698069C2
:10DD00000840704710B5930802F0030E2CD05A1E3D
:10DD1000032A03F0030C0FD323F003034FF48052C4
:10DD20008458043B0C6084584C6084588C60845840
:10DD3000CC6001F11001F3D1BCF1000F14D04FF40D
:10DD4000805284580B46BCF1010F43F8044B05D1B7
:10DD50001946BEF1000F0AD11EE000BF8258BCF187
:10DD6000020F4A601AD10831BEF1000F14D04FF4EF
:10DD7000805280580A46BEF1010F02F8010B04BF21
:10DD8000104610BD020ABEF1020F4A7004BF881C83
:10DD900010BD000C88700331084610BD4FF480524E
:10DDA00082588A600C31BEF1000FE0D1F4E7000028
:10DDB000B0B50446C068002920F0C040E06000F023
:10DDC0009980012940F0B080E0680A2540F00050B9
:10DDD000E0600A20F8F75CF954F8140FC00740F02F
:10DDE0009C800A20F8F754F92068C00740F09E8014
:10DDF0000A20F8F74DF92068C00740F0A5800A20F6
:10DE0000F8F746F92068C00740F0AC800A20F8F720
:10DE10003FF92068C00740F0B3800A20F8F738F9CE
:10DE20002068C00740F0BA800A20F8F731F920686E
:10DE3000C00740F0C1800A20F8F72AF92068C0071F
:10DE400040F0C8800A20F8F723F92068C00740F0A6
:10DE5000CF800A20F8F71CF92068C00740F0D68070
:10DE60000A20F8F715F92068C00740F0DD800A2085
:10DE7000F8F70EF92068C00740F0E4800A20F8F7B0
:10DE800007F92068C00740F0EB800A20F8F700F996
:10DE90002068C00740F0F2800A20F8F7F9F82068FF
:10DEA000C00740F0F9800A20F8F7F2F82068C007B0
:10DEB00040F000810A20F8F7EBF82068C00740F036
:10DEC00007810A20F8F7E4F82068C00740F00E81C7
:10DED0000A20F8F7DDF82068C00740F016810A2014
:10DEE000F8F7D6F82068C825A5F1C800B0FA80F088
:10DEF0004009B0BDE0680A2540F08040E0600A209B
:10DF0000F8F7C6F854F8140FC00706D00A20F8F73F
:10DF1000BFF82068C00711D11425A5F1C800B0FAD8
:10DF200080F04009B0BD00BF0120B0BD1425A5F1AF
:10DF3000C800B0FA80F04009B0BD00BF0A20F8F771
:10DF4000A7F82068C00707D11E25A5F1C800B0FAC0
:10DF500080F04009B0BD00BF0A20F8F799F82068AA
:10DF6000C00707D12825A5F1C800B0FA80F0400904
:10DF7000B0BD00BF0A20F8F78BF82068C00707D1B2
:10DF80003225A5F1C800B0FA80F04009B0BD00BF4D
:10DF90000A20F8F77DF82068C00707D13C25A5F1D5
:10DFA000C800B0FA80F04009B0BD00BF0A20F8F701
:10DFB0006FF82068C00707D14625A5F1C800B0FA60
:10DFC00080F04009B0BD00BF0A20F8F761F8206872
:10DFD000C00707D15025A5F1C800B0FA80F040096C
:10DFE000B0BD00BF0A20F8F753F82068C00707D17A
:10DFF0005A25A5F1C800B0FA80F04009B0BD00BFB5
:10E000000A20F8F745F82068C00707D16425A5F174
:10E01000C800B0FA80F04009B0BD00BF0A20F8F790
:10E0200037F82068C00707D16E25A5F1C800B0FAFF
:10E0300080F04009B0BD00BF0A20F8F729F8206839
:10E04000C00707D17825A5F1C800B0FA80F04009D3
:10E05000B0BD00BF0A20F8F71BF82068C00707D141
:10E060008225A5F1C800B0FA80F04009B0BD00BF1C
:10E070000A20F8F70DF82068C00707D18C25A5F114
:10E08000C800B0FA80F04009B0BD00BF0A20F7F721
:10E09000FFFF2068C00707D19625A5F1C800B0FA98
:10E0A00080F04009B0BD00BF0A20F7F7F1FF2068FB
:10E0B000C00707D1A025A5F1C800B0FA80F040093B
:10E0C000B0BD00BF0A20F7F7E3FF2068C00707D103
:10E0D000AA25A5F1C800B0FA80F04009B0BD00BF84
:10E0E0000A20F7F7D5FF2068C00707D1B425A5F1AE
:10E0F000C800B0FA80F04009B0BD00BF0A20F7F7B1
:10E10000C7FF2068C0077FF4EAAEBE25A5F1C800AE
:10E11000B0FA80F04009B0BD0246D0F8000801F026
:10E120007F0120F4FE60C2F80008D2F8000840EA3F
:10E1300001110020C2F8001870470000022A0246B0
:10E140005FD145F24030CFF6277043F200530844C8
:10E15000C0F20C03984203D24FF4705053E000BF5A
:10E1600041F64060CFF61B7044F240230844C0F2F1
:10E170000F03984202D24FF4605044E0A1F57400BE
:10E1800044F68073A0F51050C0F21203984203D2F7
:10E190004FF4505037E000BFA1F183704DF220637F
:10E1A000A0F5E740C0F21303984203D24FF4405069
:10E1B00029E000BF4BF26060CFF6E5604EF26033BD
:10E1C0000844C0F21603984202D24FF430501AE0CD
:10E1D0004DF20030CFF6CE6047F240730844C0F2F3
:10E1E0001B03984202D24FF420500CE045F6C03099
:10E1F000CFF6B36049F2C0130844C0F2210398423D
:10E200000AD24FF41050D16821F47051D160D16816
:10E2100001430020D1607047A1F1B77047F220534D
:10E22000A0F55850C0F23803984203D24FF4005082
:10E23000E9E700BF45F2E040CFF6596049F6E04318
:10E240000144C0F241034FF4C050994238BF4FF42B
:10E25000E050D8E710B5DDF808C0BCF1000F2CD1B4
:10E260005BB303F1030E4FF0FF3303EB9E0300F5A6
:10E2700080541203032BCEF3810C0FD34FEA9E037D
:10E2800023F003030868043B105148681051886864
:10E290001051C86801F110011051F3D1BCF1000F09
:10E2A0000BD00868BCF1010FA05006D04868BCF143
:10E2B000020FA0501CBF8868A050002010BD0000B5
:10E2C000FEE700004EF60C50BFF34F8FCEF2000079
:10E2D0000168042201F4E061C0F2FA5211430160C6
:10E2E000BFF34F8F00BF00BF00BF00BFFAE70000C1
:10E2F00070B540F6B455C2F20005687801281DD10A
:10E30000A878A0F121010F2900F27E80DFE811F04A
:10E310001000880090006201620148014E01620114
:10E320006201620162016201620162016201C8016F
:10E33000686802F0D9F90020287070BDEA78511E93
:10E34000052933D2A8780238232800F24381DFE878
:10E3500010F02500830041014101410141014101CB
:10E36000410141014101410141014101410141019D
:10E37000410141014101410141014101410141018D
:10E38000410141014101410141014101410141017D
:10E39000A5006700B50041019B0000BF696811F846
:10E3A000010B03F09FFF0020287070BD082AC9D020
:10E3B000002A40F00F81AA78A2F1F0010E2900F2A4
:10E3C000CB80DFE811F00F00370131013D01430040
:10E3D000260025011B012B01070107010701070189
:10E3E0000701430140F23021C2F200010A78002AFD
:10E3F00000F0528140F2DC20C2F2000000210171E5
:10E400000020287070BD00BFF4281FD0F52840F010
:10E41000E180042002F030FA0020287070BD00BFB7
:10E420006868007802F02AF90020287070BD00BFEB
:10E43000686805F10C040078214604F0C1FC204610
:10E44000042101F035FA0020287070BD032002F08D
:10E4500013FA0020287070BD68680078FF2800F06B
:10E46000AB8005F10C0405F10802214603F07CFCA9
:10E470006978A8782A7A022940F0A880214605F018
:10E48000BDF80020287070BDD5F804C0032902F043
:10E49000030E85F88C2027D200223DE068680168D1
:10E4A00040F2DC20C2F2000040F8141F002141605D
:10E4B00002F01AF90020287070BD00BF686805F1ED
:10E4C0000C044078214604F07BFC6A780421A8788B
:10E4D000022A297221464FF0040240F0788005F0AC
:10E4E0008DF80020287070BD02F07C030CF101044F
:10E4F000002200BFA01810F8011CAE1886F88D107D
:10E50000A15C043286F88E104178934286F88F1011
:10E51000807886F89000EDD1BEF1000F00F05A80AF
:10E520001CF80200A918BEF1010F81F88D0000F05F
:10E530005180501C1CF800102844BEF1020F80F8D6
:10E540008D1000F04780901C1CF80010284480F8C3
:10E550008D100020287070BD501E302800F23A80C7
:10E56000DFE800F01A38388038383838383838382A
:10E57000383838383838383838383838383838381B
:10E580003838383838383838841E243838383838ED
:10E590003838389E8A0000BF03F0E2FB40E000BF3D
:10E5A00002F0D8F80020287070BD00BF02F046F8D5
:10E5B0000020287070BD00BF40F2DC20C2F20000D5
:10E5C000012141700020287070BD00BF214604F079
:10E5D00065FF18B10020287070BD00BF40F23020E8
:10E5E000C2F200000021017040F2DC20C2F2000003
:10E5F000017085F88C100020287070BD40F2DC207E
:10E60000C2F20000012181700020287070BD00BF9F
:10E6100004F06CF90020287070BD00BF02F06AFDA4
:10E62000F020287331E000BF062002F025F9002019
:10E63000287070BD012002F01FF90020287070BD05
:10E64000022002F019F90020287070BD40F2DC2091
:10E65000C2F200000021017040F23020C2F200003E
:10E66000C6E700BF03F02EFE08E000BF002085F8DB
:10E670008C000020287070BD00F034FF6FF00101A5
:10E68000002818BF6FF00F0129730120287202F0D3
:10E6900051FC0020287070BD08700020287070BDEB
:10E6A000FFF710FE2DE9F04140F6B456C2F2000625
:10E6B0003478F7F735FF40F2DC25C2F200051CB1D3
:10E6C000A860BDE8F08100BF6978E860012919D130
:10E6D00029698842F5D0687906F10D0106F1080232
:10E6E00003F042FB68797178327A3073B078013286
:10E6F0000229327240D106F10C01D2B204F07EFF41
:10E7000049E000BFA978012914D129698842D8D0ED
:10E7100006F10C0406F10801204602F01DFD002858
:10E7200000F09E800020A870F7F7FAFE2861BDE88F
:10E73000F08100BF40F23027C2F200073978C9B338
:10E74000A968411AB1F5FA7F56D92878F021002836
:10E75000B17000F0938006F10C01002004F030FB52
:10E7600006F11001012004F02BFB06F11401022038
:10E7700004F026FB0C2092E006F10C01D2B204F06A
:10E780008DFE40B940F23020C2F20000002101703D
:10E79000297086F88C1068790130C1B22F29687110
:10E7A00002BF002068716870F7F7BAFE2861BDE803
:10E7B000F08100BF96F88C1000293FF482AF2969E0
:10E7C000884208BFBDE8F08128618C250C2400BF79
:10E7D00070194078311904F0F3FA96F88C10A5F10D
:10E7E0008B00013504348842F2D306F10C00BDE8F9
:10E7F000F04104F0D3BF00BF2969401A0228FFF49A
:10E8000060AF96F88C0000283FF45BAF0C21B1FBA1
:10E81000F0F1EC7841434F1EB4FBF0F1002301FB13
:10E82000104006F10C02304490F88D0021464FF064
:10E830000008A742D8BF012304F0A6FBE878A7424E
:10E8400000F10100E87007DC25218000B170307212
:10E8500002F070FB85F80380E8682861BDE8F0816C
:10E860007178B078327A02293ED1214604F0C6FE92
:10E87000F7F756FE2861BDE8F08100BF002034465E
:10E8800004F80C0F2046F5F7F0FC204420A12522C7
:10E89000F5F7C7FC2046F5F7E8FC012129707178EF
:10E8A000B3780229307206F10C01C2B2184603D1C6
:10E8B00004F0A4FE08E000BF04F0F0FD20B9002041
:10E8C0003870287086F88C0028790130C1B20B2985
:10E8D000287104D300203870287086F88C00E8680E
:10E8E000A8602861BDE8F081214604F0D7FD00282A
:10E8F0007FF41AAF40F23020C2F200000021017014
:10E90000297086F88C10F7F70BFE2861BDE8F081BE
:10E910005844722D502C4F5F56312E325F323630B4
:10E920003432342C7778642C3130302C32302D3323
:10E93000342C38300000000070B52DED068B82B00D
:10E9400040F64875C2F20005A97800244A1C0A293D
:10E95000AA7005D2204602B0BDEC068B70BD00BF88
:10E9600095F8CF10AC700629F4D8B0EE408ADFE8F5
:10E9700011F09D00D900070007004901130139017A
:10E980000FF2146095ED1E0A032908BF043090EDC4
:10E99000001A9FEDE49A31EE000AF0EE490A85ED87
:10E9A0001E0A05F034F8B5EE400A30EE091AF1EE11
:10E9B00010FAB8BFB0EE410A95ED1DAA01A869464C
:10E9C00085ED1C0A00F0BEFB9DED000A9DED011ACD
:10E9D0002AEE000A6AEE010A01F0B2FE02F0B8F86F
:10E9E00095ED1E1A95ED1F2A00EE100A31EE422A0F
:10E9F000B8EEC00AB0EEC22AB2EE043A20EE090A1E
:10EA0000B4EE432A30EE080AF1EE10FA85ED200A42
:10EA10002BDB95F8CF0005F17001023801EB800285
:10EA200092ED0E2A92ED103A92ED124A30EE022A41
:10EA300085ED1F1A82ED0E2A31EE032A20EE011A0F
:10EA400001EB400092ED145A31EE041AB0F8581060
:10EA500082ED121A20EE001A31EE051A013182ED14
:10EA6000102A82ED141AA0F8581095ED211A30EEF4
:10EA7000410A9FEDD71AB0EEC00AB4EE410AF1EE9A
:10EA800010FA40F31C8295F8CF00002402284FF0C2
:10EA900001000CBF85F8CC0085F8CD0085F8CF00CB
:10EAA0006C60204602B0BDEC068B70BD02F050F8E1
:10EAB00000EE100A9FED9B1AB8EEC00A95F8CE0042
:10EAC00020EE010A30EE080A032885ED200A00F244
:10EAD000F681DFE810F00500BF017F01A90100BF4A
:10EAE0009FEDF40A95ED1D8A01A8694600F02AFB06
:10EAF0009DED000A9DED011A28EE000A68EE010A5C
:10EB000001F01EFE686841F2707188424FF0000407
:10EB1000FFF420AFD5F880006C60C5F884000120B8
:10EB2000C0E100BF9FEDE30A95ED1D9A01A869467B
:10EB300000F008FB9DED000A9DED011A29EE000A88
:10EB400069EE010A01F0FCFD686841F270718842CB
:10EB50004FF00004FFF4FEAE6C6001F0F9FF00EE30
:10EB6000100A9FED701AB8EEC00A95F8CC0020EE9E
:10EB7000010A30EE080A002885ED200A85ED210AF9
:10EB8000AC67EC6700F0988195F8CD00002814BFC1
:10EB90000420032091E100BFB5F8C810092916D957
:10EBA00095ED2A1A95ED300A02EE101AB8EE422AB7
:10EBB00021EE013A22EE000A30EE430A9FEDF03AD0
:10EBC000B0EEC04AB4EE434AF1EE10FA5ADA9FEDC5
:10EBD000EB0A00219FEDEB2AC5F89010B0EE401A29
:10EBE00068E000BF9FEDE50A0546F0EE400A01F03F
:10EBF000A7FD012485F83D40204602B0BDEC068B00
:10EC000070BD00BF4CF6CD41C3F6CC619FEDDB0A71
:10EC100001AA696769460646104600F093FA9DED21
:10EC2000001A9DED010A9FEDDA2A9FEDDA3A20EEF7
:10EC3000020A61EE030A01F083FD686841F2707117
:10EC400088424FF00004FFF485AE6C6001F080FF55
:10EC500000EE100A9FEDCD1AB8EEC00A20EE010AB0
:10EC600095ED211A30EE082A32EE410AB1EE041A6F
:10EC7000B4EE410AF1EE10FA85ED202A40F39680B9
:10EC800001209DE095ED2C3A95ED2E4AB1EE415ACA
:10EC900023EE055A22EE044A34EE054A84EE000AB9
:10ECA00020EE011A33EE411A81EE021A9FEDB32ACB
:10ECB00085ED240AB5F8CA1085ED261A0A2985EDD6
:10ECC000282A16D395ED2B4A95ED313A05EE101A08
:10ECD000B8EE455A24EE046A25EE033A33EE463A7E
:10ECE0009FEDA76AB0EEC37AB4EE467AF1EE10FA61
:10ECF0001ADA0021C5F89410C5F89C1046F62831A0
:10ED0000C4F66E61C5F8A410002180F83D104FF4E0
:10ED10000270288085F8CF100124204602B0BDEC97
:10ED2000068B70BD0000B44395ED2D6A95ED2F7AEA
:10ED3000F1EE440A66EE200A25EE077A37EE207AD5
:10ED400087EE033A0021C5F8A41023EE044A36EEFC
:10ED5000444A84EE054A9FED8C5A85ED253AB4EE7F
:10ED6000452AF1EE10FA85ED274ACDDCB0EEC02A37
:10ED7000B0EEC35A32EE055AB6EE002A25EE025A1C
:10ED800035EE025ABDEEC55A15EE101AA1F1110268
:10ED9000D2B2EF2A80F8381000F2C280002180F849
:10EDA0003D104FF402702880B6E700BFB9EE041A98
:10EDB000B4EE410AF1EE10FA4FF0000080F28680C6
:10EDC00041F61461C2F2000181F83A00052074E0B6
:10EDD0000080B4439FED690A95ED1D8A01A869463C
:10EDE00000F0B0F99DED000A9DED011A28EE000A31
:10EDF00068EE010A01F0A4FC686841F27071884273
:10EE00004FF00004FFF4A6AD95ED200A95ED211A10
:10EE1000032030EE411AB0EEC11A6C6085ED231A62
:10EE200085ED210A3EE000BF95ED221AB2EE040AFC
:10EE3000B4EE401AF1EE10FA50DB95ED231AB4EE61
:10EE4000401AF1EE10FA49DB4FF48070A5F8CE00BD
:10EE500035E000BF9FED530A95ED1D8A01A8694674
:10EE600000F070F99DED000A9DED011A28EE000AF0
:10EE700068EE010A01F064FC686841F27071884232
:10EE80004FF00004FFF466AD95ED200A95ED211AD0
:10EE9000022030EE411AB0EEC11A6C6085ED210AF5
:10EEA00085ED221A85F8CE00204602B0BDEC068B17
:10EEB00070BD00BF00000000022085F8CF000024D4
:10EEC000204602B0BDEC068B70BD00BF4FF402714E
:10EED00086F83D00298085F8CF001DE795ED1D0AD5
:10EEE0009FED2F1A9FED2B2A30EE010AB0EE001A8B
:10EEF000B4EE410AF1EE10FAC8BFB0EE410AB4EE2A
:10EF0000420A0024F1EE10FAC8BFB0EE402A85EDA7
:10EF10001D2A85F8CE40204602B0BDEC068B70BDA0
:10EF2000B1EE444A84EE033A81EE001A9FED178A4F
:10EF3000B5EE400A0021F0EE480AF1EE10FAC8BF23
:10EF4000012180F83910064633EE410A20EE020A0C
:10EF500004F05DFDB5EE400A062030EE081AF1EE31
:10EF600010FAB8BFB0EE410A86ED0D0A85F8CF0061
:10EF7000204602B0BDEC068B70BD00BF0000000053
:10EF8000BD378635286B6E4E0000C8420000B44382
:10EF9000CDCCCCBECDCCCC3E3D0AD73E3D0AD7BE73
:10EFA000CDCC4C3E000034432DE9F041D0E900C403
:10EFB00080684FEA930E03F0030800BF90ED000A4B
:10EFC00090ED011A90ED022A90ED033A90ED044A7B
:10EFD00094ED005A94ED017A94ED026AD4ED030A9F
:10EFE000BEF1000F64D07646174600BFD1ED001A7F
:10EFF00061EE053A60EE212A73EEA22A22EE077A2C
:10F0000037EE227A63EE062A32EE877A64EE200A21
:10F0100070EE870AC7ED000AD1ED012A61EE213AB0
:10F0200020EE227A33EE877A22EE055A35EE075A21
:10F0300023EE207A35EE075A24EE066A36EE056A8C
:10F0400087ED016A91ED027A61EE223A20EE075ACD
:10F0500033EE855A62EE211A31EE855A63EE061AB6
:10F0600035EE215A64EE200A70EE850AC7ED020AD9
:10F0700091ED035A61EE073A60EE051A73EEA11A9C
:10F0800062EE222A72EEA11A63EE202A71EEA21A13
:10F0900024EE066A36EE216A01F1100307F110052D
:10F0A00087ED036A013E19462F469FD1194600E0BD
:10F0B0001546B8F1000F00F1140023D0464600BFFA
:10F0C000F0EE451A91ED005A61EE213A60EE052A04
:10F0D00073EEA22A22EE077A37EE227AF0EE462A63
:10F0E00023EE066A36EE076A24EE207A37EE066AC9
:10F0F0000431A5EC016A013EF0EE620AB0EE617ADD
:10F10000DED103E0F0EE471AF0EE602A84ED005AFB
:10F11000C4ED011A84ED026AC4ED032A1034BCF177
:10F12000010C114608BFBDE8F08147E7B0B50546C0
:10F1300001608260090118461C46F5F78BF86C6087
:10F14000B0BD000080B59FED441A9FED443A20EE1B
:10F15000011AB0EEC11ABDEEC12AB8EEC22A31EED4
:10F16000421A21EE031ABDEEC12A12EE102A02F154
:10F17000800E6FF35F2243F6704CC0F6010C02EE76
:10F18000102A6FF35F2E0CEB8203B8EE422A0CEBD1
:10F190008E0231EE421A92ED002A92ED013A93ED81
:10F1A000004A93ED015A9FED2E7A33EE426A74EED7
:10F1B000050A20EE877A76EE060A74EE041ADFED71
:10F1C000292A37EE607AF0EE080A75EE211A26EE4B
:10F1D000206A61EEA21A21EE077A36EE216A36EE37
:10F1E000076A21EE066A24EE227A36EE476A21EE9D
:10F1F000066A32EE066A81ED006A35EE445A32EE56
:10F20000036A26EE226A35EE057A36EE476A32EE5A
:10F21000027A33EE073A25EE205A23EE223A21EE07
:10F22000066A35EE433A33EE063A21EE033A22EE11
:10F23000222A32EE032A21EE021A34EE011AB5EE2A
:10F24000400AB1EE412AF1EE10FAB8BFB0EE421A10
:10F2500080ED001A80BD00BF610B363B000000440A
:10F26000DB0F49BCDB0F493C10B5F7F759F940F209
:10F27000FC34C2F200046169401AB0F5967F38BFD1
:10F2800010BDF7F74DF9034641F28030A11CC2F2E0
:10F29000000002226361BDE81040F5F78BBF00005B
:10F2A00010B541F6C044C2F20004206840F63201B5
:10F2B00001642046F9F7E0FE20460C21FAF784FAB3
:10F2C00040F2FC34C2F2000441F2383004F124016F
:10F2D000C2F200000322F5F76DFF41F28030A11C5D
:10F2E000C2F200000222F5F765FF05E06078002811
:10F2F00018BF10BD607820B9607810B96078002818
:10F30000F4D010BD000000002DE9F04F87B040F2AE
:10F31000FC3BC2F2000B9BF80030BBF82470002BC2
:10F3200000F0968004AB07C33846F5F7D9F80746D6
:10F330008846DBE90604DBF820100391F5F7DDF8D9
:10F340009FED590B81468A4653EC102B38464146B7
:10F3500002929846F5F737F84A465346F4F78CFF81
:10F36000F5F7DEF80146BBF826000191CBF818103E
:10F37000F5F7B6F8074620460D46F5F7BEF8DDF876
:10F3800008A004460E463846294652464346F5F73D
:10F390001AF822463346F4F76FFFF5F7C1F88146B5
:10F3A000BBF82800CBF81C90F5F79AF804460398B0
:10F3B0000E46F5F7A2F807460D462046314652465E
:10F3C0004346F5F700F83A462B46F4F755FFF5F7B4
:10F3D000A7F8CBF82000BBF8041001318AB2642AE8
:10F3E000ABF8041029D30199B6EE003A00EE101ADA
:10F3F00030EE030A01EE109ABDEEC00A02EE100ACA
:10F4000010EE100A31EE030ABDEEC00AABF806009A
:10F4100010EE100A32EE030ABDEEC00AABF8080087
:10F4200010EE100AABF80A000020CBE90600CBF87A
:10F430002000ABF804008BF800000699002008605B
:10F44000059908600499086007B0BDE8F08F00BF17
:10F45000BBF806309FED161AFB1A00EE103AB8EE14
:10F46000C00ABBF82670BBF8083020EE010A80ED18
:10F47000000AF81A00EE100ABBF82800BBF80A30A0
:10F48000B8EEC00A20EE010AC01A81ED000A00EEB3
:10F49000100AB8EEC00A20EE010A82ED000A07B099
:10F4A000BDE8F08F00BF00BF7B14AE47E17A843F18
:10F4B000510AA53D40F2FC31C2F200010969016028
:10F4C0007047000040F2FC31C2F20001C9680160DF
:10F4D0007047000041F6C041C2F2000109680864AB
:10F4E00070470000F0B58DB043F60C46C4F202063A
:10F4F0003068C00313D5642088B100BF3168C903E8
:10F5000038D500BF3168C9033CD500BF3168C90395
:10F5100030D500BF31680438C903EDD468B3FF208B
:10F52000306072B6F6F706FF02200C900B20002523
:10F530000A90012708A807A908950B97F6F7BCFDC4
:10F54000002868D13068C00322D5642000B300BF12
:10F550003168C9031AD500BF3168C90316D500BF89
:10F560003168C90312D500BF31680438C903EDD42E
:10F570000DE000BF01200028D1D1002528460DB0A4
:10F58000F0BD00BF01200028C9D1F6E7012008B175
:10F59000FF20306001AD00242846C0F60E04F4F7C9
:10F5A00064FE28441FA11422F4F73BFE019A0220B6
:10F5B000214600230025F6F74FFE60BB029A211D6D
:10F5C000022000230025F6F747FE20BB039A04F132
:10F5D0000801022000230025F6F73EFED8B9049A60
:10F5E00004F10C01022000230025F6F735FE90B946
:10F5F000059A04F11001022000230025F6F72CFEE5
:10F6000048B9069A04F1140102200023F6F724FEFB
:10F61000B0FA80F04509F6F715FE62B63760284665
:10F620000DB0F0BD5844722D50204F5F56312E3230
:10F630005F3236303432340010B594B040F64C634B
:10F64000C2F20003684603F110014C2251F8044B4A
:10F65000043A40F8044BF9D10FCB01F0E1FE072842
:10F66000044608BF00F0FCFDE01FB0FA80F040093E
:10F6700014B010BDB0B50C4630210546F4F7EAFDD4
:10F6800020682A4642F81C0F606805F10C032862C6
:10F69000A06801216862E068A86224692846EC62DB
:10F6A000BDE8B040FFF742BD80B582B001A96A460F
:10F6B00001238DED010AFFF777FC9DED000A02B0F2
:10F6C00080BD00000021C0E90311C0E905117047A9
:10F6D00070B594B040F20C25C2F2000528604001DC
:10F6E000002680B2CDE901064FF6E07040F23C24DE
:10F6F000039006206971C2F200040121049041F2D6
:10F70000C83021700E22CDE907610991C2F20000D4
:10F7100001A906920596F5F789FE002841F2C83046
:10F72000C2F2000018BF2670F6F706FA00281CBFC8
:10F730000020207041F2C830C2F200000221F5F72B
:10F740000BFE00281CBF00202070687940B140F2F9
:10F75000385105F10800C2F20001402203F0DAFA44
:10F76000296803202070CDE90B11002043F61731E2
:10F77000CDE90D000120C0F601010F90F5200978B8
:10F780008DF8400041F2C8308DF84810C2F20000F8
:10F790000BA912AA11ABF5F7F7FD00281CBF022038
:10F7A000207041F2C834C2F2000400BF2046F5F7D1
:10F7B00047FF0328FAD314B070BD00002DE9F043D1
:10F7C00081B040F20C2040F2D027C2F20000C2F219
:10F7D000000700F10804BD1C2046294603F058FA32
:10F7E00010B101B0BDE8F08307F1030800264FF027
:10F7F000010909E0E52808BFA7F80090204629463E
:10F8000003F046FA0028ECD13978B8780129F1D113
:10F810007978072906D85E2806D1404600F00AF814
:10F820003E80EBE73E70E9E74A1C39447A70C870C5
:10F83000E4E7000040F6B452C2F200021378002B55
:10F8400018BF7047013907290AD8DFE801F0051B06
:10F85000090F0909092700BF007890700020D070B7
:10F8600040F201101080FEF743BD00BF40F221417D
:10F87000518000215060416040F201101080FEF77D
:10F8800037BD00BF10F8011B91700121D17050608D
:10F8900040F201101080FEF72BBD00BF40F62101A1
:10F8A0005180506040F201101080FEF721BD000031
:10F8B00010B58AB00A46014640F20C20C2F20000A0
:10F8C000006840F23C24CDE901000020C2F20004AF
:10F8D0000323CDE90300F520237005928DF818006D
:10F8E00012B108A8F4F79DFC41F2C830C2F2000042
:10F8F00001A908AA07ABF5F747FD00281CBF0220A5
:10F90000207041F2C834C2F2000400BF2046F5F76F
:10F9100097FE0328FAD301200AB010BD2DE9F0416B
:10F920008AB041F2C836C2F20006054630460C469F
:10F93000F6F730F940F20C27C2F2000740F23C28FB
:10F940007C71C2F200080120002488F80000CDE993
:10F9500006400890680180B2CDE900044FF6E070DF
:10F960000E210290062005910390694630463D60C5
:10F970000494F5F75BFD002841F2C830C2F20000A4
:10F9800018BF88F80040F6F7D7F800281CBF002001
:10F9900088F8000041F2C830C2F200000221F5F7F9
:10F9A000DBFC00281CBF002088F80000787968B1D3
:10F9B00040F2385107F10800C2F20001402203F082
:10F9C000A9F9032804BF002088F800000AB0BDE8A8
:10F9D000F081000080B540F6A860C2F200004178D6
:10F9E0000069002918BF0121FFF772FE03F0E0FD56
:10F9F00003F036FD40F23020C2F200000021017019
:10FA000080BD000080B5FEF74DFEBDE88040FFF7E9
:10FA1000D5BE000041F65050C2F2000090ED093A08
:10FA200030EE600A90ED0A4A30EE033A90ED061A85
:10FA300090ED072AB1EE445AB4EE443AF1EE10FAD2
:10FA4000B4EE453AC8BFB0EE443AF1EE10FAB8BF92
:10FA5000B0EE453A22EE032A21EE000A90ED0B1A91
:10FA600030EE020AB1EE412AB4EE410A80ED093AC5
:10FA7000F1EE10FAB4EE420AC8BFB0EE410AF1EE60
:10FA800010FAB8BFB0EE420A80ED0C0A70470000D1
:10FA9000F0B581B02DED028B82B040F2AC35C2F2F0
:10FAA0000005287E411E022928D3032834D00028CF
:10FAB00040F0B0800020A88141F620400024C2F22E
:10FAC0000000C4F20204F8F72DFA012814D12046F0
:10FAD0004FF400410022F6F71DFD41F6204040F2B0
:10FAE000C0212A1DC2F20000C2F200010223F8F771
:10FAF000B9FF002800F0E68020468EE0A88901309A
:10FB000081B2B1F57A7FA88100F2B08002B0BDEC7D
:10FB1000028B01B0F0BD00BF40F23C26C2F20006ED
:10FB200003207070F6F7FCFC2F6B6989890700F1E0
:10FB30009B806A89E9886B89C9B2C3F34603CC010B
:10FB400043EAC11181EA142383EA131383EA93037E
:10FB500083EA530353402A78DB0740F08F80064640
:10FB6000501E00EE100A9FED891AB8EEC00AB4EEDE
:10FB7000410AF1EE10FAC8BFB0EE410A9FED841AB7
:10FB8000B5EE400AF1EE10FAC8BFB0EE401ABDEE75
:10FB9000C10A10EE100A287048082885288D9FEDAC
:10FBA0007D8A00EE100AB8EE400A20EE080A85EDC4
:10FBB000070AF6F7BBFC6969411A2961686169782F
:10FBC000288D002900F08080698D95ED080A9FED51
:10FBD000721AB0EEC00AB4EE410AF1EE10FAA0EBD0
:10FBE0000101304640F382804EF20002CFF6FF72F0
:10FBF00002F580529142C0F27C80B1F5805F00F343
:10FC00007F808A1E12F1030FC0F07F8000202862DF
:10FC10002CE000BF0020C4F202004FF4004101229A
:10FC2000F6F778FC41F62044C2F200042046F8F7CB
:10FC300079F9012805D041F62040C2F20000F8F71A
:10FC40004BF8002001902168CA6801928A680192ED
:10FC5000019A01908968019101992876286202B081
:10FC6000BDEC028B01B0F0BD002070700020287642
:10FC700002B0BDEC028B01B0F0BD00BF02F10A0082
:10FC800000EE100A9FED411AB8EEC00AB4EE410A28
:10FC9000F1EE10FAC8BFB0EE410A9FED3D1AB5EE85
:10FCA000400AF1EE10FAC8BFB0EE401ABDEEC10A2C
:10FCB00010EE100A65282870D8D30220707000203A
:10FCC0002870D3E70120D2E7688500206863A86325
:10FCD000298DA985286268622E63A878411C0428B2
:10FCE000A97024BF0120A5F80100BFE711F5005F4E
:10FCF00002DA012206E000BFB1F5005F7FF781AFB5
:10FD00004FF0FF326B6B1A446A63B84223D06A6BC0
:10FD1000AB6B01EE101AD21A00EE102A9FED1F2ACB
:10FD2000B8EEC00AB8EEC11A21EE081A20EE020A97
:10FD30009FED1B2AC71B30EE010A20EE020A01EEDE
:10FD4000107A9FED182AB8EE411A21EE021A80EEC1
:10FD5000010A85ED080A298DAA8D95ED0D1A891ADB
:10FD600000EE101A9FED0D2AB8EEC00AB8EEC11AC7
:10FD700021EE021A20EE080A30EE010A85ED090A8A
:10FD8000298D6985696BA96328636FE70000DC42F0
:10FD9000000000000000B43C004035450000B443C2
:10FDA000ABAA2A3E6F12833A2DE9F04784B040F2A5
:10FDB0000044C4F20204804620464FF480510022E1
:10FDC000F6F7A8FB41F6C8360620C2F200068DF809
:10FDD000040001A9304601224FF47A73F8F760FB62
:10FDE00020464FF480510122F6F794FB4FF00509AD
:10FDF0000DF1050A0DF1060520464FF48051002251
:10FE0000F6F788FB3046514601224FF47A738DF89D
:10FE10000590F8F745FB3046294601224FF47A73E6
:10FE2000F8F73AFABDF8067020464FF480510122E7
:10FE3000F6F770FBF807DFD120464FF4805100221F
:10FE4000F6F768FB41F6C8362020C2F200068DF8AE
:10FE500009000DF10901304601224FF47A73F8F7D9
:10FE60001FFB4FEA18408DF80A000DF10A013046D9
:10FE700001224FF47A73F8F713FB4FEA18208DF83C
:10FE80000B000DF10B01304601224FF47A73F8F7A5
:10FE900007FB03A9304601224FF47A738DF80C80DA
:10FEA000F8F7FEFA20464FF480510122F6F732FBB4
:10FEB0004FF005080DF10D090DF10E0720464FF426
:10FEC00080510022F6F726FB3046494601224FF4C6
:10FED0007A738DF80D80F8F7E3FA3046394601223F
:10FEE0004FF47A73F8F7D8F9BDF80E5020464FF466
:10FEF00080510122F6F70EFBE807DFD104B0BDE820
:10FF0000F087000070B504460844000BA0EB1430E5
:10FF1000002586B22046FFF747FF0135A8B2B04260
:10FF200004F58054F6D970BDF0B583B040F20044BA
:10FF3000C4F2020420464FF480510022F6F7EAFA98
:10FF40006420F6F7A5F841F6C8359F20C2F20005F7
:10FF50008DF805000DF10501284601224FF47A7352
:10FF6000F8F79EFA0DF10601284601224FF47A7344
:10FF7000F8F792F99DF8067002A9284601224FF47D
:10FF80007A73F8F789F99DF808600DF10A0128469F
:10FF900001224FF47A73F8F77FF9EF2F0ED1F0B208
:10FFA00040280BD19DF80A00C0B2182806D140F2B3
:10FFB0003C20C2F20000012181700AE040F6265088
:10FFC000C2F200000178042903D801310170FFF763
:10FFD000ABFF20464FF480510122F6F79BFA03B0A5
:10FFE000F0BD00002DE9F04F83B040F20048C4F2AC
:10FFF000020815460C46814640464FF480510022C7
:020000040801F1
:10000000F6F788FA03208DF8060041F6C830C2F2F0
:1000100000000DF1060101224FF47A73F8F740FA5F
:10002000834688B140F23C20C2F200000221817078
:1000300040464FF480510122F6F76CFABBFA8BF080
:10004000400903B0BDE8F08F41F6C837200CC2F27A
:1000500000078DF807000DF10701384601224FF423
:100060007A734FF0010AF8F71BFA200A8DF808009E
:1000700002A9384601224FF47A73F8F711FA0DF10C
:100080000901384601224FF47A738DF80940F8F7D8
:1000900007FAA5B141F6C834A9F10106C2F200047D
:1000A0000DF10A072046394601224FF47A73F8F71A
:1000B000F3F89DF80A00013D06F8010FF2D1404621
:1000C0004FF480510122F6F725FA40F23C20C2F2AB
:1000D000000080F802A0BBFA8BF0400903B0BDE835
:1000E000F08F00002DE9F04784B040F2004AC4F2DE
:1000F000020A16460F46804650464FF480510022B1
:10010000F6F708FA41F6C8350620C2F200058DF868
:1001100007000DF10701284601224FF47A73F8F722
:10012000BFF950464FF480510122F6F7F3F95046DB
:100130004FF480510022F6F7EDF9022402A9284677
:1001400001224FF47A738DF80840F8F7A9F9814637
:1001500080B140F23C20C2F20000847050464FF45F
:1001600080510122F6F7D6F9B9FA89F0400904B0B6
:10017000BDE8F08741F6C835380CC2F200058DF8AD
:1001800009000DF10901284601224FF47A73F8F7AE
:1001900087F9380A8DF80A000DF10A012846012274
:1001A0004FF47A73F8F77CF90DF10B012846012220
:1001B0004FF47A738DF80B70F8F772F99EB141F62F
:1001C000C835A8F10104C2F2000503AF14F8010F0D
:1001D00039468DF80C00284601224FF47A73F8F75F
:1001E0005FF9013EF2D150464FF480510122F6F7FB
:1001F00091F941F6C8364FF00508C2F200060DF13C
:100200000D070DF10E0500BF50464FF4805100223E
:10021000F6F780F93046394601224FF47A738DF8AB
:100220000D80F8F73DF93046294601224FF47A73E4
:10023000F8F732F8BDF80E4050464FF480510122D5
:10024000F6F768F9E007DFD140F23C20C2F2000087
:1002500001218170B9FA89F0400904B0BDE8F08746
:100260002DE9F04FA5B040F2FC27C2F2000707F1DC
:1002700010084046FFF726F997ED040A9FED521A41
:1002800040F6A86680EE010AC2F20006736AD6E95B
:100290000B54F06BC7E9053507F11C0396F808907D
:1002A00096F809A096F80AB0D6E90DCED6E9101254
:1002B00083E8105007F1280307C3684606F11001D0
:1002C000902287F8349087F836A087F835B051F837
:1002D000043B043A40F8043BF9D196E80F0000F0E3
:1002E0006FFF97ED040A02F06FFE06F19003757937
:1002F0000FCB009502F0ACFF01F08AF840F64C6994
:10030000C2F2000948465C21F3F7A4FF01F02EF881
:1003100002F02CFC00F016FD787809F15804022850
:1003200004D0012807D109F1500000E0204690EDEB
:10033000000A02F099FF96F802A096F804B0B57989
:10034000F67901F065F848465C21F3F783FF01F088
:100350000DF802F00BFC00F0F5FC7878022803D0D1
:10036000012805D109F1500494ED000A02F07CFF48
:100370003D707E7087F802B087F803A000F0BCFCE7
:10038000404602F05FFB40F28C24C2F2000407F109
:1003900038002146FFF76EF940F2D846C2F2000657
:1003A00030462146FFF766F906F130002146FFF797
:1003B00061F9D9ED140A9FED050A07F1080025B08F
:1003C000BDE8F04F00F07CBBD7B3DD3F0AD7A33CBC
:1003D00010B501F01DF840F64C64C2F2000420464E
:1003E0005C21F3F737FF00F0C1FF02F0BFFB00F024
:1003F000A9FC40F2FC20C2F20000407802280BD099
:10040000012818BF10BD04F1500090ED000ABDE8AE
:10041000104002F029BF00BF04F1580090ED000A1F
:10042000BDE8104002F020BFB0B540F24024C2F257
:100430000004606803214068002541702570F4F7CE
:1004400097FBA570FFF70CFF40F2FC300121C2F2D0
:1004500000006170017000BF017831B1017821B1F5
:10046000017811B101780029F6D10420A070B0BD47
:10047000B0B52DED048B88B040F2FC25C2F200052A
:10048000287840F64C64C2F2000460B194ED030A8F
:10049000D4ED040A04F1440004F1480100F066FCC4
:1004A00000F01CFCA0B3687800285BD0012819D0AC
:1004B000022840F0AA8041F65050C2F20000017AB2
:1004C000002900F0A28090ED050A04A802F0E8FEE1
:1004D0009DED040AD4ED160A84ED150A02F014F815
:1004E00084ED130A41F65050C2F20000C179002990
:1004F00000F08B806978012916D190ED040A01A8DB
:1005000002F0CEFE9DED010A84ED130A0EE000BF5D
:1005100094ED050AD4ED060A04F13C0004F1400113
:1005200000F024FB71E000BF94ED130AD4ED140A2F
:1005300002F070FBE87884ED090A98B194ED140A92
:100540009FED3D1AB4EE410AF1EE10FA06DD94ED8E
:100550000D0AD4ED0E0A03F065F901E09FED350AAE
:1005600084ED0A0A41F65050C2F20000807900285A
:100570004BD094ED070A94ED058A94ED069A01A8F4
:1005800007A9FEF7DFFD9DED010A9DED071A29EE93
:10059000002A28EE013A29EE011A28EE000A71EE2F
:1005A000400A94ED090A33EE022AC4ED0B0A84EDE9
:1005B0000C2AFFF72FFA94ED0A1AD4ED0C0A84EDF9
:1005C0000E0AB0EE410A00F0E5FEB0EE408A94ED6E
:1005D000070A94ED0E9A01A807A984ED0D8AFEF78B
:1005E000B1FD9DED010A9DED071A29EE002A28EEC6
:1005F000013A29EE011A28EE000A33EE422A30EEC3
:10060000010A84ED0F2A84ED100A94ED0F0A94ED8F
:10061000101A94ED112A94ED123A30EE020A71EE9E
:10062000030A02F009FD02F0AFFA08B0BDEC048B3A
:10063000B0BD00BF0000000000008C4210B540F6C5
:100640004C60C2F2000090ED160A7420B5EE400A2C
:1006500040F6A864F1EE10FAC8BF7820C2F2000498
:10066000204480ED000AFFF7FBFD94ED1D0AD4ED58
:100670001E0ABDE8104002F041B9000010B5044662
:1006800040F64C60C2F200005C21F3F7E3FD40F25B
:10069000FC20C2F20000447010BD000070B504469A
:1006A00000F0B6FE40F64C65C2F2000528465C211B
:1006B000F3F7D0FD00F05AFE02F058FA00F042FBCA
:1006C00040F2FC26C2F200067078022804D001280D
:1006D00008D105F1500001E005F1580090ED000A45
:1006E00002F0C2FD347070BDB0B540F2FC24C2F21D
:1006F00000046178022913D001290BD0002918BF0A
:10070000B0BD016840F64C62C2F20002516240681E
:100710009062B0BD90ED000ABDE8B04002F0B8BDF7
:1007200090ED000A054602F0B3FDA17831B195EDD8
:10073000010ABDE8B04002F0A3BD00BFB0BD00009B
:1007400040F64C60C2F2000080ED0F0AC0ED100AC6
:100750007047000002F052BA10B52DED048B40F640
:100760004C60C2F2000090ED140A9FED158AB0EEC5
:10077000C09AB4EE489AF1EE10FA17DB40F2FC246E
:10078000C2F20004607801280AD040F64C60C2F240
:1007900000005C21F3F75EFD9FED0A0A0120607006
:1007A000BEEE001A20EE010A02F072FD0020B4EE47
:1007B000489AF1EE10FAB8BF0120BDEC048B10BDD1
:1007C000CDCCCC3D0000000010B540F24024C2F278
:1007D00000046078002841D000F05AF8A078013871
:1007E00006283BD8DFE800F0042E182414323C0021
:1007F000207828B901202070FFF7EAFDF4F704FA09
:10080000FEF71AFF20B1A07807281CBF0420A070B3
:10081000BDE81040FFF72CBE01202070FFF7D8FD87
:10082000F4F7F2F9A078072818D0052015E000BFEA
:1008300000202070F4F79CF9A07807280ED0022041
:100840000BE000BFFFF7C4FD002006E0FFF784FFC8
:1008500020B1A078072801D00720A07010BD00BFEC
:100860002078002808BF10BD00202070F4F780F920
:10087000BDE81040FAF792BA40F24021C2F20001FE
:1008800020B18A78072A18BF88707047887070472F
:10089000B0B52DED028B84B000F016F940F2FC25C6
:1008A000C2F2000505F11000FEF70CFE03A802A934
:1008B00001AAFEF729FD9DED030A05F13800FEF7B8
:1008C000F3FE9DED021A40F2D844C2F200048DED11
:1008D000030A2046B0EE410AFEF7E6FE9DED011A3E
:1008E0008DED020A04F13000B0EE410AFEF7DCFEA5
:1008F0008DED010A02F062FB40F64C640628C2F25C
:10090000000400F2B1800121814011F00C0F23D1CD
:1009100011F0300F10D1012101FA00F010F0420F58
:1009200000F0A2809DED021A9DED012A31EE020A2F
:10093000B1EE411A18E000BF9DED032A9DED023A89
:10094000B1EE420AB1EE431A84ED000A84ED011AB9
:1009500032EE032A0EE000BF9DED031A9DED012A41
:10096000B1EE410A31EE021A84ED000A84ED011A5B
:10097000B1EE422A9FED443A287831EE421A21EE38
:10098000031A022884ED022A84ED030A84ED041A76
:1009900084ED050A84ED061A03D001285CD00028F6
:1009A00056D100F0C5F895ED051A95F8340084EDA0
:1009B000080A30EE410A01EE100A95F83500B8EE4B
:1009C000411AB7EE002A20EE010ABFEE001A0028F5
:1009D00008BFB0EE412A95F836002CA1002808BFC8
:1009E000043191ED001A9FED2B8A20EE020A30EEC1
:1009F000010AF0EE480A03F00AF8B5EE400A30EEBC
:100A0000081AF1EE10FAB8BFB0EE410A84ED070AF9
:100A100000F096F884ED160A00F0A0F805F1080041
:100A200000F03CF810EE100A20F00040B0EE408AD2
:100A3000F3F763FD9FED120B53EC102BF3F735FD2D
:100A40009FED150A002818BFB0EE408A84ED148A85
:100A500004B0BDEC028BB0BD00F046F984ED070A8E
:100A600004B0BDEC028BB0BD9DED030A9DED021AF2
:100A70009DED012A84ED000A84ED011A7AE700BF9A
:100A80009A9999999999B93F3ACD133F0000344307
:100A9000000000000000B4430000000090ED001AC8
:100AA00090ED012AB7EE003A33EE413A23EE022AE6
:100AB00021EE000A30EE020A80ED010A70470000C4
:100AC00080EC020A7047000041F65050C2F200006C
:100AD0000278C3780132D1B24FF0000C9942A0F8ED
:100AE00006C080F808C0027038BF704742780379AA
:100AF0000132D1B280F800C04FF0010C994280F869
:100B000006C0427013D380B58178437901314FF02C
:100B1000000ECAB280F801E080F807C09A428170E6
:100B200022BF80F802E001210172BDE880407047D9
:100B300040F2AC30C2F2000090ED070A70470000AE
:100B400040F2AC30C2F2000090ED090A704700009C
:100B500040F2AC30C2F20000406B704740F2AC3063
:100B6000C2F2000090ED080A7047000070B52DED4C
:100B7000048B82B041F29066C2F200060546F0781E
:100B800020B102B0BDEC048B70BD00BFB0EE409A46
:100B900096ED0B0A0C4601A86946B0EE608AFEF796
:100BA000D1FA9DED010A9DED001A40F29441C2F286
:100BB000000196ED112A20EE080A29EE011A088894
:100BC00031EE001A96ED120A32EE023A421C31EE74
:100BD000433A90B233EE000AB5EE003A9FED3A9AEE
:100BE00020EE030AB0F5C87F0A8086ED100A86ED74
:100BF000111A86ED122A1AD39FED341AB0F5167F1A
:100C000002D2B0EE419A12E040F2612188420BD844
:100C100096ED132AB0EEC00A30EE020A86ED130AF2
:100C2000B0EE419A03E000BFB0F57A7F16D296EDA0
:100C30000B0A01A86946FEF785FA9DED000A9DEDB5
:100C4000011A29EE000A85ED000A29EE010A84ED59
:100C5000000A02B0BDEC048B70BD00BF9FED1C1AF2
:100C6000B0F5966FCDD396ED142A40F2B941884283
:100C700008D8B0EEC00A30EE020A86ED140AB0EED3
:100C8000419AD4E796ED130AB4EE420AF1EE10FA57
:100C900016DA96ED0B0A9FED0F1A9FED0F8A30EED4
:100CA000010AF0EE480A02F0B2FEB5EE400A30EE5C
:100CB000081AF1EE10FAB8BFB0EE410A86ED0B0A41
:100CC0000120F070B3E700BF00000000CDCCCC3EA7
:100CD000CDCCCCBE000034430000B44341F2906060
:100CE000C2F20000C078704741F29060C2F200008A
:100CF00090ED0B0A7047000010B541F29064C2F20B
:100D0000000420465421F3F7A5FA0120207040F298
:100D10009444C2F2000443F65C4104F11400C0F6AE
:100D20000101FEF7A7FC9FED050ADFED050A04F1BE
:100D30000C00BDE81040FFF7C3BE00BF0AD7233C3C
:100D40000000000010B541F29064C2F20004204699
:100D50005421F3F77FFA40F294400121C2F20000DF
:100D600014302170BDE81040FEF7ACBCF0B581B086
:100D70002DED028B82B041F29066C2F2000696ED34
:100D8000011A96ED022A96ED033A31EE015A054614
:100D900030EE455A96F9000096ED044A32EE052AE7
:100DA000B5EE005A33EE036A86ED010A96ED060AA7
:100DB00022EE052A30EEC66A86ED021A01EE100A0E
:100DC00034EE064A86ED043A32EE400AB8EEC11A15
:100DD00096ED083A24EE054A20EE010A34EE433A35
:100DE00086ED090A96ED0B0A0C4623EE011A01A8BE
:100DF000694686ED052A86ED074AC6ED030A86EDAB
:100E00000A1A86ED062A86ED084AFEF79BF99DED43
:100E1000010A9DED001A96ED092A96ED0A3A22EE96
:100E2000000A21EE031A30EE410A40F20C0086ED72
:100E30000D0AC2F2000096ED0E4A90ED001A90EDF8
:100E4000012A9FED388A20EE011A20EE020A20EED8
:100E5000080A9FED352A30EE040A9FED343AB4EECD
:100E6000420A40F29447F1EE10FAC8BFB0EE420ACF
:100E7000B4EE430AC2F20007F1EE10FAC8BFB0EEBA
:100E8000403A31EE030A07F1140086ED0E3AFEF700
:100E90000BFC86ED0F0A96ED0B1A20EE080A9FED6B
:100EA000248A30EE010AF0EE480A02F0B0FDB5EEF9
:100EB000400A30EE081AF1EE10FAB8BFB0EE410A5F
:100EC000707886ED0B0A0130C1B2022996F9001044
:100ED00070700CD3012906DBF5F728FB7968411AFD
:100EE000B96031787860002049427070317048B242
:100EF00000EE100AB8EEC00AB6EE001A9DED002A08
:100F000020EE010A22EE001A9DED012A85ED001A5D
:100F100020EE020A84ED000A02B0BDEC028B01B0A3
:100F2000F0BD00BF17B7513800001643000016C3CC
:100F30000000B44310B540F6B454C2F20004617826
:100F4000A078227A022905D104F10C01BDE81040F5
:100F500002F054BB04F10C0102F0A0FA002818BF03
:100F600010BD40F23020C2F200000021017040F2BA
:100F7000DC20C2F20000017084F88C1010BD00006B
:100F80002DE9F04381B00D460746F5F7C9FA40F266
:100F9000E839C2F20009D9F80810461AB6F5967F6A
:100FA00043D3044699F8020040F20048C4F2020814
:100FB00078B9022F03D140460821F5F7A3FA022D94
:100FC00004D108F500600421F5F79CFA012089F8A6
:100FD0000200B6F5167F28D940460821032F03D01A
:100FE00087B9002201E000BF0122F5F793FA08F566
:100FF00000600421032D0CD085B90022F5F78AFA90
:101000000EE000BFF5F77EFA08F500600421032D1D
:10101000F2D10122F5F77EFA02E000BFF5F772FA8D
:101020000020C9F8084089F8020001B0BDE8F0834B
:10103000B0B540F22844C2F20004207A2073F5F7DC
:101040006FFA4BF27321C4F2E751A0FB0101880B48
:1010500040F24021C2F2000149686073086840F222
:10106000582CC2F2000C0368DCF800008A68C4E95E
:101070000530106804F13407E06150682062D2E95D
:101080000B30D2F808E0C4E90A03906AC4F824E0FF
:101090002063506AD2E913E3D2E9155287E8094088
:1010A000C4E9102548684178007861749CF8041000
:1010B0002074A1739CF80500DCF83010E073087808
:1010C0004978A074E174B0BD10B540F22844C2F272
:1010D0000004616804F10C003C22FFF703F8207A59
:1010E000082888BF10BD61680130207201F13C0002
:1010F000606010BD10B54FF480304FF407714FF4AD
:101100008034FEF7FFFE4FF490300821FEF7FAFE20
:1011100040F22840C2F2000000210172446010BD7C
:10112000B0B540F22844C2F20004201D4FF48031D3
:1011300008224FF48035FEF755FF207AFF2819BFAB
:10114000C0EB001045EA80000020207208BF4FF479
:1011500080306060B0BD0000F0B581B040F228443E
:10116000C2F2000422780D46082A1DD80646C2EBBA
:1011700002104FF4803141EA800104F10C003C225E
:101180003C27FEF72FFF2178207B884212D10130C7
:101190002F7004F80C0B304621463C22F3F741F83F
:1011A000002001B0F0BD00BF002028702070012099
:1011B00001B0F0BD00202070012001B0F0BD0000A2
:1011C00084B080B50DF1080C8CE80F009DF8132059
:1011D0009FED632A01EE102AB8EE411A9DED155AD3
:1011E00021EE024A24EE053A80EE036A41F65050A1
:1011F000C2F2000080ED073A9FED5A3A0021C0E9A3
:101200000911C16201635FFA83FE01EE10EAB8EED4
:10121000411A80ED2E0A80ED0B0A26EE036A80ED5E
:101220000A6AB6EE006A25EE065A24EE055A80EEEA
:10123000056AC0E9121180ED120A9DED170A24EE2D
:10124000012A80ED034A80ED084A80ED0F4A9DEDAA
:101250001D4A80ED0E5A22EE000AC0E910119DEDE4
:10126000147A9DF815C026EE035A9DED196A80ED9B
:10127000115A84EE005A22EE066A80ED067A80ED5D
:101280000D7A84EE067A01EE10CA80ED150AC0E9E7
:1012900000118160C270B8EE411A189AC0E91711A6
:1012A000C0E9191125EE030A80ED180A9DED1B0A0D
:1012B00022EE011A9FED2C5A80ED042AC26680EDC1
:1012C0001C6A80ED1D2A27EE036A169A80ED162A05
:1012D0009DED1C2A9DED1E3A21EE000AC0E91E116B
:1012E000C0E9201180ED1F6AB7EE006AB4EE450A2E
:1012F000037180F805C080ED051A80ED204A026573
:1013000082EE012AF1EE10FAC8BFB0EE406A83EE19
:10131000065A1A9AC0E92611C0E92811C0F88C2093
:1013200080ED240AB0EE080A49F69A11DDE91F2380
:1013300023EE000AC3F6196180ED194A80ED221AE6
:1013400080ED252A80ED2A3A80ED2B5A80ED2C0A7B
:10135000C0F8B410C0E92F23BDE8804004B0704746
:1013600017B751386666663FBD37863541F650502F
:10137000C2F2000000210164C1644162016381671F
:10138000C0F88410C1658166C0E92611C0E9281142
:101390007047000041F65050C2F2000090ED103A44
:1013A00030EE600A90ED114A30EE033A90ED0D1ADE
:1013B00090ED0E2AB1EE445AB4EE443AF1EE10FA32
:1013C000B4EE453AC8BFB0EE443AF1EE10FAB8BFF9
:1013D000B0EE453A22EE032A21EE000A90ED121AF1
:1013E00030EE020AB1EE412AB4EE410A80ED103A25
:1013F000F1EE10FAB4EE420AC8BFB0EE410AF1EEC7
:1014000010FAB8BFB0EE420A80ED130A7047000030
:1014100040F64870C2F200000021018070470000D1
:1014200084B0F0B581B02DED068B40F648760DF115
:10143000300CC2F200068CE80F0070683178013081
:101440000629706000F20D840CAADFE811F0070095
:10145000BD00410069002900D700030130464FF468
:101460008A71F2F7F7FE40F6A860C2F2000000F1C0
:101470002805007A41F61464C2F2000484F83800AA
:101480004BF21770C3F6510004F1080C2ECD8CE816
:101490002F000020C4F83B0084F83F000120DFE368
:1014A00092ED080A41F61460C2F20000FDF744FA1A
:1014B000002800F0D6837078002840F0D083002008
:1014C0007060C6E93700C6F8E3000520C8E300BF36
:1014D000B17892ED051A4A1C0A29B270C0F0C18396
:1014E00096ED033AB0EE002A33EE414AB0EEC40A5C
:1014F000B4EE420A0021F1EE10FAB17040F32C81F3
:101500000FF64801B5EE404AF1EE10FAC8BF0431BB
:1015100091ED000A96ED084A30EE044A30E100BF32
:1015200096F8681092ED038A92ED049A002900F073
:10153000C380B6F86C00B6F86A10013082B28A42F5
:10154000A6F86C0080F0D88096F8101196F811017A
:10155000002900F09181B8B196ED100A96ED121AAB
:10156000B7EE002A30EE020A9FEDB42A38EE411A97
:10157000B4EE421AF1EE10FA86ED100ABCBF00205C
:1015800086F8110186ED128A96F81201B8B196ED2F
:10159000110A96ED131AB7EE002A30EE020A9FEDFB
:1015A000A72A39EE411AB4EE421AF1EE10FA86ED8E
:1015B000110ABCBF002086F8120186ED139A96ED41
:1015C0000BAAB0EE4A0A8FE144F620618842C0F0CF
:1015D000488300200024FFF761F80320FFF74EF84E
:1015E0000020C4F24000346286F82840C6E93E4438
:1015F000C6E90144F060022032E300BF41F6146006
:10160000C2F2000090ED030A9FED8D1A90F8381099
:1016100020EE010A01EE101AB8EE411A9FED892A58
:1016200020EE010A82EE000A717800294FF00101D4
:1016300080F83E1080EE011A80ED080A80ED071A4E
:1016400040F00D8300207060C6E93B00C6F8F4004E
:10165000062005E3737841F614604BF2177C41F2E3
:101660006F2EC2F20000C3F6D10CC3F6832E002BFE
:101670004FF00103C0E909CE80F83F3040F0EF821F
:1016800040F6A863D0E9045400F11807C2F2000341
:1016900086CFC3E90B5403F1340484E8865090F8F4
:1016A0003810426B197290F83A1090F839005A626B
:1016B000987207205972D3E2B0EEC80AB0EEC91A88
:1016C00030EE010AB6EE001A9FED5F2A20EE010A05
:1016D000B4EE420AF1EE10FA22DA96ED0B1A9FED03
:1016E0005B2AB4EE421AF1EE10FA19DA9FED580AAD
:1016F00031EE000A2AE000BF96F8101196ED0BAA11
:101700000020A6F86C0081F00100B0EE4A0A86F8CD
:101710001001B1EE4A1A002918BFB0EE410AE3E009
:101720009FED4C1AB4EE410AF1EE10FA40F39880A6
:1017300096ED0B0A9FED481AB4EE410AF1EE10FA4D
:1017400040F38E809FED451A30EE010A002086EDB1
:101750000B0A706012E200BFB18C96ED080A0131ED
:101760008AB2052AB1841FD30FF2D851B5EE404A90
:10177000F1EE10FAC8BF043191ED004A34EE004A90
:10178000B4EE424AB8EE000AF1EE10FAC8BFB0EE6D
:10179000424AB4EE404A0021F1EE10FAC8BFB0EE62
:1017A000440A86ED080AB1840FF2A851B5EE401A3A
:1017B000F1EE10FAC8BF043191ED004A31EE433A20
:1017C00034EE004AB4EE424AB8EE000AF1EE10FAE6
:1017D000C8BFB0EE424AB4EE404AF1EE10FAC8BFBC
:1017E000B0EE440A9FEDE24AB0EEC33AB4EE443A9A
:1017F000F1EE10FA1ADA8C281AD396F8280000288D
:1018000000F0388296ED063A86ED071A31EE431A5B
:10181000B0EEC13AB4EE423AF1EE10FA86ED050AA6
:1018200080F23C820321717019E200BF00207060D9
:10183000DFEDD00AFEF784FF13E200BF0AD7233D95
:10184000DB0FC940000070429A99193F3333333F90
:10185000CDCCCC3D9A9919409A99993ECDCCCCBD2E
:10186000642840F2898101209FEDC20A86F8680051
:101870000020706082E100BFB8B196ED100A96EDCD
:10188000121AB7EE002A30EE020A9FEDF22A38EE65
:10189000411AB4EE421AF1EE10FA86ED100AC4BFF6
:1018A000002086F8110186ED128A96F81201B8B16F
:1018B00096ED110A96ED131AB7EE002A30EE020AE1
:1018C0009FEDE42A39EE411AB4EE421AF1EE10FA15
:1018D00086ED110AC4BF002086F8120186ED139A26
:1018E00096ED0BAAB1EE4A0AF0EE400AFEF728FF89
:1018F000B6F86C00002840F0848096ED0B0A9FED4E
:10190000E51AB0EECA2A20EE010AB4EE402AF1EE42
:1019100010FA67DD41F61460C2F2000096ED101A6D
:1019200096ED122A96ED3E3A90ED026A32EE433A77
:1019300021EE061A96ED130A96ED3F5A83EE014A00
:1019400096ED111A30EE453A26EE011A83EE011A91
:101950009FEDD13A96F81001B0EEC45AB4EE435A56
:10196000F1EE10FA1BDD9FEDF06AB4EE465AF1EE8F
:1019700010FA14DA06F12C0101EB800201EB4001B0
:1019800092ED015A92ED0B6A8B8C34EE054A0133CD
:1019900032EE062A82ED014A8B8482ED0B2AB0EEEC
:1019A000C12AB4EE432AF1EE10FA1BDD9FEDDE3AB8
:1019B000B4EE432AF1EE10FA14DA06F12C0101EB31
:1019C000800201EB400092ED032A92ED0D3A018D69
:1019D00031EE021A013130EE030A82ED031A01855D
:1019E00082ED0D0A40F20110A6F81101002086EDEB
:1019F0003E8A86ED3F9A86ED128A86ED139AC6E9F5
:101A000010007068B0F57A6FC0F02B81B6F8500006
:101A1000B6F8525014284FF000014FF0000438BFC0
:101A20000121142D38BF0124B6F8542041EA040CDA
:101A3000B6F856100023132A4FF0000488BF012483
:101A4000132988BF0123BCF1000F03EA04030DD062
:101A5000002B00F0998041F61460C2F2000096ED70
:101A60000B2A90ED040A9FEDB21A3DE096ED0D2A87
:101A700003EE105AB8EE433A00EE100A96ED0C1A37
:101A800082EE034A96ED162A96ED175AB8EE400AF2
:101A900081EE001A82EE000A85EE033A41F61460E8
:101AA000C2F2000096ED0B2A002BB0EEC44AB0EE55
:101AB000C11AB0EEC00AB0EEC33A31EE041AB6EE67
:101AC000004A30EE033A90ED040A21EE041A23EEA8
:101AD000043A9FED964A20EE033A33EE423A34EE52
:101AE000411A83EE011A55D004EE102A96ED0E5AD3
:101AF00096ED0F6A07EE101AD6ED180AD6ED191AF0
:101B0000B8EE444AB8EE477A85EE045A86EE076A84
:101B1000C0EE840A81EE877AB1EE403A00201429A3
:101B200038BF012050EA0C00B0EEC54AB0EEC65AEC
:101B3000B0EEE06AB0EEC77A34EE055AB6EE004A6F
:101B400036EE076A26EE046A23EE063A9FED796ABE
:101B500025EE045A33EE022A35EE063A82EE032AC7
:101B600014D0BCF1000F18BFB0EE421A12E000BF53
:101B7000CDCCCC3E0000000096ED0B0AF0EE400A02
:101B8000FEF7DEFD6DE000BF012165E031EE021AD7
:101B900021EE041A9FED682A41F61460B4EE421A51
:101BA000C2F20000F1EE10FA4FF0020180ED051ACA
:101BB00080ED061A50DB9FED612AB4EE421AF1EE79
:101BC00010FA49DC012180F83C10717800250029C9
:101BD000F58444D19FED532A40F6A86121EE022AF4
:101BE00082EE002AB7EE003AC2F20001B2EE044AD9
:101BF00083EE022A91ED063A83EE043A9FED504AB5
:101C000032EE022AB4EE432AF1EE10FAB8BFB0EE7B
:101C1000423A23EE042A21EE021A20EE020A80ED57
:101C20000B1A80ED0C0A00F0E9FF9FED410AC6E9AE
:101C30001C55F0EE400AA6F8CC5086F8CF507560DF
:101C4000FEF77EFD4CF6CD40C3F6CC607067B56004
:101C5000042005E00AD723BD00207170F08408201D
:101C600030703078BDEC068B01B0BDE8F04004B0B8
:101C7000704700BF0120002186F828000020C4F230
:101C8000E00186ED061A86ED040A7060F160C6E98F
:101C90000800E6E76666663F0000C84296ED042A43
:101CA0009FED243A30EE420A31EE031A80EE010A2B
:101CB0009FED2A1A41F61460C2F200000221B4EE30
:101CC000410AF1EE10FA80ED040AFFF6ACADB6EE73
:101CD000001AB4EE410AF1EE10FA3FF7A4AD9FED01
:101CE000140A0121F0EE400A80F83B10FEF728FDAF
:101CF00070780028B3D10420C6F86A004CF6CD40B5
:101D0000C3F64C600021C6E90B01C6E90D11F16371
:101D1000C6E90111C6E91411C6E91611C6E9181180
:101D200003209DE7DB0FC94000606A47BD3786B5D9
:101D300000000000BD378635ACC5A73752499D3934
:101D40004CBE8C400AD723BC0AD7233CCCCCCCBD9C
:101D5000CCCCCC3D0AD723BD0AD7233D0AD7A33C20
:101D60000020FEF721B800002E2800F20582DFE8EF
:101D700010F02F000901E100F500A7003B01590117
:101D8000FF007701C3006D019D00BB004F0189007A
:101D9000EB0075001D016301B301310145019F0195
:101DA000C701D700CD00EF016100D101DB01810146
:101DB00013018B0193006B004D0057004300E501B8
:101DC000A901B1002701BD0139007F009501F9018A
:101DD00040F6A860C2F200008079087001201070FF
:101DE000704700BF40F6A860C2F20000D0F8900033
:101DF000086004201070704740F6A860C2F200002E
:101E0000806F086004201070704700BF40F6A86023
:101E1000C2F20000006F086004201070704700BF1D
:101E200040F6A860C2F20000406F08600420107005
:101E3000704700BF40F6A860C2F20000006D086065
:101E400004201070704700BF40F6A860C2F2000086
:101E5000C06E086004201070704700BF40F6A86094
:101E6000C2F20000406A086004201070704700BF92
:101E700040F6A860C2F20000D0F894000860042088
:101E80001070704740F6A860C2F20000C069086098
:101E900004201070704700BF40F6A860C2F2000036
:101EA000806E086004201070704700BF40F6A86084
:101EB000C2F200000069086004201070704700BF83
:101EC00040F6A860C2F20000C078087001201070CF
:101ED000704700BF40F6A860C2F20000D0F884004E
:101EE000086004201070704744F20000C4F29C6047
:101EF000086004201070704740F6A860C2F200002D
:101F0000007B087001201070704700BF40F6A86089
:101F1000C2F20000806C086004201070704700BF9F
:101F200040F6A860C2F20000406C08600420107007
:101F3000704700BF40F6A860C2F200004078087009
:101F400001201070704700BF40F6A860C2F2000088
:101F5000006A086004201070704700BF40F6A86057
:101F6000C2F200008078087001201070704700BF36
:101F700040F6A860C2F20000007A087001201070DC
:101F8000704700BF40F6A860C2F20000C079087038
:101F900001201070704700BF40F6A860C2F2000038
:101FA000006E086004201070704700BF40F6A86003
:101FB000C2F20000806A086004201070704700BF01
:101FC00040F6A860C2F20000D0F888000860042043
:101FD0001070704740F6A860C2F20000406B0860C5
:101FE00004201070704700BF40F6A860C2F20000E5
:101FF0000079087001201070704700BF40F6A8609B
:10200000C2F20000806B086004201070704700BFAF
:1020100040F6A860C2F200008069086004201070D9
:10202000704700BF40F6A860C2F200004079087017
:1020300001201070704700BF40F6A860C2F2000097
:10204000C06A086004201070704700BF40F6A860A6
:10205000C2F20000407B087001201070704700BF82
:1020600040F6A860C2F20000C07A0870012010702B
:10207000704700BF40F6A860C2F20000C06D086063
:1020800004201070704700BF40F6A860C2F2000044
:10209000406E086004201070704700BF40F6A860D2
:1020A000C2F20000D0F89800086004201070704759
:1020B00040F6A860C2F20000C06B086004201070F7
:1020C000704700BF40F6A860C2F20000D0F8800060
:1020D000086004201070704740F6A860C2F200004B
:1020E000006B086004201070704700BF40F6A860C5
:1020F000C2F20000D0F88C00086004201070704715
:1021000040F6A860C2F20000006C08600420107065
:10211000704700BF40F6A860C2F20000406D086042
:1021200004201070704700BF40F6A860C2F20000A3
:10213000806D086004201070704700BF40F6A860F2
:10214000C2F20000C06F086004201070704700BF2A
:1021500040F6A860C2F20000C06C08600420107055
:10216000704700BF40F6A860C2F20000D0F89C00A3
:102170000860042010707047002010707047000045
:102180002DE9F04140F6A864C2F200042046002187
:10219000A022FDF727FF002800F091802178012977
:1021A00008BFBDE8F0810E21218140F20141A4F871
:1021B0000B100521617344F2000144F2000E01226C
:1021C000C4F29C61C4F29C5E002540F2000C4CF20B
:1021D00038160023C4F27A45C4F2C82CC3F6B246BE
:1021E000C4E90421C4E9061E4AF682012270C4F83B
:1021F00001306360C4E90853C4E90AC6C3F2FB7145
:1022000041F26F2341F26F264CF6CD450022C3F612
:102210008323C3F60326C3F64C65C4F22022C4E927
:102220000C114CF6CD41C4E91036C4E91252C3F684
:102230004C51002300254DF20A7740F200086265F8
:1022400004F16402C4F24003C4F2A0154FF07C56BE
:10225000C3F6A337C4F2F018216582E88201002199
:1022600045F20002A365E5652666C4F2FA31CCF2B8
:10227000C37245F200034CF6CD4549F69A164CF66A
:10228000CD4704F170084DF20A7EC4F2C373C3F661
:10229000CC55C3F69976C3F68C7788E8EE0000211A
:1022A0000022C3F6234EC4F24821C4F24832C4E9E6
:1022B0000EEEC4E92277C4E924C1C4E9262EBDE8A4
:1022C000F081000080B50020A021FDF71BFE40F644
:1022D000A860C2F200000021A022BDE88040FDF706
:1022E00001BF000010B540F6A8642E28C2F2000419
:1022F00000F2FA80DFE810F0300096007A00AE00BD
:10230000B20086009A009E00C800BA0054008A00FD
:10231000F800F800F800F80072004800A200A600DB
:10232000DE00D60040007600E60044006E0050005B
:102330008E004C00EE00EA0066007E00AA008200DB
:10234000F6006200DA00F2003C00B600380034000B
:102350006A009200E20000BF0878A071C4E000BFEC
:102360000868C4F89000BFE00868C4F88C00BBE0BF
:102370000868C4F88400B7E00868E063B4E000BF10
:102380000868A064B0E000BF0868A062ACE000BFCD
:102390000868A065A8E000BF08682065A4E000BF49
:1023A000087894ED070A01EE100AB8EE411A80EEA3
:1023B000010A607384ED080A96E000BF0868A06710
:1023C00092E000BF086860668EE000BF0868C4F84D
:1023D000940089E00868E06486E000BF08686062F5
:1023E00082E000BF086820647EE000BF087860706B
:1023F0007AE000BF0868A06676E000BF0868206742
:1024000072E000BF087820716EE000BF08682061AC
:102410006AE000BF0868606566E000BF0868C4F84D
:10242000980061E00878E0715EE000BF08786071B4
:102430005AE000BF0878207256E000BF0868E062EA
:1024400052E000BF086820634EE000BF0868E06605
:102450004AE000BF0878A07046E000BF0878E0704E
:1024600042E000BF0868C4F888003DE0087894EDB9
:10247000060A01EE100AB8EE411A80EE010A207336
:1024800084ED070A30E000BF08789FED1E1A00EEC9
:10249000100AB8EE400A81EE000AE07284ED060AE6
:1024A00022E000BF0868A0631EE000BF0868E06784
:1024B0001AE000BF0868606316E000BF0868C4F84F
:1024C0009C0011E0086860640EE000BF08682066A8
:1024D0000AE000BF0868E06506E000BF0868C4F8CD
:1024E000800001E00868606700F090F8617820697A
:1024F000002918BF0121FDF711FABDE81040FDF7D2
:1025000093BF00BF00409C4641F65050C2F200000D
:1025100090ED301A90ED2F2AB4EE401AF1EE10FA39
:10252000B8BFB0EE410AB4EE420AF1EE10FAB8BFFD
:10253000B0EE420A90ED221A30EE600A90ED264A83
:1025400020EE015A35EE044A90ED275A90ED2B6AA1
:1025500030EEC55A85EE011AB1EE465AB4EE464A3F
:1025600090ED232A90ED253AF1EE10FAB4EE454AAB
:10257000C8BFB0EE464AF1EE10FAB8BFB0EE454A19
:1025800090ED2D5AB7EE006A90ED287A36EE456A46
:1025900026EE076A25EE011A90ED2C5A31EE061A46
:1025A000B1EE456AB4EE451A80ED264AF1EE10FA16
:1025B000B4EE461AC8BFB0EE451AF1EE10FAB8BF35
:1025C000B0EE461A24EE024A22EE000A80ED281AE6
:1025D00030EE040A23EE011A90ED2A2A31EE000AA9
:1025E000B1EE421AB4EE420AF1EE10FAB4EE410A2C
:1025F000C8BFB0EE420AF1EE10FAB8BFB0EE410A21
:1026000080ED290AC0ED270A704700002DE9F0414E
:1026100040F6A862C2F2000240F25820D2E91B3113
:10262000D2E91DE4C2F2000002F17C08C0E9031EF9
:1026300000F1140198E8E00170C1D2F88C104FF05D
:10264000000CC0E901C30762C0E90981BDE8F0815F
:1026500010B5FCF709FE40F25824C2F200042046EF
:10266000FCF728FFA07908B110BD00BF216B40F234
:10267000402E8878C2F2000E01280FBF00200120F2
:102680002071A071DEF804209FED951A136893ED78
:10269000000AB4EE410AF1EE10FA03DD05202071C4
:1026A0000120A0710B78012B0AD0022B04D0032B40
:1026B00006D0082001E000BF092020710120A07190
:1026C000D2F804C09CF80030012B04D0497841F0C6
:1026D0000203032B0ED19EF80010B1B1DEF81010EA
:1026E000497800293ED0012938D0022914BF04209E
:1026F000032034E00123E3710423022908BF0523EA
:1027000063719EF800100029E8D191689FED750A69
:1027100091ED001AB4EE401AF1EE10FA0EDC91EDD4
:10272000011AB4EE401AF1EE10FA07DC91ED021A2C
:10273000B4EE401AF1EE10FA40F3B8800720207191
:102740000120A07194ED000A9FED671AB4EE410AD2
:10275000F1EE10FA40F3838001217DE00220207128
:102760000120A07194ED072A22EE013AB4EE403A1E
:10277000F1EE10FA08DBB3EE043A83EE022AB4EE6F
:10278000402AF1EE10FA09DD0620B4EE410AF1EE1E
:1027900010FAC8BF052020710120A07192689FED3A
:1027A000510A92ED001AB4EE401AF1EE10FA0DDC67
:1027B00092ED011AB4EE401AF1EE10FA06DC92ED39
:1027C000021AB4EE401AF1EE10FA57DD072020711C
:1027D0000120A07194ED000A9FED431AB4EE410A66
:1027E000F1EE10FAC2BF01216171E17194ED031A9B
:1027F00094ED092A92ED140A21EE023AB4EE403A21
:10280000F1EE10FA08DBB1EE411A81EE021AB4EED5
:10281000401AF1EE10FA03DD022161710121E1712C
:102820009CF8011002291AD194ED052A94ED0A1A98
:1028300092ED160A22EE012AB4EE402AF1EE10FAC9
:102840004FF0030108DB94ED042A82EE011AB4EE86
:10285000401AF1EE10FA02DD61710121E17118B93F
:10286000E079002808BF10BDFEF7E2FB0720FEF765
:1028700003F8BDE81040FEF727BC00BF94ED021A34
:1028800094ED082A92ED0B0A21EE023AB4EE403A9A
:10289000F1EE10FA9ADBB1EE411A81EE021AB4EEB3
:1028A000401AF1EE10FA95DD90E700BF94ED021AA0
:1028B00094ED082A91ED0B0A21EE023AB4EE403A6B
:1028C000F1EE10FAFFF63AAFB1EE411A81EE021ABC
:1028D000B4EE401AF1EE10FA7FF734AF2EE700BFE6
:1028E000000008420000C8420000A04240F2582008
:1028F000C2F2000000214160FDF796BD40F2582071
:10290000C2F2000080ED040AC0ED050A7047000025
:10291000F0B581B040F2E835C2F2000529780446EE
:1029200031B1F3F7FDFD696888420ED201B0F0BD08
:1029300000206870F3F7F4FD2830686001202870EB
:10294000F3F7EEFD69688842F0D328306860687854
:102950002CA300F03F029A5C210A4FEA144EE3B226
:10296000534348F28106C9B25FFA8EF495F80CC061
:1029700003FB06F751436243C7F3C75371437243E6
:10298000C90D9C454FEAD2530CD16A7BCEB2B242FC
:1029900008D1AA7BDEB2B24204D10130687001B026
:1029A000F0BD00BFF80D28736973AB73E873297429
:1029B0006B74F1F73BFF40F22020C2F20000017877
:1029C00061B900BF017849B900BF017831B900BFD2
:1029D000017819B900BF01780029F2D000210170F7
:1029E00041F6784041F60072C2F20000C2F20002E5
:1029F00004219423F6F770FF68780130687001B005
:102A0000F0BD00BF808C99A5B1BCC7D1DAE2EAF075
:102A1000F5FAFDFEFEFDFAF5F0EAE2DAD1C7BCB147
:102A2000A5998C808074675B4F44392F261E161041
:102A30000B0603020203060B10161E262F39444F05
:102A40005B67748070B52DED048B41F6546490ED96
:102A5000031A90ED042AC2F2000484ED011A84EDF9
:102A6000022A31EE021AB6EE002A90ED020A21EE99
:102A7000021A9FED3A2A84ED000A20EE020A30EE97
:102A8000010AB7EE001A81EE000A40694BF2177195
:102A90002AA2C3F6511102F10C06C4E9030193689E
:102AA00063CEDFF898C0D2F804E0D269C4E90830F8
:102AB00004F1280062C004F13C002421C4E906CEE0
:102AC000626384ED050AF1F7C5FB0020C4F27010C3
:102AD000206640F274349FED229AC2F20004B5EEF3
:102AE000008A2046B0EE480AF0EE490AFDF7E8FFFA
:102AF00004F10800B0EE480AF0EE490AFDF7E0FFE5
:102B00009FED188A04F11000B0EE480AF0EE490A71
:102B1000FDF7D6FF04F11800B0EE480AF0EE490ABE
:102B2000FDF7CEFF9FED100A04F12000F0EE490AF8
:102B3000BDEC048BBDE87040FDF7C2BF00007041E2
:102B40000000003F0000C8420000C843CDCCCC3D8F
:102B5000000048420000FA440000704117B75139A4
:102B600000000000295C8F3D0AD7233C10B541F6D8
:102B70005464C2F2000404F13C002421F1F76AFB22
:102B8000A069206610BD000040F29C30C2F2000037
:102B9000417A07291ED801228A4012F00C0F15D164
:102BA00012F0420F0ED1012202FA01F111F0810F51
:102BB00010D040F219410270A1F2251080B2FCF74A
:102BC00089BC00BF00F10A0106E000BF00F10C0162
:102BD00002E000BF00F10E0109880322282988BF06
:102BE00001222929027005D3A1F2251080B2FCF739
:102BF00071BC00BF002080B2FCF76CBC40F2AC306E
:102C0000C2F2000000214162028D8285416381632E
:102C10007047000041F65050C2F2000090ED1E3A9D
:102C200030EE600A90ED1F4A30EE033A90ED1B1A29
:102C300090ED1C2AB1EE445AB4EE443AF1EE10FA8B
:102C4000B4EE453AC8BFB0EE443AF1EE10FAB8BF60
:102C5000B0EE453A22EE032A21EE000A90ED201A4A
:102C600030EE020AB1EE412AB4EE410A80ED1E3A7E
:102C7000F1EE10FAB4EE420AC8BFB0EE410AF1EE2E
:102C800010FAB8BFB0EE420A80ED210A704700008A
:102C9000002804BF03207047B0F80AC0BCF1000F41
:102CA00004BF0220704729B102688388D25C0A7091
:102CB000B0F80AC0818803890131B1FBF3F202FB4D
:102CC00013118180ACF101014181002070470000A7
:102CD00000284FF0030218BF002901D110467047A9
:102CE000428903899A4203D101221046704700BFEE
:102CF00009780268C388D154C18802890131B1FBC7
:102D0000F2F303FB12114289C180511C4181002062
:102D100070470000034600284FF0030018BF002949
:102D200000D17047002A08BF70470020C3E9001097
:102D30001A8158817047000080B540F24020C2F2ED
:102D40000000807807280CD8A321C140C90708D00B
:102D500013A151F820008178008840EA0140FFF774
:102D6000D7FD40F25820C2F20000006B40F2003C58
:102D700001784078CA0004294FF00001C0F2021C1B
:102D80004FF0000338BF2CFA02F1C200042838BF0C
:102D90002CFA02F3C8B2D9B2BDE88040FEF7F0B811
:102DA000183B0108213B0108213B0108213B010898
:102DB000213B01081B3B0108213B0108143B010892
:102DC000132888BF7047DFE800F00B875F734199D5
:102DD000AD7DCB55C1374BA32D69238FB7D500BF30
:102DE00010B50C4600F028FA40F62851C2F2000156
:102DF000087040F2402040F25822C2F20000C2F2B5
:102E000000028078928848704A800868206010BD6F
:102E100040F24020C2F2000040688068C06908604B
:102E2000704700BF40F24020C2F200004068806856
:102E3000006D0860704700BF40F24020C2F2000001
:102E400040688068006B0860704700BF40F2402017
:102E5000C2F200004068806840680860704700BFA8
:102E600040F24020C2F2000040688068406A08607A
:102E7000704700BF40F24020C2F200004068806806
:102E800080690860704700BF40F24020C2F2000035
:102E90004068006800680860704700BF40F240204A
:102EA000C2F2000040688068C06C0860704700BFD4
:102EB00040F24020C2F2000040688068006808606C
:102EC000704700BF40F24020C2F2000040688068B6
:102ED000406B0860704700BF40F25820C2F200000B
:102EE00000680860704700BF40F24020C2F2000056
:102EF00040688068006A0860704700BF40F2402068
:102F0000C2F200004068806880680860704700BFB7
:102F100040F24020C2F2000040688068806A086089
:102F2000704700BF40F24020C2F200004068806855
:102F3000806B0860704700BF40F24020C2F2000082
:102F400040688068806D0860704700BF40F2402094
:102F5000C2F2000040688068C06A0860704700BF25
:102F600040F24020C2F2000040688068406908607A
:102F7000704700BF40F24020C2F200004068806805
:102F8000406D08607047000070B50D4641F6BC61A9
:102F9000C2F2000101EB85011E461446FFF710FF47
:102FA000002E08BF70BDA80041F6BC61021DC2F230
:102FB00000012046BDE87040F1F733B940F29C3083
:102FC000C2F20000407A7047B0B59FED1A1A40F285
:102FD0009C3581EE000A41F6C044C2F20005002093
:102FE000C2F20004C5E902002046002185ED010A75
:102FF000F6F7B0FD20460421F6F7ACFD2046082187
:10300000F6F7A8FD20460021F5F75CFF20460421D5
:10301000F5F758FF20460821F5F754FF40F6000069
:10302000C4F202004FF4005101220124F3F772FAB6
:103030002C72B0BD313963459FED772ABEEE001A80
:1030400020EE811A20EE020A30EE011A0021F5EE80
:10305000400A31EE202AF1EE10FAC8BF0121B5EE88
:10306000401A40F29C3CF1EE10FAC8BF0231B5EEB6
:10307000402AC2F2000CF1EE10FA9CED014AB8BFF2
:10308000043124EE200A22EE443A21EE042ADFE83D
:1030900001F005131B0D2B33230500BF9FED5F1AB5
:1030A00000218CF80910B0EE410A2CE001218CF8C7
:1030B0000910B0EE421A26E002218CF80910B1EE98
:1030C000430AB1EE421A1EE006218CF80910B1EE57
:1030D000400AB1EE431A16E00521B0EE431AB0EEF5
:1030E000420A8CF809100EE004218CF80910B1EEA8
:1030F000401AB1EE420A06E003218CF80910B0EE46
:10310000401AB0EE430A9FED462A31EE003AB4EE83
:10311000423AF1EE10FA1DDD82EE033A9FED3F2AAE
:1031200020EE030A21EE031A013905291DD832EEDB
:10313000000A31EE001ADFE801F003452D37235372
:10314000BDEEC11A11EE101ABDEEC00AACF80A109D
:1031500040E000BF32EE402A32EE412AB6EE003A9D
:1031600022EE032A01390529E1D9BDEEC20A10EE8B
:10317000103A19461A46ACF80A30ACF80C303FE069
:10318000BDEEC00A10EE101AACF80A10BDEEC20A6D
:1031900012E000BFBDEEC22A12EE101ABDEEC11A37
:1031A000ACF80A1024E000BFBDEEC22A12EE101ADD
:1031B000BDEEC00AACF80A1010EE102ABDEEC10A2E
:1031C0001AE000BFBDEEC00A10EE101AACF80A10EB
:1031D000BDEEC10A10EE102ABDEEC20A0CE000BF1F
:1031E000BDEEC11A11EE101AACF80A10BDEEC21AEB
:1031F00011EE102ABDEEC00AACF80C2010EE103A09
:1032000041F6C040C2F200000068ACF80E304363E3
:103210008263C163704700BFD7B35D3F0000000009
:103220000030034543F61E30C0F601008178008867
:1032300040EA0140FFF76CBB41F6B860C2F2000003
:103240000078704741F6B861C2F20001087070471B
:1032500080B540F2704EC2F2000E0EF1100EDDF895
:1032600008C08EE80F1080BD40F27040C2F200002E
:10327000002180ED000A80ED010AC0E902117047CB
:1032800040F27040C2F2000080ED020A7047000078
:1032900040F27040C2F2000080ED000A704700006A
:1032A00040F27041C2F2000191F8202091ED001A25
:1032B0000023C0E90033836082B391ED012A91EDD0
:1032C000024A91ED055A24EE043A75EE050A31EEF4
:1032D000426AC3EE201AB0EEC63AB5EE406A9FEDE0
:1032E0005D6A9FED5D7AF1EE10FAC8BF0123B4EE7E
:1032F000465AF0EE473AB8BF013B02EE903AF1EE83
:1033000010FAC8BFF0EE613AB4EE633AF1EE10FA8B
:10331000F8EEE21A06DD91ED047A0CE080ED001A79
:1033200094E000BF63EE200AF5EE400AF1EE10FAD9
:1033300001DBB1EEE07A27EE217A012A37EE447AFA
:103340001AD125EE005AB0EEC76AB4EE456AF1EE26
:1033500010FA0EDD0022B5EE407AF1EE10FAC8BF89
:103360000122B8BF013A06EE102AB8EEC66A25EE71
:10337000067A34EE074A40E0DFED370AB4EE460A3B
:1033800087EE007AF1EE10FAC8BFF0EE470AB1EE10
:10339000456AF4EE450AF1EE10FAF4EE460AC8BFAB
:1033A000F0EE450AF1EE10FAB8BFF0EE460A91EDE4
:1033B000035A91ED066A30EEC57A26EE006AF0EE09
:1033C000C70AF4EE460AF1EE10FA0EDD0022B5EE61
:1033D000407AF1EE10FAC8BF0122B8BF013A07EEF9
:1033E000102AB8EEC77A26EE077A35EE075A81ED35
:1033F000035A25EE005A35EE044A24EE000A30EE58
:10340000020A91ED072A81ED010A80ED000A9FED85
:10341000130AB5EE402A81ED024A80ED014AF1EE31
:1034200010FAC8BFB0EE420AB4EE403AF1EE10FA1C
:103430004FF000020BDCB0EEC42AB4EE402AF1EEED
:1034400010FA04DC81ED011AC1E9022201220272A4
:10345000704700BFBD378635000000006F12833A09
:103460000020C4F202004FF480710122F3F752B839
:1034700040F6B45CC2F2000C9CF80030002B18BF80
:10348000704740F20133ACF800308CF802008CF841
:103490000320CCF80410FAF72BBF0000002A04BF69
:1034A000002070472DE9F04381B0042A02F0030C9C
:1034B00006D200264FF00009BCF1000F1ED12AE011
:1034C00002F0FC07C7F1000E01F101084FF00009FE
:1034D0006FF0030408EB0403DE781D795F794E4436
:1034E0009B79354404343D440EEB0406043603EB6B
:1034F0000509EFD1261DBCF1000F0CD08D5DBCF18C
:10350000010FA94407D00E447578BCF1020FA944FD
:103510001CBFB378994440F28715C2F20005EC1C39
:1035200068702046AA701646F0F77BFE85F88390F7
:1035300004F8069095F88400A1194870701DC4B273
:1035400028462146F1F7F8FA41F6B966C2F20006BC
:10355000F0B130780A281FD80130307040F287105F
:10356000C2F200002146F1F7E7FA70B140F2871588
:10357000C2F2000530780A2812D80130307028468F
:103580002146F1F7D9FA0028F4D10121002009E001
:103590000120012106E000BF0021012002E000BF60
:1035A0000020002100223270084001B0BDE8F08305
:1035B000B0B540F61C04C2F20004601C8321F0F791
:1035C00049FE40F6A105C2F20005681C8321F0F710
:1035D00041FE55202870AA23207041F6085040F67D
:1035E000275185F88430C2F20000C2F200010122A6
:1035F00084F88430BDE8B040F6F706BF002A08BF63
:1036000070472DE9F04740F6A1088146C2F2000854
:10361000042A02F0030C88F8010088F8022005D281
:1036200000270023BCF1000F1ED12AE002F0FC03AA
:10363000C3F1000E01F1010A00236FF0030500BF82
:103640000AEB0504E0782779667918440435A479F3
:1036500038440EEB05033044043304EB0003EFD190
:103660002F1DBCF1000F0CD0CE5DBCF1010F334417
:1036700007D00F447E78BCF1020F33441CBFB878EA
:10368000034408F10305284688F883301646F0F70E
:10369000C8FD98F8000040F62C57C2F200073870B9
:1036A000F81C2946324687F80190BE70F0F7B9FD44
:1036B000B8F88330701DF519C2B241F60850C2F255
:1036C00000003946A5F80330BDE8F047F6F76CBFB7
:1036D000B0B540F2F825C2F20005044628782178FA
:1036E00001280FD140F61C03C2F2000393F88400B6
:1036F000814211D158789A78D91C00F039F800200D
:1037000028702BE040F6A100C2F200000078814250
:1037100004BF0120286021E06878012802D018B990
:10372000597019E0997017E093F802C00CF1020289
:10373000824207D9C218517021786A881144698081
:103740000AE000BF02D183F8831005E00CF1030109
:1037500081423CBF002129700130687041F6085059
:10376000C2F2000021460122BDE8B040F6F74CBE8F
:1037700040F6B45CC2F2000C9CF80030002B18BF7D
:10378000704740F20123ACF800308CF802008CF84E
:103790000320CCF80410FAF7ABBD0000A1F1090238
:1037A00012F1080F38BF7047026840F62C5CC2F275
:1037B000000C0129CCF8002020D042680229CCF866
:1037C00004201BD082680329CCF8082016D0C268D8
:1037D0000429CCF80C2011D002690529CCF810205E
:1037E0000CD042690629CCF8142007D08269072939
:1037F000CCF818201CBFC069CCF81C0080B5042090
:1038000000EB81004FF0FF4EC2B241F608500B466C
:10381000C2F2000061464CF823E0BDE88040F6F7B4
:10382000C3BE000020EEA01A20EE000A30EE010A0E
:10383000B1EEC00A41F65050C2F2000090ED2E1ACF
:1038400031EE400AB5EE400AF1EE10FAC4BF9FED2A
:103850001D0A704790ED173A90ED184A30EE033A82
:1038600090ED141A90ED152AB1EE445AB4EE443A94
:10387000F1EE10FAB4EE453AC8BFB0EE443AF1EEBC
:1038800010FAB8BFB0EE453A22EE032A21EE000A44
:1038900090ED191A30EE020AB1EE412AB4EE410A57
:1038A00080ED173AF1EE10FAB4EE420AC8BFB0EE5E
:1038B000410AF1EE10FAB8BFB0EE420A80ED1A0AE2
:1038C000704700BF000000004EF6085044F20001AF
:1038D000CEF20000C0F60001016062B6F2F74CFEC5
:1038E000F7F75EFCF6F7E6FFF6F78EFFF7F78EF8D0
:1038F000F7F7DEF8F6F7C8FEF6F71CFFF6F764FFF9
:10390000F7F7AEF8F7F7E8F9F7F736F9F7F702FA4D
:1039100040F2C824C2F20004F7F7A4FCF2F706FE56
:103920002168401A6060F2F701FE2060F4E70000B1
:1039300000284FF0000218BF002901D1104670473F
:103940002DE9F04140F20218C2F20008037898F81D
:103950000060B34250D10B7898F88450034413F8B8
:10396000016CAE4248D113F802EC88F883E00E787F
:10397000062E09D3711F063E032E01F0030C05D25B
:103980000021032513E000BF002120E021F0030502
:10399000002100240619F378377972791944B67931
:1039A000394411440434A5423144F3D1E51CBCF13F
:1039B000000F0CD0445DBCF1010F214407D0054439
:1039C0006C78BCF1020F21441CBFAE783144C9B2FF
:1039D0008E4517D18578447808F10306C11C30461E
:1039E0002A4688F8014088F80250F0F71AFC204671
:1039F00031462A46FFF73CFD0122BDE8F041104662
:103A0000704700BF0022BDE8F0411046704710B576
:103A10002DED028BF0EE408A18EE900AB0EE608A2F
:103A200020F00040C0F1FF40C00F07D118EE100A8F
:103A300020F00040C0F1FF40C00F2BD018EE101A4C
:103A400018EE900AF0F7F0FD00EE100A10EE100AE2
:103A50006FEAD05010F0FF0F04BFBDEC028B10BD19
:103A600018EE900A00F0004110EE100A00F000403D
:103A7000814204BFBDEC028B10BD18EE101A10EE8F
:103A8000100ABDEC028B61F31E0000EE900A30EECE
:103A9000600A10BD18EE900A4FF07F41B1EB400F65
:103AA0001CBF18EE100A5FEA4000C7D1012000F0E9
:103AB0001FF8BDEC028BBDE8104000F001B800001B
:103AC000DFED020A80EEA00A70470000000000004F
:103AD00002E008C8121F08C1002AFAD170477047D7
:103AE000002001E001C1121F002AFBD17047000035
:103AF000014908607047000000000020000000003D
:103B0000000000000102030406070809000000008D
:103B100001020304E60000F0002FA7068043E858E6
:103B20002781D8D002000000040000000800000037
:103B300010000000FDFFFFFFFBFFFFFFF7FFFFFF8F
:103B4000EFFFFFFFFFFDFFFFFFFBFFFFFFF7FFFFA3
:103B5000FFEFFFFF00061016000610167878787841
:103B60007878787878736E6A6663605D5A585654D0
:103B700052504E4D4B4A48474644434241403F3ED7
:103B80003D3C3B3A393938373636353433333232C7
:103B90003130302F2F2E2D2D2C2C2B2B2A2A2A2959
:103BA00029282827272626262525252424232323BC
:103BB0002222222121212020201F1F1F1E1E1E1E07
:103BC0001D1D1D1C1C1C1C1B1B1B1B1A1A1A1A1941
:103BD000191919181818181717171717161616166F
:103BE0001515151515141414141413131313131396
:103BF00012121212121111111111111010101010B5
:103C0000100F0F0F0F0F0F0E0E0E0E0E0E0E0D0DCE
:103C10000D0D0D0D0C0C0C0C0C0C0C0B0B0B0B0BE5
:103C20000B0B0B0A0A0A0A0A0A0A090909090909F7
:103C30000909080808080808080807070707070708
:103C40000707070606060606060606060505050515
:103C5000050505050504040404040404205A083B72
:103C6000205A883B205A083BC449E83FB8D76DBF6B
:103C700000000000920E493CB10AC93C2BC3163D1E
:103C80002EFB483D752B7B3D04A9963D80B6AF3D8C
:103C900036BDC83D2FBCE13D73B2FA3D87CF093E2A
:103CA0008340163EB5AB223EA2102F3ECF6E3B3E68
:103CB000C2C5473E0115543E135C603E7F9A6C3E80
:103CC000CCCF783EC07D823E938E883E229A8E3E37
:103CD00032A0943E86A09A3EE59AA03E128FA63E60
:103CE000D47CAC3EEF63B23E2A44B83E491DBE3E92
:103CF00015EFC33E53B9C93ECA7BCF3E4136D53ED0
:103D000080E8DA3E4F92E03E7533E63EBBCBEB3EB9
:103D1000EA5AF13ECBE0F63E275DFC3EE4E7003F89
:103D20003D9C033F824B063F9BF5083F6B9A0B3F40
:103D3000DA390E3FCDD3103F2A68133FD9F6153F2D
:103D4000C07F183FC6021B3FD17F1D3FCBF61F3FF0
:103D50009967223F25D2243F5636273F1594293FA5
:103D60004AEB2B3FDE3B2E3FBB85303FC9C8323F7D
:103D7000F304353F233A373F4268393F3B8F3B3F9F
:103D8000F9AE3D3F67C73F3F70D8413F01E2433F37
:103D900003E4453F65DE473F12D1493FF8BB4B3F47
:103DA000029F4D3F207A4F3F3D4D513F4918533FB1
:103DB00031DB543FE595563F5348583F6AF2593F2F
:103DC0001A945B3F532D5D3F05BE5E3F2146603F29
:103DD00097C5613F5A3C633F59AA643F880F663FCD
:103DE000D86B673F3CBF683FA7096A3F0C4B6B3FEE
:103DF0005E836C3F93B26D3F9ED86E3F73F56F3F0D
:103E00000809713F5213723F4714733FDD0B743F33
:103E10000BFA743FC6DE753F07BA763FC58B773F16
:103E2000F853783F9812793F9DC7793F02737A3FE4
:103E3000BE147B3FCDAC7B3F283B7C3FC9BF7C3F62
:103E4000AC3A7D3FCCAB7D3F23137E3FB0707E3FCD
:103E50006DC47E3F580E7F3F6D4E7F3FAB847F3FEA
:103E60000FB17F3F97D37F3F43EC7F3F11FB7F3FF5
:103E70000000803F11FB7F3F43EC7F3F97D37F3FA4
:103E80000FB17F3FAB847F3F6D4E7F3F580E7F3F2A
:103E90006DC47E3FB0707E3F23137E3FCCAB7D3F31
:103EA000AC3A7D3FC9BF7C3F283B7C3FCDAC7B3FDC
:103EB000BE147B3F02737A3F9DC7793F9812793FCA
:103EC000F853783FC58B773F07BA763FC6DE753F1C
:103ED0000BFA743FDD0B743F4714733F5213723F6C
:103EE0000809713F73F56F3F9ED86E3F93B26D3FE7
:103EF0005E836C3F0C4B6B3FA7096A3F3CBF683F3A
:103F0000D86B673F880F663F59AA643F5A3C633FAE
:103F100097C5613F2146603F05BE5E3F532D5D3F23
:103F20001A945B3F6AF2593F5348583FE595563F14
:103F300031DB543F4918533F3D4D513F207A4F3FAD
:103F4000029F4D3FF8BB4B3F12D1493F65DE473FD3
:103F500003E4453F01E2433F70D8413F67C73F3F1D
:103F6000F9AE3D3F3B8F3B3F4268393F233A373FF5
:103F7000F304353FC9C8323FBB85303FDE3B2E3F9F
:103F80004AEB2B3F1594293F5636273F25D2243F35
:103F90009967223FCBF61F3FD17F1D3FC6021B3FD3
:103FA000C07F183FD9F6153F2A68133FCDD3103F85
:103FB000DA390E3F6B9A0B3F9BF5083F824B063F69
:103FC0003D9C033FE4E7003F275DFC3ECBE0F63E2F
:103FD000EA5AF13EBBCBEB3E7533E63E4F92E03EF4
:103FE00080E8DA3E4136D53ECA7BCF3E53B9C93E62
:103FF00015EFC33E491DBE3E2A44B83EEF63B23EB4
:10400000D47CAC3E128FA63EE59AA03E86A09A3E96
:1040100032A0943E229A8E3E938E883EC07D823E90
:10402000CCCF783E7F9A6C3E135C603E0115543EC7
:10403000C2C5473ECF6E3B3EA2102F3EB5AB223EDF
:104040008340163E87CF093E73B2FA3D2FBCE13D57
:1040500036BDC83D80B6AF3D04A9963D752B7B3D6E
:104060002EFB483D2BC3163DB10AC93C920E493C7C
:1040700000000000920E49BCB10AC9BC2BC316BD9A
:104080002EFB48BD752B7BBD04A996BD80B6AFBD88
:1040900036BDC8BD2FBCE1BD73B2FABD87CF09BE26
:1040A000834016BEB5AB22BEA2102FBECF6E3BBE64
:1040B000C2C547BE011554BE135C60BE7F9A6CBE7C
:1040C000CCCF78BEC07D82BE938E88BE229A8EBE33
:1040D00032A094BE86A09ABEE59AA0BE128FA6BE5C
:1040E000D47CACBEEF63B2BE2A44B8BE491DBEBE8E
:1040F00015EFC3BE53B9C9BECA7BCFBE4136D5BECC
:1041000080E8DABE4F92E0BE7533E6BEBBCBEBBEB5
:10411000EA5AF1BECBE0F6BE275DFCBEE4E700BF85
:104120003D9C03BF824B06BF9BF508BF6B9A0BBF3C
:10413000DA390EBFCDD310BF2A6813BFD9F615BF29
:10414000C07F18BFC6021BBFD17F1DBFCBF61FBFEC
:10415000996722BF25D224BF563627BF159429BFA1
:104160004AEB2BBFDE3B2EBFBB8530BFC9C832BF79
:10417000F30435BF233A37BF426839BF3B8F3BBF9B
:10418000F9AE3DBF67C73FBF70D841BF01E243BF33
:1041900003E445BF65DE47BF12D149BFF8BB4BBF43
:1041A000029F4DBF207A4FBF3D4D51BF491853BFAD
:1041B00031DB54BFE59556BF534858BF6AF259BF2B
:1041C0001A945BBF532D5DBF05BE5EBF214660BF25
:1041D00097C561BF5A3C63BF59AA64BF880F66BFC9
:1041E000D86B67BF3CBF68BFA7096ABF0C4B6BBFEA
:1041F0005E836CBF93B26DBF9ED86EBF73F56FBF09
:10420000080971BF521372BF471473BFDD0B74BF2F
:104210000BFA74BFC6DE75BF07BA76BFC58B77BF12
:10422000F85378BF981279BF9DC779BF02737ABFE0
:10423000BE147BBFCDAC7BBF283B7CBFC9BF7CBF5E
:10424000AC3A7DBFCCAB7DBF23137EBFB0707EBFC9
:104250006DC47EBF580E7FBF6D4E7FBFAB847FBFE6
:104260000FB17FBF97D37FBF43EC7FBF11FB7FBFF1
:10427000000080BF11FB7FBF43EC7FBF97D37FBFA0
:104280000FB17FBFAB847FBF6D4E7FBF580E7FBF26
:104290006DC47EBFB0707EBF23137EBFCCAB7DBF2D
:1042A000AC3A7DBFC9BF7CBF283B7CBFCDAC7BBFD8
:1042B000BE147BBF02737ABF9DC779BF981279BFC6
:1042C000F85378BFC58B77BF07BA76BFC6DE75BF18
:1042D0000BFA74BFDD0B74BF471473BF521372BF68
:1042E000080971BF73F56FBF9ED86EBF93B26DBFE3
:1042F0005E836CBF0C4B6BBFA7096ABF3CBF68BF36
:10430000D86B67BF880F66BF59AA64BF5A3C63BFAA
:1043100097C561BF214660BF05BE5EBF532D5DBF1F
:104320001A945BBF6AF259BF534858BFE59556BF10
:1043300031DB54BF491853BF3D4D51BF207A4FBFA9
:10434000029F4DBFF8BB4BBF12D149BF65DE47BFCF
:1043500003E445BF01E243BF70D841BF67C73FBF19
:10436000F9AE3DBF3B8F3BBF426839BF233A37BFF1
:10437000F30435BFC9C832BFBB8530BFDE3B2EBF9B
:104380004AEB2BBF159429BF563627BF25D224BF31
:10439000996722BFCBF61FBFD17F1DBFC6021BBFCF
:1043A000C07F18BFD9F615BF2A6813BFCDD310BF81
:1043B000DA390EBF6B9A0BBF9BF508BF824B06BF65
:1043C0003D9C03BFE4E700BF275DFCBECBE0F6BE2B
:1043D000EA5AF1BEBBCBEBBE7533E6BE4F92E0BEF0
:1043E00080E8DABE4136D5BECA7BCFBE53B9C9BE5E
:1043F00015EFC3BE491DBEBE2A44B8BEEF63B2BEB0
:10440000D47CACBE128FA6BEE59AA0BE86A09ABE92
:1044100032A094BE229A8EBE938E88BEC07D82BE8C
:10442000CCCF78BE7F9A6CBE135C60BE011554BEC3
:10443000C2C547BECF6E3BBEA2102FBEB5AB22BEDB
:10444000834016BE87CF09BE73B2FABD2FBCE1BD53
:1044500036BDC8BD80B6AFBD04A996BD752B7BBD6A
:104460002EFB48BD2BC316BDB10AC9BC920E49BC78
:10447000000000809844010800000020C8020000ED
:1044800064470008C8450108C802002088260000CB
:10449000E03A010800000000514201621033344349
:1044A0002D7A4685C00008BDC00008CDC02C08E9A3
:1044B000C0000809C1000861C02C0895C0000800B0
:1044C00024F40025BD5A087DBB000875BE0008DD38
:1044D000DDBB0008C9BA000841BB00082F79BC0049
:1044E0000825BC0008D1BC000815BC3D08090243E2
:1044F00000020100C03209042E010202010005245D
:104500000010010524012901042402020524064F9C
:10451000010705820308001009040100020A36079A
:1045200005010240460705810240450A0600024394
:1045300040012D120100020202004083044157365F
:1045400002010203012FE54A0008E14A0008DD4AA2
:104550000008114B0C1908354B0008040309041A14
:104560000302843A03840D3A720DD3E55E42015D85
:104570000C030020FC0200204C0E00207BB50D0037
:1045800020B40D002000012F24020020501D002027
:10459000541E0020480F062D20A0030020001D11EE
:1045A000300200203C020020C9CF143EC9CF943E07
:1045B000C9CF143E90C82B3FB23081BE02100155C6
:0845C000FF83FF8400000000EE
:040000050800418925
:00000001FF
