:020000040800F2
:10000000782100209D010008D55F0008DD58000818
:10001000D15F0008B9080008259100080000000021
:10002000000000000000000000000000D96200088D
:100030000D0A000800000000E55F0008DD6200080E
:10004000B7010008B7010008B7010008B7010008B0
:10005000B7010008B7010008B7010008B7010008A0
:10006000B7010008B7010008B7010008B909000886
:10007000B7010008B7010008C5090008B70100086A
:10008000D1090008B7010008B7010008B70100084E
:10009000B7010008B7010008B7010008B701000860
:1000A000B7010008B7010008B7010008B701000850
:1000B000B7010008B7010008B7010008B701000840
:1000C000B7010008B7010008B7010008B701000830
:1000D000B7010008216D0008B7010008B70100084A
:1000E000B7010008B7010008B7010008B701000810
:1000F00009640008B7010008B7010008B70100084B
:10010000B7010008B7010008B7010008E95F00085F
:10011000B7010008B7010008B7010008B7010008DF
:10012000DD090008B7010008E9090008B701000867
:10013000B70100080000000000000000B70100083F
:10014000BD080008B7010008B7010008D95F000822
:10015000F5090008B7010008010A0008B701000806
:10016000B7010008B7010008B7010008B70100088F
:10017000B7010008B70100080000000000000000FF
:10018000B7010008B7010008DFF80CD000F01AFB37
:10019000004800477DE0000878210020064880479D
:1001A00006480047FEE7FEE7FEE7FEE7FEE7FEE75C
:1001B000FEE7FEE7FEE7FEE791630008890100081D
:1001C0002DE9F05F0546002092469B46884606468C
:1001D000814640241BE0284641464746224600F01F
:1001E00011FA53465A46C01A914110D31146184687
:1001F000224600F0F8F92D1A67EB01084F46224617
:100200000120002100F0EFF917EB00094E41201EFC
:10021000A4F10104DFDC484631462A464346BDE8E6
:10022000F09F40EA01039B0703D009E008C9121FB1
:1002300008C0042AFAD203E011F8013B00F8013BA0
:10024000521EF9D27047D2B201E000F8012B491ECC
:10025000FBD270470022F6E710B513460A46044663
:100260001946FFF7F0FF204610BD421C10F8011B95
:100270000029FBD1801A70472DE9FE4F804681EAA4
:100280000300C00F0C46009021F0004123F0004510
:10029000B8EB0200A94105D24046214690461C46D3
:1002A0000B46024623F00040104347D0270DC7F30A
:1002B0000A00C3F30A510290401A019040286BDAF9
:1002C000C3F3130040F4801B0098924620B1002332
:1002D000D2EB030A63EB0B0B01985946C0F14002C5
:1002E000504600F080F906460D4650465946019AA0
:1002F00000F098F910EB08006141002487EA1152E0
:1003000084EAE7731A4340D0009A62B3019A012A43
:100310004FEA075215DC001B61EB02014FF000426F
:1003200002EA0752CDE90042001C41F58011324635
:100330002B4600F0F8F903B0BDE8F08F40462146A7
:10034000F9E7001B61EB0201001C41F58013001866
:100350005B412018A2F5001747EB030140EAD57076
:10036000B6196D4111E06D084FEA360645EAC075D1
:100370004FEA0752001B61EB0201001C41F580119E
:1003800049084FEA30000019514132462B4603B06C
:10039000BDE8F04F00F0B8B90098012240000023FA
:1003A000D0EB020263EBE073009821464FEAE07461
:1003B000B8EB000061EB0401E9E783F000435BE781
:1003C00081F0004158E72DE9FE4F81EA030404F073
:1003D000004421F0004100944FF0000B23F0004353
:1003E00050EA01045ED052EA03045BD0C3F30A541E
:1003F000C1F30A552C44A4F2F3340194A0FB025437
:10040000C1F3130141F48011C3F3130343F48013C8
:1004100001FB024400FB034E840A970A44EA81541C
:1004200047EA8357A4FB076802958D0A05FB0785F9
:100430004FEA932C04FB0C542705029D4FEA065803
:1004400047EA1637B5EB08056EEB070C870E920EE0
:1004500047EA811742EA8312A7FB0201B6EB0B01C0
:1004600064EB00042B0D43EA0C335E1844EB1C5084
:10047000DA465146E7FB0201C5F313044FEA0B339A
:1004800043EA14534FEA0432019C43EA0603A4F101
:100490000C040294009CCDE900B400F044F903B0D0
:1004A000BDE8F08F00200146F9E72DE9F04D81EA23
:1004B000030404F0004B21F0004514464FF0000AFD
:1004C00023F0004150EA050220D054EA01021DD079
:1004D000C5F30A570246C5F31303C1F31300C1F372
:1004E0000A5640F4801543F48013A7EB0608101B4E
:1004F000D64608F2FD3873EB050002D308F1010877
:1005000001E092185B41B8F1000F03DA00200146C8
:10051000BDE8F08D00204FF48011064684460EE0C1
:10052000171B73EB050705D3121B63EB050306438B
:100530004CEA010C49084FEA300092185B4150EA3E
:100540000107EDD152EA030012D082EA040083EAE7
:100550000501084305D0101BAB4106D20122002340
:1005600006E000224FF0004302E06FF0010253105A
:100570001AEB06004CEB085110EB0A0041EB0B01A3
:10058000BDE8F04D00F0C0B800F0004230F000408F
:100590000AD0C10D01F56071C0F3160042EA0151A5
:1005A000C20840071143704700200146704701F020
:1005B000004330B421F0004150EA010206D00A0D98
:1005C000A2F56072C1F31301002A02DC30BC0020E6
:1005D0007047440F44EAC104C100E01830BC00EB8E
:1005E000C25000F031B8202A04DB203A00FA02F1B0
:1005F000002070479140C2F1200320FA03F3194311
:1006000090407047202A04DB203A21FA02F00021B2
:10061000704721FA02F3D040C2F120029140084312
:1006200019467047202A06DBCB17203A41FA02F020
:1006300043EAE07306E041FA02F3D040C2F120023F
:1006400091400843194670470029A8BF7047401CD5
:10065000490008BF20F00100704710B4B0FA80FCD8
:1006600000FA0CF050EA010404BF10BC704749B115
:10067000CCF1200421FA04F411FA0CF118BF012185
:1006800021430843A3EB0C01CB1D4FEA00614FEA65
:10069000102042BF002010BC704700EBC350104434
:1006A0000029A4BF10BC7047401C490008BF20F0BF
:1006B000010010BC7047F0B400F0004221F000418E
:1006C00020F00040CE0DC30DC1F3160141F400012E
:1006D000C0F316004C42154640F40000761E09E0B7
:1006E00010EB440002D582F0004240428842F7D825
:1006F00040005B1EB342F9DA18B1F0BC0021FFF7ED
:10070000ACBF2846F0BC704710B5141E73F100044E
:1007100008DA401C41F1000192185B411A4301D1F3
:1007200020F0010010BD2DE9F04D92469B4611B11D
:10073000B1FA81F202E0B0FA80F220329046FFF77F
:1007400052FF04460F4640EA0A0041EA0B015346B5
:100750005A46084313D0114653EA010019D0C8F194
:1007600040025046FFF74EFF05460E46504659469A
:100770004246FFF738FF084305D0012004E0204639
:100780003946BDE8F08D0020054346EAE0762C436B
:1007900037430A986305E40AA0EB08000022FD0A2B
:1007A00044EA47540A3002D500200146E9E7010532
:1007B00010196941DDE9084500196941BDE8F04DAE
:1007C000A2E700001CB509480090094801900546C1
:1007D000009C06E0E06840F0010394E807009847B9
:1007E0001034AC42F6D3FFF7D3FC0000E0F200086F
:1007F00000F3000830B58C1810F8012B12F00F032D
:1008000001D110F8013B120906D110F8012B03E0C9
:1008100010F8015B01F8015B5B1EF9D101E001F802
:10082000013B521EFBD1A142E6D3002030BD0000A7
:100830000146806B036C026C13F0500F07D0D20698
:1008400048BF00F029BA806BC26C0846104742F4DA
:100850000071016401688A6812F0405F01D000F005
:10086000A5B9027E002AFAD1CA6A12F4700F02D02A
:100870008A685205F3D44A6822F020024A60016C6B
:1008800021F480710164016CC90448BF00F08EB985
:10089000016C41F00101016400F088B9806B4021D6
:1008A0000164416C41F00401416400F0F5B90000BD
:1008B000806B00F0EFB90000FEE7000041F22C1061
:1008C000C2F2000000F072BD0020704700207047A7
:1008D00010B540F6BC54C2F2000440F69201C2F2D8
:1008E00000012046002206F0E7FB40F29261C2F2CE
:1008F0000001204606F0D2FB002010BDB0B5044632
:100900000DF0EAFB40F6BC55C2F200052846214630
:1009100006F0C4FB284606F09BFB0020B0BD00009B
:100920000020704740F6BC52C2F20002D2F8BC224E
:10093000D2F81432002B1CBF0120704710B540F6CE
:10094000BC54C2F200040A460146204606F0B4FB3D
:100950002046BDE8104006F027BC0000B0B541F6C7
:10096000D014C2F2000420460021002504F036FB1A
:100970002046042104F032FB2046082104F02EFB1F
:100980002046002103F024FD2046042103F020FD31
:100990002046082103F01CFD40F20040C4F2020092
:1009A0004FF40061002201F0C7FA41F6A440C2F200
:1009B00000000571B0BD000041F21420C2F2000039
:1009C00000F0FCBF41F2D420C2F2000000F0F6BFFC
:1009D00041F27420C2F2000000F0F0BF41F2541066
:1009E000C2F2000000F0EABF41F2B410C2F200000F
:1009F00000F0E4BF41F23430C2F2000000F0DEBF8C
:100A000041F29430C2F2000000F0D8BF70470000FD
:100A100010B541F6D014C2F200042046002104F0C3
:100A200035F92046042104F031F92046082104F06C
:100A30002DF92046002103F051FC2046042103F04B
:100A40004DFC2046082103F049FC40F20040C4F26E
:100A500002004FF400610122012401F06DFA41F619
:100A6000A440C2F20000047110BD000072B6022062
:100A70000CF086BF70B581B00022009290F83C2047
:100A8000012A02D1022001B070BDD1F800E001229C
:100A9000BEF10A0F1FFA8EFC80F83C2009D34FEA02
:100AA0004C02036812FA8EF2A2F11E0403F10C024A
:100AB00004E003680EEB4E0403F1100207251668EC
:100AC000A54026EA050515608D68166805FA04F448
:100AD000344314604968062906D801EB81014A1F96
:100AE000194651F8345F0EE00C2901EB810105D85D
:100AF000A1F12302194651F8305F04E0A1F141024F
:100B0000194651F82C5F1F24944025EA04040C6018
:100B10000CFA02F20C6842F2043CC4F2010C2243CB
:100B2000ACF54174A3420A603AD1BEF1120F06D16E
:100B3000DCF8001041F48001CCF8001030E02EF019
:100B4000010110292CD1DCF80010BEF1100F41F486
:100B50000001CCF8001023D140F22001C2F20001C4
:100B600009684DF68362C4F21B32A1FB0212910C9C
:100B700001EB810149000091009989B10099013987
:100B80000091009961B1009901390091009939B142
:100B9000009901390091009911B100990139EAE7F2
:100BA000002180F83C10002001B070BD006842F2C6
:100BB0000001C4F20101884200D0704740F606509F
:100BC000C2F2000001780029F7D140F6FC41C2F2E0
:100BD00000010A889FED2D2A00EE102A40F670527F
:100BE000C2F20002B8EE400A92ED001A20EE020AAC
:100BF00030EE010A4B8882ED000A40F6885201EE81
:100C0000103AC2F20002B8EE411A92ED003A898819
:100C100021EE021A31EE031A03EE101A40F6A0512B
:100C200082ED001AC2F2000140F66C52B8EE433A6F
:100C300091ED004AC2F2000223EE022A137832EE4E
:100C4000042A81ED002A591CCBB2642B117018BF05
:100C500070479FED0F3A40F6085180EE030A81EE8F
:100C6000031A82EE032AC2F2000181ED000A40F667
:100C70000C51C2F2000181ED001A40F61051C2F28F
:100C8000000181ED002A0121017070474108043DF7
:100C90000000C8427047000070470000002804BFF1
:100CA0000120704710B5016C39B9044600F0A0F876
:100CB00020460021616484F83C10016CC9063AD4D6
:100CC000016C41F202129143023142F2043201649A
:100CD000C4F20102116821F440311160136890E8F8
:100CE00012102343D0F810E013604A68012422F464
:100CF00080724A604A68C0F6007442EA0E224A6076
:100D00004A6822F040724A604A6842EA0C024A602D
:100D10008A6822F400628A60C2688B681A438A601B
:100D2000826A8B68A24223F070638B608B6804D167
:100D300023F040520AE0012152E01A438A608A6897
:100D400022F040528A60C26A8B681A438A608A68BD
:100D500022F002028A608A68037E90F8204042EA0C
:100D600043028A604A6884B142F400624A604A6879
:100D70004EF2000322F460424A60426ACFF6FF73EB
:100D80004C6803EB4232224301E022F400624A60E5
:100D9000CA6A40F2000C22F47002CA62C369426956
:100DA000CFF6F07CCC6A0CEB03532343CB628B6809
:100DB00023F400738B6090F830308C6844EA43234E
:100DC0008B608B6823F480638B608B6843EA82229C
:100DD0008A6000214164026C012363F30102026412
:100DE000002280F83C20BDE8104008467047000013
:100DF00070B586B00446006842F20011C4F20101E9
:100E000000268842CDE90466CDE90266019646D007
:100E100042F20001C4F20101884240F0828043F6B0
:100E200030000096C4F20200416941F480714161D2
:100E3000416901F48071009100990096016841F0C8
:100E400001010160006801A900F001000090009814
:100E5000072001900320CDE902060020C4F2020021
:100E600000F092FF41F2541546F21040C2F2000524
:100E7000C4F202004FF48061C5E9000605F11000DC
:100E80004FF400624FF400534FF4807C80E80E1062
:100E90004FF40030C5E90266C5E9080638E043F6BC
:100EA00030000096C4F20200416941F400714161D2
:100EB000416901F40071009100990096016841F0C8
:100EC00001010160006801A900F001000090009894
:100ED000782001900320CDE902060020C4F2020030
:100EE00000F052FF46F21040C4F2020041F2B41585
:100EF0003030C2F200054FF480624FF0007185E897
:100F00004300C5E90362C5E90566C5E907666E6287
:100F1000284600F031FE002818BFFFF7A7FDA563A3
:100F2000AC6306B070BD0000B0B582B00023019381
:100F300090F83C30012B02D1022002B0B0BD8E46A9
:100F40000123016880F83C308B689446DB0726D18A
:100F50008B684DF6836443F001038B6040F22003FD
:100F6000C2F200031B68C4F21B34A3FB0434A30CBD
:100F700003EB43030193019B8BB1019B013B019365
:100F8000019B63B1019B013B0193019B3BB1019B21
:100F9000013B0193019B13B1019B013BEAE78B6885
:100FA000DB0503D58B6823F480738B608C68036C3E
:100FB000E4070BD143F01001016400F1440100206B
:100FC00001220B681A430A6002B0B0BD40F20174FE
:100FD000A34303F5807303644B685B0504D5036C7E
:100FE000012464F30D330364046C0023E4044FF024
:100FF000000444BF446C24F00604446480F83C3090
:10100000836B40F6310440F6B102C0F60004C0F62E
:101010000002C3E90F4240F69D02C0F60002DA6406
:101020006FF022020A604A6842F2043442F08062A1
:101030004A608A68054642F480728A604C311846DC
:1010400072466346C4F2010400F03AFE2268296841
:10105000D20605D0A4F54172914225D002B0B0BDB0
:1010600042F20002C4F20102914215D042F2002283
:10107000C4F2010291420CD042F20012C4F2010209
:101080009142EBD12268D20606D0A4F58272914239
:10109000E4D12268D206E1D451F8082F12F0405F63
:1010A000DCD14FF080428CE74FF60451CFF6FF7150
:1010B000615811F0405FD1D1A4F53F714FF08042EB
:1010C0007FE7000090F82020013A012A04D8006848
:1010D00000F11402002004E000F1240201204FF48A
:1010E00080211368194311607047000010B590F813
:1010F00020E0D0F800C0AEF1010EBEF1010FDCF827
:1011000008E011D81EF0E05F14D0CEF30164012096
:10111000A04018608B689BB1D1F804E0C86840EA31
:10112000CE0040EA030E0FE000F1240301204FF44B
:10113000802121E000F1240301204FF400111BE085
:101140000868CB6843EA405E0CF5C07000EB0413FE
:10115000240140F804E00C69184640F8044F097D6A
:10116000012903D1016841F48071016050680121B7
:10117000D8601068986000201A681143196010BD8B
:1011800090F82020013A012A30D8B0B546F200602C
:10119000C4F20000026842F001020260026822F418
:1011A0007C520260D1F814E0CC694A6A0368012CD1
:1011B00043EA022202600EF01F024FF0010303FA1D
:1011C00002F2C3696FEA020C23EA0203C36113D07F
:1011D0002CBBC36803EA0C03C360CB688C8844EA69
:1011E000034300EBCE0423640B4611E0416A41F453
:1011F0008021416201207047C3681343C3600B68BC
:101200008C8844EA034300EBCE04236401F10C0311
:101210008C681B8843EA044300EBCE046364436894
:101220008D6943EA0204D1F810E0096A002D08BF75
:1012300003EA0C0444604369BEF1000F43EA020470
:1012400008BF03EA0C040129446102D1C1691143BA
:10125000C161016821F0010101600020B0BD000002
:1012600070470000B0B590F82040013C012C7AD8BE
:10127000D0F800C000290CBFDCF80C40DCF81040AE
:10128000A40776D00CF5D8754FEA011C55F80C4030
:1012900014F00404946055F80CE005EB011C19BF30
:1012A0004FEADE0555604FEA5E551560DCF80050E8
:1012B000E64605F00205D5605EF8044F24075ABFE4
:1012C000DEF8004004F00F0408241461DEF800404A
:1012D0000029C4F307249461DEF800504FEA154555
:1012E0005561DCF808201A70026802EB0112D2F88E
:1012F000B8214FEA12225A70026802EB0112D2F8AA
:10130000B8214FEA12429A70026802EB0112D2F839
:10131000B8214FEA1262DA70026802EB0112D2F8C9
:10132000BC211A71026802EB0112D2F8BC214FEA0B
:1013300012225A71026802EB0112D2F8BC214FEA64
:1013400012429A71026802EB0112D2F8BC214FEAF4
:101350001262DA7100680CBF00F10C0100F110019B
:10136000002020220AE000F1240101204FF4802215
:1013700004E000F1240101204FF400120B681A432D
:101380000A60B0BD90F820100139012984BF002007
:1013900070470068816882688068C1F38061C2F329
:1013A000C0621144C0F30070084470472DE9F04F4B
:1013B00081B0044600684669D0F804908768D0F888
:1013C0000CB0D0F810A0D0F81880F10703D1002598
:1013D00030071CD423E0F90710D00121BA0781603F
:1013E00009D4780700F1AA80380700F1B0802046C0
:1013F00000F084FA02E0204600F082FA0025F805A9
:1014000000F18480F80300F1AA80300707D51BF0B3
:10141000100004D0206845F400751021C1607007E9
:1014200008D51BF0080005D020680821C1602046BF
:1014300000F0BAF9B00706D52068C068800702D06E
:10144000204600F0B3F9700607D51AF0100004D05A
:10145000206845F4806510210161B00608D51AF0B6
:10146000080005D0206808210161204600F0E2F95B
:10147000F00606D520680069800702D0204600F0FB
:10148000DBF9B00308D519F0100005D02068102151
:101490004160204600F0D2F9F00308D519F00800A9
:1014A00005D0206808214160204600F033FA30045E
:1014B00040F18F805FEA497040F1888006F48070C7
:1014C00008EA102028435FEA8871014648BF41F0CE
:1014D0000201B20558BF01465FEA48700D4648BF99
:1014E00045F00405700558BF0D4630056ED518F05F
:1014F00070006BD010380009052862D8DFE800F0D2
:10150000035C5659535F45F008055AE020684FF4D4
:101510008071BA0581600AD4780512D4380519D4CF
:10152000204600F0EFF9F8037FF56FAF17E0204693
:1015300000F0EAF9F8037FF568AF10E04FF40065BA
:101540005DE705F50055F8037FF55FAF07E04FF461
:10155000805554E705F58045F8037FF556AF2068C0
:101560004FF48031BA0381600AD478030FD4380372
:1015700013D4204600F0CAF930073FF548AF4EE7D4
:10158000204600F0C5F930073FF541AF47E705F5C4
:10159000004530073FF53BAF41E705F580353007A3
:1015A0003FF535AF3BE745F080050AE045F0200503
:1015B00007E045F0400504E045F0100501E045F482
:1015C00080752068816921F07001816120680421A3
:1015D00041604DB1606A40EA05012046616201B098
:1015E000BDE8F04FFFF73CBE01B0BDE8F08F000052
:1015F000002804BF01207047B0B5044690F82000D1
:1016000010B9204600F06EF82068016841F0010131
:10161000016000F097FC054620684168C90705D1C4
:1016200000F090FC401B0B28F6D310E0016821F07D
:101630000201016000F086FC054600BF2068416899
:1016400089070DD500F07EFC401B0B28F6D3606A9D
:10165000052140F400306062012084F82010B0BD04
:10166000217E0268012922F0800208BF80320260D8
:10167000617E0268012922F0400208BF4032026008
:10168000A17E0268012922F0200208BF20320260F8
:10169000E17E0268012922F0100218BF10320260B8
:1016A000217F0268012922F0080208BF0832026087
:1016B000617F0268012922F0040208BF043202603F
:1016C000D4E901C2D4E9033561691A432A431143BD
:1016D000ACF101021143C16100200121606284F874
:1016E0002010B0BD2DE9F04387B040F20044C4F2B1
:1016F00002040068A4F5CE3100268842CDE90566D3
:10170000CDE90366029602D007B0BDE8F08343F648
:1017100040000196C4F20200016802AD41F0806110
:10172000016001684FF0020801F0806101910199A8
:10173000019601684FF0030941F0007101600168F2
:10174000092701F0007101910199019650F8101CD0
:1017500041F0020140F8101C50F8100C294600F02E
:101760000200019001982020029001200490204660
:10177000CDF80C80CDF81490069700F005FB4020C2
:10178000CDE9020820462946CDE90469069700F014
:10179000FBFA40200021002200F072FC402000F003
:1017A0005DFC07B0BDE8F08370470000F0B589B07C
:1017B00007AC6A4600212346FFF754FD40F2FC16B1
:1017C000C2F2000610B13079053024E0009831688B
:1017D00088421DD17079B0B106F10805B11D2846C7
:1017E0000BF058FE049848B1002700BFE1192846C5
:1017F0000BF050FE049801378742F7D3F11D2846BD
:101800000BF048FE04E09DF8101007A808F002FA5B
:10181000307968B10138C1B230710320312988BFF5
:10182000022040F61451C2F20001087009B0F0BD68
:101830000320F6E770470000704700007047000083
:10184000B0B5044690F8200001281DD1022084F88C
:1018500020002068016821F00101016000F072FBA6
:10186000054600BF20684068C00713D000F06AFB3F
:10187000401B0B28F6D3606A40F4003060620520FC
:1018800084F820000120B0BD606A40F4002060624E
:101890000120B0BD00206062B0BD0000B0B50446BC
:1018A00090F82000022819D12068016841F0010158
:1018B000016000F047FB054620684168C90713D165
:1018C00000F040FB401B0B28F6D3606A40F4003068
:1018D0006062052084F820000120B0BD606A40F4F9
:1018E000801060620120B0BD016821F0020101603A
:1018F000012084F820000020B0BD000070470000E7
:1019000070470000704700007047000070470000FB
:10191000704700007047000070B5866D044600F007
:1019200011FB94F83510022925D105462068216C59
:10193000026822F016020260426922F080024261CF
:1019400009B9A16C19B1016821F0080101600168B1
:1019500021F00101016000BF20680068C0070ED0BF
:1019600000F0F0FA401B0628F6D320206065032023
:1019700084F835000CE080206065012008E0E06D0F
:101980003F2101FA00F0B060012084F8350000200A
:10199000002184F8341070BD90F83510022909D167
:1019A000052180F835100068016821F0010101600F
:1019B000002070478021416501207047F0B581B05B
:1019C0000021009140F22001C2F200010B68D0E931
:1019D000166148F2B51537680822C1F64E358A40BF
:1019E0003A42A3FB05350CD003681C68640708D590
:1019F0001C6824F004041C60B260426D42F00102D5
:101A0000426501228A403A4208D003685B691B069E
:101A100004D5B260426D42F00202426504228A405F
:101A20003A4208D003681B689B0704D5B260426D38
:101A300042F00402426510228A403A4216D0016800
:101A40000B681B0712D5B2600B680A685B0306D4EB
:101A5000D20506D40A6822F008020A6001E01103E8
:101A600040D4016C11B1044688472046C26D202144
:101A700001FA02F33B4242D001680F68FF063ED5EF
:101A8000B36090F835700B68052F1BD123F0160357
:101A90000B604B6923F080034B61036C0BB9836CC3
:101AA0001BB10B6823F008030B603F219140B1602C
:101AB000012180F83510016D0022002980F83420C2
:101AC00053D156E00A685B0310D4D20512D40A68D9
:101AD00022F010020A60012180F83510002180F800
:101AE000341007E0816C0029BDD1BFE7110301D498
:101AF000416C00E0C16B11B1044688472046416D3E
:101B0000B9B3416DC9072ED0052180F835100168A1
:101B1000AA0A0B6823F001030B60009B0133934278
:101B200000931AD80B68DB0717D0009B0133934250
:101B3000009312D80B68DB070FD0009B0133934250
:101B400000930AD80B68DB0707D0009B0133934250
:101B5000009302D80B68DB07DFD1012180F8351034
:101B6000002180F83410C16C19B101B0BDE8F0401B
:101B7000084701B0F0BD00002DE9F041044600F037
:101B8000E1F9C4B10546022084F83500002021683F
:101B900084F83400086820F00100086021680868B3
:101BA000C0070BD000F0CEF9401B0528F6D903255D
:101BB0002023032064E00120BDE8F081086848F29A
:101BC0003F02CFF21002D4E9013500EA020C04F121
:101BD0000C0898E8C10143EA0C032B431843D4E9ED
:101BE000072E304338431043626A40EA0E00042A4D
:101BF00040EA08031CD1206BD4E90A2E40EA0E000B
:101C0000184308604869BEF1000F20F0030040EA65
:101C1000020040F0040C11D0B8F5005F35D0B8F1E7
:101C2000000F42D1022A43D0012A38D032B93FE016
:101C30000B60486920F0070040EA020C01F0F80050
:101C40004AF6AB221038CAF6AA22A0FB02231A09D0
:101C50004EF6D213C1F814C0C0F600039A5C40F2ED
:101C6000FF335F284FF03F0021EA030100FA02F042
:101C700088BF0431C4E916128860002301250020C2
:101C8000636584F83550BDE8F081032AD6D8012574
:101C900040230120DFE802F0020C0203F0E7AEF17E
:101CA000C070B0FA80F0400904E0032A04D3C5D123
:101CB000CEF300600028C1D0012540230120DFE7DA
:101CC00090F834C0BCF1010F04BF0220704770B51A
:101CD0004FF0010C80F834C0D0F858E090F835C0CF
:101CE000BCF1010F37D14FF0020C80F835C04FF036
:101CF000000CC0F854C0D0F800C08468056CC06DFA
:101D0000DCF80060402C26F48026CCF80060CCF88B
:101D100004300B4604BF13460A463F2101FA00F087
:101D2000CCF80830CCF80C20CEF80800DCF8000025
:101D300040F01600CCF800002DB1DCF8000040F0B7
:101D40000800CCF80000DCF8000040F00100CCF8FE
:101D50000000002070BD002180F83410022070BD0A
:101D6000B0B5044600F0EEF8054640F22C20C2F271
:101D700000000078611C18BF044400BF00F0E2F8C6
:101D8000401BA042FAD3B0BD2DE9F04F83B000F163
:101D9000200200F13E4741F60045009207F1FF772F
:101DA000C4F2020508224FEAB726A84208BF07225C
:101DB00000254FF000084FF00009072E38BF4FEA0A
:101DC000B72201920AE000BF09F1010908F10208F7
:101DD000B9F1100F05F1040500F0A2800F6801228F
:101DE00002FA09FE17EA0E0AEED0D1F804C0032267
:101DF0000CF003077E1E02FA08F4012E6FEA040BB2
:101E000012D88468CE6804EA0B0406FA08F6344354
:101E10008460446824EA0E06CCF3001404FA09F442
:101E20002643466004E000BF032F01D103271EE0D4
:101E3000C6688C6806EA0B0604FA08F42643022FEB
:101E4000C66014D16FF00302009E02EA590756F8EB
:101E500007C005F01C040F220B69A2402CEA020205
:101E6000A3401A43F251D1F804C00CF003070268F2
:101E700007FA08F302EA0B021A431CF4403F02601F
:101E8000A2D0002243F644030292C4F202031A686D
:101E900043F6004442F480421A601A68C4F2010416
:101EA00002F480420292029A29F003024FF6084C93
:101EB0002244CFF6FF7C52F80C3005F00C070F26B9
:101EC000BE40B343019E06FA07F73B4342F80C308D
:101ED000A2684B6842EA0A0743F60C4CDE0258BF80
:101EE00022EA0A07A760C4F2010CDCF800209E0277
:101EF00042EA0A0758BF22EA0A07CCF80070626873
:101F00009E0342EA0A0758BF22EA0A07676022686E
:101F1000DB0342EA0A0758BF22EA0A07276053E7B1
:101F200003B0BDE8F08F0000426902EA010391436B
:101F300041EA034181617047002A08BF09048161B9
:101F40007047000041F66850C2F200000068704718
:101F500080B582B0FFF7F6FF4EF21401CEF2000119
:101F60000A6849680132511A019101994FF47A7354
:101F70005943B1FBF2F100FB031002B080BD000039
:101F800040F22C2041F66851C2F20000C2F200017A
:101F900000780A68104408607047000080B543F676
:101FA0000040C4F20200016841F400710160016860
:101FB00041F480610160016841F480710160032097
:101FC00000F08AF80F2000F005F800F02BF8002050
:101FD00080BD0000B0B540F22C22C2F2000240F2F7
:101FE00020011278C2F200014FF47A730968B3FB42
:101FF000F2F20446B1FBF2F1084602F0D3F80F2CDE
:102000004FF001050CD858B94FF0FF30214600229F
:10201000002500F035F840F23020C2F200000460E4
:102020002846B0BD82B0002043F640010190C4F2C2
:1020300002014A6842F480424A604A6802F48042DF
:102040000192019A0090086840F08050086008688A
:1020500000F080500090009802B07047002848BF00
:10206000704700F01F01012202FA01F11C2202EA6E
:10207000D0004EF20012CEF20002815070470000F4
:1020800010B54EF60C5CCEF2000CDCF80030C3F359
:10209000022E8EF00704042C28BF0424BEF1030393
:1020A0004FF0FF3E0EFA04F438BF0023A1439940DD
:1020B0000EFA03F39A43114300F00F0200F160435C
:1020C0000901043A03F564436244002848BF02F161
:1020D0000C03197010BD00004EF60C51CEF2000139
:1020E0000A684FF6FF031A4060F30A2242F080604C
:1020F00040F0FD70086070477047000002680020E3
:10210000516270472DE9F041D0F80080D8F82430B2
:10211000A9B1D8F82870B1F1010C03EB174151D0E7
:102120005FFA8CF7012F3C4608F5827398BF0124B3
:10213000042F04F0030E09D20027002429E043EA0B
:1021400002410020C8F82810BDE8F08104F0FC0529
:1021500008F1F406002400BF56F8107F44F0020096
:1021600001EB174144F00107FFB253F82770C0B2EA
:1021700053F8200001EB174101EB104044F003013C
:10218000C9B253F821100434E7B2AF4200EB114159
:10219000E2D1BEF1000F15D053F82700BEF1010FB8
:1021A00001EB10410ED0601CC0B253F82000BEF10C
:1021B000020F01EB104105D0A01CC0B253F8200063
:1021C00001EB104141EA024008EB8C01C1F8040127
:1021D0000020BDE8F0810000D0F8E00405F014BB59
:1021E00001EBC102D0F8E03400EB8200026A18462D
:1021F00005F072BA01EBC102D0F8E03400EB8200C6
:10220000D0F86022184605F0C1BA0000D0F8E0040A
:1022100005F0FCBA10B501F00F0E0A464FFA81FC2A
:102220000EEBCE0100EB810303F51571BCF1000F3D
:1022300048BF03F1140190F89434D209012B4A707D
:1022400081F800E004BF022010BD0268012380F87D
:1022500094340446104606F09DF8002084F8940457
:1022600010BD0000037901F00F029A4284BF0120E3
:10227000704710B502EBC20300EB83034FFA81FCF9
:102280008E4603F51571BCF1000F48BF03F1140130
:102290004FEADE134B7090F894344FF0000C012B92
:1022A00081F802C00A7004BF022010BD0268012339
:1022B00080F894340446104606F05CFB002084F855
:1022C000940410BD01F00F0101EBC10100EB81008E
:1022D000D0F868027047000010B54FFA81FE01F097
:1022E0000F0CBEF1000F6FF3DF220CEBCC010DD40D
:1022F00000EB810E00240EF515718EF855428EF814
:1023000054C2CEF85C228EF8583209E000EB81010D
:1023100001F814CF01244C708A600B71A1F81AC027
:10232000022B04BF00224A7190F89424012A04BFB2
:10233000022010BD0268012380F894340446104640
:1023400005F0AAFE002084F8940410BD10B501F039
:102350000F0E0EEBCE0100EB81044FF0000CC4F821
:1023600068C284F855C290F806C004F51571C4F827
:102370006022C4F86432BCF1010F84F854E208BF53
:10238000CA610068624606F03BFB002010BD0000F9
:10239000B0B5027901F00F0494424FF001022CD83D
:1023A00001EBC10300EB83034FFA81FC03F51573C6
:1023B00004EBC405C90900EB8505BCF1000F48BF5B
:1023C00005F11403597090F894149A7001291C7047
:1023D00004BF0220B0BD0168054680F89424084679
:1023E000194606F0EFFA2CB92868A97905F29C4243
:1023F00006F092FA002285F894241046B0BD000041
:1024000001F00F0C0CEBCC0100EB810101F814CFB3
:102410004FF0000C0B618379C1F814C04FF0010C30
:10242000CA60012B81F801C008BFCA6180B500688D
:102430001A4606F0E5FA002080BD00002DE9F04FB5
:1024400087B005688246284606F0E4FC10B107B064
:10245000BDE8F08FDAF8000006F00AFD0028F6D09B
:10246000D5F80808C0F30D21DAF80000CAF8D41432
:1024700006F0FEFC0146DAF80000890703D5416941
:1024800001F00201416105F50061049106F0F0FCE4
:102490000146DAF80000C906059534D5816921F0B6
:1024A000100181612C6A04F00F0000EBC0000AEB00
:1024B0008001C4F34340062801F5157511D00228A8
:1024C0001AD147F6F07014EA000615D0E96834090D
:1024D0000598224606F0D0FCE86800EB1610E8608C
:1024E00007E005980AF29C41082206F0C5FCC4F3F7
:1024F0000A14686920446861DAF80000816941F0D3
:1025000010018161059D06F0B3FC000340F1F080ED
:10251000DAF8000006F08AFC002800F0E9800646A0
:102520000AF29C404FF4306800244FF0000B0690F4
:102530001AE000BF05EB080002218160B80642BF27
:1025400005EB080020218160B80442BF05EB0800BC
:102550004FF4005181600BF1010B760808F120085F
:1025600004F1240400F0C480F007F4D0DAF800008D
:102570005FFA8BF9494606F073FC0746C0075FD047
:1025800005EB080001218160DAF8000008EB00018A
:10259000036C8A689AF80650012D25D1150732D4AC
:1025A000950600F19D8043F20B05C4F65475AB42CD
:1025B000059D02D312F400422FD10AEB0402D2F897
:1025C000743209696FF3DF41A3EB0101C2F86812AD
:1025D00094BBD2F86432002B00F08880D2F86002FD
:1025E0000844C2F8600227E043F20B05C4F65475B4
:1025F000FF35AB4217D1059D10040ED4900644BFA1
:102600002020886018E043F20B00C4F65470059D4A
:10261000834215D312F4004012D04FF4004088607A
:1026200038070FD43CE0059D34B9DAF8641219B9C3
:102630000021069A06F070F950464946FFF7DAFD88
:1026400038072DD505EB080008218160DAF8000075
:1026500043F20B02056C40448168C4F65472954203
:102660000AD311F4004107D04FF400418160504675
:1026700000F0FAFC059D09E0504600F0F5FC43F23D
:102680000B00C4F654708542059D09D39AF80600E4
:10269000012805D1DAF80000069A012106F03CF97C
:1026A000F80642BF05EB080010218160B8077FF5EE
:1026B00045AF6869000604D50499486840F4806015
:1026C00048600AEB040090F8571201297FF432AFFA
:1026D000002180F857125046494600F017FB29E7C1
:1026E00020208860059D3807ACD4D9E70121A0E7F8
:1026F000DAF80000CDF818A006F0BAFB400340F16C
:10270000D3800698006806F089FB002800F0CC8092
:102710000646069805F5106900F1140100F29C4088
:10272000002703910190CDF8089004E0760807F1A6
:10273000010700F0B980F007F8D006985FFA87FA31
:102740000068514606F07AFB0446C00726D0049A7A
:1027500007F00F00516B012303FA00F021EA00009B
:10276000506309EB4710836006988079012811D1E6
:10277000039907EBC70001EB8000D0E90212114476
:10278000C1603FB9006928B90698019A0068012123
:1027900006F0C2F806985146FFF722FD200742BF17
:1027A00009EB471008218160E00642BF09EB4710A2
:1027B00010218160600642BF09EB47104021816013
:1027C000A00716D52846394606F0B6FA039907EB56
:1027D000C70001EB800010F8031F012905D100217B
:1027E00001700698514600F08DFA09EB471002215E
:1027F000816020069AD5039907EBC70001EB80089A
:10280000D8E90420824291D30699D8F808300C68A0
:10281000111A994238BF0B4604EB4711D1F818C979
:1028200003F1030E1FFA8CF3B3EB9E0F2DD301F5CA
:10283000106900BFD8F81020824224D9101A069AD5
:10284000D8E902B19579584538BF83461FFA8BF312
:10285000204652460095059D06F02EFCD8F80C0047
:10286000D8F814105844C8F80C0001EB0B00C8F855
:102870001400D9F818100BF1030289B2B1EB920FD2
:10288000D8D2D8F81020DDF8089082423FF64EAF3B
:1028900007F00F00D4F83418012202FA00F021EA00
:1028A0000000C4F8340841E7DDF81890D9F80000BA
:1028B00006F0DEFA002802D4D9F8000019E00499E5
:1028C000486820F00100486099F8CC04012807D13D
:1028D000002089F8CC0448460021FFF70DFC02E0F7
:1028E000484600F0A5FBD9F80000416901F000411D
:1028F000416106F0BDFA000502D4D9F800000CE0F1
:1029000004988068C00702D0484600F0D5FBD9F88B
:102910000000416901F40061416106F0A9FAC004B8
:1029200002D4D9F80000F2E00499486820F00100D0
:102930004860D9F80000102106F0FEF999F804006B
:10294000010600F0B880C1B2042900F0030001D2F2
:10295000002166E06FF0600202EA411200234FF6A8
:102960007F370021EE18C6F80879D6F80059803371
:1029700025F40015C6F80059C6F8087BD6F8005BA8
:102980009A4225F40015C6F8005BD6F8005B01F109
:10299000040145F00065C6F8005BC6F82879D6F852
:1029A000205925F40015C6F82059C6F8287BD6F81A
:1029B000205B25F40015C6F8205BD6F8205B45F0B7
:1029C0000065C6F8205BC6F84879D6F8405925F46A
:1029D0000015C6F84059C6F8487BD6F8405B25F488
:1029E0000015C6F8405BD6F8405B45F00065C6F8B8
:1029F000405BC6F86879D6F8605925F40015C6F82A
:102A00006059C6F8687BD6F8605B25F40015C6F8F7
:102A1000605BD6F8605B45F00065C6F8605B059DBD
:102A2000A0D1002847D005F5106202EB41134FF604
:102A30007F374E019F609559059B25F4001503F5DE
:102A40003063955103EB4115AF609D59012825F482
:102A500000159D519D5945F000659D512BD04E1C90
:102A600002EB46147501A760545903EB461624F493
:102A700000145451B7605F59022827F400175F51C2
:102A80005F5947F000675F5115D0881C02EB401773
:102A90004FF67F364101BE60575803EB401027F4D4
:102AA000001757508660585820F400105850585856
:102AB00040F000605850049F8421F869442240F09F
:102AC0000110F86199F80F0000284FF00B0008BFC3
:102AD000142108BF42F22B007B5808BF1022184374
:102AE0007850B85840F00B00B850386809F29C4252
:102AF00020F4FE603860D9F8000099F8061005F05F
:102B00000BFFD9F80000416901F48051416106F0E2
:102B1000AFF90146D9F8000089041AD505F0FCFA8E
:102B2000D9F8000006F068F9D9F8004089F80700E4
:102B300000F08CFB99F807200146204606F034FA95
:102B4000484600F061FAD9F80000416901F40051EB
:102B5000416106F08DF9000702D4D9F8000008E0C1
:102B6000484600F069FAD9F80000416901F008010F
:102B7000416106F07DF900062AD50599886920F0A3
:102B80008000886199F80400022821D309F51574A2
:102B900009F11405012640F27B2704E00136864244
:102BA00007F1240714D219F807100129F6D106F00D
:102BB0000F0000EBC0023006D9F8000005EB8201DF
:102BC00058BF04EB820106F029F899F80400E5E704
:102BD000D9F8000006F04CF9C00202D4D9F8000080
:102BE00030E099F80400022826D3059909F114046D
:102BF00001F5126509F13B064FF00108012705E0D8
:102C000001372035874206F1240615D229687278EB
:102C1000012AF5D1B1F1FF3FF2DC07F00F0000EB24
:102C2000C001D9F8000004EB810186F8008005F0AE
:102C3000F5FF99F80400E3E7D9F80000416901F4D1
:102C40008011416106F014F9059D800202D4D9F883
:102C5000000031E099F80410022927D305F532600D
:102C6000013909F51F72012305E000BF2030013949
:102C700002F124021AD007681678012EF6D1B7F1B6
:102C8000FF3FF3DCD9F8D46486EA1747FF07EDD19C
:102C900002F8013CAF6947F08007AF616F693F06FA
:102CA000E4D40499486840F400704860D9F8000002
:102CB000416901F40011416106F0DAF8400002D4E4
:102CC000D9F8000008E04846FFF786FAD9F8000076
:102CD000416901F08041416106F0CAF840077FF583
:102CE000B6ABD9F800004468610704D54846FFF741
:102CF0008DFAD9F8000041682143416007B0BDE872
:102D0000F08F0000D0F8E00404F0E4BDD0F8E00457
:102D100004F0F6BD002804BF01207047F0B581B073
:102D20000446056890F8950428B9002084F89404B6
:102D3000204600F025F90320B5F1A04F84F8950452
:102D400004BF0020A071206805F0DEFD94E80F00AC
:102D5000267C009605F0F0F9002840F000812068FC
:102D6000002106F0DDF8002840F0F98094F804E036
:102D7000BEF1000F00F0EC800EF0030CBEF1040F6A
:102D80004FF0000240D30EF0FC03A4F190000321A9
:102D9000012500BFCE1E80F8A460A0F8BE608E1E84
:102DA00080F8C860A0F8E2604E1E80F8EC60A0F8E1
:102DB000066180F81011A0F82A110E1D013180F86B
:102DC000A55080F8A820C0E92B22C0F8B42080F8D4
:102DD000C95080F8CC20C0E93422C0F8D82080F84F
:102DE000ED5080F8F020C0E93D22C0F8FC2080F8CA
:102DF000115180F81421C0E94622C0F820219030FA
:102E000099423146C6D1F21EBCF1000F31D004F117
:102E1000140002EBC20100EB8105012300F8212020
:102E20000021BCF1010F6B706A832971C5E90211A1
:102E300029611ED0551C05EBC50600EB8607BCF1C9
:102E4000020F7B7000F826507D833971C7E90211AB
:102E500039610ED0911C01EBC10200EB8203012508
:102E600000F8221000205D7059831871C3E9020038
:102E70001861BEF1000F6BD0BEF1040F4FF00002DD
:102E800036D30EF0FC000321234600BFCF1E83F88B
:102E900054728F1E83F878724F1E83F8C0120D1D76
:102EA000013183F8552283F85822C3E99722C3F8E9
:102EB000642283F8792283F87C22C3E9A022C3F834
:102EC000882283F89D2283F89C7283F8A022C3E9AC
:102ED000A922C3F8AC2283F8C12283F8C422C3E933
:102EE000B222C3F8D022903381422946CED1EA1EC5
:102EF000BCF1000F2CD004F5157002EBC20300EBFF
:102F000083070021BCF1010F797000F8232039718B
:102F1000C7E9021139611BD0531C03EBC30700EB57
:102F20008706BCF1020F717000F827303171C6E9D5
:102F3000021131610CD0911C01EBC10200EB820344
:102F400000275F7000F822101F71C3E902771F612C
:102F500094E80F00277C009705F07CFA28B1022046
:102F600084F89504012001B0F0BD002060740120B8
:102F700084F89504206805F05DFA002001B0F0BDEA
:102F8000B0B586B000680024B0F1A04F0594CDE93B
:102F900003440294019401D006B0B0BD43F630055D
:102FA0000094C4F20205286801A940F001002860DD
:102FB000286800F00100009000984FF4C050019084
:102FC0000220CDE90204032004900A20059000208D
:102FD000C4F20200FEF7D8FE6868002140F08000CD
:102FE000686000946869002240F480406861686904
:102FF00000F48040009000984320FFF741F8432000
:10300000FFF72CF806B0B0BD10B5C179044621B168
:10301000022901D0FDF72AFD0121D4F8E00404F0D3
:10302000F7FCD4F8E004BDE8104004F0A5BC0000B3
:10303000D0F8E00404F0D2BCD0F8E00404F0D8BC2E
:1030400090F89424012A04BF0220704710B5012291
:1030500080F89424417402680446104605F092FFFB
:10306000002084F8940410BDD0F8E02400F29C41C4
:10307000104604F0E3BC000010B5044690F8940438
:10308000012804BF022010BD2068012184F8941497
:10309000C168490606D5617B012903D1816B41F4E2
:1030A0008031816305F040FE206805F0B3F900200F
:1030B00084F8940410BD000010B50446D0F8E00474
:1030C00004F010FD2068D0F8001E41F00101C0F8A6
:1030D000001EE07A002808BF10BD4EF61050CEF258
:1030E0000000016841F00601016010BD002804BF26
:1030F000012070472DE9F04143F60808C4F20208A8
:103100000446D8F8F8030D4600F00700884207D2BD
:1031100088F8F853D8F8F80300F00700A84276D1F1
:103120002068810717D5410705D5D8F8001041F46C
:10313000E051C8F80010010705D5D8F8001041F497
:103140006041C8F80010D8F80010A26821F0F00122
:103150001143C8F80010C0073FD1D8F8F80300F0B9
:103160000700A84207D988F8F853D8F8F80300F008
:103170000700A8424BD12068410707D5D8F80010B6
:10318000E26821F4E0511143C8F80010000708D5A7
:10319000D8F80000216920F4604040EAC100C8F876
:1031A000000000F081F8D8F800104EF69C02C1F340
:1031B0000311C0F60002515C40F2200220FA01F136
:1031C00040F23020C2F200000068C2F2000211603A
:1031D000FEF700FF0020BDE8F0816068811E022933
:1031E00007D258F8081C89015CBF0120BDE8F081B6
:1031F00010E0012807D158F8081C89035CBF0120A2
:10320000BDE8F08106E058F8081C890702D40120C7
:10321000BDE8F081D8F8001021F003010843C8F898
:103220000000FEF78FFE064641F28837D8F800000E
:10323000616800F00C00B0EB810F8ED0FEF782FECB
:10324000801BB842F2D90320BDE8F08140F2200093
:10325000C2F200000068704740F2200043F6080107
:10326000C2F20000C4F20201006809684EF6AC0226
:10327000C1F38221C0F60002515CC84070470000D3
:1032800040F2200043F60801C2F20000C4F202013D
:10329000006809684EF6AC02C1F34231C0F6000284
:1032A000515CC8407047000010B543F60404C4F2F6
:1032B0000204606800F00C0008280AD0042819BF36
:1032C00042F20040C0F2F40047F64000C0F27D1028
:1032D00010BD206821682368490247F64001C0F20A
:1032E0007D1100F03F02C3F388105CBF42F2004141
:1032F000C0F2F401A1FB00010023FCF761FF21688B
:103300000222C1F3014102EB4101B0FBF1F010BD1B
:10331000002804BF012070472DE9F04182B0044627
:10332000007843F60006C007C4F202060BD0B0686E
:1033300000F00C00042876D13068800303D5606863
:10334000002800F04F812078800719D5B06810F070
:103350000C0F07D0B06800F00C0008287DD1706811
:1033600040027AD43068800703D5E068012840F035
:1033700039813068216920F0F80040EAC1003060EE
:103380002078000713D42078400726D4A569002DA3
:1033900000F02481B06800F00C00082840F096800E
:1033A000012D40F0F880012002B0BDE8F081606995
:1033B000002877D00020C4F247200121C0F8801EE9
:1033C000FEF7C0FD054600BF706F8007DBD4FEF737
:1033D000B9FD401B0228F7D9D9E0306C5FEAC0087C
:1033E0000AD400200190306C40F080503064306C82
:1033F00000F080500190019847F20007C4F20007E6
:103400003868C00540D4386840F480703860FEF7F2
:1034100099FD05463868C00536D4FEF793FD401B7C
:103420000228F7D9B3E0B06800F00C00082803D1F7
:10343000706840023FF580AF61683068B1F5803F49
:1034400007D0B1F5A02F40F08C8040F48020306090
:10345000306840F4803030608CE0E068002840F252
:103460000000C4F2472054D001210160FEF76AFD3C
:10347000054600BF306880073FF57BAFFEF762FD71
:10348000401B0228F6D982E0A168306F012905D0DF
:1034900005294FD140F004003067306F40F0010043
:1034A000306750E00020C4F247200021C0F8801EA1
:1034B000FEF748FD054600BF706F80077FF563AFDC
:1034C000FEF740FD401B0228F6D960E00027C4F259
:1034D000472700203866FEF735FD022D05460DD141
:1034E0003068800140F18280FEF72CFD401B0228ED
:1034F0004FF00300F4D902B0BDE8F08130688001DC
:103500006CD5FEF71FFD401B02284FF00300F5D9D4
:10351000F1E700210160FEF715FD054630688007E0
:103520007FF52EAFFEF70EFD401B02284FF0030083
:10353000F4D9E0E720F001003067306F002920F077
:103540000400306773D0FEF7FDFC054641F2883772
:10355000306F80077BD4FEF7F5FC401BB842F7D9EB
:1035600015E020F4803030603068002920F480209D
:10357000306075D0FEF7E6FC054600BF306880037A
:103580003FF5E1AEFEF7DEFC401B6428F6D90320D0
:1035900002B0BDE8F0817068E16900F480028A42FF
:1035A00020D1216A00F03F028A421BD147F6C07148
:1035B000626A0140B1EB821F14D1A16A4FF6FF731A
:1035C000C903994300F44032A1F580318A4209D100
:1035D000E16A00F07060B0EB016F03D1002002B02F
:1035E000BDE8F081012002B0BDE8F08104F11C05C6
:1035F0002FCD084340EA8210D9034FF6FF72914362
:10360000A1F5803140EA056008437060012038660A
:10361000FEF798FC044600BF30688001DED4FEF758
:1036200091FC001B02284FF00300F5D963E7FEF779
:1036300089FC054641F28837306F800707D5FEF7D1
:1036400081FC401BB8424FF00300F5D953E7B8F1B5
:10365000000F3FF59BAE306C20F08050306495E653
:10366000FEF770FC054600BF306880037FF56BAE47
:10367000FEF768FC401B64284FF00300F4D93AE7DA
:1036800070470000B0B582B001684A688B6803F0EB
:103690004105012D04D112F0400501D0016C05E077
:1036A0009D0707D512F0800504D0416C02B0BDE83B
:1036B000B040084713F4B07F18BF12F0200501D1C5
:1036C00002B0B0BD5D0617D590F85150032D08D15A
:1036D00000200190C868019088680190019802B0AC
:1036E000B0BD456D45F00405456500250195CD68E3
:1036F00001958D680195019D9D060CD5456D45F0A0
:1037000001054565002501958D6801950D6825F039
:1037100040050D60019DDB0508D5436D43F00803AE
:103720004365002301938B680193019B436D002B3C
:10373000C6D04B68920723F0E0034B604FF00103C3
:1037400080F8513025D04A6845F6F57422F003021E
:103750004A60C16CC0F6000459B1054608460C65C4
:10376000FEF71AF90146284619B1416D41F04001B2
:103770004165816C0029A3D00C6504460846FEF71C
:103780000BF900289CD0606D40F04000606502B0ED
:10379000B0BD02B0BDE8B040FFF772BF70B528B150
:1037A000416A29B100210161142106E0012070BDA8
:1037B0004168B1F5827F02D01C21002242500026D0
:1037C000866290F8511029B980F85060054600F0E3
:1037D0003DF82846022180F8511090E82E0002F4AE
:1037E00082720C6803F4044324F040040C601A4411
:1037F00005F4006305691A4405F0020345691A449B
:1038000005F001038569C4691A4405F400731A447C
:1038100004F03803046A1A4404F08003846A1A43EB
:1038200004F400531A430A60436A042202EA154270
:1038300003F010031A444A60CA6922F40062CA61A4
:103840000121466580F85110304670BD2DE9F04FDA
:1038500087B00446006843F60041C4F20001002727
:103860008842CDE90577CDE90377029734D043F656
:103870000001C4F20001884240F0AB80002043F612
:1038800030010190C4F202010A6942F480420A61E7
:103890000A6902F480420192019A01900A6842F09A
:1038A00002020A60096801F00201019101994FF4D6
:1038B000604102910221CDE903100520069040F6F7
:1038C0000000C4F202000591A0F5806002A9FEF795
:1038D0005BFA07B0BDE8F08F43F630000197C4F201
:1038E0000200016940F6000B41F4004101610169E9
:1038F000C4F2020B01F400410191019901970168A2
:1039000002AE41F00401016000684FF0020A00F0CD
:103910000400019001984FF4A050029001254FF04F
:10392000060858463146CDE903A70595CDF818801D
:10393000FEF72AFA4FF40069CDF8188046F2100815
:1039400058463146CDE9029ACDE90455C4F2020841
:10395000FEF71AFA41F21425C2F200054FF4806B0B
:103960004FF4005A4FF400362846C5E90087C5E9F0
:103970000277C5E904B9C5E906A7C5E90867FEF7F6
:10398000FBF8002818BFFDF771F8E564AC6341F25D
:10399000742508F17800C2F200050021402285E874
:1039A00007002846C5E9031BC5E9059AE961C5E991
:1039B0000861FEF7E1F8002818BFFDF757F833203B
:1039C00000210022A564AC63FEF75AFB3320FEF70A
:1039D00045FB07B0BDE8F08F2DE9F04182B0044609
:1039E00090F85100012818D100294FF0010018BFAC
:1039F000002A02D102B0BDE8F08160681D4617467A
:103A0000B0F5827F02D1A06800284ED00E46FEF7A6
:103A100099FA94F85010012903D1022002B0BDE8B0
:103A2000F0818046012084F850000420002184F8B1
:103A300051006165A663A787E7872163A186E186B8
:103A4000A2682068B2F5004F2164616407D1016863
:103A500021F040010160016821F4804101600168AA
:103A6000490603D4016841F040010160E168E08F3C
:103A700039B3002849D06F1C0AE000BFC068A16BB1
:103A800021F8020BA163E08F0138E087E08FE0B3FB
:103A900020688168C907F1D1FEF754FA002FF5D0EC
:103AA000A0EB0800A842F1D325E0042084F85100DF
:103AB00020460A463B46009500F054F902B0BDE8A6
:103AC000F08110B36F1C0AE0007BA16B0870A06B43
:103AD0000130A063E08F0138E087E08FA8B1206853
:103AE0008168C907F0D1FEF72DFA002FF5D0A0EBC1
:103AF0000800A842F1D3012084F85100002084F886
:103B00005000032002B0BDE8F0812046294642461D
:103B100002F046FB00281CBF20206065012084F8CD
:103B20005100002084F85000606D002818BF01206B
:103B300002B0BDE8F081000070470000704700004F
:103B40002DE9F04184B01D4616460F460446FEF7A7
:103B5000F9F994F8511001290DD18046002F4FF04A
:103B6000010018BF002E02D104B0BDE8F08194F826
:103B70005000012803D1022004B0BDE8F0810120EB
:103B800084F850000320002184F851006165276308
:103B9000A686E686A163A187E187A0682164B0F5C7
:103BA000004F2068616407D1016821F04001016085
:103BB000016841F4804101600168490603D401684D
:103BC00041F0400101606168731EE268B1FA81F161
:103BD000B3FA83F349095B09B2F5006F41EA0301C7
:103BE00023D131B137F8021BC1602763E08E013861
:103BF000E086E08E002846D06E1C09E0216B31F88B
:103C0000022BC2602163E08E0138E086E08ED0B3E3
:103C1000206881688907F1D4FEF794F9002EF5D069
:103C2000A0EB0800A842F1D323E039B13978017341
:103C3000206B01302063E08E0138E086E08E10B307
:103C40006E1C0AE0216B09780173206B0130206340
:103C5000E08E0138E086E08EA8B12068816889078F
:103C6000F0D4FEF76FF9002EF5D0A0EB0800A842C3
:103C7000F1D3012084F85100002084F85000032083
:103C800004B0BDE8F0812046022101222B46CDF888
:103C9000008002F0B1FAE0B1606D40F02000606594
:103CA00020206065A06838B9002002902068C168B3
:103CB0000291806802900298012084F8510000204F
:103CC00084F85000606D002818BF012004B0BDE8E2
:103CD000F08140F22000C2F20000006849F68171D4
:103CE000C1F25E61A0FB0101480D4FF47A714843B7
:103CF00003906068B0F5827F0AD1204680210022BF
:103D00002B46CDF8008002F077FA0028C4D1C9E72D
:103D100003980028C6D00398013803902068806873
:103D20000006BFD503980028BCD003980138039043
:103D3000206880680006B5D503980028B2D00398A3
:103D400001380390206880680006ABD503980028EE
:103D5000A8D0039801380390206880680006D7D463
:103D6000A0E700002DE9F04383B01E4615460F463C
:103D70000446FEF7E7F894F851108146012908D16E
:103D8000002F4FF0010018BF002D0ED103B0BDE889
:103D9000F0836068B0F5827F0DD104294FF00200F6
:103DA000F4D1A1680029EBD0F0E7002EEED094F812
:103DB0005000012803D1022003B0BDE8F0830120A8
:103DC00084F8500094F85100002104281CBF0520FD
:103DD00084F851006165A563E687A6872763E686B8
:103DE0002068A686216461640168490603D40168DD
:103DF00041F0400101606168731EE268B1FA81F12F
:103E0000B3FA83F3DDF8288049095B09B2F5006F46
:103E100041EA030137D131B137F8021BC160276392
:103E2000E08E0138E086012608F10105E08E10B928
:103E3000E08F00286CD02068816889070CD5E18E5E
:103E400051B1012E08D1216B002631F8022BC2603E
:103E50002163E18E0139E1868168C9070AD0E18FCB
:103E600041B1C068A16B012621F8020BA163E08F6C
:103E70000138E087FEF766F8002DD7D0A0EB0900E7
:103E80004045D3D33AE039B139780173206B013022
:103E90002063E08E0138E086012608F1010500BFAD
:103EA000E08E08B9E08F98B32068816889070ED545
:103EB000E18E61B1012E0AD1216B002609780173D0
:103EC000216B206801312163E18E0139E18681682F
:103ED000C9070BD0E18F49B1C068A16B01260870FA
:103EE000A06B0130A063E08F0138E087FEF72AF86D
:103EF000002DD5D0A0EB09004045D1D3012084F896
:103F00005100002084F85000032003B0BDE8F08386
:103F10002046022101224346CDF8009002F06CF9C0
:103F200060B1606D40F02000606520206065002079
:103F300084F85000012003B0BDE8F08340F2200077
:103F4000C2F20000006849F68171C1F25E61A0FB17
:103F50000101480D4FF47A71484302906068B0F552
:103F6000827F0AD12046802100224346CDF800906E
:103F700002F042F90028D4D123E0029808B3029855
:103F8000013802902068806800061AD50298C0B1F6
:103F900002980138029020688068000611D50298C6
:103FA00078B102980138029020688068000608D530
:103FB000029830B1029801380290206880680006AB
:103FC000DBD4A06838B9002001902068C168019155
:103FD000806801900198012084F85100002084F845
:103FE0005000606D002818BF012003B0BDE8F083C9
:103FF00070B590F85150012D07D100294FF0010CF8
:1040000018BF002A0DD1604670BD4468B4F5827FA8
:104010000DD1042D4FF0020CF5D18568002DECD0A8
:10402000F1E7002BEFD090F85050012D01D1022084
:1040300070BD012580F8505090F851500024042D97
:104040001CBF052580F85150446501638386C386F3
:1040500082638387C387C0E9104490F8511046F209
:10406000210346F22906C0F60003C0F600060568E3
:10407000D0F84CC0042908BF1E4646F2310146F272
:104080009D03C0F60001C0F6000308BF0B4646F2D0
:104090000101C0F60001CCE90F36CCE91314C38F3F
:1040A000064605F10C016046FDF70AFE38B1706D59
:1040B00040F010007065012086F8504070BD3568F2
:1040C000316BB06C6B6805F10C0243F001036B605F
:1040D000C0E90F44C0E91344F38EFDF7F1FD40B190
:1040E000706D40F010007065002086F850000120CF
:1040F00070BD306835460168490603D4016841F057
:10410000400101604FF0000C85F850C0416841F05B
:1041100020014160416841F002014160604670BD8C
:1041200041F63011C2F20001884218BF7047B0B5A5
:104130000024C4F2020420464FF400410122FDF79E
:10414000FBFE40F6DC35C2F200052878022821D0BB
:10415000012821D10220287020464FF4004100227E
:10416000FDF7EAFE41F6301040F22A2141F64832CE
:10417000C2F20000C2F20001C2F200020123FFF706
:1041800037FF48B120464FF400410122FDF7D4FE2D
:10419000002000E003202870BDE8B0407047000018
:1041A00070470000411E0020B0EB116F1CBF0120C2
:1041B00070474EF21002CEF2000251604EF62351CB
:1041C000CEF20001F0230B70072190601160704760
:1041D000704700007047000090F83C20012A04BF9F
:1041E00002207047B0B501F108053CCDD1E900CE01
:1041F00023F47C5322F470521A432EF4F0431A43F2
:104200002CF4E0431A4324F4C0431A432A43C969F7
:1042100022F48042036811435964002180F83C1065
:104220000020B0BD90F83C20012A4FF0020252D08D
:1042300010B580F83D200268D2F804E0D2F808C03A
:104240000C682EF07003234341F2FF74C4F20004A3
:10425000A24253600DDC40F2FF73C4F200039A42A5
:1042600015DCB2F1804F29D040F20043C4F20003C4
:1042700022E040F2FF33C4F201039A4212DC41F61D
:104280000003C4F200039A4218D0002312E040F663
:104290000003C4F200039A4210D040F60043C4F277
:1042A000000309E044F20003C4F201039A4205D07E
:1042B00040F20043C4F201039A4204D149682CF051
:1042C0008003194391600121002280F83D1080F89D
:1042D0003C20BDE81040104670470000A1B1042901
:1042E00004D0082914BF4522442200E04322825C06
:1042F000012A11D10222082910D0042914BF80F804
:10430000452080F843200BE090F84220012A03D199
:10431000022280F8422003E00120704780F8442008
:10432000006801F00F010422036A02FA01F123EA96
:1043300001020262026A11430162416C41F2FF72A2
:10434000C4F2000241F40041904241640DDC40F2AD
:10435000FF71C4F20001884215DCB0F1804F29D012
:1043600040F20041C4F2000122E040F2FF31C4F209
:104370000101884212DC41F60001C4F200018842CA
:1043800018D0002112E040F60001C4F2000188427A
:1043900010D040F60041C4F2000109E044F20001EF
:1043A000C4F20101884205D040F20041C4F201018B
:1043B000884206D1816801F00701062904BF002068
:1043C0007047016841F00101016000207047000062
:1043D00010B5026801F00F0E4FF0040C146A0CFACD
:1043E0000EF324EA03031362136A1362146A41F2A0
:1043F00011131C420AD1D2F820C040F244441CEAF6
:10440000040F03D1546C24F400445464146A1C4215
:1044100004D1136A40F24444234212D0082916D032
:10442000042909D000294FF0010114BF80F845107C
:1044300080F84210002010BD012180F843100020B8
:1044400010BD136823F0010313600829E8D101218E
:1044500080F84410002010BD002804BF01207047E0
:1044600010B5044690F83D0028B9002084F83C00BF
:10447000204600F01FF8022084F83D002068211D2E
:1044800001F0C8FF012084F8460084F83E0084F85B
:104490003F0084F8400084F8410084F8420084F82A
:1044A000430084F8440084F8450084F83D0000206F
:1044B00010BD00002DE9F04182B0016840F20042D9
:1044C000C4F2010291423CD040F60002C4F2000264
:1044D000914233D18046002043F640010190C4F25E
:1044E00002010A6841F2D42442F004020A60096819
:1044F000C2F2000401F004010191019946F2580151
:10450000C4F202014FF08062402384E80E0004F1FF
:104510000C014FF480654FF480564FF48047E1C1A1
:10452000C4E9070060622046FDF726FB002818BF9B
:10453000FCF79CFAC8F82840C4F8388002B0BDE8FF
:10454000F0810020009043F64000C4F20200416870
:10455000002241F00201416040680A2100F002009F
:10456000009000982C20FDF78BFD2C2002B0BDE8B8
:10457000F041FDF773BD000090F83D1001291CBF0C
:1045800001207047022180F83D10006841F2FF725F
:10459000C168C4F20002904241F00101C1600DDC2B
:1045A00040F2FF71C4F20001884215DCB0F1804F87
:1045B00029D040F20041C4F2000122E040F2FF3174
:1045C000C4F20101884212DC41F60001C4F200018C
:1045D000884218D0002112E040F60001C4F2000128
:1045E000884210D040F60041C4F2000109E044F2D4
:1045F0000001C4F20101884205D040F20041C4F23A
:104600000101884206D1816801F00701062904BF33
:1046100000207047016841F00101016000207047EF
:1046200090F83C20012A4FF002026BD080B580F850
:104630003D20D0F800C04FF67772DCF8083023EA4E
:104640000202CCF808200B684F2B28DC1F2B44DD1E
:10465000202B45D0302B43D0402B40F0AC80D1F8FC
:1046600004E0C968DCF82030DCF8202022F00102E8
:10467000CCF82020DCF8182022F0F00242EA0111E8
:1046800023F00A0242EA0E02CCF81810CCF82020DF
:10469000DCF8081041F0470121F0300127E06F2BD2
:1046A00032DDB3F5005F73D0B3F5805F21D0702B9E
:1046B00040F08180D1E901E3C968DCF8082043EAD1
:1046C0000E0322F47F4243EA01211143CCF8081083
:1046D000DCF8081041F0770109E00BB1102B6AD12A
:1046E000DCF8081021F07001194341F00701CCF803
:1046F00008100022012180F83D10002180F83C10B4
:10470000BDE8804010467047502B21D0602B52D11D
:10471000D1F804E0C968DCF82030DCF8202022F071
:104720001002CCF82020DCF8182022F4704242EA73
:10473000013123F0A00242EA0E12CCF81810CCF896
:104740002020DCF8081041F0670121F01001CEE7CD
:10475000D1F804E0C968DCF82030DCF8202022F031
:104760000102CCF82020DCF8182022F0F00242EA06
:10477000011123F00A0242EA0E02CCF81810CCF81C
:104780002020DCF8081041F0570121F02001AEE7AD
:10479000D1E901E3C968DCF8082043EA0E0322F4FA
:1047A0007F4243EA01211143CCF80810DCF80810DD
:1047B00041F480419BE701229CE700007047000024
:1047C0007047000070B504460068C5680669B10707
:1047D00016D515F0020113D06FF00201016101211D
:1047E00021778069800703D02046FFF7E9FF05E0C5
:1047F000204600F00BF9204600F044FA0020207714
:10480000700718D515F0040015D020686FF004016A
:10481000016102212177806910F4407F03D0204696
:10482000FFF7CEFF05E0204600F0F0F8204600F04C
:1048300029FA00202077300717D515F0080014D08A
:1048400020686FF00801016104212177C0698007A9
:1048500003D02046FFF7B4FF05E0204600F0D6F86D
:10486000204600F00FFA00202077F00618D515F04A
:10487000100015D020686FF0100101610821217728
:10488000C06910F4407F03D02046FFF799FF05E090
:10489000204600F0BBF8204600F0F4F90020207715
:1048A000F00718BF15F0010002D1300609D412E05C
:1048B00020686FF001010161204600F0DDFB300649
:1048C00009D515F0800006D020686FF080010161E5
:1048D0002046FFF77DFC700609D515F0400006D094
:1048E00020686FF040010161204600F0F5FBB00642
:1048F00058BF70BD15F0200008D021686FF020026D
:1049000020460A61BDE87040FFF764BC70BD00003E
:104910002DE9F04186B0006840F20041C4F2010187
:1049200000268842CDE90466CDE90266019620D0D2
:1049300040F60001C4F20001884264D1002043F631
:1049400030010090C4F202010A6842F002020A60DB
:10495000096801F002010091009980210191022172
:10496000CDE90210CDE9040140F20040C4F202009A
:1049700046E043F630000096C4F20200016840F2BF
:10498000004441F0010101600168C4F2020401F039
:104990000101009100990096016801AD41F002010A
:1049A000016001684FF0020801F0020100910099D6
:1049B00000960168032741F0040101600068294660
:1049C00000F004000090009880200190A4F5806021
:1049D000CDE9028604960597FDF7D6F920462946CB
:1049E000CDE90178CDE903660597FDF7CDF94FF4E0
:1049F000E070CDE9010804F58060CDE90366059714
:104A000001A9FDF7C1F906B0BDE8F08170470000CB
:104A100090F83C30012B04BF022070474FEAB202ED
:104A2000032A00F2FD802DE9F043DFE802F002AF37
:104A30003D7D036840F200461C6A1A6A24F00204B5
:104A400022F001021A621A46D3F804C052F818EF95
:104A50008F6843F48065C4F20106B54244EA070456
:104A600005D1CF6824F00C0427F004073C430F68FD
:104A7000B54206D1D1E905582CF440762E4346EADA
:104A8000080C2EF073063743C3F804C09F614F68CB
:104A900009695F631C629F6947F008079F619F690E
:104AA00027F004079F61B0E0036840F200481C6AE9
:104AB0001A6A24F4007422F480721A621A46D3F837
:104AC00004C052F81CEF8F6843F48065C4F20108FB
:104AD000454544EA072408D1CF6840F2FF463F022B
:104AE00024F4406427EA06063443D1F80090454593
:104AF00006D1D1E905562CF440572E4347EA061C4F
:104B00002EF0730747EA0907C3F804C0DF614F6856
:104B10000969DF631C62DF6947F00807DF61DF694D
:104B200027F00407DF6170E0036840F20045D3F826
:104B300020C01A6A43F4806722F480521A621A462F
:104B40005C6852F81C8FD1F800E08E68C4F2010551
:104B5000AF4204D14D6924F4804444EA85142CF416
:104B6000005747EA063728F4E64646EA0E265C6018
:104B7000DE614E6809691E641F62DF6947F40067E1
:104B8000DF61DF6927F48067DF613DE0036840F2A1
:104B900000481C6A1A6A24F0200422F010021A62EB
:104BA0001A46D3F804C052F818EF8F6843F48065B2
:104BB000C4F20108454544EA071407D1CF686FF0F5
:104BC000400624F0C00406EA07163443D1F80090EA
:104BD000454506D1D1E905562CF440672E4347EAF6
:104BE000860C2EF4E64747EA0927C3F804C09F6104
:104BF0004F6809699F631C629F6947F400679F6162
:104C00009F6927F480679F61090213681943116047
:104C10000021BDE8F043002280F83C2008467047A0
:104C20000121F8E7002804BF0120704710B50446B1
:104C300090F83D0028B9002084F83C00204600F0A0
:104C40001FF8022084F83D002068211D01F0E2FBDE
:104C5000012084F8460084F83E0084F83F0084F880
:104C6000400084F8410084F8420084F8430084F84E
:104C7000440084F8450084F83D00002010BD000089
:104C8000704700007047000070470000A1B1042980
:104C900004D0082914BF4122402200E03F22825C58
:104CA000012A11D10222082910D0042914BF80F84A
:104CB000412080F83F200BE090F83E20012A03D1EC
:104CC000022280F83E2003E00120704780F8402057
:104CD000006801F01F010122036A02FA01F123EAD0
:104CE00001020262026A114341F2FF72C4F2000241
:104CF000904201620BDC40F2FF71C4F20001884275
:104D000013DCB0F1804F35D040F2004115E040F2A5
:104D1000FF31C4F20101884214DC41F60001C4F203
:104D20000001884226D0002114E040F60001C4F2C0
:104D3000000188421ED040F60041C4F200018842C2
:104D400018D01EE044F20001C4F20101884211D0E3
:104D500040F20041C4F20101884212D1416C40F29C
:104D6000004340F48062C4F2010341F400419A42DE
:104D7000416406D1816801F00701062904BF0020C3
:104D80007047016841F00101016000207047000098
:104D900070B5A1B14125082908BF4025042908BFE5
:104DA0003F25455D022D04BF022070BD08290ED0AD
:104DB000042914BF00F1410500F13F0509E0054653
:104DC00015F83E4F022C04BF022070BD01E000F137
:104DD00040052D78012D40F09B80002A4FF0010CFA
:104DE00018BF002B01D1604670BD022541B10829D2
:104DF00009D0042914BF80F8415080F83F5004E0E6
:104E000080F83E5001E080F840504FEAB105032D94
:104E1000E9D80E46DFE805F002602241456A46F215
:104E20004154C0F60004EC63456A46F2A954C0F64A
:104E300000042C64456A46F2E1540168C0F600049F
:104E4000EC640546406A01F1340C11466246FCF7F9
:104E500037FF00285CD14FF400715DE0C56A46F26F
:104E60004154C0F60004EC63C56A46F2A954C0F68A
:104E700000042C64C56A46F2E1540168C0F60004DF
:104E8000EC640546C06A01F13C0C11466246FCF731
:104E900017FFE8BB4FF400613EE0056B46F241545A
:104EA000C0F60004EC63056B46F2A954C0F600049A
:104EB0002C64056B46F2E1540168C0F60004EC6412
:104EC0000546006B01F1400C11466246FCF7F8FE06
:104ED000F0B94FF480511FE0856A46F24154C0F6A4
:104EE0000004EC63856A46F2A954C0F600042C6401
:104EF000856A46F2E1540168C0F60004EC64054698
:104F0000806A01F1380C11466246FCF7D9FE08B1FF
:104F1000012070BD4FF480612868C2681143C160F0
:104F200006F01F010122036A02FA01F123EA0102DD
:104F30000262026A114341F2FF72C4F2000290421F
:104F400001620BDC40F2FF71C4F20001884213DC05
:104F5000B0F1804F35D040F2004115E040F2FF3112
:104F6000C4F20101884214DC41F60001C4F20001E0
:104F7000884226D0002114E040F60001C4F200016E
:104F800088421ED040F60041C4F20001884218D089
:104F90001CE044F20001C4F20101884211D040F249
:104FA0000041C4F20101884210D1416C40F200433B
:104FB00040F48062C4F2010341F400419A4241642A
:104FC00004D1816801F00701062903D0016841F08E
:104FD000010101604FF0000C604670BD10B5026821
:104FE00001F01F0E4FF0010C146A0CFA0EF324EAC4
:104FF0000303136240F20043D2F820C042F48064FD
:10500000C4F201039C42C2F820C00DD1136A41F2E0
:105010001114234208D1136A40F24444234203D1BD
:10502000536C23F400435364136A41F21114234276
:1050300004D1136A40F24444234212D0082916D006
:10504000042909D000294FF0010114BF80F8411054
:1050500080F83E10002010BD012180F83F10002094
:1050600010BD136823F0010313600829E8D1012162
:1050700080F84010002010BD016840F20040C4F2EA
:105080000100814200D070470068C00648BF7047E9
:10509000B0B5FCF75DFF40F6B024C2F2000420601A
:1050A00005F05EFDFCF754FF40F6A825C2F20005AE
:1050B0002968401A40F6A421C2F200010860FCF7FA
:1050C00047FF21682860401A40F6AC21C2F2000177
:1050D0000860BDE8B04070477047000070470000AE
:1050E00070470000B0B582B001680A68CC684B69AF
:1050F00002F02F05202D04F0200505D125B102B0C6
:10510000BDE8B04001F076BC5FEA027C1EBF03F050
:10511000010E04F4907313EB0E0340D1036BD5061C
:1051200018D5012B16D114F0100313D000220192D0
:105130000A6801924A680192019A4969490649D46C
:10514000818DC28DC38D002B18BF914240F0F98133
:1051500002B0B0BD13062CD514F0800329D090F80E
:105160004120212AF4D18268B2F5805F03D102691F
:10517000002A00F06982026A531C036212784A60B6
:10518000C28C013A1304C284E2D1C86820F08000C6
:10519000C860C86840F04000C86002B0B0BDD30726
:1051A00018BF14F4807340F0D780530700F1DA8001
:1051B000DFE05206CCD514F04002C9D0CA6822F014
:1051C0004002CA60202180F8411002B0BDE8B04022
:1051D00000F080BBC26B11684B68858D99B20029C5
:1051E00000F0B080A94280F0AD80C385D169B1F5EF
:1051F000807F00F0A080016851E8031F026821F45D
:10520000807142E80313DBB1016851E8031F0268B3
:1052100021F4807142E8031393B1016851E8031F40
:10522000026821F4807142E803134BB1016851E830
:10523000031F026821F4807142E80313002BDAD1C6
:10524000016851E8051F026821F0010142E80513D9
:10525000BBB3016851E8051F026821F0010142E873
:10526000051373B3016851E8051F026821F00101BD
:1052700042E805132BB3016851E8051F026821F0CD
:10528000010142E80513002BDAD11AE0016851E868
:10529000051F026821F0400142E80513DBB10168F7
:1052A00051E8051F026821F0400142E8051393B15F
:1052B000016851E8051F026821F0400142E805132A
:1052C0004BB1016851E8051F026821F0400142E836
:1052D0000513002BDAD1202180F842100021016350
:1052E000016851E8031F026821F0100142E803132E
:1052F000DBB1016851E8031F026821F0100142E8A8
:10530000031393B1016851E8031F026821F01001F3
:1053100042E803134BB1016851E8031F026821F012
:10532000100142E80313002BDAD1C16B0446084692
:10533000FCF7F2FA204602214163818DC28D891A61
:1053400089B277E18D427FF403AFD269B2F5807FF5
:105350007FF4FEAE02226CE1436C43F00103436430
:10536000530706D5BEF1000F03D0436C43F0020390
:105370004364930706D5BEF1000F03D0436C43F09E
:1053800004034364BCF1000F06D55EEA050303D0B5
:10539000436C43F008034364436C002B3FF4D8AEE6
:1053A000920605D525B1044601F024FB216820466C
:1053B0004969426C01F0400102F00802891800F0CE
:1053C000B98000BF016851E8031F026821F49071A1
:1053D00042E80313BBB3016851E8031F026821F4DC
:1053E000907142E8031373B3016851E8031F026828
:1053F00021F4907142E803132BB3016851E8031FB5
:10540000026821F4907142E80313002BDAD11AE00C
:10541000016851E8051F026821F0010142E8051307
:10542000DBB1016851E8051F026821F0010142E883
:10543000051393B1016851E8051F026821F00101CD
:1054400042E805134BB1016851E8051F026821F0DD
:10545000010142E80513002BDAD1016B012924D1A7
:10546000016851E8031F026821F0100142E80313AC
:10547000DBB1016851E8031F026821F0100142E826
:10548000031393B1016851E8031F026821F0100172
:1054900042E803134BB1016851E8031F026821F091
:1054A000100142E80313002BDAD1202180F84210CA
:1054B0000021016301684969490640F1C080016823
:1054C00051E8051F026821F0400142E80513DBB1F5
:1054D000016851E8051F026821F0400142E8051308
:1054E00093B1016851E8051F026821F0400142E8CC
:1054F00005134BB1016851E8051F026821F0400116
:1055000042E80513002BDAD1C16B002900F0978027
:1055100046F23D62C0F60002044608460A65FCF702
:105520003BFA00283FF414AEE06B016D02B0BDE819
:10553000B04008470446FFF7D3FD0020606402B086
:10554000B0BD891A026852E8032F036822F49072F2
:1055500043E80325BDB3026852E8032F036822F431
:10556000907243E8032575B3026852E8032F03687D
:1055700022F4907243E803252DB3026852E8032F0A
:10558000036822F4907243E80325002DDAD11AE073
:10559000026852E8052F036822F0010243E805255E
:1055A000DDB1026852E8052F036822F0010243E8EA
:1055B000052595B1026852E8052F036822F0010223
:1055C00043E805254DB1026852E8052F036822F033
:1055D000010243E80525002DDAD1202280F842207F
:1055E00000220263026852E8032F036822F01002CF
:1055F00043E80325DDB1026852E8032F036822F077
:10560000100243E8032595B1026852E8032F0368AE
:1056100022F0100243E803254DB1026852E8032F3F
:10562000036822F0100243E80325002DDAD102229C
:1056300089B2426302B0BDE8B040FFF74FBD02B08F
:10564000BDE8B040FFF74CBD026A32F8023B6FF391
:105650005F234B60026293E5002804BF012070477E
:1056600010B5044690F8410028B9002084F84000A5
:10567000204600F021F8242084F841002068C16809
:1056800021F40051C160204601F032FA206801691E
:1056900021F490410161416921F02A014161C16811
:1056A00041F40051C16000202021606484F8411061
:1056B00084F84210606310BD2DE9F04387B00446C2
:1056C00041F200002168C4F20100002681420696E2
:1056D000CDE904660396029602D007B0BDE8F083D8
:1056E00043F630010196C4F202014A6946F2884845
:1056F00042F010024A614A6900F5704002F010025F
:105700000192019A01960A68C4F2020842F001026D
:105710000A60096801F00101019101994FF4C0612B
:1057200002910221CDE9031603210591072106917B
:1057300002A9FCF729FB41F2943508F13000C2F2CE
:1057400000054FF000674021C5E9000705F108009A
:105750004FF4806980E842022846C5E90566C5E93C
:1057600007666E62FCF708FA002818BFFBF77EF99F
:10577000A563AC6341F23435C2F200050020C5E9EF
:105780000200C5E90490C5E90600C5E908002846FD
:10579000C5E90087FCF7F0F9002818BFFBF766F9A8
:1057A000252000210022E563AC63FCF769FC25207D
:1057B000FCF754FC07B0BDE8F083000090F84230DD
:1057C000202B1CBF0220704700294FF0010318BF97
:1057D000002A01D1184670470023036301F0F8B98D
:1057E000006841F20001C4F20101884218BF70470D
:1057F00040F69820C2F2000008F01ABB7047000083
:10580000B0B590F84140202C1CBF0220B0BD13461B
:10581000024600294FF0010018BF002B00D1B0BD97
:105820004FF0000C212011629384D384C2F844C04D
:1058300082F8410014681546906B46F63D1E46F608
:10584000ED12C0F6000EC0F60002C0E90FE246F20B
:105850004962C0F60002C0E9132C221DFCF730FAA1
:1058600030B110206864202085F841000120B0BDCF
:10587000286829466FF04002026000BF086850E8BF
:10588000050F0A6840F0800042E80503FBB1086894
:1058900050E8050F0A6840F0800042E80503B3B104
:1058A000086850E8050F0A6840F0800042E80503E8
:1058B0006BB1086850E8050F0A6840F0800042E8C4
:1058C0000503002B4FF0000008BFB0BDD6E7002055
:1058D000B0BD00007047000070470000FEE7000008
:1058E000B0B584B041F29800C2F2000042F2000C60
:1058F0004FF000534FF060610024C4F2010C4FF4EC
:1059000080320125C0E90A1303210394047680F84C
:105910002040C16180F83050C0E900C2C0E90244B3
:10592000C0E90455FBF7BAF9002818BFFBF79EF849
:1059300041F29800C2F200006946CDE900450294A8
:10594000FBF798F8002818BFFBF790F801200090AB
:1059500041F298000224C2F2000069460194FBF76C
:1059600089F8002818BFFBF781F80320019041F265
:105970009800C2F2000069460094FBF77BF800280B
:1059800018BFFBF773F804B0B0BD000070B584B069
:1059900041F2E00001260024C2F2000042F20011B0
:1059A000C0F60076C4F201010125C0E90A640426AC
:1059B00003944FF480324FF00073047680F8204057
:1059C000C66180F8305080E83E004561FBF766F91B
:1059D000002818BFFBF74AF841F2E000C2F20000CD
:1059E0006946CDE900650294FBF744F8002818BF2A
:1059F000FBF73CF8052000900220019041F2E00006
:105A0000C2F200006946FBF735F8002818BFFBF723
:105A10002DF80620009041F2E0000324C2F20000BD
:105A200069460194FBF726F8002818BFFBF71EF81B
:105A30000420019041F2E000C2F2000069460094A7
:105A4000FBF718F8002818BFFBF710F804B070BD7A
:105A500080B541F22C1046F60001C2F20000C4F2FB
:105A600000010322002380E80E0000F10C014FF436
:105A7000002C4FF4401E81E8085083618383FBF7BC
:105A8000B7FD002808BF80BDBDE88040FAF7EEBF33
:105A900080B582B0002043F630010190C4F20201CB
:105AA0000A6842F480020A600A6802F480020192E5
:105AB000019A00900868002240F40010086008680D
:105AC000002100F40010009000980B20FCF7D8FA99
:105AD0000B20FCF7C3FA0E2000210022FCF7D0FABD
:105AE0000E20FCF7BBFA102000210022FCF7C8FAB8
:105AF0001020FCF7B3FA382000210022FCF7C0FA8E
:105B00003820FCF7ABFA3A2000210022FCF7B8FA63
:105B10003A20FCF7A3FA442000210022FCF7B0FA57
:105B20004420FCF79BFA462000210022FCF7A8FA4B
:105B3000462002B0BDE88040FCF790BA2DE9F04F56
:105B400087B0002543F630000695CDE90455CDE930
:105B500002550195C4F20200016840F2004441F090
:105B6000800101600168C4F2020401F0800101912A
:105B7000019901950168002241F00101016001686D
:105B800040F6080701F001010191019901950168B2
:105B900041F002010160016801F0020101910199E7
:105BA0000195016841F004010160016801F0040100
:105BB000019101990195016841F0080101600068B7
:105BC00040F6080100F00800019001982046FCF71B
:105BD000B3F920464FF4805101220126FCF7ACF9BD
:105BE000A4F5806840464FF4004101224FF4004B79
:105BF000FCF7A2F904F500694846042100224FF0A1
:105C0000040AFCF799F9CDE9027602AF204639463D
:105C1000CDE90455FCF7B8F84FF48050CDE9020601
:105C200020463946CDE90466FCF7AEF840463946D1
:105C3000CDE902B6CDE90466FCF7A6F84846394638
:105C4000CDE902A6CDE90455FCF79EF807B0BDE802
:105C5000F08F0000B0B541F6D80043F60001C2F263
:105C60000000C4F200014FF48272002380E80E00AD
:105C700000F10C014FF0020C4FF0010E4FF40074D4
:105C8000382581E808500A21C0E90645C0E90833F3
:105C9000C0E90A31FDF782FD002808BFB0BDBDE8AC
:105CA000B040FAF7E3BE000070B541F6301043F69D
:105CB0000041C2F20000C4F200014FF482720023DE
:105CC0004FF4006C4FF0020E012480E80E5000F1FA
:105CD00014014FF40075202670C10A21C0E9083371
:105CE000C0E90A31FDF75AFD002808BF70BDBDE8C4
:105CF0007040FAF7BBBE000010B58EB041F68810B8
:105D000040F600020021C2F20000C4F20002682343
:105D10000D91CDE90B110991CDE90711CDE90511DF
:105D2000CDE90311CDE90111C0E90021C0E9021359
:105D300001618161FEF790FB002818BFFAF796FE1B
:105D40004FF480500A9041F68810C2F200000AA970
:105D5000FEF766FC002818BFFAF788FE41F68810A7
:105D6000C2F20000FEF75EFF002818BFFAF77EFEC1
:105D700041F688100024C2F2000008A9CDE90844C9
:105D8000FEF750FA002818BFFAF770FE6020CDE940
:105D9000010441F68810C2F2000001A90422039414
:105DA0000594FEF735FE002818BFFAF75FFE41F6AE
:105DB0008810C2F20000FEF7ABFD0EB010BD00006F
:105DC00010B596B041F6D01040F200420021C2F268
:105DD0000000C4F2010280241591CDE91311119144
:105DE000CDE90F11CDE90D11CDE90B11CDE9091167
:105DF000CDE90711CDE90511CDE90311CDE9011177
:105E000001234FF0200C40F6330E80E80C50C0E91F
:105E100004118461FEF720FB002818BFFAF726FE64
:105E20004FF48050129041F6D010C2F2000012A937
:105E3000FEF7F6FB002818BFFAF718FE41F6D0105F
:105E4000C2F20000FEF7EEFE002818BFFAF70EFEC1
:105E5000702010908020119041F6D010C2F2000006
:105E600010A9FEF7DFF9002818BFFAF7FFFD602040
:105E700009900020CDE90A00CDE90C00CDE90E0023
:105E800041F6D010C2F2000009A90022FEF7C0FDC1
:105E9000002818BFFAF7EAFD41F6D010C2F2000060
:105EA00009A90422FEF7B4FD002818BFFAF7DEFDA9
:105EB00041F6D010C2F2000009A90822FEF7A8FDA1
:105EC000002818BFFAF7D2FD7020099041F6D010D3
:105ED000C2F2000009A90C22FEF79AFD002818BFA3
:105EE000FAF7C4FD00200421CDE901000390CDE9BB
:105EF00004104FF40051089041F6D0100691C2F200
:105F0000000001A9FEF768F9002818BFFAF7AEFDF6
:105F100041F6D010C2F20000FEF7FAFC16B010BD38
:105F200080B541F6182041F20001C2F20000C4F22F
:105F3000010100234FF00C0C4FF4E13280E80E0019
:105F4000C0E90333C0E905C3C361FFF785FB00283F
:105F500008BF80BDBDE88040FAF788BD80B540F637
:105F6000BC5040F20401C2F20000C2F20001002263
:105F700001F078FB002818BFFAF778FD40F6BC5016
:105F800040F22401C2F20000C2F2000101F0D6FD8D
:105F9000002818BFFAF76AFD40F6BC5040F2C00175
:105FA000C2F20000C2F2000101F06CF8002818BF34
:105FB000FAF75CFD40F6BC50C2F2000001F0E8FDCB
:105FC000002808BF80BDBDE88040FAF74FBD000043
:105FD000FEE70000FEE7000041F2F430C2F20000EC
:105FE000FCF72CBA7047000041F63010C2F20000F6
:105FF000FDF748BB806B0021C187C186FDF740BB20
:10600000806B01684A6822F003024A60416D41F0EA
:1060100010014165012180F85110FDF731BB0000EE
:10602000806BFDF78BBD0000806BFEF7B9B80000F8
:10603000B0B5846B0546FBF785FF29680968C9057B
:1060400027D402462068A168436823F020034360F8
:1060500031B96168B1F5827F02D16FF0030101E0CF
:106060006FF001014368194041602046642100F04F
:1060700097F800281CBF202060650020E0870120E1
:1060800084F85100606D20B12046BDE8B040FDF7B6
:10609000F7BA2046BDE8B040FDF74EBDB0B582B0BE
:1060A000846B0546FBF74EFF29680968C90528D4AB
:1060B0000546206801224168642321F020014160E7
:1060C00020460221009500F097F800B3606D40F083
:1060D00020006065606D40F02000606520684168C8
:1060E00021F0030141600020E086E087012084F870
:1060F0005100606D28B1204602B0BDE8B040FDF708
:10610000BFBA204602B0BDE8B040FEF709B840F281
:106110002000C2F20000006849F68171C1F25E61A0
:10612000A0FB0101480D4FF47A714843019060686B
:10613000B0F5827F0AD12046802100226423009599
:1061400000F05AF80028C1D1C8E700BF0198002824
:10615000C4D0019801380190206880680006BDD540
:1061600001980028BAD00198013801902068806811
:106170000006B3D501980028B0D0019801380190ED
:10618000206880680006A9D501980028A6D001984B
:1061900001380190206880680006D7D49EE700008F
:1061A000B0B582B0044640680B46B0F5827F0ED190
:1061B000A068B0F5004F02D0B0F5806F0BD1216818
:1061C000B0F5806F0D6825F040050D6003D12046C5
:1061D0000121009202E00092204680210022002549
:1061E00000F00AF820B1606D032540F020006065E2
:1061F000284602B0B0BD00002DE9F04782B00A9CED
:10620000984615460E468146FBF79CFE201A00EB89
:106210000804FBF797FE40F22001C2F20001096872
:10622000C1F3CB3161430191D9F800108968314045
:10623000891BB1FA81F14909A94203D1002002B0BA
:10624000BDE8F087824608F101070CE001980138AB
:106250000190D9F8000080683040801BB0FA80F0CF
:106260004009A842EAD0002FF3D0FBF76BFEA0EB69
:106270000A00A04204D201980028E7D10024E8E7F0
:10628000D9E900014268B1F5827F22F0E002426064
:106290000BD1D9F80810B1F5004F02D0B1F5806FDD
:1062A00003D1016821F040010160D9F82810B1F54F
:1062B000005F07D1016821F400510160016841F4D9
:1062C00000510160012089F85100002089F8500038
:1062D000032002B0BDE8F08770470000FBF750BE16
:1062E00070B592B006AC20463021F9F7B3FF002517
:1062F00043F640000595CDE90355CDE901550095DC
:10630000C4F202000168022641F080510160006879
:1063100000F080500090009847F200000095C4F211
:106320000000016841F480410160006800F4804091
:1063300000900098012006904FF4803007904FF4B1
:1063400080000D9019200E904FF4A870CDE90F0633
:106350000720119020460C96FCF7DAFF18B172B6B0
:10636000022007F00DFB0F20CDE901064FF4A050ED
:1063700004904FF48050059001A805210395FCF787
:10638000B5FE18B172B6022007F0FAFA12B070BD6D
:106390004EF68850CEF20000016841F470010160B1
:1063A0007047000010B541F6B144C2F200042078F5
:1063B00002281ED0012814D0002818BF10BD03F0F9
:1063C00017FF05F05BF9D8B103F0D4FC06F062F9D1
:1063D00004F08EFE03F014FA04F060F9012020703E
:1063E00010BD03F0DDFC06F08BF9BDE8104007F0AE
:1063F00083B8072004F002FCBDE8104007F0B2BAF1
:106400000220207010BD000041F6D010C2F2000042
:10641000FEF7D8B9B0B540F6FF3E0568C4F2000EED
:1064200040F2004C7045C4F2010C0FDCB0F1804F1B
:1064300019D040F20043C4F20003984213D040F652
:106440000003C4F2000398420DD011E040F600436F
:10645000C4F20003984206D0604504D00023C4F281
:106460000103984204D14B6825F0700243EA02050B
:1064700041F6FF73C4F2000398420FDC704521DC43
:10648000B0F1804F41D040F20043C4F20003984283
:106490003BD040F60003C4F2000334E043F6FF7340
:1064A000C4F2010398421EDC42F20003C4F200036E
:1064B00098422AD00023C4F20103984225D06045B7
:1064C00023D027E040F60043C4F2000398421CD0DA
:1064D00041F60003C4F20003984216D041F600438F
:1064E000C4F200030FE044F20003C4F20103984237
:1064F0000BD044F60003C4F20103984205D044F2E5
:106500000043C4F20103984204D1CB6825F44072E1
:1065100043EA02050A688C684B69C46240F48064EF
:106520008262644504BF09690163026825F0800145
:1065300042F0040219430260012242610160B0BDD1
:1065400010B5846B616A814211D0A16A814216D074
:10655000E16A81421BD0216B81421FD1C0690821B1
:106560000028217704BF012084F8410016E0C169AA
:1065700001200029207708BF84F83E000EE0C069A2
:106580000221217750B9012084F83F0006E0C0695C
:106590000421217710B9012084F840002046FEF73D
:1065A00071FB0020207710BD10B5846B616A8142B9
:1065B0000AD0A16A814209D0E16A814208D0216BE8
:1065C000814207D1082004E0012002E0022000E01F
:1065D000042020772046FEF757FB0020207710BDCF
:1065E00010B5846B616A81420CD0A16A81420ED0E1
:1065F000E16A814211D0216B814214D0012084F8DC
:106600003D0015E00120207784F83E0010E00220D4
:106610002077012084F83F000AE004202077012041
:1066200084F8400004E008202077012084F841002D
:106630002046FEF7C3F80020207710BD806B0021B4
:10664000C185FEF74DBD0000806B01684A6990F876
:106650004130212B2DD112F080022AD00021C1849B
:10666000016851E8031F026821F0C00142E80313EA
:10667000DBB1016851E8031F026821F0C00142E864
:10668000031393B1016851E8031F026821F0C001B0
:1066900042E803134BB1016851E8031F026821F07F
:1066A000C00142E80313002BDAD1202180F8411009
:1066B0000168496990F84220222A40F07D8011F05B
:1066C000400179D00021C185016851E8031F0268AB
:1066D00021F4907142E80313BBB3016851E8031F32
:1066E000026821F4907142E8031373B3016851E822
:1066F000031F026821F4907142E803132BB3016871
:1067000051E8031F026821F4907142E80313002B43
:10671000DAD11AE0016851E8051F026821F0010191
:1067200042E80513DBB1016851E8051F026821F05A
:10673000010142E8051393B1016851E8051F0268A1
:1067400021F0010142E805134BB1016851E8051F32
:10675000026821F0010142E80513002BDAD1016B38
:10676000012924D1016851E8031F026821F01001BA
:1067700042E80313DBB1016851E8031F026821F00E
:10678000100142E8031393B1016851E8031F026846
:1067900021F0100142E803134BB1016851E8031FD7
:1067A000026821F0100142E80313002BDAD1202106
:1067B00080F8421000210163416C41F010014164F6
:1067C000FEF78EBC0168806B0968C90500F19F80E7
:1067D0000021C185016851E8031F026821F480711E
:1067E00042E80313E3B1016851E8031F026821F492
:1067F000807142E803139BB1016851E8031F0268EE
:1068000021F4807142E8031353B1016851E8031F7A
:10681000026821F4807142E80313002BDAD100BF33
:10682000016851E8051F026821F0010142E80513E3
:10683000BBB3016851E8051F026821F0010142E87D
:10684000051373B3016851E8051F026821F00101C7
:1068500042E805132BB3016851E8051F026821F0D7
:10686000010142E80513002BDAD11AE0016851E872
:10687000051F026821F0400142E80513DBB1016801
:1068800051E8051F026821F0400142E8051393B169
:10689000016851E8051F026821F0400142E8051334
:1068A0004BB1016851E8051F026821F0400142E840
:1068B0000513002BDAD1202180F84210016B012949
:1068C00025D100BF016851E8031F026821F01001C3
:1068D00042E80313DBB1016851E8031F026821F0AD
:1068E000100142E8031393B1016851E8031F0268E5
:1068F00021F0100142E803134BB1016851E8031F76
:10690000026821F0100142E80313002BDAD10021C4
:106910004163016B012918BFFEF762BF818DFEF74D
:10692000DDBB0000806B01214163016B012918BFB1
:10693000FEF764BF818D4908FEF7D0BB0168806B0C
:106940000968C90548BFFEF7C5BF0021C18400BF63
:10695000016851E8051F026821F0800142E8051333
:1069600083B3016851E8051F026821F0800142E805
:1069700005133BB3016851E8051F026821F080014F
:1069800042E80513F3B1016851E8051F026821F0E0
:10699000800142E80513002BDAD113E0016851E8C9
:1069A000031F026841F0400142E80313002B08BFB7
:1069B0007047016851E8031F026841F0400142E856
:1069C000031393B1016851E8031F026841F04001CD
:1069D00042E803134BB1016851E8031F026841F01C
:1069E000400142E80313002BD8D17047806BFEF7BB
:1069F00073BF000081B090F84210222920D1836833
:106A00000246B3F5805F08D152F8281F52F8183CAF
:106A1000002B61D003685B6809E052F8281F13B9A6
:106A20000369002BF6D003685B6803F07F030B70EB
:106A3000116801311160C18D01390A04C18501D08D
:106A400001B070470168CA6822F02002CA60CA68B3
:106A500022F48072CA604A6922F001024A61202150
:106A600080F8421000214163026B012A3CD101638E
:106A7000016851E8031F026821F0100142E8031386
:106A8000DBB1016851E8031F026821F0100142E800
:106A9000031393B1016851E8031F026821F010014C
:106AA00042E803134BB1016851E8031F026821F06B
:106AB000100142E80313002BDAD101680A68D206FC
:106AC00006D5002200920A68009249680091009958
:106AD000818D01B0FEF702BB026852686FF35F223E
:106AE00021F8022B8162A6E701B0FEF779BE000013
:106AF000B0B50446006804F108030ECB05691943DC
:106B000025F440552A4302616269E3691143C26872
:106B1000194349F20C639A431143C1604169A26968
:106B200021F4407141F20043114340F48062C4F209
:106B300001039A42416102D1FCF7A2FB01E0FCF79C
:106B40008BFBE1694FF69C7563681922C0F6FF75EF
:106B5000B1F5004FA0FB02011CD15A00DB0FF9F781
:106B60002FFB48F21F51C5F2EB11A0FB01235A097C
:106B700005F1805302FB0300322303EBC000A0FBAE
:106B800001014FF4F87000EA111000EB0210C1F39C
:106B9000421118E09A009B0FF9F712FB48F21F51BF
:106BA000C5F2EB11A0FB01235A0902FB05003223B9
:106BB00003EB0010A0FB0101F02000EA511000EBF4
:106BC0000210C1F34311084421688860B0BD000081
:106BD000F0B581B01346002704468162838547647F
:106BE000222084F84200E06B46F2C57546F6251671
:106BF0000A462168C0F60005C0F60006C0E90F5637
:106C000046F24966C0F600060431C0E91367FBF797
:106C100057F838B110206064202084F84200012029
:106C200001B0F0BD009720680168009140680090B5
:106C30000098206930B300BF206850E8030F216836
:106C400040F4807041E80302E2B1206850E8030F8D
:106C5000216840F4807041E803029AB1206850E84E
:106C6000030F216840F4807041E8030252B12068AC
:106C700050E8030F216840F4807041E80302002AC5
:106C8000DAD100BF206850E8050F216840F001000C
:106C900041E80502BAB3206850E8050F216840F0CA
:106CA000010041E8050272B3206850E8050F216831
:106CB00040F0010041E805022AB3206850E8050FC2
:106CC000216840F0010041E80502002ADAD11AE00B
:106CD000206850E8050F216840F0400041E80502B7
:106CE000DAB1206850E8050F216840F0400041E823
:106CF000050292B1206850E8050F216840F040007D
:106D000041E805024AB1206850E8050F216840F0CB
:106D1000400041E80502002ADAD1002001B0F0BDB0
:106D200041F61820C2F20000FEF7DCB9D0F8D422F8
:106D300000EB820CDCF8C032002B04BF032070474C
:106D4000B0B501F00F0404EB840200EB820E5EF894
:106D5000142F5AB1D0F8C85204EBC40405EB8404D4
:106D6000E469B2FBF4F505FB142292B10020C3F8EC
:106D70001402DCF8C422D2F810C0BCF1000F08BF26
:106D8000B0BDD3F808020A4603F50471E0470020BD
:106D9000B0BD00220023CEF8002000F0B1FE00209C
:106DA000B0BD0000B0B5D0F8D42200EB8202D2F81A
:106DB000C05295B1044600F03BFDD4F8D412C5F89A
:106DC0000C0204EB8101D1F8C412D5F80402CA68A0
:106DD00005F5037190470020B0BD0320B0BD000051
:106DE00070B58121044600F065FC00252046012194
:106DF00084F8375000F05EFC2046822184F87751F9
:106E000000F058FCD4F8D40204F5307656F820107F
:106E100084F84B50656489B104EB8000D0F8C4025B
:106E200040688047D4F8D40256F8200001F02CF9CD
:106E3000D4F8D40246F82050C4F8BC52002070BDEB
:106E400010B5D0F8D41200EB8100D0F8C04284B164
:106E5000D0F8C41259B194F80002FF2807D08B680B
:106E600094F8012221469847FF2084F80002002070
:106E700010BD032010BD0000014640F2A0000A2210
:106E8000C2F200000A807047F0B581B040F25C07A2
:106E9000C2F2000704463846822100F017FB06467E
:106EA0003846012100F012FB05463846812100F0EA
:106EB0000DFB002E1CBF1021B171002D1CBF402105
:106EC000A98000281CBF40218180432140F25C0042
:106ED000C2F20000218001B0F0BD0000F0B581B029
:106EE00040F25C07C2F2000704463846822100F0F7
:106EF000EDFA06463846012100F0E8FA0546384624
:106F0000812100F0E3FA002E1CBF1021B171002D89
:106F10001CBF4FF40071A98000281CBF4FF4007102
:106F20008180432140F25C00C2F20000218001B068
:106F3000F0BD0000F0B581B040F25C07C2F200077E
:106F400004463846822100F0C1FA0646384601213F
:106F500000F0BCFA05463846812100F0B7FA002E51
:106F60001CBF1021B171002D1CBF4021A980002839
:106F70001CBF40218180432140F25C00C2F200002E
:106F8000218001B0F0BD00002DE9F04104464FF42E
:106F9000077001F07BF800284FD04FF407710546C9
:106FA000F9F758F9D4F8D402402704EB8000C0F870
:106FB000C052207CC4F8BC52002808BF4FF40077B0
:106FC0002046812102223B46022600F0AFFC4FF012
:106FD00001082046012102223B4684F8378000F058
:106FE000A5FC10206064204682210322082384F837
:106FF000778100F09BFCD4F8D4020027C5F8047216
:1070000004EB8000D0F8C40284F84B80006880470D
:10701000C5F81472C5F81872D5F8042252B1207C54
:1070200001210028204614BF40234FF4007300F0D4
:1070300091FC00263046BDE8F081D4F8D40200214E
:1070400004EB8000C0F8C0120220BDE8F08100000F
:10705000D0F8D41200EB8101D1F8C012002904BF8E
:107060000320704780B590F810C0D1F80422402367
:107070000121BCF1000F08BF4FF4007300F06AFC5F
:10708000002080BD00290FBF0320D0F8D42200EBE0
:107090008200C0F8C41218BF00207047D0F8D42274
:1070A00000EB8200D0F8C00200280EBF0320C0F819
:1070B0000412002070470000D0F8D43200EB8300A7
:1070C000D0F8C00200280FBF0320C0F80812C0F893
:1070D0001022002070470000F0B581B0D0F8D42213
:1070E00000EB8203D3F8C0420022002C8DF803206D
:1070F000ADF8002054D00D7815F0600214D0202A8D
:107100004CD1CA881AB36DB2B5F1FF3F27DD49787B
:10711000402A84F80012214628BF402284F8012228
:1071200000F08EF800243CE04A780B2A36D8002480
:10713000DFE802F006373434343434343434253064
:1071400090F89C22032A29D1694602221EE0D3F836
:10715000C4020022836848780024984721E0D3F8CD
:10716000C43206469D684B780F4618462146A8470C
:10717000FA883046072A28BF0722214606E090F801
:107180009C22032A0AD10DF10301012200F074F8B8
:10719000002406E090F89C22032A02D000F044F874
:1071A0000324204601B0F0BDD0F8D41200EB8101D9
:1071B000D1F8C022002A04BF03207047D2F814126D
:1071C00000294FF0010101D00846704780B5C2F890
:1071D0001412D2F81032D2F808228121836200F012
:1071E0008FFC0021BDE880400846704780B5D0F88C
:1071F000B82252689047002818BF032080BD0000C5
:10720000002070470020704780B513460A460021D1
:1072100000F0A0FB002080BD80B513460A46002187
:1072200000F06EFC002080BD10B58021044600F007
:1072300035FC20460021BDE8104000F02FBC0000C6
:1072400080B513460A460321C0F894120021C0F805
:107250006421C0E9553300F07DFB002080BD0000B3
:1072600080B50521C0F8941200210022002300F00F
:1072700071FB002080BD000080B513460A46022144
:10728000C0F8941200214262C0E9053300F038FCD6
:10729000002080BD80B50421C0F894120021002296
:1072A000002300F02DFC002080BD000010B540F24E
:1072B000E824C2F200040A4602A0214600F048F980
:1072C000204610BD43444320436F6E66696700004B
:1072D00040F2AC001222C2F200000A8070470000A7
:1072E00010B540F2E824C2F200040A4602A021468A
:1072F00000F02EF9204610BD43444320496E7465CA
:10730000726661636500000040F2D4000422C2F29C
:1073100000000A807047000010B540F2E824C2F275
:1073200000040A4602A0214600F012F9204610BDD2
:107330007778640010B540F2E824C2F200040A46EF
:1073400002A0214600F004F9204610BD58447220E6
:107350007374616E646172640000000047F610206F
:10736000C1F6FF70026883684FF01A0C9B18A1F8F1
:1073700000C000F0A680B0B54FF0370C1A0F0CEB30
:1073800013714068B3F1204F38BF02F1300140F271
:10739000D802C2F20002917019014FF0000E0CEBFE
:1073A000117582F803E0C3F30364B1F1204F38BFD5
:1073B00004F13005190215710CEB117582F805E026
:1073C000C3F30354B1F1204F38BF04F13005190362
:1073D00095710CEB117582F807E0C3F30344B1F12A
:1073E000204F38BF04F13005190415720CEB1175EC
:1073F00082F809E0C3F30334B1F1204F38BF04F140
:107400003005190595720CEB117582F80BE0C3F38A
:107410000324B1F1204F38BF04F13005190615736C
:10742000C3F303140CEB1175B1F1204F4FEA037154
:1074300003F00F0382F80DE038BF04F1300503F1CB
:107440003704957382F80FE0B1F1204F38BF03F194
:107450003004010F0CEB1073147482F811E0B0F1DA
:10746000204F38BF01F1300301010CEB117493740C
:1074700082F813E0C0F30363B1F1204F38BF03F18A
:10748000300401021475C0F303530CEB1174B1F115
:10749000204F4FEA003182F815E038BF03F1300485
:1074A0000CEB1173947582F817E0C0F30340B1F14F
:1074B000204F38BF00F13003137682F819E0BDE8A1
:1074C000B04040F2D800C2F200007047B0F802C0ED
:1074D00003789C459CBF0020704780B508E000BF42
:1074E00082788A4208BF80BD73449AB262452DD229
:1074F00090F800E070444278052A02D182788A42EE
:1075000025D073449AB2624520D290F800E07044CE
:107510004278052A02D182788A4218D073449AB2FE
:10752000624513D290F800E070444278052A02D1F7
:1075300082788A420BD073449AB2624506D290F8A0
:1075400000E070444278052ACAD0CDE7002080BD13
:10755000002808BF704710B50378A3B100F1020EF0
:107560004FF0000C734600BF13F8014C9CB11C781F
:10757000A4B15C78ACB19C780CF1040C002C03F144
:107580000403F1D10FE04FF0000C5FFA8CF30224FA
:1075900004EB43030CE04CF0010C04E04CF0020C53
:1075A00001E04CF0030C5FFA8CF33F2B3BD98023B6
:1075B000138003220B704A7003788BB302300222CF
:1075C0004FF0000CD4B251FA82FE0B558EF801C078
:1075D00010F8013C23B3941C5FFA84FE51FA84F442
:1075E00001F80E3084F801C00378CBB1141D5FFAA6
:1075F00084FE51FA84F401F80E3084F801C0437817
:1076000073B1941D5FFA84FE51FA84F401F80E30D0
:1076100084F801C083780832002B00F10400D1D136
:10762000BDE8104070474FF0000C00BF1EF8013C51
:1076300073B19EF8003073B19EF8013073B19EF8BB
:1076400002300CF1040C002B0EF1040EEED19CE77D
:107650004CF0010C99E74CF0020C96E74CF0030C4F
:1076600093E70000002804BF032070470023C0F800
:10767000B832C0F8C4320029C0F8D03218BFC0F800
:10768000B412012180F89C12027000F0D5B80000FD
:1076900080B5D0F8C802FAF7E5FD40F20032C1002B
:1076A000C0F2013222FA01F1032888BF0321C8B2D7
:1076B00080BD000080B5D0F8C802FAF7ABFD40F2FB
:1076C0000032C100C0F2013222FA01F1032888BF62
:1076D0000321C8B280BD0000B0B581B190F89C22F2
:1076E000032A51D1D0F8B8225269002A4CD0002385
:1076F000C0F8D4329047002808BF0020B0BDD0F8B1
:107700009412022939D18169038C99420ED9CA1A7F
:10771000416A8261194441620446FFF77DFD2046BB
:1077200000210022002300F015F925E00FD1426965
:107730008A420CD3D0F898128A4208D20021002243
:1077400004460025FFF768FDC4F89852E7E790F873
:107750009C12032909D1D0F8B812C96829B10022B6
:10776000C0F8D4220446884720468021044600F011
:1077700095F92046FFF774FD204690F8A0120029E5
:107780001CBF002180F8A0120020B0BD10B579B157
:1077900090F89C22032A22D1D0F8B8229269F2B143
:1077A0000023C0F8D4329047002808BF002010BD45
:1077B000D0F89412032912D1D0F85811B0F86021F2
:1077C00091420ED98B1AD0F86411C0F85831114487
:1077D000C0F86411934288BF1A46FFF715FD0020D8
:1077E00010BD90F89C12032909D1D0F8B81209698C
:1077F00029B10022C0F8D422044688472046FFF76A
:1078000049FD002010BD000000207047012180F8D4
:107810009C12D0F8B812002904BF0020704780B530
:107820004A6801799047002818BF032080BD0000F6
:10783000D0F8C802FAF746BD017809B100207047B8
:1078400010B541F2F431C2F20001C1F8E004C0F811
:10785000C8124FF0A0400860042008714FF4007077
:10786000C8800220C1F809000020C8810846FBF743
:1078700051FA002818BFF9F7F9F841F2F434C2F2CE
:10788000000420468021FAF739FC204600214022DE
:10789000FAF738FC204601218022FAF733FCBDE8D4
:1078A0001040002070470000D0F8C80201F07F03AC
:1078B0004AB203EBC30301EBC10100EB830300EB0E
:1078C000810000F25620002A48BF03F1160000781C
:1078D00070470000D0F8D42200EB8202D2F8B82220
:1078E000002A04BF0320704790F89C32032B05D177
:1078F000126A1AB180B59047002080BD0020704701
:10790000D0F8D42200EB8202D2F8B822002A04BFB9
:107910000320704790F89C32032B05D1526A1AB1AC
:1079200080B59047002080BD0020704780B5944608
:10793000D0F8C8021A466346FAF7CEFC40F200328D
:10794000C100C0F2013222FA01F1032888BF0321ED
:10795000C8B280BD80B5D0F8C802FAF7F7FC40F293
:107960000032C100C0F2013222FA01F1032888BFBF
:107970000321C8B280BD0000F0B581B0012600250A
:1079800080F89C62C0F8945204464560D0F8B80272
:10799000C4F8A45284F8A05240B1426832B12046E3
:1079A000002190470546002818BF032520460021E6
:1079B000002240234027FFF7B9FF20468021002204
:1079C000402384F86361A4F86071FFF7AFFF84F887
:1079D00023602846278401B0F0BD000090F89C1277
:1079E000042904BF90F89D1280F89C120020704773
:1079F00090F89C12032908D1D0F8B81229B1C969AE
:107A000019B180B58847BDE880400020704700006C
:107A1000024600201174704780B5D0F8C802FBF709
:107A20000FFB40F20032C100C0F2013222FA01F134
:107A3000032888BF0321C8B280BD0000B0B500F2A2
:107A4000AA240546204600F06DF80121C5F89412DD
:107A500095F8AA12B5F8B03201F01F02022AC5F853
:107A600098320ED0012A06D08AB928462146BDE8B0
:107A7000B04000F08FB828462146BDE8B04000F085
:107A8000C7BA28462146BDE8B04000F01DBA01F053
:107A900080012846BDE8B040AFF3008080B5D0F843
:107AA000C802FAF775FC40F20032C100C0F20132A0
:107AB00022FA01F1032888BF0321C8B280BD00006B
:107AC00080B5D0F8C802FBF7D7FA40F20032C10007
:107AD000C0F2013222FA01F1032888BF0321C8B2A3
:107AE00080BD0000014690F89C02042204281CBFBF
:107AF00091F89C0281F89D02002081F89C22704739
:107B000080B5D0F8C802FAF77BFC40F20032C10021
:107B1000C0F2013222FA01F1032888BF0321C8B262
:107B200080BD00000A7802704A7842704A8842801C
:107B30008A888280C988C1807047000010B582B0F1
:107B400004460020ADF80600B1B1D4F8D42204F503
:107B50002E70C4F8B81250F82200C16A21B10DF19C
:107B600006008847C4F8D002D4F8D8020130C4F81F
:107B7000D802002002B010BD032002B010BD0000EA
:107B8000D0F8B822002A04BF0020704712681047BE
:107B9000FFF796BF70B582B00A7812F060020FD07E
:107BA000402A02D0202A40F0C580D0F8D42200EB31
:107BB0008202D2F8B822926802B0BDE87040104745
:107BC0004A78092A00F2B680DFE802F0052CB44FAB
:107BD000B45877B41A3C90F89C22013A022A00F279
:107BE000A980C988022940F0A580D0F8A4120322F8
:107BF000002908BF0122014641F80C2F02224CE166
:107C0000C988012940F0968090F89C124A1E022AE9
:107C100080F08B800024014641F8084F0122FFF7D5
:107C20002BFB90E090F89C22013A022A00F282801D
:107C300049880024012940F08680C0F8A442FFF75B
:107C400029FB80E0498840F2E525C2F2000511F0E9
:107C5000FE0F297047D080210446FFF71FFF204602
:107C60000021FFF71BFF03246DE04A88022A58D049
:107C7000012A5FD10121C0F8A41215E18A88002AE7
:107C800058D1CA88002A55D14D887F2D52D890F8F6
:107C90009C1203294ED0E9B280F89E520446FFF7A9
:107CA000BBFE20462646FFF7F5FA002D14BF022042
:107CB000012086F89C02002445E04A884FF0FF33FB
:107CC00003EB12230026062BADF8066000F2E980D4
:107CD000DFE803F004493CE7E75865000D46D0F8BB
:107CE000B4120A68C8E090F89C22032A66D0022ADF
:107CF00040F088800A0600F0D78001F00102C9B286
:107D000042600546FFF73CFF002800F098800446DB
:107D100028468021FFF7C2FE28460021FFF7BEFE5D
:107D20006CE0497980F8A012BEE0032902D1011D60
:107D30000122B2E080210446FFF7B0FE2046002178
:107D40000024FFF7ABFE204602B070BDD2B2052A78
:107D500000F2A780DFE802F003877F837B8BD0F8F7
:107D6000B422526886E00D46017C0446D0F8B80281
:107D700000290CBF816AC16A0DF1060088470146DF
:107D8000022019E0027C002A40F08B800446D0F8E3
:107D9000B8020D46416B0DF10600884771E0027C88
:107DA000002A7ED10446D0F8B8020D46016B0DF1D1
:107DB0000600884701460720487063E00A062FD076
:107DC000426801F001018A426ED0D1B20446FFF749
:107DD0000DFA2978204661602546FFF7D1FE00287C
:107DE00070D0044628468021FFF758FE284600211F
:107DF000FFF754FE29792846FFF7F8F9022085F8A5
:107E00009C02A0E780210446FFF748FE204600219F
:107E1000FFF744FE29782046FFF7E8F9032492E7AC
:107E2000022201F0010180F89C22416000210546F8
:107E30000024FFF7DBF92846FFF72CFA83E72846F2
:107E4000FFF728FA032085F89C0200247BE7D0F88E
:107E5000B42252690EE0D0F8B422D2680AE0D0F819
:107E6000B422126906E0D0F8B422926802E0D0F899
:107E7000B4229269AAB10D460446007C0DF10601B8
:107E800090470146EA8872B1BDF8063083B193424B
:107E900038BF1A46ADF806202046FFF7EDF900245A
:107EA00051E7044605E02046FFF7F4F900244AE7CD
:107EB00020468021FFF7F2FD20460021FFF7EEFD6E
:107EC000002440E72846EFE770B50A780D460979A7
:107ED00012F06002044609D0402A01D0202A42D183
:107EE0002046FFF78DF9D0B1002070BD687888B3C7
:107EF000012821D0032836D194F89C0203281FD1F1
:107F0000688838B911F07F0004D0E88810B920469D
:107F1000FFF7C4FD2046FFF7BDF9002070BDD4F87F
:107F2000B80282680020002AC4F8D402DCD02046BF
:107F30002946BDE87040104794F89C0203281CD0E5
:107F4000022810D148060ED02046FFF7A7FD204694
:107F500080210EE094F89C0203281ED0022808BF5E
:107F60005FEA416044D020468021FFF797FD20461C
:107F70000021FFF793FD002070BD68880028B3D171
:107F80000E46480603D020463146FFF781FB2046C7
:107F9000FFF780F920463146A3E701F00F0000EB20
:107FA0008000802904EB80002CBF90F8230090F81B
:107FB00063010028D7D001F07F0000EB800004EBC4
:107FC000800000F1140501EB810004EB80008029A2
:107FD00038BF00F5AA75480605D02046FFF764FCB7
:107FE00008B1012000E0002005F10E01A87309E0AE
:107FF00008064FF0140058BF4FF4AA702118002053
:1080000001F80E0F20460222FFF736F9002070BD5E
:10801000B0B50A7812F0600218BF402A10D190F86B
:108020009C22013A022A0DD88A8812F0FE0F09D14B
:108030000C46D1B20546FFF7E5F870B10320B0BD9C
:10804000202AECD080210446FFF728FD204600219D
:108050000024FFF723FD2046B0BDD5F8B8128A688A
:10806000002AEBD000212846C5F8D41221469047BB
:10807000E1880446002908BF002CECD12846FFF710
:1080800009F90020B0BD00007047000040F26830E0
:10809000C2F200007047000010B50A784B78D0F8A3
:1080A0001CE802F00F04012B4FEA421C17D10123F8
:1080B000A34043EA0E03C0F81C386044D0F80039EE
:1080C0001B0427D48B6800F51060097904686FF3EE
:1080D000DF2343EA814144EA8252114315E04FF421
:1080E0008032A24042EA0E02C0F81C286044D0F858
:1080F000002B12040ED48A6800F5306009796FF302
:10810000DF22036842EA8141194341F0805141F482
:1081100000410160002010BD0146D0F8000940F286
:10812000FF729043C1F80009D1F8040840F480724E
:108130000020C1F80428704782B002F47F42B2F5F3
:10814000807F60D1826B4FF6BF7322F480328263EE
:10815000C268CFF6BD731A40C260029BC268DBB230
:1081600022F44012012BC26003D1C26842F4801293
:10817000C26000220092009A01320092009AB2F18D
:10818000706F00F2B9800269002A21D4009A01328E
:108190000092009AB2F1706F00F2AE800269002A7C
:1081A00016D4009A01320092009AB2F1706F00F278
:1081B000A3800269002A0BD4009A01320092009A2F
:1081C000B2F1706F00F298800269B2F1FF3FD2DC29
:1081D0000A2200BF0092009A002A5ED0009A013A5B
:1081E0000092009A002A58D0009A013A0092009A10
:1081F000002A52D0009A013A0092009A002A4CD0EC
:10820000009A013AE6E7C26842F04002C2600022EA
:108210000192019A01320192019AB2F1706F00F25B
:108220009D800269002A20D4019A01320192019AAC
:10823000B2F1706F00F292800269002A15D4019A9F
:1082400001320192019AB2F1706F00F287800269E7
:10825000002A0AD4019A01320192019AB2F1706F98
:108260007CD80269B2F1FF3FD3DC0A220192019A65
:10827000002A44D0019A013A0192019A002A3ED084
:10828000019A013A0192019ACAB3019A013A019204
:10829000019AA2B3019A013AE8E7026942F00102A9
:1082A0000261009A01320092009AB2F1706F23D8F5
:1082B0000269D2071DD0009A01320092009AB2F1F1
:1082C000706F19D80269D20713D0009A0132009258
:1082D000009AB2F1706F0FD80269D20709D0009AE4
:1082E00001320092009AB2F1706F05D80269D2078C
:1082F000D7D14FF0000C3CE04FF0030C39E002699D
:1083000042F001020261019A01320192019AB2F136
:10831000706F23D80269D2071DD0019A01320192F1
:10832000019AB2F1706F19D80269D20713D0019A7D
:1083300001320192019AB2F1706F0FD80269D2072F
:1083400009D0019A01320192019AB2F1706F05D8F9
:108350000269D207D7D14FF0000C01E04FF0030CB7
:10836000826B13F47F4F14BF22F4803242F48032C8
:10837000826301F47F01B1F5803F07D1816841F04C
:1083800006018160816841F020018160604602B091
:108390007047000010B54A7891F800E047F6000CED
:1083A000CEF6334C012A4FEA4E1226D10244D2F8BF
:1083B000001902F51063B1F1FF3F4FF0010407DC33
:1083C000196841F000611960196841F08041196035
:1083D0000EF00F01D0F83C2804FA01F18A43C0F8EE
:1083E0003C28D0F81C2822EA0101C0F81C181868A3
:1083F00000EA0C010020196010BD811801F53063FE
:10840000D1F8001B0CF1707CB1F1FF3F4FF48034C8
:10841000DEDCD5E70146D0F8000E20F00300C1F8FD
:10842000000ED1F8040820F002020020C1F8042850
:10843000704700000146D0F8000E20F00300C1F89C
:10844000000ED1F8040840F002020020C1F8042810
:10845000704700002DE9F04F86B0C3F3074516467C
:108460008E460021C0F80411C0F80811C0F80C11A4
:10847000C0F81011C0F81411C0F81811C0F81C1180
:10848000C0F82011C0F82411C0F82811C0F82C1130
:10849000C0F83011C0F83411C0F83811C0F83C11E0
:1084A0003DB1816B21F400118163816B41F40021A6
:1084B00010E0D0F8041841F00201C0F80418816BF4
:1084C00041F400118163816B21F400218163816B90
:1084D00021F4802106F47F4281630021B2F5807F80
:1084E000C0F8001E07D1D0F80028B1EB1E6F07D1ED
:1084F000C0F8002808E0D0F8001841F0030101E0BE
:1085000042F00101C0F800180021049104990131E2
:1085100004910499B1F1706F51D8016900291ED4FA
:108520000499013104910499B1F1706F47D8016940
:10853000002914D40499013104910499B1F1706FA8
:108540003DD8016900290AD40499013104910499A4
:10855000B1F1706F33D80169B1F1FF3FD6DC002172
:1085600004914FF4846101610499013104910499EB
:10857000B1F1706F23D8016989061DD504990131C5
:1085800004910499B1F1706F19D80169890613D566
:108590000499013104910499B1F1706F0FD8016908
:1085A000890609D50499013104910499B1F1706FDC
:1085B00005D801698906D7D44FF0000A01E04FF0D1
:1085C000010A002105910599013105910599B1F143
:1085D000706F4ED8016900291ED4059901310591AB
:1085E0000599B1F1706F44D80169002914D4059937
:1085F000013105910599B1F1706F3AD801690029EF
:108600000AD40599013105910599B1F1706F30D8FF
:108610000169B1F1FF3FD6DC002105911021016114
:108620000599013105910599B1F1706F21D8016962
:10863000C90620D50599013105910599B1F1706FF1
:1086400017D80169C90616D5059901310591059913
:10865000B1F1706F0DD80169C9060CD505990131CA
:1086600005910599B1F1706F03D80169C906D7D496
:1086700001E04FF0010A5FFA8EF94FF00008B9F1FE
:10868000000FC0F81088C0F81488C0F81C8800F0EB
:108690000E81CDF80CA0CDE9015ED0F800194FF0A5
:1086A000006404EA11114FF67F35B9F1010BC0F8EF
:1086B0000019C0F81089C0F8085975D0A9F1020155
:1086C00003290BF0030A04D20121BAF1000F41D1B2
:1086D0006AE000962BF0030700F5186600234FF0C0
:1086E000904C4FF67F324FF0000E00BF56F8601CE2
:1086F0000EF1040E0CEAE17146F8601C46F8503C9D
:1087000046F8582C56F8401C77450CEAE17146F8BB
:10871000401C46F8303C46F8382C56F8201C0CEA31
:10872000E17146F8201C46F8103C46F8182C3168D8
:108730000CEAE17131603361B26006F18006D5D197
:10874000009E0EF101014FF67F354FF00064BAF143
:10875000000F29D000F510634F01B446DE594FF0E9
:10876000904202EAE67603EB4111DE5166460027AD
:108770004FF67F33BAF1010F0F618B6014D00E6A90
:10878000BAF1020F02EAE67266460A620F638B6272
:108790000AD00A6C4FF0904303EAE2720A640022A6
:1087A0000A654FF67F328A64D0F8001BBBF1000FD8
:1087B00004EA1111C0F8001B4FF00001C0F8101BB3
:1087C000C0F8085BDDE9015EDDF80CA06FD0A9F10F
:1087D000020103290BF0030C04D20121BCF1000FAC
:1087E0003BD164E0A94600962BF0030500F53866FE
:1087F00000234FF090474FF67F32002156F8604C2F
:10880000043107EAE47446F8604C46F8503C46F8F8
:10881000582C56F8404C8D4207EAE47446F8404C18
:1088200046F8303C46F8382C56F8204C07EAE474F9
:1088300046F8204C46F8103C46F8182C346807EAF5
:10884000E47434603361B26006F18006D6D1009ED4
:1088500001314D46BCF1000F29D000F530634F01C6
:108860003446DE594FF0904202EAE67603EB4111BE
:10887000DE51264600274FF67F33BCF1010F0F6112
:108880008B6014D00E6ABCF1020F02EAE672264633
:108890000A620F638B620AD00A6C4FF0904303EABE
:1088A000E2720A6400220A654FF67F328A64D0F8C9
:1088B00010181EF47F0F21F48071C0F810186FF0AB
:1088C0008041C0F81880416103D1816941F01001F5
:1088D0008161816943F60002C8F23C02114316F43B
:1088E0007F0F816103D0816941F008018161012D11
:1088F00005D1816941F0804141F004018161504618
:1089000006B0BDE8F08F00000146806820F001024B
:1089100000208A6070470000D0F840C043F20B038B
:10892000C4F654739C4503D3D0F8003B002B1ED4EF
:108930000023C0F8103BD0F8103B012943F400237A
:10894000C0F8103BD0F8103B43F01803C0F8103BC0
:10895000D0F8103B43F0C043C0F8103B07D1C0F83B
:10896000142BD0F8001B41F08021C0F8001B002020
:10897000704700004A780B78012A4FEA43121044EE
:108980000DD1D0F8002922F40012C0F8002909798D
:1089900001F0FE01022913D100F510600CE0D0F8BF
:1089A000002B22F40012C0F8002B097901F0FE011F
:1089B000022905D100F53060016841F08051016065
:1089C000002070470A784B785101012B084406D1EA
:1089D000D0F80019002900F5106106D50AE0D0F89A
:1089E000001B002900F5306104D41AB1086820F09A
:1089F00080400860086840F4001200200A60704758
:108A0000F0B54B78002591F800C04FF6FF76CFF611
:108A1000F875012BCEF207062AD10C6900EB4C1E2B
:108A2000DEF81079002C0EF510634BD03D401D612F
:108A30001D69BCF1000F05EA06051D618E686FD047
:108A4000A519013DB5FBF6F50026C1F6F8761F69BC
:108A500006EAC5463E431E610E79012E6CD11E69A1
:108A600026F0C0461E614FF0C04606EA457560E03C
:108A700000EB4C13D3F8107B4FF6FF742F40C3F874
:108A8000107BD3F8107BC0F207043740C3F8107B8B
:108A90008D680E69BCF1000F03F530631DD006B37D
:108AA0007719013FB7FBF5F740F2000CBEB26E43F9
:108AB0000E62C1F6F87C1D690CEAC7472F432640B9
:108AC0001F6115E007EA06041C611C6944F40024D8
:108AD0001C611C692540002433E0002E18BF0D6185
:108AE0000D621F6905EA040637431F614FF4002633
:108AF0001F69012A47EA06071F6103D1CA68002AD5
:108B000018BF5A610979012931D1D0F808081968CC
:108B1000C0054FF0805058BF4FF00050084325E08B
:108B2000B44204D90E614FF40025344601E04FF4FD
:108B300000251E6935431D6125461E696FF3DF451B
:108B40003543012A1D6119D1CA69002A18BFCEF820
:108B50001429097901290AD1D0F80818DEF800098A
:108B6000C9054CBF40F0805040F0005018604FF0F5
:108B700004411868084318600020F0BD00F5106338
:108B80004FEA4C169F5947F004479F510F79012F28
:108B90003AD1D0F80878F558FF054FF0805758BF04
:108BA0004FF000572F43002AF750E5D1A2B2002A18
:108BB000E2D0D61C4FF0FF33C96803EB960300F5F3
:108BC00080504FEA0C32032BC6F381030ED3B70853
:108BD00027F003060F68043E17504F6817508F6840
:108BE0001750CF6801F110011750F3D1002BC3D0FB
:108BF0000F68012B8750BFD04F68022B8750BBD026
:108C0000896881500020F0BD002CB5D00CF00F0118
:108C1000012202FA01F100F63403AAE781B0002232
:108C200000924A780978012A4FEA41113AD100F5B9
:108C300010625058B0F1FF3F3ADC885842F210738E
:108C400040F000608850885840F08040885000987C
:108C5000013000900098984262D85058B0F1FF3F20
:108C600026DC0098013000900098984258D850585F
:108C7000B0F1FF3F1CDC0098013000900098984252
:108C80004ED85058B0F1FF3F12DC009801300090F0
:108C90000098984244D85058B0F1FF3F4FF0000080
:108CA000D5DD3BE000F530625058B0F1FF3F02DD0A
:108CB000002001B07047885842F2107340F0006005
:108CC0008850885840F080408850009801300090CB
:108CD0000098984224D85058B0F1FF3FE8DC009843
:108CE00001300090009898421AD85058B0F1FF3FD8
:108CF000DEDC0098013000900098984210D850585F
:108D0000B0F1FF3FD4DC0098013000900098984209
:108D100006D8505800284FF00000D6D401B0704754
:108D2000012001B0704700000146806840F0010258
:108D300000208A607047000081B000220092009AF3
:108D400001320092009AB2F1706F51D80269002A84
:108D50001ED4009A01320092009AB2F1706F47D887
:108D60000269002A14D4009A01320092009AB2F1EA
:108D7000706F3DD80269002A0AD4009A013200922D
:108D8000009AB2F1706F33D80269B2F1FF3FD6DCBE
:108D90008901002220310092016100990131009186
:108DA0000099B1F1706F23D8016989061DD500992A
:108DB000013100910099B1F1706F19D801698906EC
:108DC00013D50099013100910099B1F1706F0FD85E
:108DD0000169890609D50099013100910099B1F125
:108DE000706F05D801698906D7D4002001B070479B
:108DF000032001B070470000D0F8080800F0060119
:108E000080074FF0020058BF0F20002908BF084616
:108E100070470000406900F001007047D0F8181852
:108E2000D0F81C08084080B270470000D0F818182D
:108E3000D0F81C080840000C70470000D0F810C89B
:108E4000D0F8343801F00F0223FA02F2D20100EB1D
:108E50004110D2B2D0F8080942EA0C01084070472C
:108E600000EB4111D1F8081BD0F8140808407047F6
:108E7000416980690840704710B5930802F0030EFD
:108E80002BD05A1E032A03F0030C0FD323F0030345
:108E90004FF480528458043B0C6084584C608458D2
:108EA0008C608458CC6001F11001F3D1BCF1000F4B
:108EB00013D04FF4805284580B46BCF1010F43F895
:108EC000044B04D11946BEF1000F09D11DE08258B0
:108ED000BCF1020F4A601AD10831BEF1000F14D064
:108EE0004FF4805280580A46BEF1010F02F8010B80
:108EF00004BF104610BD020ABEF1020F4A7004BF43
:108F0000881C10BD000C88700331084610BD4FF45A
:108F1000805282588A600C31BEF1000FE0D1F4E734
:108F2000B0B50446C06820F0C040E06091B10129AE
:108F300026D1E068002540F00050E0600A20F8F7F4
:108F40000FFF6069C00705F10A0014D1BE2D054668
:108F5000F4D310E0E068002540F08040E06000BFFE
:108F60000A20F8F7FDFE6069C00705F10A0002D08B
:108F7000BE2D0546F4D3C838B0FA80F04009B0BD24
:108F80000120B0BD0246D0F8000801F07F0120F4B6
:108F9000FE60C2F80008D2F8000840EA0111002083
:108FA000C2F8001870470000022A02465CD145F260
:108FB0004030CFF6277043F200530844C0F20C0350
:108FC000984202D24FF4705050E041F64060CFF624
:108FD0001B7044F240230844C0F20F03984202D2AF
:108FE0004FF4605042E0A1F5740044F68073A0F5A0
:108FF0001050C0F21203984202D24FF4505035E0A4
:10900000A1F183704DF22063A0F5E740C0F2130395
:10901000984202D24FF4405028E04BF26060CFF605
:10902000E5604EF260330844C0F21603984202D263
:109030004FF430501AE04DF20030CFF6CE6047F2D8
:1090400040730844C0F21B03984202D24FF42050F0
:109050000CE045F6C030CFF6B36049F2C0130844C7
:10906000C0F2210398420AD24FF41050D16821F483
:109070007051D160D16801430020D1607047A1F1E7
:10908000B77047F22053A0F55850C0F23803984209
:1090900002D24FF40050E9E745F2E040CFF65960C4
:1090A00049F6E0430144C0F241034FF4C0509942F5
:1090B00038BF4FF4E050D9E710B5DDF808C0BCF177
:1090C000000F2CD15BB303F1030E4FF0FF3303EB22
:1090D0009E0300F580541203032BCEF3810C0FD3B3
:1090E0004FEA9E0323F003030868043B10514868CD
:1090F000105188681051C86801F110011051F3D166
:10910000BCF1000F0BD00868BCF1010FA05006D0D5
:109110004868BCF1020FA0501CBF8868A050002016
:1091200010BD0000FEE7000070B540F64435C2F205
:109130000005687801280CD1A87822283EDD232874
:1091400000F07980F42800F07280F52840F0478123
:109150005CE0EA78511E05293AD2A8780238232823
:1091600000F23D81DFE810F0240077003B013B0175
:109170003B013B013B013B013B013B013B013B010F
:109180003B013B013B013B013B013B013B013B01FF
:109190003B013B013B013B013B013B013B013B01EF
:1091A0003B013B013B0195002F00A1003B018B00DF
:1091B000696811F8010B02F017FB10E1212846D075
:1091C000222840F00C816868007801F01BFC06E161
:1091D000082AC2D0002A40F00281A978EF2940F382
:1091E000BD80F0390E2900F2FA80DFE811F013009B
:1091F000C500C100DA0020000F00E300DE00C90056
:10920000F800F800F800F800F800CC00042001F0A5
:10921000F5FCE4E040F21C21C2F200010A78002AC9
:1092200000F0E08040F2E420C2F2000093E003206E
:1092300001F0E4FCD3E0686805F10C0400782146F5
:1092400004F0B2F92046042100F010FDC7E0686880
:1092500001F01AFCC3E068680078FF286BD005F1C4
:109260000C0405F10802214602F0B2F86978A878EA
:109270002A7A022966D1214604F06EFDAFE0D5F8C6
:1092800004C0032902F0030E85F88C2020D20022AE
:1092900036E068680022016841F67050C2F20000B2
:1092A000C0E9001201F0F0FB99E0686805F10C04D8
:1092B0004078214604F078F96A780421A878022AD7
:1092C000297221464FF004023DD104F045FD86E0AD
:1092D00002F07C030CF10104002200BFA01810F87A
:1092E000011CAE1886F88D10A15C043286F88E1031
:1092F0004178934286F88F10807886F89000EDD1FF
:10930000BEF1000F6BD01CF80200A918BEF1010FCE
:1093100081F88D0063D0501C1CF800102844BEF169
:10932000020F80F88D105AD0901C1CF800102844B1
:1093300080F88D1053E041F63130C2F20000012177
:1093400001704CE0214604F053FC002847D140F264
:109350001C20C2F200000021017040E001292CD045
:1093600004292FD0252904BF002085F88C0036E081
:10937000062001F043FC32E0012001F03FFC2EE02A
:1093800001F0A4FE1BE041F6B040C2F20000002153
:10939000017040F21C20C2F20000017085F88C10B0
:1093A0001DE0022001F02AFC19E041F66020C2F223
:1093B0000000C4E703F0A2FA11E002F005F8FE2075
:1093C000287308E002F000FA6FF00F01002818BFC0
:1093D0006FF0010129730120287201F06BFD00205C
:1093E000287070BD0870FAE770B541F6B046C2F259
:1093F0000006307840F64435C2F20005F021A9702D
:1094000080B105F10C01002004F0CEF805F1100147
:10941000012004F0C9F805F11401022004F0C4F899
:109420000C200EE005F10C042046F6F71EFF204448
:1094300019A12B22F6F7F5FE2046F6F716FF0121BB
:1094400031706978AB780229287205F10C01C2B23B
:10945000184602D104F080FC08E004F0C9FB28B9EA
:1094600040F21C20C2F200000021017040F2E42012
:10947000C2F2000001780131CAB20B2A017038BF74
:1094800070BD40F21C20C2F200000021017031705A
:1094900085F88C1070BD00BF5844722D706F7765D1
:1094A000722C312E302E302C7869616F77616E67A7
:1094B0002C313030412C32302D3330562C3930C2E3
:1094C000B04300002DE9F04140F64435C2F20005FA
:1094D0002C78F8F737FD34B140F6A021C2F2000134
:1094E0000860BDE8F08141F63136C2F200063178FD
:1094F00040F6B424C2F200040129206021D140F6D4
:10950000B824C2F200042168401A0228E9D341F6C7
:109510003037C2F20007387805F10D0105F1080275
:1095200001F056FF38782A7A69782873A8780132D2
:1095300002292A7205F10C01D2B232D104F00CFCDE
:1095400038E041F66027C2F200073978012913D1CB
:1095500040F6B826C2F200063168401A0228C0D38D
:1095600005F10C0405F10801204601F0EBFD00288F
:109570007CD0002038708CE040F21C21C2F2000147
:10958000097829B340F6A026C2F200063168411AD4
:10959000B1F5FA7F41D9FFF727FF20683060BDE8B9
:1095A000F08104F025FB28B940F21C20C2F2000033
:1095B0000021017038780130C1B22E29387002BF05
:1095C000002038703070F8F7BDFC2060BDE8F081F5
:1095D00095F88C1000293FF484AF40F6B821C2F210
:1095E00000010A68821A022A38BFBDE8F0818C2681
:1095F0000C240860A8194078291903F0D5FF95F8C4
:109600008C10A6F18B00013604348842F2D305F1A8
:109610000C00BDE8F04104F08DBC40F6B828C2F261
:109620000008D8F80010401A0328FFF45AAF95F844
:109630008C0000283FF455AF25208C260C27A870FD
:10964000A8194078E91903F0AFFF95F88C00A6F14E
:109650008B01013604378142F2D38000287201F079
:1096600029FC2068C8F80000BDE8F0816978A87876
:109670002A7A022903D1214604F06EFB09E0214633
:1096800004F0B6FA28B940F21C20C2F20000002112
:109690000170F8F757FC3060BDE8F0819FED221AA9
:1096A0009FED222A20EE010AB5EE001A30EE010AE3
:1096B000BDEEC01A11EE100AB5EE400AF1EE10FA36
:1096C000B8BF013801EE100AB8EEC11A30EE410AF7
:1096D00020EE020ABDEEC01A9FED152A11EE100A07
:1096E000002130EE021AB1EB502F4EF6DC111CBFF8
:1096F0000020B0EE410AC0F6000101EE100A01EBB5
:109700008001B8EE411A30EE410A91ED001A91ED58
:10971000012AB7EE003A33EE403A23EE011A20EE6A
:10972000020A31EE000A704783F9223E000000442D
:10973000000000C49FED201A9FED202A20EE010AB0
:10974000BDEEC01A11EE100AB5EE400AF1EE10FAA5
:10975000B8BF013801EE100AB8EEC11A30EE410A66
:1097600020EE020ABDEEC01A9FED152A11EE100A76
:10977000002130EE021AB1EB502F4EF6DC111CBF67
:109780000020B0EE410AC0F6000101EE100A01EB24
:109790008001B8EE411A30EE410A91ED001A91EDC8
:1097A000012AB7EE003A33EE403A23EE011A20EEDA
:1097B000020A31EE000A704783F9223E000000449D
:1097C000000000C410B5F8F7BDFB41F62C44C2F20E
:1097D00000042168401A642838BF10BDF8F7B2FBB6
:1097E000034641F2E00040F60251C2F20000C2F22C
:1097F000000104222360BDE81040F7F795BB00008C
:1098000010B541F6D014C2F200042046FAF7B4FEB7
:1098100020460C21FBF73AFA41F2980040F6FC4151
:10982000C2F20000C2F200010322F7F77DFB41F211
:10983000E00040F60251C2F20000C2F20001042230
:10984000F7F772FB206840F60201016440F6805091
:1098500040F67451C2F20000C2F20001052203F08A
:109860006FF940F6985040F68C51C2F20000C2F2F7
:109870000001052203F064F940F6B05040F6A4510F
:10988000C2F20000C2F200010522BDE8104003F060
:1098900057B90000F0B581B040F6FC47C2F20007AE
:1098A0000D463988064640F68050C2F20000144644
:1098B00003F02CF87988388040F69850C2F2000006
:1098C00003F024F8B988788040F6B050C2F2000066
:1098D00003F01CF839889FED281A00EE101A40F6A4
:1098E0000851C2F20001B8EE400A91ED002A7988D1
:1098F00020EE010A30EE420A02EE101A40F60C5138
:10990000C2F20001B8EE422A91ED003A22EE012A9D
:10991000B88032EE432A03EE100A40F61050B8EE3B
:10992000433AC2F2000090ED004A23EE011A9FED87
:10993000133AB5EE400A31EE441AF1EE10FAB0EEE9
:10994000434AB5EE402AC8BFB0EE404AF1EE10FAE5
:10995000B0EE430AB5EE401AC8BFB0EE420AF1EECF
:1099600010FAC8BFB0EE413A86ED004A85ED000A14
:1099700084ED003A01B0F0BD4108043D0000000054
:1099800080B540F66D5CC2F2000C9CF800E0BEF1C0
:10999000020F23D0BEF1010F11D0BEF1000F2CD168
:1099A00040F60251C2F2000109784FF2E012C0F60F
:1099B0000002515C017001208CF8000080BD40F66F
:1099C0000250C2F2000040784FF2E012C0F60002EE
:1099D000105C087002208CF8000080BD40F6025038
:1099E000C2F2000080784FF2E011C0F60001085C7E
:1099F000107003208CF8000080BD00780978127880
:109A00000844104400EE100AB8EEC00AB0EE081A7E
:109A100080EE010A00208CF8000083ED000A80BD72
:109A200040F60251C2F20001C9789FED051A00EE1E
:109A3000101AB8EE400A20EE010A80ED000A7047C5
:109A40003A07543E41F6D011C2F200010968086499
:109A50007047000010B592B040F61043C2F2000308
:109A6000684603F11001442251F8044B043A40F8CF
:109A7000044BF9D10FCB01F093FF0928044608BF2E
:109A800000F036FDA4F10900B0FA80F0400912B0F0
:109A900010BD0000F0B593B040F2FC16C2F2000613
:109AA00030604001002780B271710E21CDE90007BE
:109AB0004FF6E07041F22C1405910121029006202E
:109AC000C2F20004CDE907110390694620460697CB
:109AD0000497F7F755FBB0FA80F040F614554009AB
:109AE000C2F2000528702046F7F7AAFE002841F2CE
:109AF0002C10C2F200004FF0020118BF2F70F7F7D0
:109B0000E1FA00281CBF00202870707960B140F293
:109B1000382106F10800C2F20001402203F0DAFC0D
:109B2000032804BF0020287030684EF6DA11CDE912
:109B30000A000020CDE90C000120C0F600010E90C3
:109B4000F52009788DF83C0041F22C108DF8441076
:109B5000C2F200000AA911AA10ABF7F7C7FA41F246
:109B60002C14C2F2000400281CBF0220287000BF81
:109B70002046F7F707FC0328FAD313B0F0BD000026
:109B80002DE9F04740F2FC10C2F2000041F62945F1
:109B900000F10804C2F200052046294603F05AFCF1
:109BA000002818BFBDE8F08740F6922741F6284606
:109BB00041F62048C2F20007C2F20006C2F20008D5
:109BC0004FF000094FF0010A0BE000BFE52804BF89
:109BD00087F800A086F800902046294603F03AFC5A
:109BE000A8B9397828780129F0D13178072906D821
:109BF0005E2807D1404600F00DF886F8009087F8FF
:109C00000090E9E74A1C327008F80100E4E7BDE87B
:109C1000F087000040F64432C2F200021378002BB5
:109C200018BF7047013907291BD8DFE801F004107D
:109C30001A091A1A1A16007890700020D07010E0D5
:109C400040F22141518000215060416009E010F84C
:109C5000011B91700121D17002E040F62101518079
:109C6000506040F201101080FFF75EBA10B58AB064
:109C70000A4640F2FC11C2F200010B6801460020C6
:109C8000CDE90300F520CDE9013305928DF81800E8
:109C900012B108A8F6F7C5FA41F22C10C2F2000082
:109CA00001A908AA07ABF7F721FA28B140F614502A
:109CB000C2F200000221017041F22C14C2F2000431
:109CC0002046F7F75FFB0328FAD301200AB010BD46
:109CD000F0B58BB041F22C14C2F2000406462046C7
:109CE0000D46F7F7DBFD0E2040F2FC170690012031
:109CF000C2F20007CDE9080070017D71002580B235
:109D0000CDE901054FF6E07003900620049001A90B
:109D100020463E6007950595F7F732FAB0FA80F0D5
:109D200040F614564009C2F2000630702046F7F79C
:109D300087FD002841F22C10C2F200004FF0020112
:109D400018BF3570F7F7BEF900281CBF002030702F
:109D5000787960B140F2382107F10800C2F20001C1
:109D6000402203F0B7FB032804BF002030700BB083
:109D7000F0BD000080B540F66440C2F200004178BA
:109D80000069002918BF0121FFF784FE03F0BEFF20
:109D900040F21C20C2F200000021017080BD0000D2
:109DA00080B5FFF78FFBBDE88040FFF7E9BE0000FC
:109DB00041F66420C2F2000090F8201090ED091ADC
:109DC00030EE600AC9B190ED033A90ED0A2A20EE18
:109DD000033A33EE011AB4EE421AF1EE10FA80EDB6
:109DE000091A06DCB1EE422AB4EE421AF1EE10FA7C
:109DF00003DAB0EE421A80ED092A90ED063A90EDB2
:109E0000074A90ED0B2A21EE041A23EE000A30EEE9
:109E1000010AB4EE420A0121F1EE10FA80ED0C0ABB
:109E200080F8201007DCB1EE422AB4EE420AF1EECF
:109E300010FAA8BF70470021B0EE420A80ED0C2A4C
:109E400080F82010704700002DE9F04F81B040F6F7
:109E5000DC39C2F2000999F80000002800F0D8802F
:109E6000032840F0FA80F8F76DF841F64631C2F267
:109E700000010B8841F64831C2F200010988DCB2CA
:109E8000C1F3850242EA841B00EE10BA9FED741AFA
:109E900040F6E43AB8EE400AC2F2000A20EE010AA7
:109EA0009AED001A40F6F43C30EE411A40F6F83EC6
:109EB0009FED6C3AC2F2000CB0EEC12AC2F2000E65
:109EC000DCF8007040F6E038DEF80050B4EE432ACB
:109ED000C2F20008F1EE10FA88ED000A0ADD4FF038
:109EE000FF36B5EE401AF1EE10FAB8BF0126354440
:109EF000CEF8005001EE105A9FED5B2AB8EEC11A61
:109F000021EE021A40F6E83640F6EC3531EE001A42
:109F1000C2F20006B842C2F2000586ED001A14D063
:109F2000C71B95ED002A03EE107A9FED504AB8EE5C
:109F3000433A31EE422A23EE043A82EE032A40F6F7
:109F4000F037C2F2000787ED002A8F078AED000A7A
:109F500085ED001ACCF800003DD4C8B29E0103EB99
:109F6000D013B2B203EB540303EB522303EB92235F
:109F700003EBD22303EB12328D0802EBD00240F642
:109F8000145C2A44C2F2000C02EB10129CF801701F
:109F900002EB501202EB901041F66C53002F04BFFD
:109FA00003278CF8017000EB16200122C2F2000397
:109FB00080EA5B3022EA010193F90060484006F133
:109FC0000A01C00718BFC6FA52F1C8B26428197056
:109FD00019D902211AE040F61450C2F20000002103
:109FE000417040F6F030C2F2000089F80010C8F865
:109FF0000010CAF80010316029600160CEF800102E
:10A0000001B0BDE8F08F022F02D103218CF80110BE
:10A010000024C4F20204012089F8000020464FF415
:10A02000004100220025F7F787FF41F6301040F28B
:10A03000282141F64632C2F20000C2F20001C2F20B
:10A0400000020123F9F7D4FF38B120464FF4004154
:10A050000122F7F771FF89F8005001B0BDE8F08FD9
:10A06000DB0FC939DB0F4940DB0FC9406F12833A60
:10A070002DE9F04784B040F20044C4F20204804667
:10A0800020464FF480510022F7F756FF41F6D806DC
:10A090000620C2F200068DF8040001A93046012214
:10A0A0004FF47A73F9F74CFD20464FF480510122AA
:10A0B000F7F742FF4FF005090DF1050A0DF106050E
:10A0C00020464FF480510022F7F736FF30465146C4
:10A0D00001224FF47A738DF80590F9F731FD30467F
:10A0E000294601224FF47A73F9F776FCBDF8067021
:10A0F00020464FF480510122F7F71EFFF807DFD109
:10A1000020464FF480510022F7F716FF41F6D8069B
:10A110002020C2F200068DF809000DF10901304639
:10A1200001224FF47A73F9F70BFD4FEA18408DF8CE
:10A130000A000DF10A01304601224FF47A73F9F753
:10A14000FFFC4FEA18208DF80B000DF10B01304693
:10A1500001224FF47A73F9F7F3FC03A93046012288
:10A160004FF47A738DF80C80F9F7EAFC20464FF42F
:10A1700080510122F7F7E0FE4FF005080DF10D09BF
:10A180000DF10E0720464FF480510022F7F7D4FE60
:10A190003046494601224FF47A738DF80D80F9F765
:10A1A000CFFC3046394601224FF47A73F9F714FC9C
:10A1B000BDF80E5020464FF480510122F7F7BCFE47
:10A1C000E807DFD104B0BDE8F087000070B50446B1
:10A1D0000844000BA0EB1430002586B22046FFF7A0
:10A1E00047FF0135A8B2B04204F58054F6D970BDDE
:10A1F000F0B583B040F20044C4F2020420464FF4AC
:10A2000080510022F7F798FE0A20F7F7A9FD41F6E2
:10A21000D8059F20C2F200058DF805000DF105015B
:10A22000284601224FF47A73F9F78AFC0DF10601F2
:10A23000284601224FF47A73F9F7CEFB9DF8067099
:10A2400002A9284601224FF47A73F9F7C5FB9DF85D
:10A2500008600DF10A01284601224FF47A73F9F7DC
:10A26000BBFBEF2F0ED1F0B240280BD19DF80A00B6
:10A27000C0B2182806D140F61450C2F200000121E5
:10A2800081700AE040F69320C2F2000001780429B0
:10A2900003D801310170FFF7ABFF20464FF4805126
:10A2A0000122F7F749FE03B0F0BD00002DE9F047A9
:10A2B00082B040F20048C4F2020815460C468146BE
:10A2C00040464FF480510022F7F736FE03208DF808
:10A2D000020041F6D800C2F200000DF10201012295
:10A2E0004FF47A73F9F72CFC824630B140F61450E3
:10A2F000C2F200000221817039E041F6D807200C3B
:10A30000C2F200078DF803000DF103013846012267
:10A310004FF47A73F9F714FC200A8DF8040001A9B0
:10A32000384601224FF47A73F9F70AFC0DF1050162
:10A33000384601224FF47A738DF80540F9F700FC96
:10A34000ADB141F6D804A9F10106C2F200040DF145
:10A35000060700BF2046394601224FF47A73F9F709
:10A360003BFB9DF80600013D06F8010FF2D1BAFA59
:10A370008AF0440940464FF480510122F7F7DCFD92
:10A38000204602B0BDE8F0872DE9F04784B040F2E6
:10A39000004AC4F2020A16460F46804650464FF461
:10A3A00080510022F7F7C8FD41F6D8050620C2F219
:10A3B00000058DF807000DF10701284601224FF432
:10A3C0007A73F9F7BDFB50464FF480510122F7F73D
:10A3D000B3FD50464FF480510022F7F7ADFD022443
:10A3E00002A9284601224FF47A738DF80840F9F744
:10A3F000A7FB814658B140F61450C2F200008470A9
:10A4000050464FF480510122F7F796FD6AE041F67D
:10A41000D805380CC2F200058DF809000DF10901CC
:10A42000284601224FF47A73F9F78AFB380A8DF82F
:10A430000A000DF10A01284601224FF47A73F9F758
:10A440007FFB0DF10B01284601224FF47A738DF842
:10A450000B70F9F775FBA6B141F6D805A8F1010418
:10A46000C2F2000503AF00BF14F8010F39468DF8A2
:10A470000C00284601224FF47A73F9F761FB013E84
:10A48000F2D150464FF480510122F7F755FD41F6C5
:10A49000D8064FF00508C2F200060DF10D070DF1C8
:10A4A0000E0500BF50464FF480510022F7F744FDDF
:10A4B0003046394601224FF47A738DF80D80F9F752
:10A4C0003FFB3046294601224FF47A73F9F784FAAC
:10A4D000BDF80E4050464FF480510122F7F72CFD95
:10A4E000E007DFD1B9FA89F0400904B0BDE8F08790
:10A4F0002DE9F047A2B040F2C024C2F20004204689
:10A50000FFF78EFA40F66445C2F20005287A697AB0
:10A510004FF0FF3295ED090A95ED0A1A95ED0B2AD9
:10A5200095ED0C3A95ED0D4A95ED0E5A95ED0F6AA5
:10A53000002808BF012284F8202084F82110206818
:10A54000276A10EE101A11EE102A12EE103A84ED5E
:10A55000010A84ED021A84ED032A84ED043A84EDA5
:10A56000054A84ED065A84ED076A04978DED003A9A
:10A570008DED014A8DED025A8DED036A02F010FC5B
:10A5800001F004FA94ED000A9FED321A684680EE5D
:10A59000010A05F11001882251F8043B043A40F801
:10A5A000043BF9D195E80F0000F002FE94ED000A9B
:10A5B00003F0CEF840F6104AC2F2000A5046542189
:10A5C000F5F748FE00F08EFE02F08AFE40F60846DF
:10A5D000C2F2000670780AF15007022804D0012860
:10A5E00007D10AF1480000E0384690ED000A03F078
:10A5F000CDF995F8028095F80490AC79ED79504644
:10A600005421F5F727FE00F06DFE02F069FE707828
:10A61000022803D0012805D10AF1480797ED000A66
:10A6200003F0B4F90020012C3470F07105D0002C37
:10A6300014BF40F20110012001E04FF48070A6F831
:10A640000500757086F8029086F8038022B0BDE898
:10A65000F08700BFD7B3DD3F10B540F61044C2F21B
:10A66000000420465421F5F7F5FD00F03BFE02F012
:10A6700037FE40F60840C2F200004078022805D0BC
:10A68000012818BF10BD04F1480001E004F150009A
:10A6900090ED000ABDE8104003F078B980B540F6AF
:10A6A0001850C2F200000021417040F21021C2F2A5
:10A6B000000141F6642241F6304341F6E44C41F694
:10A6C000A44E0430C2F20002C2F20003C2F2000C37
:10A6D000C2F2000E80E80E50BDE88040FFF708BFD0
:10A6E00070B52DED088B84B040F60845C2F2000528
:10A6F000E87940F61044C2F20004E0B194ED0C0A8F
:10A700009FEDBD1A94ED0B2A9FEDBC8A20EE010A45
:10A7100030EE020AF0EE480A03F0AAFFB5EE400A56
:10A7200030EE081AF1EE10FAB8BFB0EE410A84ED2F
:10A730000B0A84ED050A2878022843D001283BD073
:10A74000002840F04C81687841F664260028C2F267
:10A75000000600F0AA80022800F0DE80012840F008
:10A760003E81F079002800F0A08096ED040A01A84F
:10A7700003F034F99DED010AD4ED120A84ED110ABB
:10A7800002F01CFEE87884ED070A002800F08D80B6
:10A79000F079002800F0898094ED120AB3EE0E1AC9
:10A7A000B4EE410AF1EE10FA7BDD94ED0D0AD4ED22
:10A7B0000E0A03F003FC76E06878012836D0002802
:10A7C00065D00CE16878002861D0022848D00128C3
:10A7D00040F0058141F66426C2F20006F0790028B7
:10A7E00055D096ED040A01A803F0F8F89DED010A92
:10A7F000D4ED120A84ED110A02F0E0FDE87884ED50
:10A80000070A002843D0F079002840D094ED120ABE
:10A81000B3EE0E1AB4EE410AF1EE10FA33DD94ED08
:10A820000D0AD4ED0E0A03F0C9FB2EE041F66425B3
:10A83000C2F20005E87970B195ED040A01A803F0B1
:10A84000CDF89DED010AD4ED120A84ED110A02F053
:10A85000B5FD84ED070AA879002840F08E801DE040
:10A8600041F66426C2F20006307A00286BD096EDDD
:10A87000050A01A803F0B2F89DED010AD4ED140A0F
:10A8800084ED130A5BE09FED5E0A84ED080A41F651
:10A890006420C2F20000807900286ED194ED0D8A08
:10A8A0007FE09FED570A84ED080AB079A0B194EDDE
:10A8B000070AD4ED090AFFF77BFA94ED081AD4EDE4
:10A8C0000A0A84ED0E0AB0EE410A00F02BFDB0EE4C
:10A8D000408A84ED0D0A01E094ED0D8A94ED059A0D
:10A8E00094ED0EBAB0EE490AFEF724FFB0EE40AA8E
:10A8F000B0EE490AFEF7D2FE2BEE0A1A28EE002A25
:10A9000032EE411A2BEE000A28EE0A2A32EE000A35
:10A9100084ED0F1A84ED100A307AA0B1687802280D
:10A9200009D196ED050A01A803F058F89DED010A3A
:10A9300084ED130A01E094ED130AD4ED140A01F03A
:10A9400017FE84ED110AF079A0B16878012809D1C9
:10A9500096ED040A01A803F041F89DED010A84ED8B
:10A96000110A01E094ED110AD4ED120A02F026FD5D
:10A9700084ED070AB079002890D094ED070AD4ED51
:10A98000090AFFF715FA94ED081AD4ED0A0A84EDC6
:10A990000E0AB0EE410A00F0C5FCB0EE408A84ED2C
:10A9A0000D0A94ED059A94ED0EBAB0EE490AFEF741
:10A9B000C1FEB0EE40AAB0EE490AFEF76FFE2BEEE4
:10A9C0000A1A28EE002A32EE411A84ED0F1A2BEEF5
:10A9D000000A28EE0A1A31EE000A84ED100A94EDFE
:10A9E0000F0AD4ED100A02F0C3FE02F087FC04B097
:10A9F000BDEC088B70BD00BF17B75138DB0FC940E5
:10AA00000000000010B5044640F61040C2F20000FD
:10AA10005421F5F71FFC40F60840C2F200004470D4
:10AA200010BD000070B540F61045C2F200050446A6
:10AA300028465421F5F70EFC00F054FC02F050FCBF
:10AA400040F60846C2F200067078022804D00128B9
:10AA500008D105F1480001E005F1500090ED000A31
:10AA600002F094FF0020012C3470F07107D0002C0C
:10AA700014BF40F201100120A6F8050070BD4FF48C
:10AA80008070A6F8050070BDB0B540F60844C2F26B
:10AA900000046178022913D001290BD0002918BFC6
:10AAA000B0BD016840F61042C2F20002D1614068B8
:10AAB0001062B0BD90ED000ABDE8B04002F086BF64
:10AAC00090ED000A054602F081FFA17829B195EDCD
:10AAD000010ABDE8B04002F071BFB0BD40F61040C1
:10AAE000C2F2000080ED0F0AC0ED100A70470000AE
:10AAF00010B52DED048B40F61040C2F2000090ED31
:10AB0000120A9FED158AB0EEC09AB4EE489AF1EEA3
:10AB100010FA17DB40F60844C2F2000460780128FE
:10AB20000AD040F61040C2F200005421F5F792FB23
:10AB30009FED0A0A01206070BEEE001A20EE010AA5
:10AB400002F044FF0020B4EE489AF1EE10FAB8BFCC
:10AB50000120BDEC048B10BDCDCCCC3D000000002D
:10AB600010B500F057F840F61854C2F200046078AF
:10AB70000138062837D8DFE800F0042A1621122E03
:10AB80003700207818B9F5F743FF01202070FEF751
:10AB900061FF20B1607807281CBF04206070BDE809
:10ABA0001040FFF79DBD01202070FFF755FDF5F720
:10ABB0002FFF6078072816D0052013E000202070B2
:10ABC000F5F7CCFE607807280DD002200AE0FFF7E9
:10ABD00043FD002006E0FFF78BFF20B160780728D7
:10ABE00001D00720607010BD2078002808BF10BD7C
:10ABF00000202070BDE81040F5F7B0BE40F61851B7
:10AC0000C2F2000120B14A78072A18BF4870704785
:10AC10004870704770B52DED088B00F0C3F840F216
:10AC2000C025C2F200052846FEF7FAFE40F61044A1
:10AC3000C2F20004211D04F108022046FEF72AFE9C
:10AC400002F080FD06282ED80121814011F00C0F62
:10AC50001ED111F0300F10D1012101FA00F010F0D7
:10AC6000420F20D094ED011A94ED022A31EE020A2F
:10AC7000B1EE411AB1EE422A1BE094ED002A94EDA8
:10AC8000013AB1EE420AB1EE431A32EE032A10E065
:10AC900094ED001A94ED022AB1EE410A31EE021A47
:10ACA000B1EE422A05E094ED000A94ED011A94ED0C
:10ACB000022A40F60846C2F200069FED383A707943
:10ACC00031EE421A21EE031A002884ED030A84EDC6
:10ACD000041A50D0FFF7B8F800F098F895F8210062
:10ACE00095ED012A01EE100AB8EE411A95F92000FF
:10ACF0009FED2B8A84ED060A20EE010A30EE420A0F
:10AD000001EE100AF0EE480AB8EEC19A03F0B0FC6A
:10AD1000B5EE400A30EE081AF1EE10FAB8BFB0EE08
:10AD2000410A20EE098A94ED03AA94ED04BAB0EE2C
:10AD3000480A84ED058AFEF7FDFCB0EE409AB0EEBD
:10AD4000480AFEF7ABFC2BEE091A2AEE002A32EE77
:10AD5000011A2BEE000A2AEE092A30EE420A84ED8F
:10AD6000090A84ED0A1A00F059F884ED140A00F07B
:10AD70005DF884ED120AB07968B194ED031AD4ED50
:10AD8000041A94ED0F0AD4ED100A02F045F801F010
:10AD9000F9FF84ED120ABDEC088B70BD3ACD133F6C
:10ADA000DB0FC94041F66420C2F200000278C3788C
:10ADB0000132D1B24FF0000C9942A0F806C080F8E1
:10ADC00008C0027038BF7047427803790132D1B2AF
:10ADD00080F800C04FF0010C994280F806C0427024
:10ADE00013D380B58178437901314FF0000ECAB298
:10ADF00080F801E080F807C09A42817022BF80F895
:10AE000002E001210172BDE88040704740F6E03069
:10AE1000C2F2000090ED000A7047000040F6E830F2
:10AE2000C2F2000090ED000A7047000040F6F030DA
:10AE3000C2F2000090ED000A7047000041F6A44005
:10AE4000C2F20000C1889FED061A00EE101AB8EE9B
:10AE5000400A90ED002A20EE010A80EE020A7047B7
:10AE6000D7B3DD3F41F6A440C2F2000001899FED57
:10AE7000061A00EE101AB8EE400A90ED002A20EEF5
:10AE8000010A80EE020A7047D7B3DD3F41F6A440C5
:10AE9000C2F2000041899FED061A00EE101AB8EECA
:10AEA000400A90ED002A20EE010A80EE020A704767
:10AEB000D7B3DD3F40F64431C2F200014B788878C9
:10AEC0000A7A022B02D10C3102F046BF80B50C3158
:10AED00002F08EFE0028BDE8804018BF704740F2A7
:10AEE0001C20C2F200000021017070472DE9F041E2
:10AEF0000D460446F7F726F840F69427C2F20007FD
:10AF0000396841F22818401AB0F57A7FC2F2000879
:10AF100036D340F20046032CC4F2020607D8DFE81D
:10AF200004F00902020D30460821F6F7FDFF032D5B
:10AF30000BD91FE030460821002202E030460821EC
:10AF40000122F6F7F9FF032D14D8DFE805F0080217
:10AF5000020D06F500600421F6F7E6FF0AE006F5AB
:10AF600000600421002203E006F5006004210122B4
:10AF7000F6F7E2FFF6F7E6FF3860002088F80000F9
:10AF8000F6F7E0FF3968401AB0F5FA7F19D398F860
:10AF90000000002818BFBDE8F081022D40F20045F6
:10AFA000C4F2020504D105F500600421F6F7BCFFE8
:10AFB000022C03D128460821F6F7B6FF012088F8B5
:10AFC0000000BDE8F081000010B540F27C20C2F224
:10AFD0000000007940F28424C2F200042070F6F7E9
:10AFE000B1FF4BF27321C4F2E751A0FB0101880BC2
:10AFF00040F61851C2F2000149686070086840F6D6
:10B00000305CC2F2000C0368DCF804008A68C4E912
:10B010000230106892ED110A2061506892ED121A08
:10B020006061D2E90930D2F808E02362136AE06176
:10B030006362D069C4F818E0A06248689FED142AE2
:10B040004178007861719CF808102071A1709CF81B
:10B050000900DCF8381092ED143A21EE021A20EEC5
:10B06000020A9FED0C2A92ED134AE07008784978A5
:10B0700023EE023A24EE022A84ED0B1A84ED0C0A28
:10B0800084ED0D3A84ED0E2AA071E17110BD00BF70
:10B09000EBC91841E12E654210B540F27C24C2F2A2
:10B0A0000004216840F28420C2F200003C22FFF735
:10B0B0006BF92079216801302071C0B23C31092838
:10B0C0004FF0000038BF0120216010BD10B54FF4D3
:10B0D00080304FF407714FF48034FFF777F840F277
:10B0E0007C20C2F2000000210171046010BD00004C
:10B0F00070B540F27C25C2F20005002040F28424A5
:10B1000028714FF48036C2F2000400BFC0B2C0EB19
:10B11000001046EA800120463C22FFF7C7F821785C
:10B120002879814204D1481CC1B208292871EDD97F
:10B13000C0B2C0EB00104FF4803141EA80002860BB
:10B1400070BD00002DE9F04141F64437C2F200071E
:10B150003A780C46082A23D840F284260546C2EBEA
:10B1600002104FF48031C2F2000641EA80013046FD
:10B170003C224FF03C08FFF799F830783978884244
:10B1800011D1013040F2842184F800803870C2F27D
:10B19000000128463C22F5F744F80020BDE8F08184
:10B1A0000020207000E0002038700120BDE8F08110
:10B1B00084B0F0B581B02DED028B0DF1200C8CE840
:10B1C0000F009DF82A109DF82B2041F6642401EE13
:10B1D000101A9FED432AC2F200040020B8EE411A73
:10B1E000C4E90000A060E170227121EE021A02EEB3
:10B1F000102ADDE91C125FFA83FCB8EE422A03EE46
:10B2000010CAC4E91B12DDE91A1221EE022AB8EEB7
:10B21000433A84ED2F0A9DED184A9DED195AC4E971
:10B220000A00206384ED0A0A84ED0B0AC4E91100C8
:10B23000E06484ED110A84ED120A9DED210A1EAF2F
:10B2400022EE033AC4E90800C4E90F00C4E91D0076
:10B25000C4E91F00C4F88400C4E91412C4E916004C
:10B26000C4E91800A066E0CF9DED228A04F19400A5
:10B270002821637184ED031A84ED042A84ED053AD4
:10B2800084ED064A84ED075A84ED0D4A84ED0E5A8A
:10B2900084ED1F0A84ED200A84ED180A84ED190A52
:10B2A000F4F7D8FF04F18800E0C04CF6CD40C3F6B7
:10B2B0004C60C4F8B000B2EE040ADDE9230128EEC8
:10B2C000000A84ED288A84ED2D8A84ED2B0AC4E9D6
:10B2D0003001BDEC028B01B0BDE8F04004B0704716
:10B2E00017B7513841F66420C2F200000021016412
:10B2F000C16480F83C104162016380F820108167CE
:10B30000C0F8841080F87410C165816680F8581008
:10B31000C0E92611C0E92911C0F8B81080F89410CE
:10B320007047000041F66420C2F2000090F83C1023
:10B3300090ED101A30EE600AC9B190ED033A90ED2D
:10B34000112A20EE033A33EE011AB4EE421AF1EE5E
:10B3500010FA80ED101A06DCB1EE422AB4EE421A61
:10B36000F1EE10FA03DAB0EE421A80ED102A90EDF9
:10B370000D3A90ED0E4A90ED122A21EE041A23EEBA
:10B38000000A30EE010AB4EE420A0121F1EE10FA91
:10B3900080ED130A80F83C1007DCB1EE422AB4EECF
:10B3A000420AF1EE10FAA8BF70470021B0EE420A3F
:10B3B00080ED132A80F83C107047000040F60841E9
:10B3C000C2F20001C87170470020FEF751BE0000B4
:10B3D0002D2800F24F81DFE810F02E00B5009D000F
:10B3E000A9007800D400E500AF00F7008B00F10061
:10B3F00072008500E0006600A3005900C100EB0068
:10B400001F01CE00DA0013012C01970091004401C6
:10B410004D00320138010001BB0006016C005300F1
:10B42000410047003B003E0119017E00C700250195
:10B4300034005F000C0140F66440C2F200008079E5
:10B44000C7E040F66440C2F20000D0F88C000DE185
:10B4500040F66440C2F20000406F07E140F66440ED
:10B46000C2F20000C06E01E140F66440C2F200008A
:10B47000006FFBE040F66440C2F20000C06CF5E0F3
:10B4800040F66440C2F20000806EEFE040F6644097
:10B49000C2F20000006AE9E040F66440C2F2000037
:10B4A000D0F89000E2E040F66440C2F2000080690B
:10B4B000DCE040F66440C2F20000406ED6E040F6A8
:10B4C0006440C2F20000007B83E040F66440C2F2B8
:10B4D0000000C0787DE040F66440C2F20000D0F881
:10B4E0008000C3E040F66440C2F200000069BDE0A5
:10B4F00040F66440C2F20000807A6AE040F66440A0
:10B50000C2F20000406CB1E040F66440C2F20000BC
:10B51000006CABE040F66440C2F20000407858E0B6
:10B5200040F66440C2F20000C0699FE040F664400B
:10B53000C2F2000080784CE040F66440C2F20000A5
:10B54000007A46E040F66440C2F20000C07940E074
:10B5500040F66440C2F20000C06D87E040F66440EF
:10B56000C2F20000406A81E040F66440C2F200008E
:10B57000D0F884007AE040F66440C2F20000006B2C
:10B5800074E040F66440C2F20000007921E040F629
:10B590006440C2F20000406B68E044F20000C4F274
:10B5A0009C6063E040F66440C2F20000407910E025
:10B5B00040F66440C2F20000806A57E040F6644002
:10B5C000C2F20000C07A04E040F66440C2F200001B
:10B5D000407A087001201070704740F66440C2F253
:10B5E0000000806D42E040F66440C2F20000006E50
:10B5F0003CE040F66440C2F20000D0F8940035E030
:10B6000040F66440C2F20000806B2FE040F66440D8
:10B61000C2F20000C06F29E040F66440C2F20000B0
:10B62000C06A23E040F66440C2F20000D0F888000F
:10B630001CE040F66440C2F20000C06B16E040F629
:10B640006440C2F20000006D10E040F66440C2F2B7
:10B650000000406D0AE040F66440C2F20000806FD6
:10B6600004E040F66440C2F20000806C08600420F0
:10B670001070704700201070704700002DE9F041F5
:10B6800040F66444C2F20004204600219822FEF7EE
:10B690000DFE002800F096802178012908BFBDE842
:10B6A000F0810022C4F80520C4F8012040F20E12F7
:10B6B000C0F20452C4F8092044F200020121C4F28D
:10B6C0009C62217044F2000340F2000C41F2C25E21
:10B6D0004CF238154AF68206C4E9041204F1180146
:10B6E000C4F29C53C4F27A4CC3F6E86EC3F6B2457A
:10B6F000C3F2FB7681E80C5041F26F22C4E90A568E
:10B70000C3F6832241F26F234CF6CD4604F1380E86
:10B71000C3F60323C3F64C6600254CF6CD418EE8F4
:10B720004C000022C4F22025C3F64C51C4F2400262
:10B73000C4E91151E56400234DF20A7540F2000E90
:10B7400047F2840742F68928226504F15C02C4F2BC
:10B75000A013C3F6A335C4F2F01EC4F25127CCF2F5
:10B76000DA4882E8224042F689214FF07C56636530
:10B77000C4E91A78C4F2DA414CF6CD4249F69A137C
:10B780004CF6CD4704F1700E4DF20A7CA665C3F667
:10B79000CC52C3F69973C3F68C77002600258EE849
:10B7A0008E000021C3F6234CC4F2C826C4F24825FB
:10B7B000C4F24831C4E90CCCC4E92077C4E922655D
:10B7C000C4E9241CBDE8F08180B500209821FEF773
:10B7D000FDFC40F66440C2F2000000219822BDE862
:10B7E0008040FEF7D1BD000010B540F664442D281E
:10B7F000C2F2000400F2BA80DFE800F0176B688E36
:10B800005E87585B7B6E973F38B8B8B8B8A77E8123
:10B81000A491264FAA294C2F612CB0AD35528455E6
:10B82000B63294B3228A1E1A3B640878A0719DE058
:10B830000868C4F88C0099E00868C4F8880095E0AE
:10B840000868C4F8800091E00868A0638EE008688A
:10B8500060648BE00868606588E00868E06485E003
:10B860000868606782E0086820667FE008682061F9
:10B870007CE00868C4F8900078E0087894ED070A46
:10B8800001EE100AB8EE411A80EE010A207384ED31
:10B89000080A6BE00868A06468E00868E06365E097
:10B8A0000868606662E00868E0665FE008786071DA
:10B8B0005CE00878207259E00878E07056E008688B
:10B8C000206553E00868C4F894004FE00878607081
:10B8D0004CE00878E07149E008789FED2B1A00EE03
:10B8E000100AB8EE400A81EE000AA07284ED060A42
:10B8F0003CE00878607239E00868A06236E00868C9
:10B90000E06233E00868A06630E0087820712DE03E
:10B910000868C4F8840029E00878A07026E0086868
:10B92000606323E00868A06720E0087894ED060AC9
:10B9300001EE100AB8EE411A80EE010AE07284EDC1
:10B94000070A13E00868206310E0086860620DE0F1
:10B95000086820640AE00868E06507E00868A065F8
:10B9600004E00868E06701E00868206700F092FEE4
:10B9700061782069002918BF0121FEF7A9F9BDE807
:10B980001040FEF78BBE00BF00409C4680B541F6DC
:10B99000E440C2F200008421F4F75CFC80BD0000AA
:10B9A00084B02DE9F04381B02DED048B41F6E449DC
:10B9B0000DF1300CC2F200098CE8070099F8000084
:10B9C0000DF1300808280F9300F28885DFE810F0A9
:10B9D00009008E01A000BC003800DE01F00130013A
:10B9E000160200200026FFF71DF80020FFF70AF8D6
:10B9F000484640F8146F4FF08041C9F81810FFF71F
:10BA000043F801200127FFF7D9FC9FEDF28AB0EE41
:10BA1000480A01F0B9FC41F63045C2F200050120A8
:10BA20002F8101F0C3FCB0EE480A01F0B7FC6E6054
:10BA3000C9E90166C9F80C6089F8007000F04EBDD4
:10BA4000D9F808004BF68361C2F6A071484340F66E
:10BA5000E8314FEA7000C0F2FA21884205D899F81F
:10BA6000380080F0010089F8380099F8380099F81A
:10BA70003910B6EE009A0028B0EE490A4FF02800BF
:10BA80009FEDD48ABEEE001A08BFB0EE410A00292D
:10BA900008BF24204844F0EE480A80ED000AFFF772
:10BAA0001DF8D9F8080099F8391098ED030A98EDB7
:10BAB000041A98ED0F2A98ED103A41F6343C421CD6
:10BAC0000029C2F2000CC9F8082000F01D839FED88
:10BAD000C20AB4EE403AF1EE10FA40F3438341F665
:10BAE00030409CED000AC2F2000090ED092A31EED0
:10BAF000400A80EE022A9FEDB90AB4EE402AF1EE28
:10BB000010FA40F35A8309F1580309F1540047E34E
:10BB100041F62C30C2F2000098ED120A90ED001AA6
:10BB200030EE411AB0EEC12AB6EE001AB4EE412A48
:10BB3000F1EE10FA40F3888180ED000A0020C9F888
:10BB40000800022000F0D7BCD9F8040040F64051AC
:10BB50000130C0F203018842C9F8040006D940F25E
:10BB60000110A9F88000032089F8820041F63832DC
:10BB7000C2F2000298ED032A92ED000A9FED983A76
:10BB800032EE400AB0EEC00AD9F80830B4EE430AEB
:10BB9000002098ED0F1AF1EE10FAB8BF581C44F6C9
:10BBA000BC5300219842C9F8080082ED002A40F2F7
:10BBB00087819FED8C0A99ED0C3A99ED0D4A22EEA2
:10BBC000002A21EE001A44F6216132EE032A31EEFA
:10BBD000041A884289ED0C2A89ED0D1AC0F07E8482
:10BBE00081EE021AB2EE042A41F63040C2F20000A1
:10BBF000B4EE421AF1EE10FA80ED031A06DD40F2BF
:10BC00000130A9F88000032089F88200B4EE401AC0
:10BC1000F1EE10FA06DA40F20120A9F880000320C4
:10BC200089F882000020C9E90100042000F054BC1A
:10BC300099F8740098ED120A002800F08582B0EEA1
:10BC4000C01AB0EE002AB4EE421AF1EE10FAC0F2B9
:10BC5000458441F6304099ED192AC2F2000090ED7A
:10BC6000093A30EE422A82EE032AD9F8081098EDFC
:10BC7000094A99ED1E3A99ED1F5A013134EE054AF1
:10BC80006429C9F8081089ED1F4A32EE033A89ED9C
:10BC90001E3A0DD8B9EE045A30EE055AB0EEC55A28
:10BCA000B7EE006AB4EE465AF1EE10FA80F216844E
:10BCB00005EE101AB8EE456A83EE065A90ED063A84
:10BCC00024EE033A83EE063AB1EE044AB0EEC56ABA
:10BCD000B4EE446AF1EE10FA80F2668341F26F210D
:10BCE000C3F683219FED405AC1617DE3D9F804007A
:10BCF00041F681210130C0F206018842C9F80400F2
:10BD000006D340F20110A9F88000012089F88200D2
:10BD100098ED051A99ED040A9FED342A31EE400A98
:10BD2000B4EE420AF1EE10FA80F2CD80D9F80800A4
:10BD300049F6DC3101308842C9F8080040F2B98286
:10BD400041F63041C2F200019FED260A91ED012A31
:10BD500021EE000A30EE020A81ED010A49F6404167
:10BD6000884289ED041AC0F0B98301F017FB002066
:10BD70000025FFF723FB4FF08041484640F8141F91
:10BD8000C9F81850FEF780FE0220A5E398ED060AD8
:10BD900099ED192AB0EE001A30EE420AB0EEC00A50
:10BDA000B4EE410AF1EE10FA40F393800520A2E3CD
:10BDB00098ED060A99ED191A30EE410AB0EEC00A64
:10BDC000B7EE001AB4EE410AF1EE10FA40F3128118
:10BDD000062090E300000000CDCCCC3E000048429D
:10BDE0009A99993E0AD7233C6F12833A0AD7A33B0C
:10BDF000CDCCCC3D0000C842CDCCCCBE40F6644694
:10BE0000C2F20006B079FEF70DFEF079FEF7FAFDFA
:10BE100041F63040C2F2000001894FF6FF72891AE4
:10BE2000B1FA81F149093172416800F10C07D0E99A
:10BE30000654006A06F1240CF06309208CCF8CE8CC
:10BE40008E00C6E90D5447E3B0EEC00AB4EE410AD5
:10BE5000F1EE10FA80F20882D9F808100020C9F833
:10BE60000C00481C49F641418842C9F80800C0F05E
:10BE7000358399F80100B3EE041A013000EE100A80
:10BE8000B8EEC00A30EE000AB4EE410AF1EE10FA44
:10BE900006DD40F20150A9F88000022089F88200F6
:10BEA00041F63040C2F200000189012940F02A83A6
:10BEB0004FF0FF3101814FF0FF3001F077FA3CE3A2
:10BEC000C9E90C110AE30020C9F8080089ED041A39
:10BED00004E3D9F8080098ED120A411C41F63040FD
:10BEE000C2F2000090ED133AB0EEC01AB0EEC30AF1
:10BEF0001FED413A31EE422AB4EE432A41F63C327C
:10BF0000F1EE10FAC2F20002C9F8081080ED130A2F
:10BF100019DA92ED002A30EE422AB4EE432AF1EE0D
:10BF200010FA10DA80EE011A41F64037C2F200072B
:10BF3000D9F80C3097ED002A0133C9F80C3031EEF6
:10BF4000021A87ED001A48F2A063C0F20103994279
:10BF5000C0F0BF81D9F80C300121142B4FF0010241
:10BF60002ED341F64032C2F2000200EE103A92EDBA
:10BF7000001AB8EE400A81EE000AB7EE001AB4EEDD
:10BF8000410AF1EE10FA82ED000A06DBB3EE001A68
:10BF9000B4EE410AF1EE10FA06DD40F20162A9F8B2
:10BFA0008020052289F88220B6EE001A30EE010AC0
:10BFB000BDEEC00A007810EE102A904207D007228A
:10BFC000052089F8801089F8812089F882000120F5
:10BFD000FEF718FD00200025FFF7F0F90021C4F25C
:10BFE0002011484640F82C1FFEF74EFDC9E90155C7
:10BFF000062071E2D9F8040040F640510130C0F249
:10C0000003018842C9F8040006D940F20110A9F8DA
:10C010008000032089F8820041F63040C2F200001F
:10C0200090ED100A90ED0F1A20EE000A21EE011A91
:10C0300031EE000AB1EEC01AB6EE000AB4EE401AB4
:10C04000F1EE10FA40F33E81017898ED122A00EEED
:10C05000101AB8EE400A22EE003A1FED9A2AB0EE0E
:10C06000C33AB4EE423AF1EE10FA40F32B81D9F81C
:10C07000081044F6BB5201319142C9F8081040F251
:10C08000248199ED1B4A99ED1C5A44F6206231EE49
:10C09000041A33EE053A914289ED1B1A89ED1C3AD8
:10C0A000C0F01C8281EE021A83EE022A81EE021A8F
:10C0B000B2EE042AB4EE421A21EE000AF1EE10FAB2
:10C0C00080ED051A80ED060A06DD40F20130A9F880
:10C0D0008000062089F882001FEDBE0AB4EE401AE7
:10C0E000F1EE10FA06DA40F20120A9F880000620ED
:10C0F00089F882000025484640F82C5FFEF7C4FC12
:10C10000C9E901550720E7E11FEDCD1AB4EE412A38
:10C11000F1EE10FA40F3E08041F630409CED001A59
:10C12000C2F2000090ED092A30EE411A81EE022A97
:10C130001FEDD61AB4EE412AF1EE10FA3BDD09F1FB
:10C14000480309F144002DE01FEDD71AB0EEC00AF4
:10C15000B4EE410AF1EE10FABCBF012089F8740078
:10C160000720C8E11FEDDC0AB4EE403AF1EE10FA08
:10C1700023DA41F630409CED000AC2F2000090ED57
:10C18000092A31EE400A80EE022A9FEDEE0AB4EE53
:10C19000402AF1EE10FA10DA09F1600309F15C00AF
:10C1A000B0EE410A90ED001A1F6832EE011A80EDE0
:10C1B000001A781C1860B0EE401A4EF660208242D9
:10C1C0008CED001AC0F08A81002900F0A680D9F811
:10C1D0004860D9F85030D9F85820132E4FF000019C
:10C1E0004FF00007D9F860C088BF0121132B88BF2A
:10C1F000012700203940132A4FF0000788BF01278C
:10C20000BCF1130F88BF0120002900EA070008BF16
:10C21000002806D140F20117A9F88070042789F898
:10C220008270002900F0828000EE106A99ED111AE8
:10C23000B8EE400A99ED132A81EE000A01EE103A99
:10C24000B8EE411A82EE011A0028B0EEC00AB0EE34
:10C25000C11A30EE010A20EE090A89EE000A00F048
:10C26000F180B0EE408A64E0D9F80C0044F6216118
:10C2700001308842C9F80C00C0F03081032003254A
:10C28000FEF7C0FBDFEDB40AB6EE000AFEF726FCAF
:10C2900000260020C9E9016689F80050FEF7B2FBCC
:10C2A000484640F8146FC9F81860FEF7EDFB082007
:10C2B00012E141F63040C2F200000021416089EDF8
:10C2C000041A0BE10020C9F808000020C9E91B008E
:10C2D00004E182ED000A01E19FEDA01AB4EE412ACB
:10C2E000F1EE10FABFF667AF41F630409CED001A50
:10C2F000C2F2000090ED092A30EE411A81EE022AC6
:10C300009FED971AB4EE412AF1EE10FABFF653AF43
:10C3100009F1500309F14C0044E7012089F8390084
:10C320000020C9F80800CCF80000D7E0002800F091
:10C33000928000EE102A99ED151AB8EE400A99ED98
:10C34000172A81EE000A01EE10CAB8EE411A82EEF9
:10C35000011A0029B0EEC00AB0EEC11A30EE010A8F
:10C3600020EE090A89EE001A73D038EE010A9FED1B
:10C370007D2A20EE090A38EE411AB0EEC11A20EEED
:10C38000022A41F63040B4EE421AC2F20000F1EE49
:10C3900010FA80ED040A66DD40F20140A9F8800041
:10C3A000042089F882005EE083EE055A9FED666AFC
:10C3B000B4EE465AF1EE10FA80ED075A06DA40F272
:10C3C0000121A9F88010072189F882109FED5F6A8A
:10C3D000B4EE465AF1EE10FA06DD40F20131A9F84A
:10C3E0008010072189F88210B0EEC22AB7EE006AE9
:10C3F000B4EE462AF1EE10FA16DAB4EE441AF1EE73
:10C4000010FA11DD9FED531A25EE011A33EE011AD1
:10C4100081EE000A9FED4C1AB4EE410AF1EE10FADB
:10C42000B8BF9FED4B0A01E09FED490A80ED080A75
:10C430000025484640F82C5FFEF726FBC9E9015568
:10C44000082049E041F63040C2F2000080ED040AC5
:10C4500009E0B0EE418A41F63040C2F2000080EDC2
:10C46000048AB0EE480A9FED401AB4EE410AF1EE9C
:10C4700010FA01DA022007E09FED351AB4EE410A06
:10C48000F1EE10FA08DD0320012189F88100042073
:10C4900089F8801089F882000220FEF7C3FA002094
:10C4A0000025FEF7AFFA4FF08041484640F8141FD0
:10C4B000C9F81850FEF7E8FA01200126FEF77EFFC2
:10C4C0009FED2A0A00F058FF41F63040C2F200000A
:10C4D0000670C9E90155052089F80000D8F8481010
:10C4E00099F88000C9F8641000281ABF092089F85B
:10C4F000000099F80000BDEC048B01B0BDE8F043EA
:10C5000004B0704701250581012000F04FFF99F824
:10C5100001000021013089F8010055FA80F000EE99
:10C52000100AB8EEC00A30EE000A09F1140089EDD5
:10C53000050AC9F81810FEF7A7FA0020C9F8080084
:10C54000CCE700BF000048C217B7D1380AD7233C58
:10C550006F12833ACDCCCCBD00000000CDCCCCBE58
:10C56000000048C29A99993EACC52737000048435D
:10C5700041F66420C2F2000090ED311A90ED303A9D
:10C58000B4EE401A90ED052AF1EE10FAB8BFB0EE05
:10C59000410AB4EE430A90F89410F1EE10FAB8BFD5
:10C5A000B0EE430A30EE601AD1B190ED274A21EE89
:10C5B000023A90ED280A33EE043AB4EE403AF1EE36
:10C5C00010FA80ED273A02DD80ED270A08E0B1EE8F
:10C5D000400AB4EE403AF1EE10FAB8BF80ED270AF7
:10C5E00090ED260A90ED2C4A31EE400A80EE022AA8
:10C5F00090ED2A3AB7EE005A35EE445A90ED2B0AE8
:10C6000025EE033A24EE022A32EE032AB4EE402A43
:10C61000F1EE10FA80ED292A06DCB1EE400AB4EE04
:10C62000402AF1EE10FA03DAB0EE402A80ED290A32
:10C6300090ED220A90ED233A90ED274A90ED245A8E
:10C6400023EE043A20EE010A80ED2A2A30EE030A96
:10C6500025EE022A32EE000A90ED2D2A0121B4EED9
:10C66000420AF1EE10FA80ED2E0A80F8941006DCF2
:10C67000B1EE422AB4EE420AF1EE10FA06DA0021D7
:10C68000B0EE420A80ED2E2A80F8941080ED261A32
:10C690007047000010B540F63050C2F20000002193
:10C6A0000173816040F66441C2F2000101F1640E41
:10C6B0009EE80C5000F1100484E80C1091ED1D0A66
:10C6C0009FED0E1A01F1780CC0F81CE09CE80C10EC
:10C6D000D1F8841040F21C2E40F6145420EE010ACA
:10C6E000C2F2000EC2F2000480ED080A42628362C8
:10C6F000C0F82CC0C0E90C1E846310BD00007A4451
:10C7000010B5FDF75FF840F63054C2F20004611C2A
:10C71000A21C231D2046FDF733F9A07A00B110BDFD
:10C72000D4F838C040F618529CF80200C2F2000259
:10C7300001280FBF002101212172A172136993F812
:10C74000800058B193F881000421072808BF032115
:10C75000012808BF022121720121A172526894EDC3
:10C76000092A10689FED620A90ED001A22EE003A45
:10C77000B4EE413AF1EE10FA08DBB3EE043A83EE80
:10C78000022AB4EE412AF1EE10FA09DD0620B4EED9
:10C79000401A0121F1EE10FAC8BF05202072A172E3
:10C7A00093689FED540A93ED001AB4EE401AF1EE2F
:10C7B00010FA0DDC93ED011AB4EE401AF1EE10FA06
:10C7C00006DC93ED021AB4EE401AF1EE10FA76DDB3
:10C7D000072001212072A1729CF80000012809D0D5
:10C7E000022803D0032805D0082100E00921217286
:10C7F0000121A17294ED010A9FED3F1AB4EE410AA6
:10C80000F1EE10FAC2BF01206072E07294ED051AD9
:10C8100094ED0B2A93ED120A21EE023AB4EE403A5F
:10C82000F1EE10FA08DBB1EE411A81EE021AB4EE15
:10C83000401AF1EE10FA03DD022060720120E0726E
:10C8400052685078022819D194ED072A94ED0C1AF9
:10C8500093ED140A22EE012AB4EE402AF1EE10FA0A
:10C8600008DB94ED062A82EE011AB4EE401AF1EECE
:10C8700010FA03DD032060720120E072107828B9FD
:10C880009CF8010040F00202032A0ED119B9E07AA7
:10C89000002808BF10BDFEF797FB0720FEF7AEF992
:10C8A000FEF7FAFB0120207310BD0122E272042280
:10C8B000022808BF052262720029E8D0EBE794ED58
:10C8C000041A94ED0A2A93ED090A21EE023AB4EE15
:10C8D000403AF1EE10FAFFF67BAFB1EE411A81EE6D
:10C8E000021AB4EE401AF1EE10FA7FF775AF6FE757
:10C8F000000008420000C8420000A04240F630504C
:10C90000C2F2000000218160FDF7C8BE2DE9F04FA2
:10C9100003AF83B090F80490072202EB890222F063
:10C920000702ADEB020AD5464379D0F800E05E1C61
:10C93000B6FBF9F52EF8131005FB1961B9F1000FDC
:10C94000417100F0CB80B9F1040F09F0030C01D262
:10C95000002119E009F0FC08AEF10206AAF1040575
:10C96000002100BF36F8084F0AEB810336F8060CA9
:10C9700068600EEB4100428880880431C3E90120E1
:10C98000884545F8104FEDD1BCF1000F13D03EF8AB
:10C990001100BCF1010F4AF821000CD0481C3EF8F0
:10C9A0001020BCF1020F4AF8202004D0881C3EF869
:10C9B00010104AF82010B9F1010F00F08F80A9F192
:10C9C000010E47F8149CC9F1000B4FF00009F04626
:10C9D0000AE000BFC8076ED109F10109A8F10108FA
:10C9E000F1450BF1010B66D0F14564D0DAF8005047
:10C9F000002401210AEB84025668631CB5421BDC4B
:10CA00000BEB040C1CF10200E4D09568A01CAE42B4
:10CA100017DC1CF10303DDD0D3689D4215DC1CF14B
:10CA20000400D7D01569221DAB4212DC0BEB0200CB
:10CA300001301446DED1CDE72046294635461C4656
:10CA40000AE031460446184606E0033429461D46EE
:10CA500002E0E01C194614460BEB04034AF8205090
:10CA6000581C4AF82410B7D00AEB84025568A94232
:10CA700017DD981CC2E90051AED09568A94212DDBD
:10CA8000D81CC2E90151A7D0D568E01CA9420CDD31
:10CA90000433C2E902519FD015690434A942DBDC9A
:10CAA00004E0013402E0023400E0044644454FF063
:10CAB00000019FD190E757F8149CB9F1030F0DD3F3
:10CAC000A9F10200A9F10301032900F0030C10D21F
:10CAD00000200122BCF1000F21D100E00020A9F1CB
:10CAE000020190FBF1F0A7F10C0480B2A546BDE86D
:10CAF000F08F20F003020020002300BF0AEB830622
:10CB0000D6E90154D6E903162844204408440433E6
:10CB10009A423044F2D15A1CBCF1000FDFD05AF8CF
:10CB20002210BCF1010F0844D9D00AEB82025168EF
:10CB3000BCF1020F08441CBF91680844CFE7000015
:10CB400080B50B4601600021027141715100184609
:10CB5000F3F780FB80BD00002DE9F0410C4605464F
:10CB6000F5F7F0F941F64C37C2F200073969401A7F
:10CB70000A2838BFBDE8F0812E0CF5F7E3F93988B3
:10CB8000AAB29142386109D17888864206D1BA8822
:10CB9000A3B29A4202D106460D4601E03D60BC8038
:10CBA000B8794EF6CC01C0F600010A5CA9B240F299
:10CBB00002135143C0F20113A1FB031506FB02F15E
:10CBC000A1FB0361A6B27243A2FB03233A89EDB233
:10CBD0009542DCB206D17A89CBB2934202D1BA89AE
:10CBE000944222D061F3174500202946224600F0E6
:10CBF00021F841F66036C2F2000606F160006021BD
:10CC0000F3F728FB41F68818C2F2000840460421D9
:10CC100032463023F8F7BCF840460821324630232C
:10CC2000F8F7B6F8B879BD60BC810130B871BDE8DD
:10CC3000F0810000012888BF70472DE9F0430B0206
:10CC40004FF0460300EB400E41F6603558BF2323FA
:10CC5000C2F200054FEA4E1405EB4E102B514B0269
:10CC60004FF0460E58BF4FF0230E8D024FF046088E
:10CC700058BF4FF02308CC024FF0460958BF4FF081
:10CC800023090B034FF0460358BF23234E034FF0F5
:10CC9000460658BF23268F034FF0460758BF232769
:10CCA000CD034FF0460558BF23250C064FF0460430
:10CCB00058BF2324C0E901E8C0E903934B064FF0B5
:10CCC000460EC0E90567C0E9075458BF4FF0230E70
:10CCD0008F064FF0460858BF4FF02308CE064FF09E
:10CCE000460658BF23260D074FF0460558BF23259B
:10CCF0004C074FF0460458BF23248B074FF04603E0
:10CD000058BF2323C9074FF0460108BF2321170648
:10CD10004FF0460758BF2327C0E90F1751064FF0C1
:10CD20004601C0E909E8C0E90B65C0E90D4358BFF9
:10CD3000232193064FF0460358BF2323D7064FF015
:10CD4000460758BF232716074FF0460658BF23262D
:10CD500055074FF0460558BF232594074FF046046A
:10CD600058BF2324D2074FF0460C00F1440208BFFD
:10CD70004FF0230C8AC2C0E91465C0E9164CBDE827
:10CD8000F043704741F63040C2F20000017890ED68
:10CD9000130A01EE101AB8EE411A80EE010A70472C
:10CDA000F0B581B00A9D41F63044DDE908ECDDE9DB
:10CDB00006612F0AC2F200046DB225814BF217758D
:10CDC000A06200202770C3F6510504F10C07C4E9E6
:10CDD000061EC4E9150004F12C0025214CC7C4E946
:10CDE00008C5F3F737FA00200027C4F270104CF69C
:10CDF000CD41C4F27A47C3F6CC5100220023C4E9E6
:10CE0000187004F16800C4F2C822C4F2FA330EC0EC
:10CE100001B0F0BD0000000070B52DED0A8B41F6A9
:10CE20003046C2F2000696F85000002800F09781C4
:10CE300096ED035A96ED092A96ED043A25EE024A3C
:10CE4000B7EE009A34EE033A89EE034A96ED163AAD
:10CE50009FEDCF6A9FEDCFAA33EE063AB4EE493A82
:10CE6000F1EE10FAC8BFB0EE493AB5EE403AF1EE35
:10CE700010FAC8BFB0EE43AA96ED0B3AF0EE002AC6
:10CE800031EE437A2AEE046A96ED0C4AB4EE627AE9
:10CE9000B8EE008A86ED16AA71EEC41AF1EE10FA09
:10CEA000C8BFB0EE627AB4EE487AF1EE10FAB0EE96
:10CEB000481AF4EE621AC8BFB0EE471AF1EE10FA43
:10CEC000C8BFF0EE621AF4EE481A25EE037AF1EECE
:10CED00010FAC8BFB0EE618A30EE470A96ED0D7ABF
:10CEE00040F6FC3025EE045AC2F2000030EEC55A7E
:10CEF00026EE077AD0ED000AD6ED0E1A40F6004174
:10CF000027EE027AC2F2000120EE060A26EE055A4A
:10CF100030EEC77A26EE216AD1ED000A26EE026ACB
:10CF2000DFEDE01A30EEC66ADFEDDF0AB4EE617ABB
:10CF3000F1EE10FAC8BFB0EE617AB4EE607AF0EEAE
:10CF4000602AF1EE10FAC8BFF0EE472AB4EE616A2B
:10CF500032EE800AC0ED002AF1EE10FAC8BFB0EE42
:10CF6000616AB4EE606A22EE000A9FEDD0BAF1EE7B
:10CF700010FAC8BFF0EE460A30EE855A33EE000ACA
:10CF80009FEDCB3A22EE052AB4EE4B0AC1ED000A22
:10CF900034EE022AF1EE10FAC8BFB0EE4B0AB4EE3E
:10CFA000430AF1EE10FAB0EE434AB4EE4B2AC8BF82
:10CFB000B0EE404AF1EE10FAC8BFB0EE4B2AB4EE24
:10CFC000432A11EE100AF1EE10FAC8BFB0EE423A51
:10CFD00086ED0B4A86ED0C3AF3F7D6FA9FEDAE0BD1
:10CFE00054EC105B2A462346F3F75FFAF3F7DFFAB7
:10CFF0000CEE100A18EE100AF3F7C6FA2A4623467A
:10D00000F3F753FAF3F7D3FA96ED1A0A08EE100A7B
:10D010008CEE000A01F084FB96ED1A1A88EE011AD4
:10D02000B0EE408AB0EE410A01F07AFB96ED191A93
:10D03000BAEE044A2AEE011A28EE013A20EE010A5D
:10D04000B2EE041AB4EE413A96ED092AF1EE10FA66
:10D05000C8BFB0EE413AB4EE443AF1EE10FAB0EE89
:10D06000445AB4EE410AC8BFB0EE435AF1EE10FA8A
:10D07000C8BFB0EE410AB4EE440AF1EE10FAC8BFE0
:10D08000B0EE404A9FED8B0A9FED8B8A2AEE000A94
:10D0900030EE0B0A20EE080A20EE020A86ED0D5A49
:10D0A00086ED0E4A01F0EEF99FED841A39EE400A42
:10D0B0009FED832AB4EE410AF1EE10FAC8BFB0EE3C
:10D0C000410AB4EE420AF1EE10FAC8BFB0EE402AAF
:10D0D00096ED0D1A96ED0F4A39EE420A96ED0E3A8C
:10D0E00096ED105A21EE021A20EE044A74EE010A5F
:10D0F00022EE031A20EE050A9FED72BA30EE010A05
:10D10000B0EEE01AB4EE4B1AF1EE10FAC6ED0F0ACB
:10D1100086ED100A40DAB0EEC01AB4EE4B1AF1EE0A
:10D1200010FA39DA40F6044096ED131A9FED692A99
:10D13000C2F2000090ED000A21EE021A9FED662A6D
:10D1400096ED093A20EE020A96ED114A30EE010AF8
:10D1500080ED000A20EE030A30EE040A40E0716D13
:10D16000002001319FED4E0A86ED0B1AC6ED0C1A18
:10D17000C6E90D00F0633064B1F5FA6F716522BF46
:10D18000012186F85010B0657064F0647CE000BF47
:10D190006F12833A0000000001F01EF896ED111A9C
:10D1A0009FED492A30EE410A30EE083AB4EE420AC9
:10D1B000F1EE10FAC8BFB0EE430A9FED442A9FED8E
:10D1C000443A30EE022AB4EE430AF1EE10FAB8BF48
:10D1D000B0EE420AB6EE002A20EE020A30EE010A54
:10D1E0009FED3A8AF0EE480A01F042FA30EE081A52
:10D1F000B5EE400AF1EE10FAB8BFB0EE410A96ED76
:10D20000121A9FED312A86ED110A30EE410A30EEF6
:10D21000020AF0EE480A01F02BFA30EE081AB5EED9
:10D22000400AF1EE10FAB8BFB0EE410A9FED281A9D
:10D2300096ED092A30EE010A80EE021A96ED1C2ABC
:10D2400096ED110AB1EE424A96ED133AB4EE421A47
:10D25000F1EE10FAB4EE441AC8BFB0EE421A9FEDD8
:10D260001F2AF1EE10FA2AEE022A32EE0B2AB8BF7C
:10D27000B0EE441A39EE424A22EE011A24EE032A95
:10D2800032EE011A86ED131A86ED120ABDEC0A8BF6
:10D2900070BD00BF00BF00BFD07B630800004940E5
:10D2A0000000000000007A4400007AC400004842F8
:10D2B000000048C20000C842DB0FC9C0A4707D3F17
:10D2C0000AD7233CCDCCCC3DDB0F4940DB0FC94016
:10D2D000DB0F49C0CDCC4C3D3333733FCDCCCC3E7E
:10D2E00080B541F63040C2F200000021C0E91511BE
:10D2F0002C302521F2F7AEFF80BD000041F6A4409E
:10D30000C2F20000417907290DD801228A4012F0AB
:10D31000120F0CD112F0240F07D1012202FA01F1F1
:10D3200011F0810F0ED1428902E0028900E0C2882B
:10D3300040F64131C2F200010978292A0DD30129B2
:10D3400000D1704740F64130C2F200000121017067
:10D3500040F6010080B2FCF775BB032908BF704797
:10D36000C08840F641312838C2F20001032280B261
:10D370000A70FCF767BB000040F61040C2F20000E4
:10D3800080ED0C0A7047000040F61040C2F2000029
:10D390000021016380ED0B0A7047000040F2C020BD
:10D3A000C2F2000080ED010A7047000040F2C02187
:10D3B000C2F2000181F820007047000041F66420AD
:10D3C000C2F2000090F8741090ED1E1A30EE600A60
:10D3D000C9B190ED043A90ED1F2A20EE033A33EEE6
:10D3E000011AB4EE421AF1EE10FA80ED1E1A06DCB4
:10D3F000B1EE422AB4EE421AF1EE10FA03DAB0EEC0
:10D40000421A80ED1E2A90ED1B3A90ED1C4A90EDD9
:10D41000202A21EE041A23EE000A30EE010AB4EEAF
:10D42000420A0121F1EE10FA80ED210A80F8741011
:10D4300007DCB1EE422AB4EE420AF1EE10FAA8BFC0
:10D4400070470021B0EE420A80ED212A80F8741066
:10D4500070470000002804BF03207047B0F80AC0DE
:10D46000BCF1000F04BF0220704729B10268838815
:10D47000D25C0A70B0F80AC0818803890131B1FB1F
:10D48000F3F202FB13118180ACF101014181002014
:10D490007047000000284FF0030218BF002901D197
:10D4A00010467047428903899A4202D101221046F0
:10D4B000704709780268C388D154C1880289013154
:10D4C000B1FBF2F303FB12114289C180511C41816F
:10D4D00000207047034600284FF0030018BF0029C2
:10D4E00000D17047002A08BF70470020C3E9001030
:10D4F0001A8158817047000080B540F61850C2F27A
:10D500000000407807280DD8A321C140C90709D0E1
:10D5100015A11DA251F8201052F82020086811888A
:10D52000FFF71AFB40F63050C2F20000806B40F269
:10D53000003C01784078CA0004294FF00001C0F295
:10D54000021C4FF0000338BF2CFA02F14FEAC00E64
:10D550000CF57F02042838BF22FA0EF3C8B2D9B204
:10D56000BDE88040FDF7C2BCB4E80008C0E8000890
:10D57000C0E80008C0E80008C0E80008BAE80008F1
:10D58000C0E80008C6E80008B8E80008C4E80008D9
:10D59000C4E80008C4E80008C4E80008BEE80008C1
:10D5A000C4E80008CAE8000810B5142888BF10BDF8
:10D5B000DFE800F00B7253633D8B9A69B54CAC34D5
:10D5C00043912B5A2279A3BE82000C4600F0D2F977
:10D5D00040F69C21C2F20001087040F6185040F657
:10D5E0003052C2F20000C2F2000240781289487044
:10D5F0004A800868206010BD40F61850C2F2000052
:10D6000040688068406C086010BD40F61850C2F257
:10D61000000040688068006A086010BD40F618503D
:10D62000C2F2000040688068406A086010BD0C4685
:10D63000FDF718FC84ED000A10BD40F61850C2F248
:10D64000000040688068806A086010BD40F618508D
:10D65000C2F200004068806822E040F61850C2F232
:10D6600000004068006860E040F61850C2F2000018
:10D6700040688068806C086010BD0C46FDF7DEFBDA
:10D6800084ED000A10BD40F61850C2F20000406858
:10D690008068406B086010BD40F63050C2F2000058
:10D6A0004068086010BD40F61850C2F200004068A3
:10D6B00080684069086010BD40F61850C2F2000052
:10D6C00040688068C06C086010BD0C46FDF7DEFB4A
:10D6D00084ED000A10BD40F61850C2F20000406808
:10D6E0008068C069086010BD40F61850C2F20000A2
:10D6F00040688068806B086010BD40F61850C2F228
:10D700000000406880688069086010BD40F61850CD
:10D71000C2F20000406880688068086010BD40F672
:10D720001850C2F20000406880680068086010BDB0
:10D7300040F61850C2F2000040688068006D086032
:10D7400010BD000041F6A440C2F2000040797047CD
:10D750009FED061A41F6A44081EE000AC2F20000D5
:10D760000021C0E9011180ED000A7047313963459D
:10D77000B0B52DED028B9FED781AB0EE608A20EEE9
:10D78000010A10EE100AF2F7FFFE044618EE100A26
:10D790000D46F2F7F9FE9FED6E0B53EC102BF2F7EE
:10D7A00012FE22462B46F2F767FDF2F700FF00EE6D
:10D7B000100A0021B5EE408A30EE082AF1EE10FA88
:10D7C000C8BF0121B5EE400AF1EE10FAC8BF023120
:10D7D000B5EE402AF1EE10FAB8BF043141F6A4408C
:10D7E000B1EE423AC2F20000DFE801F004141D0B72
:10D7F0002F3826049FED590A00214171B0EE401ADE
:10D8000034E090ED002A0121417122EE001A22EE4F
:10D81000080A2BE090ED003A0221417123EE401AF4
:10D8200022EE030A22E090ED000A0621417122EE69
:10D83000001A20EE480A19E090ED002A052122EE98
:10D84000031A22EE000A417110E090ED002A042133
:10D85000417122EE481A22EE400A07E090ED000ADC
:10D860000321417120EE081A20EE030A9FED3C2AA5
:10D8700030EE013AB4EE423AF1EE10FA0CDD21EE50
:10D88000021A81EE031A20EE023A30EE010A83EE0C
:10D89000000A9FED323A07E032EE413A33EE403A69
:10D8A000B6EE004A23EE043A32EE432A32EE413A13
:10D8B0009FED2A1A33EE405AB0EE410AB0EE414ACB
:10D8C000DFE801F02B0412190B1E2500B0EE421AFE
:10D8D000B0EE430AB0EE454A1FE0B0EE451AB0EE96
:10D8E000430AB0EE424A18E0B0EE431AB0EE420AE4
:10D8F000B0EE454A11E0B0EE451AB0EE420A0AE039
:10D90000B0EE431AB0EE450AB0EE424A05E0B0EE82
:10D91000421AB0EE450AB0EE434A41F6D013BDEECE
:10D92000C00AC2F20003BDEEC11A10EE102ABDEE0D
:10D93000C40A1B6811EE101A10EE105AC180028141
:10D94000458159639A63DD63BDEC028BB0BD00BFB6
:10D95000000000000000E0BFD7B35D3F0000000002
:10D96000003003454EF6CC11C0F6000108688988E6
:10D97000FFF7F2B841F6B140C2F2000000787047FC
:10D9800041F6B141C2F200010870704741F6D04043
:10D99000C2F2000080ED000A41F6D440C2F200005D
:10D9A00080ED000A41F6D840C2F20000002101607B
:10D9B00041F6DC40C2F200000160704741F6D840F9
:10D9C000C2F2000080ED000A7047000041F6D0402E
:10D9D000C2F2000080ED000A7047000010B541F669
:10D9E000BC44C2F2000441F6D043217CC2F20003E1
:10D9F00093ED001A0022C0E900228260C1B341F613
:10DA0000D84E41F6D44CC2F2000EC2F2000C9EED8C
:10DA1000004A94ED015A9CED002A24EE043A75EE7A
:10DA2000050AC3EE201A31EE423A9FED636A9FED7C
:10DA3000637AB5EE403AF1EE10FAC8BF0122B0EEBB
:10DA4000C33AB4EE465AF0EE473AB8BF013A02EE96
:10DA5000902AF1EE10FAC8BFF0EE613AB4EE633AE4
:10DA6000F1EE10FAF8EEE21A05DD94ED007A0BE023
:10DA700080ED001A9CE063EE200AF5EE400AF1EE1C
:10DA800010FA01DBB1EEE07A27EE217A012937EEB8
:10DA9000447A1AD125EE005AB0EEC76AB4EE456A50
:10DAA000F1EE10FA0EDD0021B5EE407AF1EE10FA3B
:10DAB000C8BF0121B8BF013906EE101AB8EEC66A18
:10DAC00025EE067A34EE074A44E0DFED3C0AB4EE78
:10DAD000460A87EE007AF1EE10FAC8BFF0EE470A68
:10DAE000B1EE456AF4EE450A41F6DC41F1EE10FA7A
:10DAF000F4EE460AC8BFF0EE450AC2F20001F1EEAC
:10DB000010FAB8BFF0EE460A91ED005A94ED026AA1
:10DB100030EEC57A26EE006AF0EEC70AF4EE460A49
:10DB2000F1EE10FA0EDD0022B5EE407AF1EE10FAB9
:10DB3000C8BF0122B8BF013A07EE102AB8EEC77A73
:10DB400066EE070A35EE205A81ED005A25EE005A9E
:10DB500035EE044A24EE000A30EE020A94ED032A60
:10DB60008CED000A80ED000A9FED150AB5EE402A03
:10DB70008EED004A80ED014AF1EE10FAC8BFB0EE1A
:10DB8000420AB4EE403AF1EE10FA4FF0000110DC18
:10DB9000B0EEC42AB4EE402AF1EE10FA09DC41F6E8
:10DBA000DC42C2F200028CED001ACEF800101160C7
:10DBB0000121017210BD00BFBD3786350000000095
:10DBC0006F12833A40F6443CC2F2000C9CF80030DD
:10DBD000002B18BF704740F20133ACF800308CF8CE
:10DBE00002008CF80320CCF80410FBF79DBA00006B
:10DBF000002A04BF002070472DE9F04381B0042AB9
:10DC000002F0030C06D200264FF00009BCF1000F11
:10DC10001ED12AE002F0FC07C7F1000E01F1010855
:10DC20004FF000096FF0030408EB0403DE781D7960
:10DC30005F794E449B79354404343D440EEB040631
:10DC4000043603EB0509EFD1261DBCF1000F0CD003
:10DC50008D5DBCF1010FA94407D00E447578BCF16D
:10DC6000020FA9441CBFB378994440F27715C2F261
:10DC70000005EC1C68702046AA701646F2F7D1FA2F
:10DC800009F0010085F88300A05595F88400A119DA
:10DC90004870701DC4B228462146F2F743FE41F693
:10DCA000E046C2F2000618B33078052823D80130C8
:10DCB000307040F27710C2F200002146F2F732FED7
:10DCC000E0B140F27715C2F2000500BF31780027BD
:10DCD000062938BF012705294FF0000010D8481C3D
:10DCE000307028462146F2F71DFE0028EED106E0EE
:10DCF0000120012704E00027012001E00127002086
:10DD000000213170384001B0BDE8F083B0B540F279
:10DD10008854C2F20004601C8321F2F79BFA40F29F
:10DD20000D65C2F20005681C8321F2F793FA5520B5
:10DD30002870AA23207041F6182040F6982185F813
:10DD40008430C2F20000C2F20001012284F8843063
:10DD5000BDE8B040F7F732BD002A08BF70472DE993
:10DD6000F04740F20D688146C2F20008042A02F032
:10DD7000030C88F8010088F8022005D20027002350
:10DD8000BCF1000F1ED12AE002F0FC03C3F1000E2B
:10DD900001F1010A00236FF0030500BF0AEB05043F
:10DDA000E0782779667918440435A47938440EEB75
:10DDB00005033044043304EB0003EFD12F1DBCF105
:10DDC000000F0CD0CE5DBCF1010F334407D00F44DF
:10DDD0007E78BCF1020F33441CBFB878034403F0D3
:10DDE000010008F1030588F8830028461646F2F77B
:10DDF00018FA98F8000040F6BC27C2F20007387005
:10DE0000F81C2946324687F80190BE70F2F709FAED
:10DE1000B8F88330701DF519C2B241F61820C2F26D
:10DE200000003946A5F80330BDE8F047F7F7E8BC35
:10DE3000B0B540F6B855C2F20005044628782278FD
:10DE400001280FD140F28853C2F2000393F88400F6
:10DE500082421CD158789A78D91C00F055F80020DD
:10DE6000287047E040F20D60C2F200000078824264
:10DE700040D10120287040F27820C2F20000002139
:10DE8000017040F64230C2F20000018032E040F200
:10DE9000782CC2F2000C9CF80010012902D019B9AC
:10DEA0005A7024E09A7022E093F802E00EF102002A
:10DEB00088420AD9C818427040F64232C2F20002C3
:10DEC000207813881844108011E00AD140F64230BF
:10DED000C2F20000058883F8832005F00102028069
:10DEE00005E00EF1030088423CBF00202870481C6A
:10DEF0008CF8000041F61820C2F2000021460122F1
:10DF0000BDE8B040F7F75ABC40F6443CC2F2000C02
:10DF10009CF80030002B18BF704740F20123ACF88A
:10DF200000308CF802008CF80320CCF80410FBF7CA
:10DF3000FBB80000A1F1090212F1080F38BF7047C9
:10DF4000026840F6BC2CC2F2000C0129CCF800207B
:10DF500020D042680229CCF804201BD08268032913
:10DF6000CCF8082016D0C2680429CCF80C2011D0B7
:10DF700002690529CCF810200CD042690629CCF89A
:10DF8000142007D082690729CCF818201CBFC0696B
:10DF9000CCF81C0080B5042000EB81004FF0FF4E50
:10DFA000C2B241F618200B46C2F2000061464CF89E
:10DFB00023E0BDE88040F7F723BC000020EEA01A64
:10DFC00020EE000A30EE010AB1EEC00A41F66420EC
:10DFD000C2F2000090ED2F1A31EE400AB5EE400A71
:10DFE000F1EE10FAC4BF9FED240A704790F8581064
:10DFF00090ED171AC9B190ED043A90ED182A20EE71
:10E00000033A33EE011AB4EE421AF1EE10FA80ED43
:10E01000171A06DCB1EE422AB4EE421AF1EE10FAFB
:10E0200003DAB0EE421A80ED172A90ED143A90ED23
:10E03000154A90ED192A21EE041A23EE000A30EE5B
:10E04000010AB4EE420A0121F1EE10FA80ED1A0A3B
:10E0500080F8581007DCB1EE422AB4EE420AF1EE25
:10E0600010FAA8BF70470021B0EE420A80ED1A2ACC
:10E0700080F85810704700BF00000000F3F78EFFD3
:10E08000F8F72EF9F7F75AFDF7F702FDF7F7E2FD7B
:10E09000F7F732FEF7F724FCF7F778FCF7F7D8FC30
:10E0A000F7F702FEF7F73CFFF7F78AFEF7F756FFA0
:10E0B00041F6B84441F6B445C2F20004C2F200058C
:10E0C000F8F770F9F3F744FF2168401A2860F3F776
:10E0D0003FFF2060F4E7000000284FF0000218BF67
:10E0E000002901D1104670472DE9F04140F2F208B5
:10E0F000C2F20008037898F80060B34254D10B785C
:10E1000098F88450034413F8016CAE424CD113F8D4
:10E1100002EC88F883E00978062908D34E1F0639F7
:10E12000032906F0030C07D20026032516E0002180
:10E13000714527D0002238E026F003050026002490
:10E140000119CB780F794A79334489793B441A44D1
:10E150000434A54202EB0106F2D1E51CBCF1000F2C
:10E160000CD0445DBCF1010F264407D005446C7807
:10E17000BCF1020F26441CBFA9780E4406F0010131
:10E180007145D7D18578447808F10306C11C304623
:10E190002A4688F8014088F80250F2F742F82046F3
:10E1A00031462A46FFF70EFD0122BDE8F041104638
:10E1B00070474100080218BF04200A0E18BF40F043
:10E1C00001004FF07F4232EA010108BF40F0020037
:10E1D000012808BF0520704770B54FF068422DED4B
:10E1E000048BF0EE408A18EE900AB0EE608A18EECA
:10E1F000101A02EB4003B3F1654F3CBF02EB410242
:10E20000B2F1654F7DD200BFC0F3C753C1F3C7520F
:10E210009A1A1B2A09DD10F0004F14BF9FED830AE4
:10E220009FED830ABDEC048B70BD12F11A0F36DA34
:10E2300011F0004F09D010F0004F0CBF9FED7D0A88
:10E240009FED7D0ABDEC048B70BD88EE889A19EEB7
:10E25000100AFFF7AEFF042808BF00F0E9FA18EE35
:10E26000900AFFF7A6FF054618EE100AFFF7A1FF78
:10E27000044619EE100AFFF79CFF042D18BF052D68
:10E2800008D1042C18BF052C04D1002804BF02209B
:10E2900000F0E6FAB0EE490ABDEC048B70BD420016
:10E2A000B2EB410F3AD910F0004F19BFDFED630A0E
:10E2B0009FED630ADFED630A9FED630AB0EE481A33
:10E2C0000A46B1EE688A80F00041F0EE418A1046BD
:10E2D0000A1A5200B2F1807F34D2484010F0004F49
:10E2E000DFED5A1A9FED5A2A1DBFBEEE001A70EEDE
:10E2F000E10A30EE420AB6EE001A08BF70EEA10A3B
:10E3000000E040E008BF30EE020AB0EE682A01EEFD
:10E31000482A08EE818AC2EE081A15E011F0004F73
:10E3200004BF9FED4C0AF0EE400AD1D010F0004F30
:10E3300019BFDFED490A9FED490ADFED490A9FED5C
:10E34000490AC5E7C8EE881A21EEA11A9FED462AB0
:10E35000DFED462A41EE022A9FED452A01EE222AF0
:10E36000DFED442A41EE022A9FED432ABDEC048BE7
:10E3700001EE222A21EE811A01EE020A30EE210A74
:10E3800030EE200A70BD4FF07F42B2EB400F28BF45
:10E39000B2EB410F09D2F0EE480AB0EE680ABDECCC
:10E3A000048BBDE8704000F030BA40EA01035B0026
:10E3B00008BF41F0FF410BD0B2EB400F08BFB2EBFA
:10E3C000410F08D120F0804008EE900A21F08041F2
:10E3D00008EE101A18E7B2EB400F12BF5FEA4103D4
:10E3E00040F0FF4001F000413FF40EAFB2EB410FAF
:10E3F00012BF5FEA400200F0004041F0FF413FF4ED
:10E4000003AF4A0092EA40033FF5FEAE002AACBFDC
:10E410009FED1A0A9FED1A0A68EE808A28EE008A9C
:10E4200018EE900A18EE101AEEE60000DB0FC9BFD6
:10E43000DB0FC93FDB0F4940DB0F49C00000C9BFFC
:10E4400022AAFDB90000C93F22AAFD390060ED3EB5
:10E45000C30ACE3700000000000049C022AA7DBADE
:10E460000000494022AA7D3A2DAD65BD8FB8D53D4B
:10E470000FB511BE61C84C3EA8AAAABE0000804FCD
:10E480000000802F10B510EE104A4FF01940694976
:10E49000002200EB44002DED028B884257D8DFEDBF
:10E4A000660A14F0004F60EE200A14BFBEEE001A98
:10E4B000B6EE001A71EE200AFDEEE00A10EE900AA8
:10E4C00000EE900AF8EEE00A9FED5C1A00EEC10A39
:10E4D0009FED5B1A00EEC10ADFED5A0A9FED5A1A52
:10E4E00000EE201ADFED590A40EE010A9FED581A9E
:10E4F000584B00F0030100EE201A21EE000A7B4485
:10E5000003EB8103D3ED000A534B7B4403EB810300
:10E5100093ED001A514B41EE000A7B4403EB81015D
:10E52000801091ED000A70EE800AEABB00EE100A3E
:10E53000B8EEC01ADFED4A1A9FED4A0ABDEC028B15
:10E5400001EE210ABCEEC00A20EE200A10BD4FF0F9
:10E55000FF40A0431DD04FF0CE40B0EB440F81BF31
:10E56000F7EE000A30EE200ABDEC028B10BD3E48EB
:10E57000B0EB440F28BF012291D2022000F070F9C5
:10E5800014F0004F15D0BDEC028BBDE8104000F038
:10E590004FB914F5000F02BF9FED340ABDEC028B9A
:10E5A00010BDBDEC028B00E009E0BDE8104000F0BA
:10E5B00029B9BDEC028BBDE8104000F031B900EB89
:10E5C000D07359104FF07E5202EBC15100EE101A79
:10E5D000A0EB630002EBC05060EE200A00EE100AD0
:10E5E00020EE208A18EE100A88B118EE100AB0F159
:10E5F000FF4F15D018EE100AFFF7DBFD042808BF07
:10E6000000F016F9B0EE480ABDEC028B10BD0220F6
:10E6100000F026F9BDEC028BBDE8104000F008B90F
:10E62000022000F01DF9BDEC028BBDE8104000F0A7
:10E63000F7B800000000501E3BAAB8400070313E01
:10E64000F4FD053712BB2A3D12BB2A3EFFFFFF3EF9
:10E65000FFFF7F3F7A0300007E0300004E030000AF
:10E660000000004B00007E4E0000A085000000006E
:10E6700010B52DED028BF0EE408A18EE900AB0EE48
:10E68000608A20F00040C0F1FF40C00F07D118EEB3
:10E69000100A20F00040C0F1FF40C00F2BD018EE50
:10E6A000101A18EE900AF2F706F800EE100A10EEB3
:10E6B000100A6FEAD05010F0FF0F04BFBDEC028BC0
:10E6C00010BD18EE900A00F0004110EE100A00F0A4
:10E6D0000040814204BFBDEC028B10BD18EE101A41
:10E6E00010EE100ABDEC028B61F31E0000EE900AE2
:10E6F00030EE600A10BD18EE900A4FF07F41B1EB8A
:10E70000400F1CBF18EE100A5FEA4000C7D101207D
:10E7100000F0A6F8BDEC028BBDE8104000F078B820
:10E7200010B510EE104A2DED028B4FF07F40B0EE89
:10E73000C08AB0EB440F55D318EE101A2C4A914200
:10E7400020DD18EE101AB0EB410F1BD318EE101A93
:10E75000284AF7EE008A914207DD18EE101AB0EB56
:10E76000410F28BFB0EE680A35D238EE080AFFF72D
:10E7700089FE70EE280AB0EE001A81EE200A38EE0B
:10E78000C00A28E018EE101AB1F1665F0FDA18EE31
:10E79000101AB0EB410F0AD318EE100AFFF709FD6B
:10E7A000042808BF00F044F8B0EE480A13E028EE51
:10E7B000080ADFED110ADFED111A9FED111A40EE84
:10E7C000210A60EE800A30EE010A80EE801AB0EE77
:10E7D000480A08EE010A002CB8BFB1EE400ABDECB1
:10E7E000028B10BDBDEC028BBDE8104000F00AB8F2
:10E7F000549F0C3FB32C1041C6E252BFB2117BBBF9
:10E800001A2A1E4030EE000A704730EE200A704788
:10E81000DFED020A80EEA00A704700000000000051
:10E820009FED020A20EE000A704700000000007011
:10E830009FED020A20EE000A704700000000001061
:10E8400002E008C8121F08C1002AFAD170477047B9
:10E85000002001E001C1121F002AFBD17047000017
:10E860000149086070470000000000200000803F60
:10E870000030983F0000B53F0040D73F0000000047
:10E88000320A7E397F661E395B991F390000803F4E
:10E89000F037983FF304B53FFD44D73F0000000038
:10E8A0000000000001020304060708090000000040
:10E8B0000102030400000000FF000000FF00000050
:10E8C000FF000000DC00FF0000000000808386895C
:10E8D0008C8F9295989B9EA2A5A7AAADB0B3B6B90E
:10E8E000BCBEC1C4C6C9CBCED0D3D5D7DADCDEE03E
:10E8F000E2E4E6E8EAEBEDEEF0F1F3F4F5F6F7F832
:10E90000F9FAFAFBFCFCFDFDFDFEFEFEFEFEFEFE3E
:10E91000FDFDFDFCFCFBFAFAF9F8F7F6F5F4F3F16E
:10E92000F0EEEDEBEAE8E6E4E2E0DEDCDAD7D5D3C0
:10E93000D0CECBC9C6C4C1BEBCB9B6B3B0ADAAA710
:10E94000A5A29E9B9895928F8C898683807C7976F0
:10E9500073706D6A6764615D5A5855524F4C4946F1
:10E9600043413E3B393634312F2C2A282523211FA1
:10E970001D1B1917151412110F0E0C0B0A0908078D
:10E980000605050403030202020101010101010160
:10E990000202020303040505060708090A0B0C0E10
:10E9A0000F1112141517191B1D1F212325282A2C9E
:10E9B0002F313436393B3E414346494C4F5255582E
:10E9C0005A5D6164676A6D707376797CFF00FF0041
:10E9D000FF000006101600061016FE0000000000E2
:10E9E000920E493CB10AC93C2BC3163D2EFB483D53
:10E9F000752B7B3D04A9963D80B6AF3D36BDC83D25
:10EA00002FBCE13D73B2FA3D87CF093E8340163EED
:10EA1000B5AB223EA2102F3ECF6E3B3EC2C5473E55
:10EA20000115543E135C603E7F9A6C3ECCCF783E1D
:10EA3000C07D823E938E883E229A8E3E32A0943EC6
:10EA400086A09A3EE59AA03E128FA63ED47CAC3EAC
:10EA5000EF63B23E2A44B83E491DBE3E15EFC33EA9
:10EA600053B9C93ECA7BCF3E4136D53E80E8DA3E37
:10EA70004F92E03E7533E63EBBCBEB3EEA5AF13EA9
:10EA8000CBE0F63E275DFC3EE4E7003F3D9C033FC4
:10EA9000824B063F9BF5083F6B9A0B3FDA390E3FDE
:10EAA000CDD3103F2A68133FD9F6153FC07F183FDA
:10EAB000C6021B3FD17F1D3FCBF61F3F9967223F08
:10EAC00025D2243F5636273F1594293F4AEB2B3F4A
:10EAD000DE3B2E3FBB85303FC9C8323FF304353F94
:10EAE000233A373F4268393F3B8F3B3FF9AE3D3FCA
:10EAF00067C73F3F70D8413F01E2433F03E4453FD2
:10EB000065DE473F12D1493FF8BB4B3F029F4D3F67
:10EB1000207A4F3F3D4D513F4918533F31DB543F21
:10EB2000E595563F5348583F6AF2593F1A945B3F68
:10EB3000532D5D3F05BE5E3F2146603F97C5613F57
:10EB40005A3C633F59AA643F880F663FD86B673FC2
:10EB50003CBF683FA7096A3F0C4B6B3F5E836C3F2D
:10EB600093B26D3F9ED86E3F73F56F3F0809713FBA
:10EB70005213723F4714733FDD0B743F0BFA743F1F
:10EB8000C6DE753F07BA763FC58B773FF853783FAF
:10EB90009812793F9DC7793F02737A3FBE147B3F3D
:10EBA000CDAC7B3F283B7C3FC9BF7C3FAC3A7D3F2F
:10EBB000CCAB7D3F23137E3FB0707E3F6DC47E3F64
:10EBC000580E7F3F6D4E7F3FAB847F3F0FB17F3F3D
:10EBD00097D37F3F43EC7F3F11FB7F3F0000803F97
:10EBE00011FB7F3F43EC7F3F97D37F3F0FB17F3FC8
:10EBF000AB847F3F6D4E7F3F580E7F3F6DC47E3F9D
:10EC0000B0707E3F23137E3FCCAB7D3FAC3A7D3F5F
:10EC1000C9BF7C3F283B7C3FCDAC7B3FBE147B3FD4
:10EC200002737A3F9DC7793F9812793FF853783F36
:10EC3000C58B773F07BA763FC6DE753F0BFA743F48
:10EC4000DD0B743F4714733F5213723F0809713F45
:10EC500073F56F3F9ED86E3F93B26D3F5E836C3FFE
:10EC60000C4B6B3FA7096A3F3CBF683FD86B673FBF
:10EC7000880F663F59AA643F5A3C633F97C5613F7E
:10EC80002146603F05BE5E3F532D5D3F1A945B3FBA
:10EC90006AF2593F5348583FE595563F31DB543FA0
:10ECA0004918533F3D4D513F207A4F3F029F4D3F02
:10ECB000F8BB4B3F12D1493F65DE473F03E4453F78
:10ECC00001E2433F70D8413F67C73F3FF9AE3D3F48
:10ECD0003B8F3B3F4268393F233A373FF304353F90
:10ECE000C9C8323FBB85303FDE3B2E3F4AEB2B3F4E
:10ECF0001594293F5636273F25D2243F9967223F56
:10ED0000CBF61F3FD17F1D3FC6021B3FC07F183F80
:10ED1000D9F6153F2A68133FCDD3103FDA390E3F9D
:10ED20006B9A0B3F9BF5083F824B063F3D9C033F90
:10ED3000E4E7003F275DFC3ECBE0F63EEA5AF13EB9
:10ED4000BBCBEB3E7533E63E4F92E03E80E8DA3EC9
:10ED50004136D53ECA7BCF3E53B9C93E15EFC33EBF
:10ED6000491DBE3E2A44B83EEF63B23ED47CAC3E61
:10ED7000128FA63EE59AA03E86A09A3E32A0943E0F
:10ED8000229A8E3E938E883EC07D823ECCCF783EC6
:10ED90007F9A6C3E135C603E0115543EC2C5473EEF
:10EDA000CF6E3B3EA2102F3EB5AB223E8340163EB7
:10EDB00087CF093E73B2FA3D2FBCE13D36BDC83D59
:10EDC00080B6AF3D04A9963D752B7B3D2EFB483D9B
:10EDD0002BC3163DB10AC93C920E493C000000000D
:10EDE000920E49BCB10AC9BC2BC316BD2EFB48BD4F
:10EDF000752B7BBD04A996BD80B6AFBD36BDC8BD21
:10EE00002FBCE1BD73B2FABD87CF09BE834016BEE9
:10EE1000B5AB22BEA2102FBECF6E3BBEC2C547BE51
:10EE2000011554BE135C60BE7F9A6CBECCCF78BE19
:10EE3000C07D82BE938E88BE229A8EBE32A094BEC2
:10EE400086A09ABEE59AA0BE128FA6BED47CACBEA8
:10EE5000EF63B2BE2A44B8BE491DBEBE15EFC3BEA5
:10EE600053B9C9BECA7BCFBE4136D5BE80E8DABE33
:10EE70004F92E0BE7533E6BEBBCBEBBEEA5AF1BEA5
:10EE8000CBE0F6BE275DFCBEE4E700BF3D9C03BFC0
:10EE9000824B06BF9BF508BF6B9A0BBFDA390EBFDA
:10EEA000CDD310BF2A6813BFD9F615BFC07F18BFD6
:10EEB000C6021BBFD17F1DBFCBF61FBF996722BF04
:10EEC00025D224BF563627BF159429BF4AEB2BBF46
:10EED000DE3B2EBFBB8530BFC9C832BFF30435BF90
:10EEE000233A37BF426839BF3B8F3BBFF9AE3DBFC6
:10EEF00067C73FBF70D841BF01E243BF03E445BFCE
:10EF000065DE47BF12D149BFF8BB4BBF029F4DBF63
:10EF1000207A4FBF3D4D51BF491853BF31DB54BF1D
:10EF2000E59556BF534858BF6AF259BF1A945BBF64
:10EF3000532D5DBF05BE5EBF214660BF97C561BF53
:10EF40005A3C63BF59AA64BF880F66BFD86B67BFBE
:10EF50003CBF68BFA7096ABF0C4B6BBF5E836CBF29
:10EF600093B26DBF9ED86EBF73F56FBF080971BFB6
:10EF7000521372BF471473BFDD0B74BF0BFA74BF1B
:10EF8000C6DE75BF07BA76BFC58B77BFF85378BFAB
:10EF9000981279BF9DC779BF02737ABFBE147BBF39
:10EFA000CDAC7BBF283B7CBFC9BF7CBFAC3A7DBF2B
:10EFB000CCAB7DBF23137EBFB0707EBF6DC47EBF60
:10EFC000580E7FBF6D4E7FBFAB847FBF0FB17FBF39
:10EFD00097D37FBF43EC7FBF11FB7FBF000080BF93
:10EFE00011FB7FBF43EC7FBF97D37FBF0FB17FBFC4
:10EFF000AB847FBF6D4E7FBF580E7FBF6DC47EBF99
:10F00000B0707EBF23137EBFCCAB7DBFAC3A7DBF5B
:10F01000C9BF7CBF283B7CBFCDAC7BBFBE147BBFD0
:10F0200002737ABF9DC779BF981279BFF85378BF32
:10F03000C58B77BF07BA76BFC6DE75BF0BFA74BF44
:10F04000DD0B74BF471473BF521372BF080971BF41
:10F0500073F56FBF9ED86EBF93B26DBF5E836CBFFA
:10F060000C4B6BBFA7096ABF3CBF68BFD86B67BFBB
:10F07000880F66BF59AA64BF5A3C63BF97C561BF7A
:10F08000214660BF05BE5EBF532D5DBF1A945BBFB6
:10F090006AF259BF534858BFE59556BF31DB54BF9C
:10F0A000491853BF3D4D51BF207A4FBF029F4DBFFE
:10F0B000F8BB4BBF12D149BF65DE47BF03E445BF74
:10F0C00001E243BF70D841BF67C73FBFF9AE3DBF44
:10F0D0003B8F3BBF426839BF233A37BFF30435BF8C
:10F0E000C9C832BFBB8530BFDE3B2EBF4AEB2BBF4A
:10F0F000159429BF563627BF25D224BF996722BF52
:10F10000CBF61FBFD17F1DBFC6021BBFC07F18BF7C
:10F11000D9F615BF2A6813BFCDD310BFDA390EBF99
:10F120006B9A0BBF9BF508BF824B06BF3D9C03BF8C
:10F13000E4E700BF275DFCBECBE0F6BEEA5AF1BEB5
:10F14000BBCBEBBE7533E6BE4F92E0BE80E8DABEC5
:10F150004136D5BECA7BCFBE53B9C9BE15EFC3BEBB
:10F16000491DBEBE2A44B8BEEF63B2BED47CACBE5D
:10F17000128FA6BEE59AA0BE86A09ABE32A094BE0B
:10F18000229A8EBE938E88BEC07D82BECCCF78BEC2
:10F190007F9A6CBE135C60BE011554BEC2C547BEEB
:10F1A000CF6E3BBEA2102FBEB5AB22BE834016BEB3
:10F1B00087CF09BE73B2FABD2FBCE1BD36BDC8BD55
:10F1C00080B6AFBD04A996BD752B7BBD2EFB48BD97
:10F1D0002BC316BDB10AC9BC920E49BC0000008009
:10F1E0007D7D7D7D7D7D7D7D7D7D7D7D7D7D7D7D4F
:10F1F0007D7D7D7D7D7D7D7D7D7D7D7D7D7D7D7D3F
:10F200007D7D787673706E6C6B6966646362605F37
:10F210005D5C5A595857565554535251504F4E4EA3
:10F220004D4C4B4A49484847464545444443424271
:10F230004140403F3F3E3E3D3D3C3C3B3B3A3A39FE
:10F240003938383737373636353535343434333363
:10F2500032323231313030302F2F2F2E2E2D2D2DB6
:10F260002C2C2C2B2B2B2A2A2A2929292828282701
:10F270002727262626262525252424242323232242
:10F280002222222121212020201F1F1F1F1E1E1E7F
:10F290001D1D1D1D1C1C1C1C1B1B1B1A1A1A1A19B8
:10F2A00019191818181817171716161616151515F0
:10F2B0001514141413131313121212121111111026
:10F2C0001010100F0F0F0E0E0E0E0D0D0D0C0C0C5E
:10F2D0000C0B0B0B0B0A0A090908070606050000B0
:10F2E00000F300080000002038020000F4070008C6
:10F2F000F0F3000838020020401F000050E800082A
:10F30000512FD17200080973000819730008357372
:10F310002E085D730008AD720008E17200082E240B
:10F32000F400896F0008E16D0008D9705208DD41D2
:10F330006E00082D6D0008A56D00082FDD6E000819
:10F34000896E0008356F0008796E3D080902430098
:10F35000020100C03209042E01020201000524004E
:10F3600010010524012901042402020524064F018D
:10F370000705820308001009040100020A36070588
:10F38000010240460705810240450A06000243404B
:10F39000012D120100020202004083044057360290
:10F3A000010203012FD1080008CD080008C9080098
:10F3B00008FD080C190821090008040309041A03B0
:10F3C00002843A03840D3A720DD3E55E5DC00200FB
:10F3D00020080C0020100C00204E450B0020440B90
:10F3E0000020FF83FF840182100000000000000065
:040000050800018965
:00000001FF
