:020000040800F2
:10000000D82100209D010008A16000085159000876
:100010009D600008B9080008F19100080000000088
:10002000000000000000000000000000A5630008C0
:10003000190A000800000000B1600008A963000868
:10004000B7010008B7010008B7010008B7010008B0
:10005000B7010008B7010008B7010008B7010008A0
:10006000B7010008B7010008B7010008B909000886
:10007000B7010008B7010008C5090008B70100086A
:10008000D1090008B7010008B7010008B70100084E
:10009000B7010008B7010008B7010008B701000860
:1000A000B7010008B7010008B7010008B701000850
:1000B000B7010008B7010008B7010008B701000840
:1000C000B7010008B7010008B7010008B701000830
:1000D000B7010008ED6D0008B7010008B70100087E
:1000E000B7010008B7010008B7010008B701000810
:1000F000D5640008B7010008B7010008DD09000851
:10010000B7010008B7010008B7010008B560000892
:10011000B7010008B7010008B7010008B7010008DF
:10012000E9090008B7010008F5090008B70100084F
:10013000B70100080000000000000000B70100083F
:10014000BD080008B7010008B7010008A560000855
:10015000010A0008B70100080D0A0008B7010008ED
:10016000B7010008B7010008B7010008B70100088F
:10017000B7010008B70100080000000000000000FF
:10018000B7010008B7010008DFF80CD000F01AFB37
:1001900000480047B9E10008D82100200648804700
:1001A00006480047FEE7FEE7FEE7FEE7FEE7FEE75C
:1001B000FEE7FEE7FEE7FEE75D6400088901000850
:1001C0002DE9F05F0546002092469B46884606468C
:1001D000814640241BE0284641464746224600F01F
:1001E00011FA53465A46C01A914110D31146184687
:1001F000224600F0F8F92D1A67EB01084F46224617
:100200000120002100F0EFF917EB00094E41201EFC
:10021000A4F10104DFDC484631462A464346BDE8E6
:10022000F09F40EA01039B0703D009E008C9121FB1
:1002300008C0042AFAD203E011F8013B00F8013BA0
:10024000521EF9D27047D2B201E000F8012B491ECC
:10025000FBD270470022F6E710B513460A46044663
:100260001946FFF7F0FF204610BD421C10F8011B95
:100270000029FBD1801A70472DE9FE4F804681EAA4
:100280000300C00F0C46009021F0004123F0004510
:10029000B8EB0200A94105D24046214690461C46D3
:1002A0000B46024623F00040104347D0270DC7F30A
:1002B0000A00C3F30A510290401A019040286BDAF9
:1002C000C3F3130040F4801B0098924620B1002332
:1002D000D2EB030A63EB0B0B01985946C0F14002C5
:1002E000504600F080F906460D4650465946019AA0
:1002F00000F098F910EB08006141002487EA1152E0
:1003000084EAE7731A4340D0009A62B3019A012A43
:100310004FEA075215DC001B61EB02014FF000426F
:1003200002EA0752CDE90042001C41F58011324635
:100330002B4600F0F8F903B0BDE8F08F40462146A7
:10034000F9E7001B61EB0201001C41F58013001866
:100350005B412018A2F5001747EB030140EAD57076
:10036000B6196D4111E06D084FEA360645EAC075D1
:100370004FEA0752001B61EB0201001C41F580119E
:1003800049084FEA30000019514132462B4603B06C
:10039000BDE8F04F00F0B8B90098012240000023FA
:1003A000D0EB020263EBE073009821464FEAE07461
:1003B000B8EB000061EB0401E9E783F000435BE781
:1003C00081F0004158E72DE9FE4F81EA030404F073
:1003D000004421F0004100944FF0000B23F0004353
:1003E00050EA01045ED052EA03045BD0C3F30A541E
:1003F000C1F30A552C44A4F2F3340194A0FB025437
:10040000C1F3130141F48011C3F3130343F48013C8
:1004100001FB024400FB034E840A970A44EA81541C
:1004200047EA8357A4FB076802958D0A05FB0785F9
:100430004FEA932C04FB0C542705029D4FEA065803
:1004400047EA1637B5EB08056EEB070C870E920EE0
:1004500047EA811742EA8312A7FB0201B6EB0B01C0
:1004600064EB00042B0D43EA0C335E1844EB1C5084
:10047000DA465146E7FB0201C5F313044FEA0B339A
:1004800043EA14534FEA0432019C43EA0603A4F101
:100490000C040294009CCDE900B400F044F903B0D0
:1004A000BDE8F08F00200146F9E72DE9F04D81EA23
:1004B000030404F0004B21F0004514464FF0000AFD
:1004C00023F0004150EA050220D054EA01021DD079
:1004D000C5F30A570246C5F31303C1F31300C1F372
:1004E0000A5640F4801543F48013A7EB0608101B4E
:1004F000D64608F2FD3873EB050002D308F1010877
:1005000001E092185B41B8F1000F03DA00200146C8
:10051000BDE8F08D00204FF48011064684460EE0C1
:10052000171B73EB050705D3121B63EB050306438B
:100530004CEA010C49084FEA300092185B4150EA3E
:100540000107EDD152EA030012D082EA040083EAE7
:100550000501084305D0101BAB4106D20122002340
:1005600006E000224FF0004302E06FF0010253105A
:100570001AEB06004CEB085110EB0A0041EB0B01A3
:10058000BDE8F04D00F0C0B800F0004230F000408F
:100590000AD0C10D01F56071C0F3160042EA0151A5
:1005A000C20840071143704700200146704701F020
:1005B000004330B421F0004150EA010206D00A0D98
:1005C000A2F56072C1F31301002A02DC30BC0020E6
:1005D0007047440F44EAC104C100E01830BC00EB8E
:1005E000C25000F031B8202A04DB203A00FA02F1B0
:1005F000002070479140C2F1200320FA03F3194311
:1006000090407047202A04DB203A21FA02F00021B2
:10061000704721FA02F3D040C2F120029140084312
:1006200019467047202A06DBCB17203A41FA02F020
:1006300043EAE07306E041FA02F3D040C2F120023F
:1006400091400843194670470029A8BF7047401CD5
:10065000490008BF20F00100704710B4B0FA80FCD8
:1006600000FA0CF050EA010404BF10BC704749B115
:10067000CCF1200421FA04F411FA0CF118BF012185
:1006800021430843A3EB0C01CB1D4FEA00614FEA65
:10069000102042BF002010BC704700EBC350104434
:1006A0000029A4BF10BC7047401C490008BF20F0BF
:1006B000010010BC7047F0B400F0004221F000418E
:1006C00020F00040CE0DC30DC1F3160141F400012E
:1006D000C0F316004C42154640F40000761E09E0B7
:1006E00010EB440002D582F0004240428842F7D825
:1006F00040005B1EB342F9DA18B1F0BC0021FFF7ED
:10070000ACBF2846F0BC704710B5141E73F100044E
:1007100008DA401C41F1000192185B411A4301D1F3
:1007200020F0010010BD2DE9F04D92469B4611B11D
:10073000B1FA81F202E0B0FA80F220329046FFF77F
:1007400052FF04460F4640EA0A0041EA0B015346B5
:100750005A46084313D0114653EA010019D0C8F194
:1007600040025046FFF74EFF05460E46504659469A
:100770004246FFF738FF084305D0012004E0204639
:100780003946BDE8F08D0020054346EAE0762C436B
:1007900037430A986305E40AA0EB08000022FD0A2B
:1007A00044EA47540A3002D500200146E9E7010532
:1007B00010196941DDE9084500196941BDE8F04DAE
:1007C000A2E700001CB509480090094801900546C1
:1007D000009C06E0E06840F0010394E807009847B9
:1007E0001034AC42F6D3FFF7D3FC00001CF4000831
:1007F0003CF4000830B58C1810F8012B12F00F03F0
:1008000001D110F8013B120906D110F8012B03E0C9
:1008100010F8015B01F8015B5B1EF9D101E001F802
:10082000013B521EFBD1A142E6D3002030BD0000A7
:100830000146806B036C026C13F0500F07D0D20698
:1008400048BF00F02FBA806BC26C0846104742F4D4
:100850000071016401688A6812F0405F01D000F005
:10086000ABB9027E002AFAD1CA6A12F4700F02D024
:100870008A685205F3D44A6822F020024A60016C6B
:1008800021F480710164016CC90448BF00F094B97F
:10089000016C41F00101016400F08EB9806B4021D0
:1008A0000164416C41F00401416400F0FBB90000B7
:1008B000806B00F0F5B90000FEE7000041F22C105B
:1008C000C2F2000000F090BD002070470020704789
:1008D00010B540F6BC54C2F2000440F6AA01C2F2C0
:1008E00000012046002206F04DFC40F2AA61C2F24F
:1008F0000001204606F038FC002010BDB0B50446CB
:100900000DF088FC40F6BC55C2F200052846214691
:1009100006F02AFC284606F001FC0020B0BD0000CD
:100920000020704740F6BC52C2F20002D2F8BC224E
:10093000D2F81432002B1CBF0120704710B540F6CE
:10094000BC54C2F200040A460146204606F01AFCD6
:100950002046BDE8104006F08DBC0000B0B541F661
:100960003024C2F2000420460021002504F070FB70
:100970002046042104F06CFB2046082104F068FBAB
:100980002046002103F042FD2046042103F03EFDF5
:100990002046082103F03AFD40F20040C4F2020074
:1009A0004FF40061002201F0E5FA41F60450C2F272
:1009B00000000571B0BD000041F21420C2F2000039
:1009C00001F01AB841F2D420C2F2000001F014B8CC
:1009D00041F27420C2F2000001F00EB841F234304E
:1009E000C2F2000001F008B841F25410C2F2000057
:1009F00001F002B841F2B410C2F2000000F0FCBFF6
:100A000041F29430C2F2000000F0F6BF41F2F4303F
:100A1000C2F2000000F0F0BF7047000010B541F6D0
:100A20003024C2F200042046002104F069F9204677
:100A3000042104F065F92046082104F061F92046FC
:100A4000002103F069FC2046042103F065FC2046E8
:100A5000082103F061FC40F20040C4F202004FF4B0
:100A600000610122012401F085FA41F60450C2F22E
:100A70000000047110BD000072B602200DF014B821
:100A800070B581B00022009290F83C20012A02D17A
:100A9000022001B070BDD1F800E00122BEF10A0FC2
:100AA0001FFA8EFC80F83C2009D34FEA4C02036801
:100AB00012FA8EF2A2F11E0403F10C0204E00368A4
:100AC0000EEB4E0403F1100207251668A54026EA36
:100AD000050515608D68166805FA04F43443146042
:100AE0004968062906D801EB81014A1F194651F8C9
:100AF000345F0EE00C2901EB810105D8A1F123023E
:100B0000194651F8305F04E0A1F14102194651F84D
:100B10002C5F1F24944025EA04040C600CFA02F2B6
:100B20000C6842F2043CC4F2010C2243ACF541745F
:100B3000A3420A603AD1BEF1120F06D1DCF80010D0
:100B400041F48001CCF8001030E02EF001011029B2
:100B50002CD1DCF80010BEF1100F41F40001CCF8EC
:100B6000001023D140F22001C2F2000109684DF6C5
:100B70008362C4F21B32A1FB0212910C01EB8101D2
:100B800049000091009989B10099013900910099BB
:100B900061B1009901390091009939B10099013989
:100BA0000091009911B100990139EAE7002180F81C
:100BB0003C10002001B070BD006842F20001C4F298
:100BC0000101884200D0704740F61E50C2F200007A
:100BD00001780029F7D140F61451C2F200010A88C9
:100BE0009FED2D2A00EE102A40F67052C2F200024C
:100BF000B8EE400A92ED001A20EE020A30EE010A29
:100C00004B8882ED000A40F6885201EE103AC2F29B
:100C10000002B8EE411A92ED003A898821EE021ADC
:100C200031EE031A03EE101A40F6A05182ED001ABD
:100C3000C2F2000140F66C52B8EE433A91ED004A20
:100C4000C2F2000223EE022A137832EE042A81ED6A
:100C5000002A591CCBB2642B117018BF70479FED4E
:100C60000F3A40F6205180EE030A81EE031A82EE1D
:100C7000032AC2F2000181ED000A40F62451C2F2BB
:100C8000000181ED001A40F62851C2F2000181ED09
:100C9000002A0121017070474108043D0000C8424C
:100CA0007047000070470000002804BF0120704713
:100CB00010B5016C39B9044600F0A0F820460021B7
:100CC000616484F83C10016CC9063AD4016C41F2AD
:100CD00002129143023142F204320164C4F2010271
:100CE000116821F440311160136890E81210234319
:100CF000D0F810E013604A68012422F480724A6040
:100D00004A68C0F6007442EA0E224A604A6822F03D
:100D100040724A604A6842EA0C024A608A6822F4D9
:100D200000628A60C2688B681A438A60826A8B6834
:100D3000A24223F070638B608B6804D123F0405291
:100D40000AE0012152E01A438A608A6822F0405288
:100D50008A60C26A8B681A438A608A6822F002023B
:100D60008A608A68037E90F8204042EA43028A60E3
:100D70004A6884B142F400624A604A684EF2000355
:100D800022F460424A60426ACFF6FF734C6803EB7C
:100D90004232224301E022F400624A60CA6A40F211
:100DA000000C22F47002CA62C3694269CFF6F07C7B
:100DB000CC6A0CEB03532343CB628B6823F40073A0
:100DC0008B6090F830308C6844EA43238B608B68EA
:100DD00023F480638B608B6843EA82228A6000215F
:100DE0004164026C012363F301020264002280F873
:100DF0003C20BDE810400846704700002DE9F04156
:100E000086B00446006842F20011C4F201010026D7
:100E10008842CDE90466CDE9026601965CD042F2D3
:100E20000001C4F20101884240F09980002743F696
:100E300030000097C4F20200416940F6000541F419
:100E4000807141614169C4F2020501F48071009131
:100E50000099009701680DF1040841F00401016058
:100E60000168032601F004010091009900970168D0
:100E700041F0010101600068414600F0010000906E
:100E80000098082001902846CDE9026700F09AFFFB
:100E9000A5F500604146CDE90166039700F092FF99
:100EA00041F2541546F21040C2F20005C4F20200AD
:100EB0004FF48061C5E9000705F110004FF40062AE
:100EC0004FF400534FF480764EC04FF40030C5E924
:100ED0000277C5E9080739E043F630000096C4F20E
:100EE0000200416941F400714161416901F40071FE
:100EF000009100990096016841F0040101600068CA
:100F000001A900F004000090009827200190032020
:100F1000CDE9020640F60000C4F2020000F052FFE4
:100F200046F21040C4F2020041F2B4153030C2F271
:100F300000054FF480624FF0007185E84300C5E979
:100F40000362C5E90566C5E907666E62284600F0DA
:100F500031FE002818BFFFF78FFDA563AC6306B014
:100F6000BDE8F081B0B582B00023019390F83C3029
:100F7000012B02D1022002B0B0BD8E4601230168D0
:100F800080F83C308B689446DB0726D18B684DF6A1
:100F9000836443F001038B6040F22003C2F200033C
:100FA0001B68C4F21B34A3FB0434A30C03EB430300
:100FB0000193019B8BB1019B013B0193019B63B1A9
:100FC000019B013B0193019B3BB1019B013B0193C1
:100FD000019B13B1019B013BEAE78B68DB0503D55D
:100FE0008B6823F480738B608C68036CE4070BD1EF
:100FF00043F01001016400F14401002001220B685C
:101000001A430A6002B0B0BD40F20174A34303F575
:10101000807303644B685B0504D5036C012464F39F
:101020000D330364046C0023E4044FF0000444BF58
:10103000446C24F00604446480F83C30836B40F632
:10104000310440F6B102C0F60004C0F60002C3E964
:101050000F4240F69D02C0F60002DA646FF02202F1
:101060000A604A6842F2043442F080624A608A6848
:10107000054642F480728A604C31184672466346D7
:10108000C4F2010400F03AFE22682968D20605D0B5
:10109000A4F54172914225D002B0B0BD42F20002E7
:1010A000C4F20102914215D042F20022C4F20102C0
:1010B00091420CD042F20012C4F201029142EBD1F3
:1010C0002268D20606D0A4F582729142E4D1226849
:1010D000D206E1D451F8082F12F0405FDCD14FF076
:1010E00080428CE74FF60451CFF6FF71615811F042
:1010F000405FD1D1A4F53F714FF080427FE70000FF
:1011000090F82020013A012A04D8006800F1140266
:10111000002004E000F1240201204FF48021136834
:10112000194311607047000010B590F820E0D0F826
:1011300000C0AEF1010EBEF1010FDCF808E011D8DD
:101140001EF0E05F14D0CEF301640120A0401860CF
:101150008B689BB1D1F804E0C86840EACE0040EA51
:10116000030E0FE000F1240301204FF4802121E061
:1011700000F1240301204FF400111BE00868CB6844
:1011800043EA405E0CF5C07000EB0413240140F804
:1011900004E00C69184640F8044F097D012903D189
:1011A000016841F48071016050680121D8601068C5
:1011B000986000201A681143196010BD90F8202033
:1011C000013A012A30D8B0B546F20060C4F20000FE
:1011D000026842F001020260026822F47C5202605E
:1011E000D1F814E0CC694A6A0368012C43EA022270
:1011F00002600EF01F024FF0010303FA02F2C3690E
:101200006FEA020C23EA0203C36113D02CBBC3684C
:1012100003EA0C03C360CB688C8844EA034300EB09
:10122000CE0423640B4611E0416A41F480214162FF
:1012300001207047C3681343C3600B688C8844EA7D
:10124000034300EBCE04236401F10C038C681B887C
:1012500043EA044300EBCE04636443688D6943EAC8
:101260000204D1F810E0096A002D08BF03EA0C045B
:1012700044604369BEF1000F43EA020408BF03EA79
:101280000C040129446102D1C1691143C1610168A3
:1012900021F0010101600020B0BD00007047000096
:1012A000B0B590F82040013C012C7AD8D0F800C0AD
:1012B00000290CBFDCF80C40DCF81040A40776D005
:1012C0000CF5D8754FEA011C55F80C4014F00404D5
:1012D000946055F80CE005EB011C19BF4FEADE05E0
:1012E00055604FEA5E551560DCF80050E64605F0A3
:1012F0000205D5605EF8044F24075ABFDEF80040AF
:1013000004F00F0408241461DEF800400029C4F33F
:1013100007249461DEF800504FEA15455561DCF86A
:1013200008201A70026802EB0112D2F8B8214FEAC5
:1013300012225A70026802EB0112D2F8B8214FEA69
:1013400012429A70026802EB0112D2F8B8214FEAF9
:101350001262DA70026802EB0112D2F8BC211A7133
:10136000026802EB0112D2F8BC214FEA12225A7134
:10137000026802EB0112D2F8BC214FEA12429A71C4
:10138000026802EB0112D2F8BC214FEA1262DA7154
:1013900000680CBF00F10C0100F1100100202022B8
:1013A0000AE000F1240101204FF4802204E000F162
:1013B000240101204FF400120B681A430A60B0BDEB
:1013C00090F820100139012984BF0020704700687F
:1013D000816882688068C1F38061C2F3C062114491
:1013E000C0F30070084470472DE9F04F81B0044607
:1013F00000684669D0F804908768D0F80CB0D0F83F
:1014000010A0D0F81880F10703D1002530071CD4B4
:1014100023E0F90710D00121BA07816009D47807C9
:1014200000F1AA80380700F1B080204600F084FA6D
:1014300002E0204600F082FA0025F80500F18480E1
:10144000F80300F1AA80300707D51BF0100004D084
:10145000206845F400751021C160700708D51BF0A5
:10146000080005D020680821C160204600F0BAF9C4
:10147000B00706D52068C068800702D0204600F07B
:10148000B3F9700607D51AF0100004D0206845F4AF
:10149000806510210161B00608D51AF0080005D05A
:1014A000206808210161204600F0E2F9F00606D527
:1014B00020680069800702D0204600F0DBF9B00305
:1014C00008D519F0100005D0206810214160204691
:1014D00000F0D2F9F00308D519F0080005D0206813
:1014E00008214160204600F033FA300440F18F803B
:1014F0005FEA497040F1888006F4807008EA1020A5
:1015000028435FEA8871014648BF41F00201B205F5
:1015100058BF01465FEA48700D4648BF45F00405D4
:10152000700558BF0D4630056ED518F070006BD0B1
:1015300010380009052862D8DFE800F0035C56592E
:10154000535F45F008055AE020684FF48071BA05F2
:1015500081600AD4780512D4380519D4204600F0E9
:10156000EFF9F8037FF56FAF17E0204600F0EAF9D6
:10157000F8037FF568AF10E04FF400655DE705F50F
:101580000055F8037FF55FAF07E04FF4805554E74F
:1015900005F58045F8037FF556AF20684FF480319C
:1015A000BA0381600AD478030FD4380313D42046D9
:1015B00000F0CAF930073FF548AF4EE7204600F08B
:1015C000C5F930073FF541AF47E705F5004530075E
:1015D0003FF53BAF41E705F5803530073FF535AFC7
:1015E0003BE745F080050AE045F0200507E045F0BF
:1015F000400504E045F0100501E045F480752068E1
:10160000816921F0700181612068042141604DB140
:10161000606A40EA05012046616201B0BDE8F04F12
:10162000FFF73CBE01B0BDE8F08F0000002804BF0A
:1016300001207047B0B5044690F8200010B920464C
:1016400000F06EF82068016841F00101016000F0CF
:1016500097FC054620684168C90705D100F090FC59
:10166000401B0B28F6D310E0016821F00201016055
:1016700000F086FC054600BF2068416889070DD54B
:1016800000F07EFC401B0B28F6D3606A052140F475
:1016900000306062012084F82010B0BD217E026815
:1016A000012922F0800208BF80320260617E026858
:1016B000012922F0400208BF40320260A17E026888
:1016C000012922F0200208BF20320260E17E026878
:1016D000012922F0100218BF10320260217F026837
:1016E000012922F0080208BF08320260617F026807
:1016F000012922F0040208BF04320260D4E901C2C9
:10170000D4E9033561691A432A431143ACF101025C
:101710001143C16100200121606284F82010B0BD36
:101720002DE9F04387B040F20044C4F2020400689F
:10173000A4F5CE3100268842CDE90566CDE90366E1
:10174000029602D007B0BDE8F08343F64000019650
:10175000C4F20200016802AD41F0806101600168DD
:101760004FF0020801F08061019101990196016832
:101770004FF0030941F0007101600168092701F091
:10178000007101910199019650F8101C41F002017D
:1017900040F8101C50F8100C294600F0020001908F
:1017A000019820200290012004902046CDF80C8062
:1017B000CDF81490069700F005FB4020CDE9020813
:1017C00020462946CDE90469069700F0FBFA40203F
:1017D0000021002200F072FC402000F05DFC07B008
:1017E000BDE8F08370470000F0B589B007AC6A46E9
:1017F00000212346FFF754FD40F2FC16C2F200061A
:1018000010B13079053024E00098316888421DD14C
:101810007079B0B106F10805B11D28460BF0CEFE77
:10182000049848B1002700BFE11928460BF0C6FE16
:10183000049801378742F7D3F11D28460BF0BEFE0E
:1018400004E09DF8101007A808F04AFA307968B152
:101850000138C1B230710320312988BF022040F61F
:101860002C51C2F20001087009B0F0BD0320F6E768
:10187000704700007047000070470000B0B5044694
:1018800090F8200001281DD1022084F82000206853
:10189000016821F00101016000F072FB054600BF04
:1018A00020684068C00713D000F06AFB401B0B287B
:1018B000F6D3606A40F400306062052084F82000AE
:1018C0000120B0BD606A40F4002060620120B0BD1C
:1018D00000206062B0BD0000B0B5044690F8200062
:1018E000022819D12068016841F00101016000F06F
:1018F00047FB054620684168C90713D100F040FB4B
:10190000401B0B28F6D3606A40F40030606205206B
:1019100084F820000120B0BD606A40F4801060624D
:101920000120B0BD016821F002010160012084F8AE
:1019300020000020B0BD000070470000704700008C
:1019400070470000704700007047000070470000BB
:101950007047000070B5866D044600F011FB94F8E6
:101960003510022925D105462068216C026822F035
:1019700016020260426922F08002426109B9A16C3C
:1019800019B1016821F008010160016821F001012D
:10199000016000BF20680068C0070ED000F0F0FAB8
:1019A000401B0628F6D320206065032084F835000C
:1019B0000CE080206065012008E0E06D3F2101FA25
:1019C00000F0B060012084F835000020002184F888
:1019D000341070BD90F83510022909D1052180F826
:1019E00035100068016821F0010101600020704796
:1019F0008021416501207047F0B581B00021009140
:101A000040F22001C2F200010B68D0E9166148F2F1
:101A1000B51537680822C1F64E358A403A42A3FB15
:101A200005350CD003681C68640708D51C6824F0D1
:101A300004041C60B260426D42F001024265012262
:101A40008A403A4208D003685B691B0604D5B2603D
:101A5000426D42F00202426504228A403A4208D0B6
:101A600003681B689B0704D5B260426D42F0040214
:101A7000426510228A403A4216D001680B681B0763
:101A800012D5B2600B680A685B0306D4D20506D48F
:101A90000A6822F008020A6001E0110340D4016CD8
:101AA00011B1044688472046C26D202101FA02F395
:101AB0003B4242D001680F68FF063ED5B36090F804
:101AC00035700B68052F1BD123F016030B604B6993
:101AD00023F080034B61036C0BB9836C1BB10B6863
:101AE00023F008030B603F219140B160012180F891
:101AF0003510016D0022002980F8342053D156E0C2
:101B00000A685B0310D4D20512D40A6822F01002CE
:101B10000A60012180F83510002180F8341007E0B8
:101B2000816C0029BDD1BFE7110301D4416C00E0F5
:101B3000C16B11B1044688472046416DB9B3416D70
:101B4000C9072ED0052180F835100168AA0A0B6854
:101B500023F001030B60009B0133934200931AD8DA
:101B60000B68DB0717D0009B01339342009312D818
:101B70000B68DB070FD0009B0133934200930AD818
:101B80000B68DB0707D0009B01339342009302D818
:101B90000B68DB07DFD1012180F83510002180F8C8
:101BA0003410C16C19B101B0BDE8F040084701B074
:101BB000F0BD00002DE9F041044600F0E1F9C4B1A8
:101BC0000546022084F835000020216884F834009E
:101BD000086820F00100086021680868C0070BD081
:101BE00000F0CEF9401B0528F6D903252023032059
:101BF00064E00120BDE8F081086848F23F02CFF2BE
:101C00001002D4E9013500EA020C04F10C0898E84E
:101C1000C10143EA0C032B431843D4E9072E304398
:101C200038431043626A40EA0E00042A40EA08037F
:101C30001CD1206BD4E90A2E40EA0E00184308603C
:101C40004869BEF1000F20F0030040EA020040F0B6
:101C5000040C11D0B8F5005F35D0B8F1000F42D1B7
:101C6000022A43D0012A38D032B93FE00B604869DC
:101C700020F0070040EA020C01F0F8004AF6AB221F
:101C80001038CAF6AA22A0FB02231A094EF60E3318
:101C9000C1F814C0C0F600039A5C40F2FF335F281D
:101CA0004FF03F0021EA030100FA02F088BF04313F
:101CB000C4E916128860002301250020636584F8BA
:101CC0003550BDE8F081032AD6D8012540230120F4
:101CD000DFE802F0020C0203F0E7AEF1C070B0FAE8
:101CE00080F0400904E0032A04D3C5D1CEF300609C
:101CF0000028C1D0012540230120DFE790F834C03F
:101D0000BCF1010F04BF0220704770B54FF0010C09
:101D100080F834C0D0F858E090F835C0BCF1010F1D
:101D200037D14FF0020C80F835C04FF0000CC0F8EE
:101D300054C0D0F800C08468056CC06DDCF8006049
:101D4000402C26F48026CCF80060CCF804300B46FA
:101D500004BF13460A463F2101FA00F0CCF80830D0
:101D6000CCF80C20CEF80800DCF8000040F016009B
:101D7000CCF800002DB1DCF8000040F00800CCF8F1
:101D80000000DCF8000040F00100CCF8000000206A
:101D900070BD002180F83410022070BDB0B504463B
:101DA00000F0EEF8054640F24420C2F20000007850
:101DB000611C18BF044400BF00F0E2F8401BA042C1
:101DC000FAD3B0BD2DE9F04F83B000F1200200F14D
:101DD0003E4741F60045009207F1FF77C4F2020545
:101DE00008224FEAB726A84208BF072200254FF075
:101DF00000084FF00009072E38BF4FEAB7220192C2
:101E00000AE000BF09F1010908F10208B9F1100F59
:101E100005F1040500F0A2800F68012202FA09FE14
:101E200017EA0E0AEED0D1F804C003220CF0030723
:101E30007E1E02FA08F4012E6FEA040B12D88468A1
:101E4000CE6804EA0B0406FA08F63443846044685A
:101E500024EA0E06CCF3001404FA09F42643466083
:101E600004E000BF032F01D103271EE0C6688C6881
:101E700006EA0B0604FA08F42643022FC66014D1C2
:101E80006FF00302009E02EA590756F807C005F0FA
:101E90001C040F220B69A2402CEA0202A3401A4341
:101EA000F251D1F804C00CF00307026807FA08F3F6
:101EB00002EA0B021A431CF4403F0260A2D0002247
:101EC00043F644030292C4F202031A6843F6004444
:101ED00042F480421A601A68C4F2010402F480429B
:101EE0000292029A29F003024FF6084C2244CFF6E0
:101EF000FF7C52F80C3005F00C070F26BE40B343B0
:101F0000019E06FA07F73B4342F80C30A2684B6883
:101F100042EA0A0743F60C4CDE0258BF22EA0A07DF
:101F2000A760C4F2010CDCF800209E0242EA0A0716
:101F300058BF22EA0A07CCF8007062689E0342EAA2
:101F40000A0758BF22EA0A0767602268DB0342EAF1
:101F50000A0758BF22EA0A07276053E703B0BDE823
:101F6000F08F0000426902EA0103914341EA034114
:101F700081617047002A08BF090481617047000031
:101F800041F6C850C2F200000068704780B582B0C8
:101F9000FFF7F6FF4EF21401CEF200010A6849681D
:101FA0000132511A019101994FF47A735943B1FBEF
:101FB000F2F100FB031002B080BD000040F24420AB
:101FC00041F6C851C2F20000C2F2000100780A686E
:101FD000104408607047000080B543F60040C4F22A
:101FE0000200016841F400710160016841F4806100
:101FF0000160016841F480710160032000F08AF8FB
:102000000F2000F005F800F02BF8002080BD000044
:10201000B0B540F24422C2F2000240F22001127830
:10202000C2F200014FF47A730968B3FBF2F204467E
:10203000B1FBF2F1084602F0D3F80F2C4FF0010586
:102040000CD858B94FF0FF3021460022002500F08F
:1020500035F840F24820C2F2000004602846B0BDC6
:1020600082B0002043F640010190C4F202014A68A8
:1020700042F480424A604A6802F480420192019A26
:102080000090086840F080500860086800F08050B8
:102090000090009802B07047002848BF704700F0D9
:1020A0001F01012202FA01F11C2202EAD0004EF2C5
:1020B0000012CEF2000281507047000010B54EF6BB
:1020C0000C5CCEF2000CDCF80030C3F3022E8EF074
:1020D0000704042C28BF0424BEF103034FF0FF3E85
:1020E0000EFA04F438BF0023A14399400EFA03F31B
:1020F0009A43114300F00F0200F160430901043AD2
:1021000003F564436244002848BF02F10C031970D0
:1021100010BD00004EF60C51CEF200010A684FF6D9
:10212000FF031A4060F30A2242F0806040F0FD7025
:1021300008607047704700000268002051627047D5
:102140002DE9F041D0F80080D8F82430A9B1D8F8B2
:102150002870B1F1010C03EB174151D05FFA8CF7F5
:10216000012F3C4608F5827398BF0124042F04F028
:10217000030E09D20027002429E043EA024100208F
:10218000C8F82810BDE8F08104F0FC0508F1F40659
:10219000002400BF56F8107F44F0020001EB174105
:1021A00044F00107FFB253F82770C0B253F8200083
:1021B00001EB174101EB104044F00301C9B253F8A1
:1021C00021100434E7B2AF4200EB1141E2D1BEF17D
:1021D000000F15D053F82700BEF1010F01EB10419D
:1021E0000ED0601CC0B253F82000BEF1020F01EB0C
:1021F000104105D0A01CC0B253F8200001EB1041E3
:1022000041EA024008EB8C01C1F804010020BDE85E
:10221000F0810000D0F8E00405F05CBB01EBC102E6
:10222000D0F8E03400EB8200026A184605F0BABA32
:1022300001EBC102D0F8E03400EB8200D0F860225C
:10224000184605F009BB0000D0F8E00405F044BBD7
:1022500010B501F00F0E0A464FFA81FC0EEBCE01CD
:1022600000EB810303F51571BCF1000F48BF03F1CA
:10227000140190F89434D209012B4A7081F800E0DF
:1022800004BF022010BD0268012380F89434044684
:10229000104606F0E5F8002084F8940410BD000014
:1022A000037901F00F029A4284BF0120704710B5F4
:1022B00002EBC20300EB83034FFA81FC8E4603F569
:1022C0001571BCF1000F48BF03F114014FEADE1392
:1022D0004B7090F894344FF0000C012B81F802C041
:1022E0000A7004BF022010BD0268012380F89434F4
:1022F0000446104606F0A4FB002084F8940410BDA8
:1023000001F00F0101EBC10100EB8100D0F8680280
:102310007047000010B54FFA81FE01F00F0CBEF1BE
:10232000000F6FF3DF220CEBCC010DD400EB810E1C
:1023300000240EF515718EF855428EF854C2CEF871
:102340005C228EF8583209E000EB810101F814CFCD
:1023500001244C708A600B71A1F81AC0022B04BFD3
:1023600000224A7190F89424012A04BF022010BD73
:102370000268012380F894340446104605F0F2FE0A
:10238000002084F8940410BD10B501F00F0E0EEB80
:10239000CE0100EB81044FF0000CC4F868C284F851
:1023A00055C290F806C004F51571C4F86022C4F84F
:1023B0006432BCF1010F84F854E208BFCA610068BE
:1023C000624606F083FB002010BD0000B0B5027924
:1023D00001F00F0494424FF001022CD801EBC1032D
:1023E00000EB83034FFA81FC03F5157304EBC4057E
:1023F000C90900EB8505BCF1000F48BF05F11403C6
:10240000597090F894149A7001291C7004BF02202E
:10241000B0BD0168054680F894240846194606F0C8
:1024200037FB2CB92868A97905F29C4206F0DAFA44
:10243000002285F894241046B0BD000001F00F0C76
:102440000CEBCC0100EB810101F814CF4FF0000C34
:102450000B618379C1F814C04FF0010CCA60012BE5
:1024600081F801C008BFCA6180B500681A4606F04D
:102470002DFB002080BD00002DE9F04F87B00568DE
:102480008246284606F02CFD10B107B0BDE8F08F5B
:10249000DAF8000006F052FD0028F6D0D5F808085A
:1024A000C0F30D21DAF80000CAF8D41406F046FD96
:1024B0000146DAF80000890703D5416901F00201FD
:1024C000416105F50061049106F038FD0146DAF836
:1024D0000000C906059534D5816921F0100181619C
:1024E0002C6A04F00F0000EBC0000AEB8001C4F37B
:1024F0004340062801F5157511D002281AD147F678
:10250000F07014EA000615D0E968340905982246EF
:1025100006F018FDE86800EB1610E86007E0059883
:102520000AF29C41082206F00DFDC4F30A14686902
:1025300020446861DAF80000816941F0100181618E
:10254000059D06F0FBFC000340F1F080DAF8000086
:1025500006F0D2FC002800F0E98006460AF29C4012
:102560004FF4306800244FF0000B06901AE000BFD3
:1025700005EB080002218160B80642BF05EB0800A8
:1025800020218160B80442BF05EB08004FF40051E0
:1025900081600BF1010B760808F1200804F1240496
:1025A00000F0C480F007F4D0DAF800005FFA8BF98D
:1025B000494606F0BBFC0746C0075FD005EB0800A4
:1025C00001218160DAF8000008EB0001036C8A68E1
:1025D0009AF80650012D25D1150732D4950600F141
:1025E0009D8043F20B05C4F65475AB42059D02D3A2
:1025F00012F400422FD10AEB0402D2F874320969B6
:102600006FF3DF41A3EB0101C2F8681294BBD2F86B
:102610006432002B00F08880D2F860020844C2F8CF
:10262000600227E043F20B05C4F65475FF35AB4258
:1026300017D1059D10040ED4900644BF2020886059
:1026400018E043F20B00C4F65470059D834215D385
:1026500012F4004012D04FF40040886038070FD4C5
:102660003CE0059D34B9DAF8641219B90021069AE4
:1026700006F0B8F950464946FFF7DAFD38072DD580
:1026800005EB080008218160DAF8000043F20B0234
:10269000056C40448168C4F6547295420AD311F423
:1026A000004107D04FF400418160504600F0FAFC31
:1026B000059D09E0504600F0F5FC43F20B00C4F61E
:1026C00054708542059D09D39AF80600012805D16A
:1026D000DAF80000069A012106F084F9F80642BFF4
:1026E00005EB080010218160B8077FF545AF6869E8
:1026F000000604D50499486840F4806048600AEBFD
:10270000040090F8571201297FF432AF002180F8BD
:1027100057125046494600F017FB29E720208860F1
:10272000059D3807ACD4D9E70121A0E7DAF800000D
:10273000CDF818A006F002FC400340F1D3800698C3
:10274000006806F0D1FB002800F0CC800646069811
:1027500005F5106900F1140100F29C400027039177
:102760000190CDF8089004E0760807F1010700F029
:10277000B980F007F8D006985FFA87FA00685146EA
:1027800006F0C2FB0446C00726D0049A07F00F00EB
:10279000516B012303FA00F021EA0000506309EBBA
:1027A0004710836006988079012811D1039907EBBF
:1027B000C70001EB8000D0E902121144C1603FB9AB
:1027C000006928B90698019A0068012106F00AF903
:1027D00006985146FFF722FD200742BF09EB47103C
:1027E00008218160E00642BF09EB4710102181609B
:1027F000600642BF09EB471040218160A00716D553
:102800002846394606F0FEFA039907EBC70001EBAC
:10281000800010F8031F012905D1002101700698DE
:10282000514600F08DFA09EB471002218160200625
:102830009AD5039907EBC70001EB8008D8E904207B
:10284000824291D30699D8F808300C68111A99423F
:1028500038BF0B4604EB4711D1F818C903F1030E3A
:102860001FFA8CF3B3EB9E0F2DD301F5106900BF57
:10287000D8F81020824224D9101A069AD8E902B159
:102880009579584538BF83461FFA8BF32046524648
:102890000095059D06F076FCD8F80C00D8F81410C9
:1028A0005844C8F80C0001EB0B00C8F81400D9F824
:1028B00018100BF1030289B2B1EB920FD8D2D8F8FD
:1028C0001020DDF8089082423FF64EAF07F00F006F
:1028D000D4F83418012202FA00F021EA0000C4F80A
:1028E000340841E7DDF81890D9F8000006F026FB1F
:1028F000002802D4D9F8000019E00499486820F0B3
:102900000100486099F8CC04012807D1002089F81B
:10291000CC0448460021FFF70DFC02E0484600F0D9
:10292000A5FBD9F80000416901F00041416106F0C2
:1029300005FB000502D4D9F800000CE0049880687B
:10294000C00702D0484600F0D5FBD9F80000416925
:1029500001F40061416106F0F1FAC00402D4D9F833
:102960000000F2E00499486820F001004860D9F8BE
:102970000000102106F046FA99F80400010600F064
:10298000B880C1B2042900F0030001D2002166E042
:102990006FF0600202EA411200234FF67F370021F8
:1029A000EE18C6F80879D6F80059803325F40015DA
:1029B000C6F80059C6F8087BD6F8005B9A4225F4A1
:1029C0000015C6F8005BD6F8005B01F1040145F084
:1029D0000065C6F8005BC6F82879D6F8205925F4BA
:1029E0000015C6F82059C6F8287BD6F8205B25F4D8
:1029F0000015C6F8205BD6F8205B45F00065C6F8E8
:102A0000205BC6F84879D6F8405925F40015C6F879
:102A10004059C6F8487BD6F8405B25F40015C6F847
:102A2000405BD6F8405B45F00065C6F8405BC6F8F1
:102A30006879D6F8605925F40015C6F86059C6F8CB
:102A4000687BD6F8605B25F40015C6F8605BD6F8A5
:102A5000605B45F00065C6F8605B059DA0D100286D
:102A600047D005F5106202EB41134FF67F374E0158
:102A70009F609559059B25F4001503F5306395512A
:102A800003EB4115AF609D59012825F400159D51B8
:102A90009D5945F000659D512BD04E1C02EB46140C
:102AA0007501A760545903EB461624F400145451E1
:102AB000B7605F59022827F400175F515F5947F04C
:102AC00000675F5115D0881C02EB40174FF67F3628
:102AD0004101BE60575803EB401027F400175750D0
:102AE0008660585820F400105850585840F0006044
:102AF0005850049F8421F869442240F00110F86185
:102B000099F80F0000284FF00B0008BF142108BFF0
:102B100042F22B007B5808BF102218437850B85857
:102B200040F00B00B850386809F29C4220F4FE6077
:102B30003860D9F8000099F8061005F053FFD9F86D
:102B40000000416901F48051416106F0F7F9014646
:102B5000D9F8000089041AD505F044FBD9F8000023
:102B600006F0B0F9D9F8004089F8070000F08CFBB6
:102B700099F807200146204606F07CFA484600F006
:102B800061FAD9F80000416901F40051416106F091
:102B9000D5F9000702D4D9F8000008E0484600F053
:102BA00069FAD9F80000416901F00801416106F0B5
:102BB000C5F900062AD50599886920F0800088614A
:102BC00099F80400022821D309F5157409F11405B8
:102BD000012640F27B2704E00136864207F12407F4
:102BE00014D219F807100129F6D106F00F0000EBF6
:102BF000C0023006D9F8000005EB820158BF04EB93
:102C0000820106F071F899F80400E5E7D9F80000B0
:102C100006F094F9C00202D4D9F8000030E099F827
:102C20000400022826D3059909F1140401F5126560
:102C300009F13B064FF00108012705E00137203577
:102C4000874206F1240615D229687278012AF5D147
:102C5000B1F1FF3FF2DC07F00F0000EBC001D9F843
:102C6000000004EB810186F8008006F03DF899F839
:102C70000400E3E7D9F80000416901F480114161E3
:102C800006F05CF9059D800202D4D9F8000031E01D
:102C900099F80410022927D305F53260013909F5A6
:102CA0001F72012305E000BF2030013902F1240228
:102CB0001AD007681678012EF6D1B7F1FF3FF3DC82
:102CC000D9F8D46486EA1747FF07EDD102F8013C32
:102CD000AF6947F08007AF616F693F06E4D404999C
:102CE000486840F400704860D9F80000416901F478
:102CF0000011416106F022F9400002D4D9F8000029
:102D000008E04846FFF786FAD9F80000416901F06B
:102D10008041416106F012F940077FF5B6ABD9F862
:102D200000004468610704D54846FFF78DFAD9F8DA
:102D3000000041682143416007B0BDE8F08F00000A
:102D4000D0F8E00404F02CBED0F8E00404F03EBE5D
:102D5000002804BF01207047F0B581B00446056823
:102D600090F8950428B9002084F89404204600F0D7
:102D700025F90320B5F1A04F84F8950404BF002085
:102D8000A071206805F026FE94E80F00267C0096CE
:102D900005F038FA002840F000812068002106F094
:102DA00025F9002840F0F98094F804E0BEF1000F06
:102DB00000F0EC800EF0030CBEF1040F4FF00002A7
:102DC00040D30EF0FC03A4F190000321012500BFC5
:102DD000CE1E80F8A460A0F8BE608E1E80F8C86089
:102DE000A0F8E2604E1E80F8EC60A0F8066180F862
:102DF0001011A0F82A110E1D013180F8A55080F89D
:102E0000A820C0E92B22C0F8B42080F8C95080F86F
:102E1000CC20C0E93422C0F8D82080F8ED5080F8EA
:102E2000F020C0E93D22C0F8FC2080F8115180F864
:102E30001421C0E94622C0F8202190309942314641
:102E4000C6D1F21EBCF1000F31D004F1140002EB28
:102E5000C20100EB8105012300F821200021BCF113
:102E6000010F6B706A832971C5E9021129611ED0B7
:102E7000551C05EBC50600EB8607BCF1020F7B7005
:102E800000F826507D833971C7E9021139610ED0EF
:102E9000911C01EBC10200EB8203012500F8221016
:102EA00000205D7059831871C3E902001861BEF1FA
:102EB000000F6BD0BEF1040F4FF0000236D30EF0BE
:102EC000FC000321234600BFCF1E83F854728F1EDF
:102ED00083F878724F1E83F8C0120D1D013183F8FC
:102EE000552283F85822C3E99722C3F8642283F855
:102EF000792283F87C22C3E9A022C3F8882283F8D0
:102F00009D2283F89C7283F8A022C3E9A922C3F80A
:102F1000AC2283F8C12283F8C422C3E9B222C3F8E9
:102F2000D022903381422946CED1EA1EBCF1000F57
:102F30002CD004F5157002EBC20300EB83070021CF
:102F4000BCF1010F797000F823203971C7E9021133
:102F500039611BD0531C03EBC30700EB8706BCF1A0
:102F6000020F717000F827303171C6E9021131612A
:102F70000CD0911C01EBC10200EB820300275F70B3
:102F800000F822101F71C3E902771F6194E80F0057
:102F9000277C009705F0C4FA28B1022084F8950434
:102FA000012001B0F0BD00206074012084F8950478
:102FB000206805F0A5FA002001B0F0BDB0B586B0DC
:102FC00000680024B0F1A04F0594CDE903440294B9
:102FD000019401D006B0B0BD43F630050094C4F2B0
:102FE0000205286801A940F001002860286800F067
:102FF0000100009000984FF4C05001900220CDE9EC
:103000000204032004900A2005900020C4F202006C
:10301000FEF7D8FE6868002140F0800068600094E8
:103020006869002240F480406861686900F480406B
:10303000009000984320FFF741F84320FFF72CF859
:1030400006B0B0BD10B5C179044621B1022901D046
:10305000FDF712FD0121D4F8E00404F03FFDD4F89F
:10306000E004BDE8104004F0EDBC0000D0F8E0043E
:1030700004F01ABDD0F8E00404F020BD90F89424C8
:10308000012A04BF0220704710B5012280F8942461
:10309000417402680446104605F0DAFF002084F807
:1030A000940410BDD0F8E02400F29C41104604F0D6
:1030B0002BBD000010B5044690F89404012804BF0D
:1030C000022010BD2068012184F89414C1684906CB
:1030D00006D5617B012903D1816B41F48031816385
:1030E00005F088FE206805F0FBF9002084F89404C0
:1030F00010BD000010B50446D0F8E00404F058FDFF
:103100002068D0F8001E41F00101C0F8001EE07AEE
:10311000002808BF10BD4EF61050CEF20000016826
:1031200041F00601016010BD002804BF0120704776
:103130002DE9F04143F60808C4F202080446D8F825
:10314000F8030D4600F00700884207D288F8F853CC
:10315000D8F8F80300F00700A84276D1206881076C
:1031600017D5410705D5D8F8001041F4E051C8F84B
:103170000010010705D5D8F8001041F46041C8F8E7
:103180000010D8F80010A26821F0F0011143C8F82F
:103190000010C0073FD1D8F8F80300F00700A8429C
:1031A00007D988F8F853D8F8F80300F00700A842C8
:1031B0004BD12068410707D5D8F80010E26821F408
:1031C000E0511143C8F80010000708D5D8F80000F6
:1031D000216920F4604040EAC100C8F8000000F016
:1031E00081F8D8F800104EF6D812C1F30311C0F6DA
:1031F0000002515C40F2200220FA01F140F2482026
:10320000C2F200000068C2F200021160FEF700FF87
:103210000020BDE8F0816068811E022907D258F8BD
:10322000081C89015CBF0120BDE8F08110E0012885
:1032300007D158F8081C89035CBF0120BDE8F08164
:1032400006E058F8081C890702D40120BDE8F08187
:10325000D8F8001021F003010843C8F80000FEF779
:103260008FFE064641F28837D8F80000616800F00A
:103270000C00B0EB810F8ED0FEF782FE801BB842AF
:10328000F2D90320BDE8F08140F22000C2F2000034
:103290000068704740F2200043F60801C2F20000C7
:1032A000C4F20201006809684EF6E812C1F38221F7
:1032B000C0F60002515CC8407047000040F2200098
:1032C00043F60801C2F20000C4F202010068096876
:1032D0004EF6E812C1F34231C0F60002515CC8401C
:1032E0007047000010B543F60404C4F2020460689D
:1032F00000F00C0008280AD0042819BF42F2004050
:10330000C0F2F40047F64000C0F27D1010BD206806
:1033100021682368490247F64001C0F27D1100F0A0
:103320003F02C3F388105CBF42F20041C0F2F401D7
:10333000A1FB00010023FCF743FF21680222C1F337
:10334000014102EB4101B0FBF1F010BD002804BFC8
:10335000012070472DE9F04182B00446007843F621
:103360000006C007C4F202060BD0B06800F00C00E3
:10337000042876D13068800303D56068002800F007
:103380004F812078800719D5B06810F00C0F07D056
:10339000B06800F00C0008287DD1706840027AD433
:1033A0003068800703D5E068012840F03981306833
:1033B000216920F0F80040EAC10030602078000761
:1033C00013D42078400726D4A569002D00F024816D
:1033D000B06800F00C00082840F09680012D40F005
:1033E000F880012002B0BDE8F0816069002877D044
:1033F0000020C4F247200121C0F8801EFEF7C0FD66
:10340000054600BF706F8007DBD4FEF7B9FD401B97
:103410000228F7D9D9E0306C5FEAC0080AD400204E
:103420000190306C40F080503064306C00F080507F
:103430000190019847F20007C4F200073868C00500
:1034400040D4386840F480703860FEF799FD054636
:103450003868C00536D4FEF793FD401B0228F7D923
:10346000B3E0B06800F00C00082803D17068400297
:103470003FF580AF61683068B1F5803F07D0B1F5A6
:10348000A02F40F08C8040F480203060306840F401
:10349000803030608CE0E068002840F20000C4F228
:1034A000472054D001210160FEF76AFD054600BFA8
:1034B000306880073FF57BAFFEF762FD401B0228B6
:1034C000F6D982E0A168306F012905D005294FD1D6
:1034D00040F004003067306F40F00100306750E08A
:1034E0000020C4F247200021C0F8801EFEF748FDEE
:1034F000054600BF706F80077FF563AFFEF740FDA4
:10350000401B0228F6D960E00027C4F247270020BC
:103510003866FEF735FD022D05460DD13068800175
:1035200040F18280FEF72CFD401B02284FF0030083
:10353000F4D902B0BDE8F081306880016CD5FEF7A7
:103540001FFD401B02284FF00300F5D9F1E70021D1
:103550000160FEF715FD0546306880077FF52EAF48
:10356000FEF70EFD401B02284FF00300F4D9E0E700
:1035700020F001003067306F002920F00400306730
:1035800073D0FEF7FDFC054641F28837306F8007A7
:103590007BD4FEF7F5FC401BB842F7D915E020F4C8
:1035A000803030603068002920F48020306075D091
:1035B000FEF7E6FC054600BF306880033FF5E1AE4C
:1035C000FEF7DEFC401B6428F6D9032002B0BDE8FC
:1035D000F0817068E16900F480028A4220D1216A9A
:1035E00000F03F028A421BD147F6C071626A014077
:1035F000B1EB821F14D1A16A4FF6FF73C90399433F
:1036000000F44032A1F580318A4209D1E16A00F02C
:103610007060B0EB016F03D1002002B0BDE8F08113
:10362000012002B0BDE8F08104F11C052FCD084354
:1036300040EA8210D9034FF6FF729143A1F5803121
:1036400040EA05600843706001203866FEF798FC88
:10365000044600BF30688001DED4FEF791FC001BF9
:1036600002284FF00300F5D963E7FEF789FC054611
:1036700041F28837306F800707D5FEF781FC401B89
:10368000B8424FF00300F5D953E7B8F1000F3FF50A
:103690009BAE306C20F08050306495E6FEF770FCF5
:1036A000054600BF306880037FF56BAEFEF768FC0F
:1036B000401B64284FF00300F4D93AE7704700003C
:1036C000B0B582B001684A688B6803F04105012DEE
:1036D00004D112F0400501D0016C05E09D0707D52B
:1036E00012F0800504D0416C02B0BDE8B04008473C
:1036F00013F4B07F18BF12F0200501D102B0B0BDA5
:103700005D0617D590F85150032D08D10020019087
:10371000C868019088680190019802B0B0BD456DFD
:1037200045F00405456500250195CD6801958D6836
:103730000195019D9D060CD5456D45F0010545653A
:10374000002501958D6801950D6825F040050D60F7
:10375000019DDB0508D5436D43F008034365002355
:1037600001938B680193019B436D002BC6D04B687E
:10377000920723F0E0034B604FF0010380F85130D3
:1037800025D04A6846F2C10422F003024A60C16CA7
:10379000C0F6000459B1054608460C65FEF71AF953
:1037A0000146284619B1416D41F040014165816CE7
:1037B0000029A3D00C6504460846FEF70BF9002843
:1037C0009CD0606D40F04000606502B0B0BD02B0BA
:1037D000BDE8B040FFF772BF70B528B1416A29B1AA
:1037E00000210161142106E0012070BD4168B1F59E
:1037F000827F02D01C21002242500026866290F86F
:10380000511029B980F85060054600F03DF828466F
:10381000022180F8511090E82E0002F482720C68A8
:1038200003F4044324F040040C601A4405F40063DC
:1038300005691A4405F0020345691A4405F00103BD
:103840008569C4691A4405F400731A4404F0380306
:10385000046A1A4404F08003846A1A4304F400538F
:103860001A430A60436A042202EA154203F0100375
:103870001A444A60CA6922F40062CA61012146659D
:1038800080F85110304670BD2DE9F04F87B00446E6
:10389000006843F60041C4F2000100278842CDE9E8
:1038A0000577CDE90377029734D043F60001C4F2DF
:1038B0000001884240F0AB80002043F630010190C7
:1038C000C4F202010A6942F480420A610A6902F400
:1038D00080420192019A01900A6842F002020A6055
:1038E000096801F00201019101994FF460410291D0
:1038F0000221CDE903100520069040F60000C4F235
:1039000002000591A0F5806002A9FEF75BFA07B0FE
:10391000BDE8F08F43F630000197C4F20200016960
:1039200040F6000B41F4004101610169C4F2020B51
:1039300001F40041019101990197016802AE41F043
:103940000401016000684FF0020A00F004000190D9
:1039500001984FF4A050029001254FF006085846F8
:103960003146CDE903A70595CDF81880FEF72AFA70
:103970004FF40069CDF8188046F2100858463146D9
:10398000CDE9029ACDE90455C4F20208FEF71AFA0D
:1039900041F21425C2F200054FF4806B4FF4005A37
:1039A0004FF400362846C5E90087C5E90277C5E926
:1039B00004B9C5E906A7C5E90867FEF7FBF80028C2
:1039C00018BFFDF759F8E564AC6341F2742508F1BE
:1039D0007800C2F200050021402285E80700284651
:1039E000C5E9031BC5E9059AE961C5E90861FEF768
:1039F000E1F8002818BFFDF73FF83320002100222E
:103A0000A564AC63FEF75AFB3320FEF745FB07B015
:103A1000BDE8F08F2DE9F04182B0044690F85100E6
:103A2000012818D100294FF0010018BF002A02D147
:103A300002B0BDE8F08160681D461746B0F5827F90
:103A400002D1A06800284ED00E46FEF799FA94F8ED
:103A50005010012903D1022002B0BDE8F081804658
:103A6000012084F850000420002184F85100616591
:103A7000A663A787E7872163A186E186A2682068FD
:103A8000B2F5004F2164616407D1016821F0400163
:103A90000160016821F4804101600168490603D496
:103AA000016841F040010160E168E08F39B300280E
:103AB00049D06F1C0AE000BFC068A16B21F8020B5F
:103AC000A163E08F0138E087E08FE0B32068816870
:103AD000C907F1D1FEF754FA002FF5D0A0EB08008A
:103AE000A842F1D325E0042084F8510020460A467C
:103AF0003B46009500F054F902B0BDE8F08110B3E8
:103B00006F1C0AE0007BA16B0870A06B0130A06302
:103B1000E08F0138E087E08FA8B120688168C9078D
:103B2000F0D1FEF72DFA002FF5D0A0EB0800A84247
:103B3000F1D3012084F85100002084F850000320C4
:103B400002B0BDE8F08120462946424602F08EFBD5
:103B500000281CBF20206065012084F8510000204F
:103B600084F85000606D002818BF012002B0BDE845
:103B7000F081000070470000704700002DE9F0411F
:103B800084B01D4616460F460446FEF7F9F994F830
:103B9000511001290DD18046002F4FF0010018BFB0
:103BA000002E02D104B0BDE8F08194F85000012845
:103BB00003D1022004B0BDE8F081012084F8500058
:103BC0000320002184F8510061652763A686E686FC
:103BD000A163A187E187A0682164B0F5004F206848
:103BE000616407D1016821F040010160016841F47E
:103BF000804101600168490603D4016841F0400139
:103C000001606168731EE268B1FA81F1B3FA83F36F
:103C100049095B09B2F5006F41EA030123D131B1D3
:103C200037F8021BC1602763E08E0138E086E08E22
:103C3000002846D06E1C09E0216B31F8022BC260CF
:103C40002163E08E0138E086E08ED0B32068816881
:103C50008907F1D4FEF794F9002EF5D0A0EB080007
:103C6000A842F1D323E039B139780173206B0130D8
:103C70002063E08E0138E086E08E10B36E1C0AE00F
:103C8000216B09780173206B01302063E08E0138CD
:103C9000E086E08EA8B1206881688907F0D4FEF73D
:103CA0006FF9002EF5D0A0EB0800A842F1D3012057
:103CB00084F85100002084F85000032004B0BDE8CF
:103CC000F0812046022101222B46CDF8008002F02F
:103CD000F9FAE0B1606D40F0200060652020606579
:103CE000A06838B9002002902068C16802918068FD
:103CF00002900298012084F85100002084F85000BE
:103D0000606D002818BF012004B0BDE8F08140F2CA
:103D10002000C2F20000006849F68171C1F25E61C4
:103D2000A0FB0101480D4FF47A714843039060688D
:103D3000B0F5827F0AD12046802100222B46CDF8A3
:103D4000008002F0BFFA0028C4D1C9E70398002818
:103D5000C6D0039801380390206880680006BFD55C
:103D600003980028BCD0039801380390206880682D
:103D70000006B5D503980028B2D003980138039007
:103D8000206880680006ABD503980028A8D0039867
:103D900001380390206880680006D7D4A0E70000AF
:103DA0002DE9F04383B01E4615460F460446FEF744
:103DB000E7F894F851108146012908D1002F4FF0FF
:103DC000010018BF002D0ED103B0BDE8F08360687C
:103DD000B0F5827F0DD104294FF00200F4D1A16823
:103DE0000029EBD0F0E7002EEED094F85000012827
:103DF00003D1022003B0BDE8F083012084F8500015
:103E000094F85100002104281CBF052084F85100BB
:103E10006165A563E687A6872763E6862068A68690
:103E2000216461640168490603D4016841F04001DE
:103E300001606168731EE268B1FA81F1B3FA83F33D
:103E4000DDF8288049095B09B2F5006F41EA0301FA
:103E500037D131B137F8021BC1602763E08E0138DA
:103E6000E086012608F10105E08E10B9E08F0028F8
:103E70006CD02068816889070CD5E18E51B1012E84
:103E800008D1216B002631F8022BC2602163E18E3C
:103E90000139E1868168C9070AD0E18F41B1C06864
:103EA000A16B012621F8020BA163E08F0138E087A6
:103EB000FEF766F8002DD7D0A0EB09004045D3D31C
:103EC0003AE039B139780173206B01302063E08E1C
:103ED0000138E086012608F1010500BFE08E08B92F
:103EE000E08F98B32068816889070ED5E18E61B1B3
:103EF000012E0AD1216B002609780173216B2068FD
:103F000001312163E18E0139E1868168C9070BD057
:103F1000E18F49B1C068A16B01260870A06B013028
:103F2000A063E08F0138E087FEF72AF8002DD5D096
:103F3000A0EB09004045D1D3012084F851000020B6
:103F400084F85000032003B0BDE8F083204602212E
:103F500001224346CDF8009002F0B4F960B1606DE3
:103F600040F02000606520206065002084F850004B
:103F7000012003B0BDE8F08340F22000C2F200004F
:103F8000006849F68171C1F25E61A0FB0101480D34
:103F90004FF47A71484302906068B0F5827F0AD18D
:103FA0002046802100224346CDF8009002F08AF995
:103FB0000028D4D123E0029808B302980138029077
:103FC0002068806800061AD50298C0B102980138AE
:103FD000029020688068000611D5029878B1029896
:103FE0000138029020688068000608D5029830B138
:103FF000029801380290206880680006DBD4A0682F
:1040000038B9002001902068C16801918068019052
:104010000198012084F85100002084F85000606D60
:10402000002818BF012003B0BDE8F08370B590F8F8
:104030005150012D07D100294FF0010C18BF002A63
:104040000DD1604670BD4468B4F5827F0DD1042D5A
:104050004FF0020CF5D18568002DECD0F1E7002B74
:10406000EFD090F85050012D01D1022070BD0125F4
:1040700080F8505090F851500024042D1CBF0525A5
:1040800080F85150446501638386C38682638387C9
:10409000C387C0E9104490F8511046F2ED0346F290
:1040A000F506C0F60003C0F600060568D0F84CC05F
:1040B000042908BF1E4646F2FD0146F26913C0F608
:1040C0000001C0F6000308BF0B4646F2CD01C0F662
:1040D0000001CCE90F36CCE91314C38F064605F175
:1040E0000C016046FDF70AFE38B1706D40F010001B
:1040F0007065012086F8504070BD3568316BB06C3A
:104100006B6805F10C0243F001036B60C0E90F44DA
:10411000C0E91344F38EFDF7F1FD40B1706D40F03E
:1041200010007065002086F85000012070BD3068D6
:1041300035460168490603D4016841F04001016039
:104140004FF0000C85F850C0416841F020014160FB
:10415000416841F002014160604670BD41F6901136
:10416000C2F20001884218BF7047B0B50024C4F203
:10417000020420464FF400410122FDF7FBFE40F609
:10418000F435C2F200052878022821D0012821D177
:104190000220287020464FF400410022FDF7EAFE7D
:1041A00041F6901040F2422141F6A832C2F20000DE
:1041B000C2F20001C2F200020123FFF737FF48B14B
:1041C00020464FF400410122FDF7D4FE002000E01C
:1041D00003202870BDE8B040704700007047000021
:1041E000411E0020B0EB116F1CBF012070474EF242
:1041F0001002CEF2000251604EF62351CEF20001C1
:10420000F0230B7007219060116070477047000029
:104210007047000090F83C20012A04BF022070473C
:10422000B0B501F108053CCDD1E900CE23F47C53B3
:1042300022F470521A432EF4F0431A432CF4E04354
:104240001A4324F4C0431A432A43C96922F4804222
:10425000036811435964002180F83C100020B0BD70
:1042600090F83C20012A4FF0020252D010B580F89D
:104270003D200268D2F804E0D2F808C00C682EF0A5
:104280007003234341F2FF74C4F20004A24253605E
:104290000DDC40F2FF73C4F200039A4215DCB2F168
:1042A000804F29D040F20043C4F2000322E040F2E4
:1042B000FF33C4F201039A4212DC41F60003C4F258
:1042C00000039A4218D0002312E040F60003C4F223
:1042D00000039A4210D040F60043C4F2000309E004
:1042E00044F20003C4F201039A4205D040F20043B5
:1042F000C4F201039A4204D149682CF080031943A7
:1043000091600121002280F83D1080F83C20BDE83A
:104310001040104670470000A1B1042904D00829BC
:1043200014BF4522442200E04322825C012A11D1BD
:104330000222082910D0042914BF80F8452080F8F3
:1043400043200BE090F84220012A03D1022280F89A
:10435000422003E00120704780F84420006801F00B
:104360000F010422036A02FA01F123EA0102026248
:10437000026A11430162416C41F2FF72C4F2000211
:1043800041F40041904241640DDC40F2FF71C4F2FF
:104390000001884215DCB0F1804F29D040F2004185
:1043A000C4F2000122E040F2FF31C4F20101884270
:1043B00012DC41F60001C4F20001884218D000214D
:1043C00012E040F60001C4F20001884210D040F62D
:1043D0000041C4F2000109E044F20001C4F201010D
:1043E000884205D040F20041C4F20101884206D162
:1043F000816801F00701062904BF002070470168A9
:1044000041F00101016000207047000010B5026812
:1044100001F00F0E4FF0040C146A0CFA0EF324EAAC
:1044200003031362136A1362146A41F211131C42EC
:104430000AD1D2F820C040F244441CEA040F03D150
:10444000546C24F400445464146A1C4204D1136A6A
:1044500040F24444234212D0082916D0042909D03E
:1044600000294FF0010114BF80F8451080F8421078
:10447000002010BD012180F84310002010BD1368FA
:1044800023F0010313600829E8D1012180F84410CA
:10449000002010BD002804BF0120704710B504465D
:1044A00090F83D0028B9002084F83C00204600F038
:1044B0001FF8022084F83D002068211D02F010F84A
:1044C000012084F8460084F83E0084F83F0084F818
:1044D000400084F8410084F8420084F8430084F8E6
:1044E000440084F8450084F83D00002010BD000021
:1044F0002DE9F04F83B00446006840F20041C4F259
:104500000101884256D040F60001C4F20001884201
:104510004DD1002643F640000296C4F20200016825
:1045200041F2D42541F004010160006846F25801CF
:1045300000F0040002900298C2F20005C4F20201E9
:104540004FF4806B4FF480594FF4804A28464FF067
:1045500080674FF0400885E88201C5E9036BC5E933
:10456000059AC5E907666E62FDF724FB002818BFAF
:10457000FCF782FA46F25800A562AC63C4F202006E
:1045800041F234356030C2F2000585E881012846E9
:10459000C5E9036BC5E9059AC5E907666E62FDF7D3
:1045A00009FB002818BFFCF767FAE562AC6303B0AB
:1045B000BDE8F08F0020019043F64000C4F20200F5
:1045C0004168002241F00201416040680A2100F088
:1045D0000200019001982C20FDF770FD2C2003B003
:1045E000BDE8F04FFDF758BD90F83D1001291CBF04
:1045F00001207047022180F83D10006841F2FF72EF
:10460000C168C4F20002904241F00101C1600DDCBA
:1046100040F2FF71C4F20001884215DCB0F1804F16
:1046200029D040F20041C4F2000122E040F2FF3103
:10463000C4F20101884212DC41F60001C4F200011B
:10464000884218D0002112E040F60001C4F20001B7
:10465000884210D040F60041C4F2000109E044F263
:104660000001C4F20101884205D040F20041C4F2C9
:104670000101884206D1816801F00701062904BFC3
:1046800000207047016841F001010160002070477F
:1046900090F83C20012A4FF002026BD080B580F8E0
:1046A0003D20D0F800C04FF67772DCF8083023EADE
:1046B0000202CCF808200B684F2B28DC1F2B44DDAE
:1046C000202B45D0302B43D0402B40F0AC80D1F88C
:1046D00004E0C968DCF82030DCF8202022F0010278
:1046E000CCF82020DCF8182022F0F00242EA011178
:1046F00023F00A0242EA0E02CCF81810CCF820206F
:10470000DCF8081041F0470121F0300127E06F2B61
:1047100032DDB3F5005F73D0B3F5805F21D0702B2D
:1047200040F08180D1E901E3C968DCF8082043EA60
:104730000E0322F47F4243EA01211143CCF8081012
:10474000DCF8081041F0770109E00BB1102B6AD1B9
:10475000DCF8081021F07001194341F00701CCF892
:1047600008100022012180F83D10002180F83C1043
:10477000BDE8804010467047502B21D0602B52D1AD
:10478000D1F804E0C968DCF82030DCF8202022F001
:104790001002CCF82020DCF8182022F4704242EA03
:1047A000013123F0A00242EA0E12CCF81810CCF826
:1047B0002020DCF8081041F0670121F01001CEE75D
:1047C000D1F804E0C968DCF82030DCF8202022F0C1
:1047D0000102CCF82020DCF8182022F0F00242EA96
:1047E000011123F00A0242EA0E02CCF81810CCF8AC
:1047F0002020DCF8081041F0570121F02001AEE73D
:10480000D1E901E3C968DCF8082043EA0E0322F489
:104810007F4243EA01211143CCF80810DCF808106C
:1048200041F480419BE701229CE7000070470000B3
:104830007047000070B504460068C5680669B10796
:1048400016D515F0020113D06FF0020101610121AC
:1048500021778069800703D02046FFF7E9FF05E054
:10486000204600F00DF9204600F046FA002020779F
:10487000700718D515F0040015D020686FF00401FA
:10488000016102212177806910F4407F03D0204626
:10489000FFF7CEFF05E0204600F0F2F8204600F0DA
:1048A0002BFA00202077300717D515F0080014D018
:1048B00020686FF00801016104212177C069800739
:1048C00003D02046FFF7B4FF05E0204600F0D8F8FB
:1048D000204600F011FA00202077F00618D515F0D8
:1048E000100015D020686FF01001016108212177B8
:1048F000C06910F4407F03D02046FFF799FF05E020
:10490000204600F0BDF8204600F0F6F900202077A0
:10491000F00718BF15F0010002D1300609D412E0EB
:1049200020686FF001010161204600F0DFFB3006D6
:1049300009D515F0800006D020686FF08001016174
:104940002046FFF763FC700609D515F0400006D03D
:1049500020686FF040010161204600F0F7FBB006CF
:1049600058BF70BD15F0200008D021686FF02002FC
:1049700020460A61BDE87040FFF74ABC70BD0000E8
:104980002DE9F04186B0006840F20041C4F2010117
:1049900000268842CDE90466CDE90266019621D061
:1049A00040F60001C4F20001884265D1002043F6C0
:1049B00030010090C4F202010A6842F002020A606B
:1049C000096801F00201009100994FF4C071019152
:1049D0000221CDE90210CDE9040140F20040C4F209
:1049E000020046E043F630000096C4F2020001687F
:1049F00040F2004441F0010101600168C4F2020488
:104A000001F00101009100990096016801AD41F0AB
:104A10000201016001684FF0020801F002010091FB
:104A2000009900960168032741F0040101600068C5
:104A3000294600F004000090009880200190A4F521
:104A40008060CDE9028604960597FDF7BBF9204604
:104A50002946CDE90178CDE903660597FDF7B2F95E
:104A60004FF4E070CDE9010804F58060CDE90366FC
:104A7000059701A9FDF7A6F906B0BDE8F081000091
:104A80007047000090F83C30012B04BF02207047B3
:104A90004FEAB202032A00F2FD802DE9F043DFE87D
:104AA00002F002AF3D7D036840F200461C6A1A6ABC
:104AB00024F0020422F001021A621A46D3F804C05C
:104AC00052F818EF8F6843F48065C4F20106B542CE
:104AD00044EA070405D1CF6824F00C0427F004074A
:104AE0003C430F68B54206D1D1E905582CF4407615
:104AF0002E4346EA080C2EF073063743C3F804C071
:104B00009F614F6809695F631C629F6947F00807EE
:104B10009F619F6927F004079F61B0E0036840F23E
:104B200000481C6A1A6A24F4007422F480721A6223
:104B30001A46D3F804C052F81CEF8F6843F480651E
:104B4000C4F20108454544EA072408D1CF6840F281
:104B5000FF463F0224F4406427EA06063443D1F8B6
:104B60000090454506D1D1E905562CF440572E4317
:104B700047EA061C2EF0730747EA0907C3F804C08A
:104B8000DF614F680969DF631C62DF6947F008076E
:104B9000DF61DF6927F00407DF6170E0036840F23E
:104BA0000045D3F820C01A6A43F4806722F480528B
:104BB0001A621A465C6852F81C8FD1F800E08E68C1
:104BC000C4F20105AF4204D14D6924F4804444EAA3
:104BD00085142CF4005747EA063728F4E64646EADF
:104BE0000E265C60DE614E6809691E641F62DF6923
:104BF00047F40067DF61DF6927F48067DF613DE02C
:104C0000036840F200481C6A1A6A24F0200422F06B
:104C100010021A621A46D3F804C052F818EF8F68CF
:104C200043F48065C4F20108454544EA071407D1FE
:104C3000CF686FF0400624F0C00406EA071634433C
:104C4000D1F80090454506D1D1E905562CF44067CE
:104C50002E4347EA860C2EF4E64747EA0927C3F8B5
:104C600004C09F614F6809699F631C629F6947F494
:104C700000679F619F6927F480679F61090213683D
:104C8000194311600021BDE8F043002280F83C2068
:104C9000084670470121F8E7002804BF012070474B
:104CA00010B5044690F83D0028B9002084F83C0077
:104CB000204600F01FF8022084F83D002068211DE6
:104CC00001F00EFC012084F8460084F83E0084F8D0
:104CD0003F0084F8400084F8410084F8420084F8E2
:104CE000430084F8440084F8450084F83D00002027
:104CF00010BD0000704700007047000070470000C2
:104D0000A1B1042904D0082914BF4122402200E0A7
:104D10003F22825C012A11D10222082910D00429E5
:104D200014BF80F8412080F83F200BE090F83E202F
:104D3000012A03D1022280F83E2003E001207047BF
:104D400080F84020006801F01F010122036A02FA86
:104D500001F123EA01020262026A114341F2FF7289
:104D6000C4F20002904201620BDC40F2FF71C4F217
:104D70000001884213DCB0F1804F35D040F2004191
:104D800015E040F2FF31C4F20101884214DC41F623
:104D90000001C4F20001884226D0002114E040F650
:104DA0000001C4F2000188421ED040F60041C4F266
:104DB0000001884218D01EE044F20001C4F2010153
:104DC000884211D040F20041C4F20101884212D160
:104DD000416C40F2004340F48062C4F2010341F4AC
:104DE00000419A42416406D1816801F00701062919
:104DF00004BF00207047016841F0010101600020FC
:104E00007047000070B5A1B14125082908BF4025B1
:104E1000042908BF3F25455D022D04BF022070BD57
:104E200008290ED0042914BF00F1410500F13F0507
:104E300009E0054615F83E4F022C04BF022070BD64
:104E400001E000F140052D78012D40F09B80002A03
:104E50004FF0010C18BF002B01D1604670BD022538
:104E600041B1082909D0042914BF80F8415080F8C5
:104E70003F5004E080F83E5001E080F840504FEA97
:104E8000B105032DE9D80E46DFE805F002602241A6
:104E9000456A46F20D64C0F60004EC63456A46F2CA
:104EA0007564C0F600042C64456A46F2AD6401687E
:104EB000C0F60004EC640546406A01F1340C11466A
:104EC0006246FCF71BFF00285CD14FF400715DE0E7
:104ED000C56A46F20D64C0F60004EC63C56A46F28A
:104EE0007564C0F600042C64C56A46F2AD640168BE
:104EF000C0F60004EC640546C06A01F13C0C1146A2
:104F00006246FCF7FBFEE8BB4FF400613EE0056B38
:104F100046F20D64C0F60004EC63056B46F275645E
:104F2000C0F600042C64056B46F2AD640168C0F65F
:104F30000004EC640546006B01F1400C114662462A
:104F4000FCF7DCFEF0B94FF480511FE0856A46F2B1
:104F50000D64C0F60004EC63856A46F27564C0F621
:104F600000042C64856A46F2AD640168C0F6000452
:104F7000EC640546806A01F1380C11466246FCF784
:104F8000BDFE08B1012070BD4FF480612868C26881
:104F90001143C16006F01F010122036A02FA01F108
:104FA00023EA01020262026A114341F2FF72C4F273
:104FB0000002904201620BDC40F2FF71C4F200017A
:104FC000884213DCB0F1804F35D040F2004115E04B
:104FD00040F2FF31C4F20101884214DC41F60001C5
:104FE000C4F20001884226D0002114E040F60001FE
:104FF000C4F2000188421ED040F60041C4F2000114
:10500000884218D01CE044F20001C4F20101884239
:1050100011D040F20041C4F20101884210D1416C2C
:1050200040F2004340F48062C4F2010341F40041C5
:105030009A42416404D1816801F00701062903D036
:10504000016841F0010101604FF0000C604670BD45
:1050500010B5026801F01F0E4FF0010C146A0CFA33
:105060000EF324EA0303136240F20043D2F820C097
:1050700042F48064C4F201039C42C2F820C00DD106
:10508000136A41F21114234208D1136A40F24444D6
:10509000234203D1536C23F400435364136A41F257
:1050A0001114234204D1136A40F24444234212D023
:1050B000082916D0042909D000294FF0010114BF96
:1050C00080F8411080F83E10002010BD012180F8CA
:1050D0003F10002010BD136823F00103136008295E
:1050E000E8D1012180F84010002010BD016840F295
:1050F0000040C4F20100814200D070470068C00641
:1051000048BF7047B0B5FCF741FF40F6C824C2F273
:105110000004206005F040FDFCF738FF40F6C02594
:10512000C2F200052968401A40F6BC21C2F2000113
:105130000860FCF72BFF21682860401A40F6C42164
:10514000C2F200010860BDE8B0407047704700003F
:105150007047000070470000B0B582B001680A686F
:10516000CC684B6902F02F05202D04F0200505D1F5
:1051700025B102B0BDE8B04001F0A2BC5FEA027CFC
:105180001EBF03F0010E04F4907313EB0E0340D125
:10519000036BD50618D5012B16D114F0100313D0CC
:1051A000002201920A6801924A680192019A4969B3
:1051B000490649D4818DC28DC38D002B18BF914201
:1051C00040F0F98102B0B0BD13062CD514F0800375
:1051D00029D090F84120212AF4D18268B2F5805F6D
:1051E00003D10269002A00F06982026A531C03623B
:1051F00012784A60C28C013A1304C284E2D1C868B2
:1052000020F08000C860C86840F04000C86002B06C
:10521000B0BDD30718BF14F4807340F0D780530794
:1052200000F1DA80DFE05206CCD514F04002C9D09C
:10523000CA6822F04002CA60202180F8411002B002
:10524000BDE8B04000F080BBC26B11684B68858D33
:1052500099B2002900F0B080A94280F0AD80C385EA
:10526000D169B1F5807F00F0A080016851E8031F8B
:10527000026821F4807142E80313DBB1016851E850
:10528000031F026821F4807142E8031393B101689F
:1052900051E8031F026821F4807142E803134BB107
:1052A000016851E8031F026821F4807142E803138A
:1052B000002BDAD1016851E8051F026821F00101D5
:1052C00042E80513BBB3016851E8051F026821F0ED
:1052D000010142E8051373B3016851E8051F026834
:1052E00021F0010142E805132BB3016851E8051FC5
:1052F000026821F0010142E80513002BDAD11AE01F
:10530000016851E8051F026821F0400142E80513D9
:10531000DBB1016851E8051F026821F0400142E855
:10532000051393B1016851E8051F026821F040019F
:1053300042E805134BB1016851E8051F026821F0EE
:10534000400142E80513002BDAD1202180F84210F9
:1053500000210163016851E8031F026821F0100178
:1053600042E80313DBB1016851E8031F026821F032
:10537000100142E8031393B1016851E8031F02686A
:1053800021F0100142E803134BB1016851E8031FFB
:10539000026821F0100142E80313002BDAD1C16B3F
:1053A00004460846FCF7D6FA204602214163818D67
:1053B000C28D891A89B277E18D427FF403AFD26939
:1053C000B2F5807F7FF4FEAE02226CE1436C43F0C5
:1053D00001034364530706D5BEF1000F03D0436CAD
:1053E00043F002034364930706D5BEF1000F03D0D8
:1053F000436C43F004034364BCF1000F06D55EEA3E
:10540000050303D0436C43F008034364436C002B53
:105410003FF4D8AE920605D525B1044601F050FB05
:10542000216820464969426C01F0400102F00802FF
:10543000891800F0B98000BF016851E8031F0268B5
:1054400021F4907142E80313BBB3016851E8031FD4
:10545000026821F4907142E8031373B3016851E8C4
:10546000031F026821F4907142E803132BB3016813
:1054700051E8031F026821F4907142E80313002BE6
:10548000DAD11AE0016851E8051F026821F0010134
:1054900042E80513DBB1016851E8051F026821F0FD
:1054A000010142E8051393B1016851E8051F026844
:1054B00021F0010142E805134BB1016851E8051FD5
:1054C000026821F0010142E80513002BDAD1016BDB
:1054D000012924D1016851E8031F026821F010015D
:1054E00042E80313DBB1016851E8031F026821F0B1
:1054F000100142E8031393B1016851E8031F0268E9
:1055000021F0100142E803134BB1016851E8031F79
:10551000026821F0100142E80313002BDAD12021A8
:1055200080F842100021016301684969490640F191
:10553000C080016851E8051F026821F0400142E87F
:105540000513DBB1016851E8051F026821F0400135
:1055500042E8051393B1016851E8051F026821F084
:10556000400142E805134BB1016851E8051F02688C
:1055700021F0400142E80513002BDAD1C16B00296C
:1055800000F0978046F20972C0F600020446084611
:105590000A65FCF71FFA00283FF414AEE06B016DBA
:1055A00002B0BDE8B04008470446FFF7D3FD002035
:1055B000606402B0B0BD891A026852E8032F036824
:1055C00022F4907243E80325BDB3026852E8032F2A
:1055D000036822F4907243E8032575B3026852E829
:1055E000032F036822F4907243E803252DB3026869
:1055F00052E8032F036822F4907243E80325002D3C
:10560000DAD11AE0026852E8052F036822F001029D
:1056100043E80525DDB1026852E8052F036822F052
:10562000010243E8052595B1026852E8052F036899
:1056300022F0010243E805254DB1026852E8052F2A
:10564000036822F0010243E80525002DDAD120226B
:1056500080F8422000220263026852E8032F0368A8
:1056600022F0100243E80325DDB1026852E8032F5F
:10567000036822F0100243E8032595B1026852E85E
:10568000032F036822F0100243E803254DB102689E
:1056900052E8032F036822F0100243E80325002D8F
:1056A000DAD1022289B2426302B0BDE8B040FFF70E
:1056B0004FBD02B0BDE8B040FFF74CBD026A32F802
:1056C000023B6FF35F234B60026293E5002804BF47
:1056D0000120704710B5044690F8410028B9002019
:1056E00084F84000204600F021F8242084F841008E
:1056F0002068C16821F40051C160204601F05EFAC3
:105700002068016921F490410161416921F02A0179
:105710004161C16841F40051C160002020216064F2
:1057200084F8411084F84210606310BD2DE9F04305
:1057300087B0044641F200002168C4F2010000264F
:1057400081420696CDE904660396029602D007B020
:10575000BDE8F08343F630010196C4F202014A69C4
:1057600046F2884842F010024A614A6900F57040EA
:1057700002F010020192019A01960A68C4F202082E
:1057800042F001020A60096801F0010101910199EA
:105790004FF4C06102910221CDE903160321059166
:1057A0000721069102A9FCF70DFB41F2F43508F13F
:1057B0003000C2F200054FF000674021C5E9000744
:1057C00005F108004FF4806980E842022846C5E9E7
:1057D0000566C5E907666E62FCF7ECF9002818BF9C
:1057E000FBF74AF9A563AC6341F29435C2F20005B8
:1057F0000020C5E90200C5E90490C5E90600C5E935
:1058000008002846C5E90087FCF7D4F9002818BF2E
:10581000FBF732F9252000210022E563AC63FCF799
:105820004DFC2520FCF738FC07B0BDE8F0830000F4
:1058300090F84230202B1CBF0220704700294FF007
:10584000010318BF002A01D11846704700230363E3
:1058500001F024BA006841F20001C4F2010188425B
:1058600018BF704740F6B020C2F2000008F07EBBBF
:1058700070470000B0B590F84140202C1CBF0220BA
:10588000B0BD1346024600294FF0010018BF002B9F
:1058900000D1B0BD4FF0000C212011629384D3845D
:1058A000C2F844C082F8410014681546906B46F671
:1058B000092E46F6B922C0F6000EC0F60002C0E975
:1058C0000FE246F21572C0F60002C0E9132C221D49
:1058D000FCF714FA30B110206864202085F84100EC
:1058E0000120B0BD286829466FF04002026000BF69
:1058F000086850E8050F0A6840F0800042E8050398
:10590000FBB1086850E8050F0A6840F0800042E8E3
:105910000503B3B1086850E8050F0A6840F080003D
:1059200042E805036BB1086850E8050F0A6840F0CB
:10593000800042E80503002B4FF0000008BFB0BD17
:10594000D6E70020B0BD000070470000704700009F
:10595000FEE70000B0B584B041F29800C2F200004A
:1059600042F2000C4FF000534FF060610024C4F28B
:10597000010C4FF480320125C0E90A13032103947E
:10598000047680F82040C16180F83050C0E900C240
:10599000C0E90244C0E90455FBF786F9002818BFA6
:1059A000FBF76AF80D20CDE9000541F29800C2F23C
:1059B000000069460294FBF763F8002818BFFBF764
:1059C0005BF8002000900220019041F29800C2F2A2
:1059D00000006946FBF754F8002818BFFBF74CF8A5
:1059E000012000900320019041F29800C2F20000D3
:1059F0006946FBF745F8002818BFFBF73DF804B0EF
:105A0000B0BD0000B0B584B041F2E0000121002437
:105A1000C2F20000C0F6007142F2001CC0E90A1494
:105A20000421C4F2010C4FF480324FF000730125C1
:105A3000C16100F108010394047680F8204080F8E9
:105A40003050C0E900C238C14561FBF72DF900288C
:105A500018BFFBF711F80A20CDE9000541F2E0007C
:105A6000C2F2000069460294FBF70AF8002818BF4A
:105A7000FBF702F80B2000900220019041F2E000B9
:105A8000C2F200006946FAF7FBFF002818BFFAF7D8
:105A9000F3FF0C2000900320019041F2E000C2F2DD
:105AA00000006946FAF7ECFF002818BFFAF7E4FF98
:105AB0000F2000900420019041F2E000C2F20000AB
:105AC0006946FAF7DDFF002818BFFAF7D5FF04B0E2
:105AD000B0BD000080B541F22C1046F60001C2F2C4
:105AE0000000C4F200010322002380E80E0000F150
:105AF0000C014FF4002C4FF4401E81E808508361E4
:105B00008383FBF793FD002808BF80BDBDE880407C
:105B1000FAF7B2BF80B582B0002043F630010190A1
:105B2000C4F202010A6842F480020A600A6802F4C0
:105B300080020192019A00900868002240F400104F
:105B400008600868002100F40010009000980B2005
:105B5000FCF7B4FA0B20FCF79FFA0E20002100227C
:105B6000FCF7ACFA0E20FCF797FA10200021002277
:105B7000FCF7A4FA1020FCF78FFA2F200021002256
:105B8000FCF79CFA2F20FCF787FA3820002100222E
:105B9000FCF794FA3820FCF77FFA3A200021002223
:105BA000FCF78CFA3A20FCF777FA44200021002217
:105BB000FCF784FA4420FCF76FFA4620002100220B
:105BC000FCF77CFA462002B0BDE88040FCF764BADE
:105BD0002DE9F04F87B0002643F630000696CDE958
:105BE0000466CDE902660196C4F20200016840F243
:105BF000004441F0040101600168C4F2020401F0B4
:105C00000401019101990196016804F5806A41F04F
:105C1000800101600168002201F080010191019979
:105C2000019601684FF4005541F0010101600168DF
:105C300001F00101019101990196016841F0020111
:105C40000160016801F0020101910199019601686A
:105C500041F00801016000684FF4005100F00800B5
:105C6000019001985046FCF785F9204640F608015E
:105C7000002240F6080BFCF77DF920464FF48051D6
:105C800001220127FCF776F9A4F5806840464FF41D
:105C900000410122FCF76EF904F500694846042131
:105CA0000022FCF767F9CDE9025702AD50462946BC
:105CB000CDE90466FCF786F820462946CDE902B70F
:105CC000CDE90466FCF77EF84FF48050CDE9020779
:105CD00020462946CDE90477FCF774F84FF40040DC
:105CE000CDE9020740462946CDE90477FCF76AF87A
:105CF0000420CDE9020748462946CDE90466FCF7B1
:105D000061F807B0BDE8F08FB0B541F6381043F642
:105D10000001C2F20000C4F200014FF482720023BD
:105D200080E80E0000F10C014FF0020C4FF0010E64
:105D30004FF40074382581E808500A21C0E906456F
:105D4000C0E90833C0E90A31FDF746FD002808BF65
:105D5000B0BDBDE8B040FAF78FBE000070B541F6A7
:105D6000901043F60041C2F20000C4F200014FF46B
:105D7000827200234FF4006C4FF0020E012480E881
:105D80000E5000F114014FF40075202670C10A2155
:105D9000C0E90833C0E90A31FDF71EFD002808BF3D
:105DA00070BDBDE87040FAF767BE000010B58EB058
:105DB00041F6E81040F600020021C2F20000C4F2F1
:105DC000000268230D91CDE90B110991CDE907116E
:105DD000CDE90511CDE90311CDE90111C0E900219B
:105DE000C0E9021301618161FEF754FB002818BF6E
:105DF000FAF742FE4FF480500A9041F6E810C2F2E2
:105E000000000AA9FEF744FC002818BFFAF734FE88
:105E100041F6E810C2F20000FEF73EFF002818BF6E
:105E2000FAF72AFE41F6E8100024C2F2000008A9A1
:105E3000CDE90844FEF714FA002818BFFAF71CFE53
:105E40006020CDE9010441F6E810C2F2000001A98A
:105E5000042203940594FEF715FE002818BFFAF7F4
:105E60000BFE41F6E810C2F2000001A90822FEF77D
:105E700009FE002818BFFAF7FFFD41F6E810C2F24C
:105E80000000FEF77DFD0EB010BD000010B596B00D
:105E900041F6302040F200420021C2F20000C4F27C
:105EA000010280241591CDE913111191CDE90F1153
:105EB000CDE90D11CDE90B11CDE90911CDE907119E
:105EC000CDE90511CDE90311CDE9011101234FF011
:105ED000200C40F6330E80E80C50C0E904118461B8
:105EE000FEF7D8FA002818BFFAF7C6FD4FF4805025
:105EF000129041F63020C2F2000012A9FEF7C8FB52
:105F0000002818BFFAF7B8FD41F63020C2F20000B1
:105F1000FEF7C2FE002818BFFAF7AEFD7020109001
:105F20008020119041F63020C2F2000010A9FEF747
:105F300097F9002818BFFAF79FFD6020099000200C
:105F4000CDE90A00CDE90C00CDE90E0041F6302084
:105F5000C2F2000009A90022FEF794FD002818BF34
:105F6000FAF78AFD41F63020C2F2000009A90422A6
:105F7000FEF788FD002818BFFAF77EFD41F63020B5
:105F8000C2F2000009A90822FEF77CFD002818BF14
:105F9000FAF772FD7020099041F63020C2F200003D
:105FA00009A90C22FEF76EFD002818BFFAF764FD60
:105FB00000200421CDE901000390CDE904104FF445
:105FC0000051089041F630200691C2F2000001A96C
:105FD000FEF720F9002818BFFAF74EFD41F63020F1
:105FE000C2F20000FEF7CCFC16B010BD80B541F641
:105FF000782041F20001C2F20000C4F20101002346
:106000004FF00C0C4FF4E13280E80E00C0E903338E
:10601000C0E905C3C361FFF759FB002808BF80BD75
:10602000BDE88040FAF728BD80B540F6BC5040F28C
:106030000401C2F20000C2F20001002201F078FB6C
:10604000002818BFFAF718FD40F6BC5040F22401B2
:10605000C2F20000C2F2000101F0D6FD002818BF14
:10606000FAF70AFD40F6BC5040F2C001C2F200004F
:10607000C2F2000101F06CF8002818BFFAF7FCFC2E
:1060800040F6BC50C2F2000001F0E8FD002808BF55
:1060900080BDBDE88040FAF7EFBC0000FEE70000DD
:1060A000FEE7000041F25440C2F20000FCF7E4B900
:1060B0007047000041F69010C2F20000FDF700BBEF
:1060C000806B0021C187C186FDF7F8BA806B01683B
:1060D0004A6822F003024A60416D41F010014165B7
:1060E000012180F85110FDF7E9BA0000806BFDF73F
:1060F00043BD0000806BFEF771B80000B0B5846B43
:106100000546FBF73DFF29680968C90527D4024603
:106110002068A168436823F02003436031B96168B7
:10612000B1F5827F02D16FF0030101E06FF0010150
:106130004368194041602046642100F097F8002828
:106140001CBF202060650020E087012084F85100FA
:10615000606D20B12046BDE8B040FDF7AFBA2046E3
:10616000BDE8B040FDF706BDB0B582B0846B054612
:10617000FBF706FF29680968C90528D40546206889
:1061800001224168642321F0200141602046022160
:10619000009500F097F800B3606D40F02000606556
:1061A000606D40F0200060652068416821F00301C7
:1061B00041600020E086E087012084F85100606D96
:1061C00028B1204602B0BDE8B040FDF777BA2046BE
:1061D00002B0BDE8B040FDF7C1BF40F22000C2F2FE
:1061E0000000006849F68171C1F25E61A0FB010107
:1061F000480D4FF47A71484301906068B0F5827F92
:106200000AD12046802100226423009500F05AF82C
:106210000028C1D1C8E700BF01980028C4D0019868
:1062200001380190206880680006BDD501980028DB
:10623000BAD0019801380190206880680006B3D573
:1062400001980028B0D0019801380190206880683A
:106250000006A9D501980028A6D001980138019020
:10626000206880680006D7D49EE70000B0B582B0F1
:10627000044640680B46B0F5827F0ED1A068B0F5A9
:10628000004F02D0B0F5806F0BD12168B0F5806F60
:106290000D6825F040050D6003D1204601210092D4
:1062A00002E00092204680210022002500F00AF83A
:1062B00020B1606D032540F020006065284602B0E3
:1062C000B0BD00002DE9F04782B00A9C9846154603
:1062D0000E468146FBF754FE201A00EB0804FBF73C
:1062E0004FFE40F22001C2F200010968C1F3CB3138
:1062F00061430191D9F8001089683140891BB1FAD6
:1063000081F14909A94203D1002002B0BDE8F0871C
:10631000824608F101070CE0019801380190D9F894
:10632000000080683040801BB0FA80F04009A8422D
:10633000EAD0002FF3D0FBF723FEA0EB0A00A04227
:1063400004D201980028E7D10024E8E7D9E9000148
:106350004268B1F5827F22F0E00242600BD1D9F8A9
:106360000810B1F5004F02D0B1F5806F03D101687C
:1063700021F040010160D9F82810B1F5005F07D184
:10638000016821F400510160016841F4005101608D
:10639000012089F85100002089F85000032002B044
:1063A000BDE8F08770470000FBF708BE70B592B0FB
:1063B00006AC20463021F9F74DFF002543F640009A
:1063C0000595CDE90355CDE901550095C4F20200CC
:1063D0000168022641F080510160006800F08050A1
:1063E0000090009847F200000095C4F20000016898
:1063F00041F480410160006800F480400090009802
:10640000012006904FF4803007904FF480000D90EB
:1064100019200E904FF4A870CDE90F0607201190B7
:1064200020460C96FCF792FF18B172B6022007F0D6
:106430003BFB0F20CDE901064FF4A05004904FF430
:106440008050059001A805210395FCF76DFE18B159
:1064500072B6022007F028FB12B070BD4EF68850CD
:10646000CEF20000016841F4700101607047000045
:1064700010B541F61154C2F20004207802281ED053
:10648000012814D0002818BF10BD03F02DFF05F01F
:106490001FF9D8B103F0E2FC06F052F904F03AFE1D
:1064A00003F014FA04F07CF90120207010BD03F011
:1064B000EBFC06F07BF9BDE8104007F0B1B807200F
:1064C00004F0B8FBBDE8104007F0E0BA02202070ED
:1064D00010BD000041F63020C2F20000FEF7AAB95C
:1064E000B0B540F6FF3E0568C4F2000E40F2004C25
:1064F0007045C4F2010C0FDCB0F1804F19D040F2AE
:106500000043C4F20003984213D040F60003C4F2E3
:10651000000398420DD011E040F60043C4F200039E
:10652000984206D0604504D00023C4F2010398428B
:1065300004D14B6825F0700243EA020541F6FF736F
:10654000C4F2000398420FDC704521DCB0F1804FAB
:1065500041D040F20043C4F2000398423BD040F6E1
:106560000003C4F2000334E043F6FF73C4F20103F6
:1065700098421EDC42F20003C4F2000398422AD083
:106580000023C4F20103984225D0604523D027E0C0
:1065900040F60043C4F2000398421CD041F60003C9
:1065A000C4F20003984216D041F60043C4F200033F
:1065B0000FE044F20003C4F2010398420BD044F60A
:1065C0000003C4F20103984205D044F20043C4F230
:1065D0000103984204D1CB6825F4407243EA0205D6
:1065E0000A688C684B69C46240F4806482626445C6
:1065F00004BF09690163026825F0800142F00402CA
:1066000019430260012242610160B0BD10B5846B84
:10661000616A814211D0A16A814216D0E16A814249
:106620001BD0216B81421FD1C0690821002821772E
:1066300004BF012084F8410016E0C169012000294F
:10664000207708BF84F83E000EE0C0690221217760
:1066500050B9012084F83F0006E0C0690421217789
:1066600010B9012084F840002046FEF745FB0020C9
:10667000207710BD10B5846B616A81420AD0A16A8F
:10668000814209D0E16A814208D0216B814207D161
:10669000082004E0012002E0022000E0042020772E
:1066A0002046FEF72BFB0020207710BD10B5846B31
:1066B000616A81420CD0A16A81420ED0E16A8142B6
:1066C00011D0216B814214D0012084F83D0015E0E7
:1066D0000120207784F83E0010E00220207701207E
:1066E00084F83F000AE004202077012084F840006D
:1066F00004E008202077012084F841002046FEF7BE
:1067000095F80020207710BD806B0021C185FEF731
:1067100021BD0000806B01684A6990F84130212B4F
:106720002DD112F080022AD00021C184016851E8E5
:10673000031F026821F0C00142E80313DBB10168C6
:1067400051E8031F026821F0C00142E8031393B12E
:10675000016851E8031F026821F0C00142E80313F9
:106760004BB1016851E8031F026821F0C00142E803
:106770000313002BDAD1202180F841100168496908
:1067800090F84220222A40F07D8011F0400179D01B
:106790000021C185016851E8031F026821F490714E
:1067A00042E80313BBB3016851E8031F026821F4F8
:1067B000907142E8031373B3016851E8031F026844
:1067C00021F4907142E803132BB3016851E8031FD1
:1067D000026821F4907142E80313002BDAD11AE029
:1067E000016851E8051F026821F0010142E8051324
:1067F000DBB1016851E8051F026821F0010142E8A0
:10680000051393B1016851E8051F026821F00101E9
:1068100042E805134BB1016851E8051F026821F0F9
:10682000010142E80513002BDAD1016B012924D1C3
:10683000016851E8031F026821F0100142E80313C8
:10684000DBB1016851E8031F026821F0100142E842
:10685000031393B1016851E8031F026821F010018E
:1068600042E803134BB1016851E8031F026821F0AD
:10687000100142E80313002BDAD1202180F84210E6
:1068800000210163416C41F010014164FEF762BCDC
:106890000168806B0968C90500F19F800021C185EE
:1068A000016851E8031F026821F4807142E8031374
:1068B000E3B1016851E8031F026821F4807142E8E6
:1068C00003139BB1016851E8031F026821F4807132
:1068D00042E8031353B1016851E8031F026821F431
:1068E000807142E80313002BDAD100BF016851E840
:1068F000051F026821F0010142E80513BBB30168DE
:1069000051E8051F026821F0010142E8051373B345
:10691000016851E8051F026821F0010142E80513F2
:106920002BB3016851E8051F026821F0010142E81C
:106930000513002BDAD11AE0016851E8051F02683F
:1069400021F0400142E80513DBB1016851E8051F61
:10695000026821F0400142E8051393B1016851E853
:10696000051F026821F0400142E805134BB10168A0
:1069700051E8051F026821F0400142E80513002B91
:10698000DAD1202180F84210016B012925D100BF06
:10699000016851E8031F026821F0100142E8031367
:1069A000DBB1016851E8031F026821F0100142E8E1
:1069B000031393B1016851E8031F026821F010012D
:1069C00042E803134BB1016851E8031F026821F04C
:1069D000100142E80313002BDAD100214163016B5F
:1069E000012918BFFEF736BF818DFEF7B1BB00004D
:1069F000806B01214163016B012918BFFEF738BF8D
:106A0000818D4908FEF7A4BB0168806B0968C90540
:106A100048BFFEF799BF0021C18400BF016851E85B
:106A2000051F026821F0800142E8051383B3016865
:106A300051E8051F026821F0800142E805133BB3CD
:106A4000016851E8051F026821F0800142E8051342
:106A5000F3B1016851E8051F026821F0800142E8A6
:106A60000513002BDAD113E0016851E8031F026817
:106A700041F0400142E80313002B08BF7047016852
:106A800051E8031F026841F0400142E8031393B14B
:106A9000016851E8031F026841F0400142E8031316
:106AA0004BB1016851E8031F026841F0400142E820
:106AB0000313002BD8D17047806BFEF747BF00004F
:106AC00081B090F84210222920D183680246B3F5A4
:106AD000805F08D152F8281F52F8183C002B61D073
:106AE00003685B6809E052F8281F13B90369002B9B
:106AF000F6D003685B6803F07F030B701168013107
:106B00001160C18D01390A04C18501D001B07047FF
:106B10000168CA6822F02002CA60CA6822F4807242
:106B2000CA604A6922F001024A61202180F84210BD
:106B300000214163026B012A3CD10163016851E8E5
:106B4000031F026821F0100142E80313DBB1016862
:106B500051E8031F026821F0100142E8031393B1CA
:106B6000016851E8031F026821F0100142E8031395
:106B70004BB1016851E8031F026821F0100142E89F
:106B80000313002BDAD101680A68D20606D5002269
:106B900000920A680092496800910099818D01B0C5
:106BA000FEF7D6BA026852686FF35F2221F8022B13
:106BB0008162A6E701B0FEF74DBE0000B0B5044605
:106BC000006804F108030ECB0569194325F440550C
:106BD0002A4302616269E3691143C268194349F2B9
:106BE0000C639A431143C1604169A26921F4407169
:106BF00041F20043114340F48062C4F201039A421F
:106C0000416102D1FCF75AFB01E0FCF743FBE1696B
:106C10004FF69C7563681922C0F6FF75B1F5004FF9
:106C2000A0FB02011CD15A00DB0FF9F7C9FA48F2A8
:106C30001F51C5F2EB11A0FB01235A0905F1805346
:106C400002FB0300322303EBC000A0FB01014FF461
:106C5000F87000EA111000EB0210C1F3421118E0C5
:106C60009A009B0FF9F7ACFA48F21F51C5F2EB11ED
:106C7000A0FB01235A0902FB0500322303EB00109D
:106C8000A0FB0101F02000EA511000EB0210C1F35B
:106C90004311084421688860B0BD0000F0B581B0A0
:106CA000134600270446816283854764222084F8C6
:106CB0004200E06B46F6910546F6F1160A46216859
:106CC000C0F60005C0F60006C0E90F5646F215767C
:106CD000C0F600060431C0E91367FBF70FF838B1BE
:106CE00010206064202084F84200012001B0F0BD33
:106CF0000097206801680091406800900098206922
:106D000030B300BF206850E8030F216840F4807062
:106D100041E80302E2B1206850E8030F216840F423
:106D2000807041E803029AB1206850E8030F21689F
:106D300040F4807041E8030252B1206850E8030F2C
:106D4000216840F4807041E80302002ADAD100BFD4
:106D5000206850E8050F216840F0010041E8050275
:106D6000BAB3206850E8050F216840F0010041E8FF
:106D7000050272B3206850E8050F216840F0010059
:106D800041E805022AB3206850E8050F216840F069
:106D9000010041E80502002ADAD11AE0206850E833
:106DA000050F216840F0400041E80502DAB1206893
:106DB00050E8050F216840F0400041E8050292B11B
:106DC000206850E8050F216840F0400041E80502C6
:106DD0004AB1206850E8050F216840F0400041E8C2
:106DE0000502002ADAD1002001B0F0BD41F678207A
:106DF000C2F20000FEF7B0B9D0F8D42200EB820C4A
:106E0000DCF8C032002B04BF03207047B0B501F09E
:106E10000F0404EB840200EB820E5EF8142F5AB1CB
:106E2000D0F8C85204EBC40405EB8404E469B2FB57
:106E3000F4F505FB142292B10020C3F81402DCF82B
:106E4000C422D2F810C0BCF1000F08BFB0BDD3F807
:106E500008020A4603F50471E0470020B0BD002295
:106E60000023CEF8002000F0B1FE0020B0BD0000ED
:106E7000B0B5D0F8D42200EB8202D2F8C05295B15E
:106E8000044600F03BFDD4F8D412C5F80C0204EB24
:106E90008101D1F8C412D5F80402CA6805F503715E
:106EA00090470020B0BD0320B0BD000070B5812127
:106EB000044600F065FC00252046012184F8375087
:106EC00000F05EFC2046822184F8775100F058FCE7
:106ED000D4F8D40204F5307656F8201084F84B50DC
:106EE000656489B104EB8000D0F8C4024068804733
:106EF000D4F8D40256F8200001F02CF9D4F8D402CA
:106F000046F82050C4F8BC52002070BD10B5D0F82F
:106F1000D41200EB8100D0F8C04284B1D0F8C41282
:106F200059B194F80002FF2807D08B6894F8012229
:106F300021469847FF2084F80002002010BD03205E
:106F400010BD0000014640F2A0000A22C2F200007B
:106F50000A807047F0B581B040F25C07C2F20007CA
:106F600004463846822100F017FB064638460121C8
:106F700000F012FB05463846812100F00DFB002E83
:106F80001CBF1021B171002D1CBF4021A980002819
:106F90001CBF40218180432140F25C00C2F200000E
:106FA000218001B0F0BD0000F0B581B040F25C0777
:106FB000C2F2000704463846822100F0EDFA064688
:106FC0003846012100F0E8FA05463846812100F0F4
:106FD000E3FA002E1CBF1021B171002D1CBF4FF42D
:106FE0000071A98000281CBF4FF4007181804321EB
:106FF00040F25C00C2F20000218001B0F0BD000050
:10700000F0B581B040F25C07C2F200070446384692
:10701000822100F0C1FA06463846012100F0BCFA90
:1070200005463846812100F0B7FA002E1CBF10211A
:10703000B171002D1CBF4021A98000281CBF402138
:107040008180432140F25C00C2F20000218001B047
:10705000F0BD00002DE9F04104464FF4077001F047
:107060007BF800284FD04FF407710546F9F7F2F886
:10707000D4F8D402402704EB8000C0F8C052207C32
:10708000C4F8BC52002808BF4FF400772046812185
:1070900002223B46022600F0AFFC4FF001082046DA
:1070A000012102223B4684F8378000F0A5FC102025
:1070B0006064204682210322082384F8778100F04F
:1070C0009BFCD4F8D4020027C5F8047204EB8000BE
:1070D000D0F8C40284F84B8000688047C5F8147269
:1070E000C5F81872D5F8042252B1207C012100287D
:1070F000204614BF40234FF4007300F091FC00269B
:107100003046BDE8F081D4F8D402002104EB8000C1
:10711000C0F8C0120220BDE8F0810000D0F8D412FF
:1071200000EB8101D1F8C012002904BF0320704791
:1071300080B590F810C0D1F8042240230121BCF1A1
:10714000000F08BF4FF4007300F06AFC002080BD00
:1071500000290FBF0320D0F8D42200EB8200C0F832
:10716000C41218BF00207047D0F8D42200EB820070
:10717000D0F8C00200280EBF0320C0F8041200207F
:1071800070470000D0F8D43200EB8300D0F8C00282
:1071900000280FBF0320C0F80812C0F810220020FA
:1071A00070470000F0B581B0D0F8D42200EB820324
:1071B000D3F8C0420022002C8DF80320ADF8002047
:1071C00054D00D7815F0600214D0202A4CD1CA8812
:1071D0001AB36DB2B5F1FF3F27DD4978402A84F834
:1071E0000012214628BF402284F8012200F08EF8C8
:1071F00000243CE04A780B2A36D80024DFE802F06D
:1072000006373434343434343434253090F89C2206
:10721000032A29D1694602221EE0D3F8C4020022C3
:10722000836848780024984721E0D3F8C4320646A2
:107230009D684B780F4618462146A847FA88304685
:10724000072A28BF0722214606E090F89C22032A3D
:107250000AD10DF10301012200F074F8002406E0C8
:1072600090F89C22032A02D000F044F80324204620
:1072700001B0F0BDD0F8D41200EB8101D1F8C022EA
:10728000002A04BF03207047D2F8141200294FF0DF
:10729000010101D00846704780B5C2F81412D2F837
:1072A0001032D2F808228121836200F08FFC002185
:1072B000BDE880400846704780B5D0F8B8225268D3
:1072C0009047002818BF032080BD000000207047B1
:1072D0000020704780B513460A46002100F0A0FB4D
:1072E000002080BD80B513460A46002100F06EFCE8
:1072F000002080BD10B58021044600F035FC2046FA
:107300000021BDE8104000F02FBC000080B51346FE
:107310000A460321C0F894120021C0F86421C0E994
:10732000553300F07DFB002080BD000080B50521B5
:10733000C0F8941200210022002300F071FB00200D
:1073400080BD000080B513460A460221C0F89412A1
:1073500000214262C0E9053300F038FC002080BD06
:1073600080B50421C0F8941200210022002300F00F
:107370002DFC002080BD000010B540F20034C2F2A8
:1073800000040A4602A0214600F048F9204610BD3C
:1073900043444320436F6E666967000040F2AC00CF
:1073A0001222C2F200000A807047000010B540F2BD
:1073B0000034C2F200040A4602A0214600F02EF971
:1073C000204610BD43444320496E74657266616374
:1073D0006500000040F2D4000422C2F200000A80DE
:1073E0007047000010B540F20034C2F200040A46B3
:1073F00002A0214600F012F9204610BD7778640003
:1074000010B540F20034C2F200040A4602A0214640
:1074100000F004F9204610BD584472207374616E68
:10742000646172640000000047F61020C1F6FF702E
:10743000026883684FF01A0C9B18A1F800C000F096
:10744000A680B0B54FF0370C1A0F0CEB13714068E3
:10745000B3F1204F38BF02F1300140F2D802C2F23E
:107460000002917019014FF0000E0CEB117582F8BB
:1074700003E0C3F30364B1F1204F38BF04F13005DA
:10748000190215710CEB117582F805E0C3F3035472
:10749000B1F1204F38BF04F13005190395710CEBA1
:1074A000117582F807E0C3F30344B1F1204F38BFF0
:1074B00004F13005190415720CEB117582F809E01E
:1074C000C3F30334B1F1204F38BF04F1300519057F
:1074D00095720CEB117582F80BE0C3F30324B1F144
:1074E000204F38BF04F1300519061573C3F3031498
:1074F0000CEB1175B1F1204F4FEA037103F00F034C
:1075000082F80DE038BF04F1300503F137049573BC
:1075100082F80FE0B1F1204F38BF03F13004010FC2
:107520000CEB1073147482F811E0B0F1204F38BFE7
:1075300001F1300301010CEB1174937482F813E034
:10754000C0F30363B1F1204F38BF03F130040102EF
:107550001475C0F303530CEB1174B1F1204F4FEAD3
:10756000003182F815E038BF03F130040CEB1173E1
:10757000947582F817E0C0F30340B1F1204F38BF93
:1075800000F13003137682F819E0BDE8B04040F214
:10759000D800C2F200007047B0F802C003789C45E2
:1075A0009CBF0020704780B508E000BF82788A4207
:1075B00008BF80BD73449AB262452DD290F800E0B6
:1075C00070444278052A02D182788A4225D07344D9
:1075D0009AB2624520D290F800E070444278052AC1
:1075E00002D182788A4218D073449AB2624513D28B
:1075F00090F800E070444278052A02D182788A42ED
:107600000BD073449AB2624506D290F800E0704401
:107610004278052ACAD0CDE7002080BD002808BFE7
:10762000704710B50378A3B100F1020E4FF0000CC3
:10763000734600BF13F8014C9CB11C78A4B15C7870
:10764000ACB19C780CF1040C002C03F10403F1D1D3
:107650000FE04FF0000C5FFA8CF3022404EB4303BD
:107660000CE04CF0010C04E04CF0020C01E04CF09A
:10767000030C5FFA8CF33F2B3BD98023138003224A
:107680000B704A7003788BB3023002224FF0000C6B
:10769000D4B251FA82FE0B558EF801C010F8013CAD
:1076A00023B3941C5FFA84FE51FA84F401F80E307F
:1076B00084F801C00378CBB1141D5FFA84FE51FA3F
:1076C00084F401F80E3084F801C0437873B1941D3E
:1076D0005FFA84FE51FA84F401F80E3084F801C098
:1076E00083780832002B00F10400D1D1BDE81040AE
:1076F00070474FF0000C00BF1EF8013C73B19EF8BC
:10770000003073B19EF8013073B19EF802300CF175
:10771000040C002B0EF1040EEED19CE74CF0010C92
:1077200099E74CF0020C96E74CF0030C93E700004D
:10773000002804BF032070470023C0F8B832C0F807
:10774000C4320029C0F8D03218BFC0F8B4120121E9
:1077500080F89C12027000F0D5B8000080B5D0F817
:10776000C802FAF79DFD40F20032C100C0F20132BA
:1077700022FA01F1032888BF0321C8B280BD0000AE
:1077800080B5D0F8C802FAF763FD40F20032C100BC
:10779000C0F2013222FA01F1032888BF0321C8B2E6
:1077A00080BD0000B0B581B190F89C22032A51D170
:1077B000D0F8B8225269002A4CD00023C0F8D43245
:1077C0009047002808BF0020B0BDD0F894120229CD
:1077D00039D18169038C99420ED9CA1A416A8261F2
:1077E000194441620446FFF77DFD20460021002236
:1077F000002300F015F925E00FD142698A420CD32D
:10780000D0F898128A4208D20021002204460025AE
:10781000FFF768FDC4F89852E7E790F89C12032937
:1078200009D1D0F8B812C96829B10022C0F8D42211
:107830000446884720468021044600F095F92046FA
:10784000FFF774FD204690F8A01200291CBF00210C
:1078500080F8A0120020B0BD10B579B190F89C223C
:10786000032A22D1D0F8B8229269F2B10023C0F8DD
:10787000D4329047002808BF002010BDD0F89412E1
:10788000032912D1D0F85811B0F8602191420ED9D5
:107890008B1AD0F86411C0F858311144C0F8641143
:1078A000934288BF1A46FFF715FD002010BD90F8DF
:1078B0009C12032909D1D0F8B812096929B1002214
:1078C000C0F8D422044688472046FFF749FD00202F
:1078D00010BD000000207047012180F89C12D0F8F4
:1078E000B812002904BF0020704780B54A680179AA
:1078F0009047002818BF032080BD0000D0F8C802C0
:10790000FAF7FEBC017809B10020704710B541F2CA
:107910005441C2F20001C1F8E004C0F8C8124FF0AF
:10792000A0400860042008714FF40070C880022055
:10793000C1F809000020C8810846FBF709FA0028B1
:1079400018BFF9F799F841F25444C2F200042046F6
:107950008021FAF7F1FB204600214022FAF7F0FBE4
:10796000204601218022FAF7EBFBBDE81040002001
:1079700070470000D0F8C80201F07F034AB203EB61
:10798000C30301EBC10100EB830300EB810000F2B4
:107990005620002A48BF03F1160000787047000007
:1079A000D0F8D42200EB8202D2F8B822002A04BF19
:1079B0000320704790F89C32032B05D1126A1AB14C
:1079C00080B59047002080BD00207047D0F8D422B9
:1079D00000EB8202D2F8B822002A04BF03207047CD
:1079E00090F89C32032B05D1526A1AB180B59047AA
:1079F000002080BD0020704780B59446D0F8C802B2
:107A00001A466346FAF786FC40F20032C100C0F223
:107A1000013222FA01F1032888BF0321C8B280BDD8
:107A200080B5D0F8C802FAF7AFFC40F20032C100CE
:107A3000C0F2013222FA01F1032888BF0321C8B243
:107A400080BD0000F0B581B00126002580F89C6261
:107A5000C0F8945204464560D0F8B802C4F8A45265
:107A600084F8A05240B1426832B1204600219047CC
:107A70000546002818BF0325204600210022402388
:107A80004027FFF7B9FF204680210022402384F8D9
:107A90006361A4F86071FFF7AFFF84F823602846A4
:107AA000278401B0F0BD000090F89C12042904BFA7
:107AB00090F89D1280F89C120020704790F89C125C
:107AC000032908D1D0F8B81229B1C96919B180B514
:107AD0008847BDE880400020704700000246002033
:107AE0001174704780B5D0F8C802FBF7C7FA40F2AE
:107AF0000032C100C0F2013222FA01F1032888BF2E
:107B00000321C8B280BD0000B0B500F2AA2405462A
:107B1000204600F06DF80121C5F8941295F8AA12DC
:107B2000B5F8B03201F01F02022AC5F898320ED023
:107B3000012A06D08AB928462146BDE8B04000F0A7
:107B40008FB828462146BDE8B04000F0C7BA2846A5
:107B50002146BDE8B04000F01DBA01F08001284682
:107B6000BDE8B040AFF3008080B5D0F8C802FAF7A6
:107B70002DFC40F20032C100C0F2013222FA01F1C4
:107B8000032888BF0321C8B280BD000080B5D0F8AB
:107B9000C802FBF78FFA40F20032C100C0F2013296
:107BA00022FA01F1032888BF0321C8B280BD00007A
:107BB000014690F89C02042204281CBF91F89C0204
:107BC00081F89D02002081F89C22704780B5D0F892
:107BD000C802FAF733FC40F20032C100C0F20132B1
:107BE00022FA01F1032888BF0321C8B280BD00003A
:107BF0000A7802704A7842704A8842808A88828075
:107C0000C988C1807047000010B582B004460020CA
:107C1000ADF80600B1B1D4F8D42204F52E70C4F842
:107C2000B81250F82200C16A21B10DF10600884750
:107C3000C4F8D002D4F8D8020130C4F8D802002029
:107C400002B010BD032002B010BD0000D0F8B82271
:107C5000002A04BF0020704712681047FFF796BF44
:107C600070B582B00A7812F060020FD0402A02D0BC
:107C7000202A40F0C580D0F8D42200EB8202D2F84E
:107C8000B822926802B0BDE8704010474A78092ACD
:107C900000F2B680DFE802F0052CB44FB45877B498
:107CA0001A3C90F89C22013A022A00F2A980C98865
:107CB000022940F0A580D0F8A4120322002908BFB1
:107CC0000122014641F80C2F02224CE1C98801290A
:107CD00040F0968090F89C124A1E022A80F08B8019
:107CE0000024014641F8084F0122FFF72BFB90E0EA
:107CF00090F89C22013A022A00F2828049880024EE
:107D0000012940F08680C0F8A442FFF729FB80E0FB
:107D1000498840F2FD25C2F2000511F0FE0F2970DE
:107D200047D080210446FFF71FFF20460021FFF7C0
:107D30001BFF03246DE04A88022A58D0012A5FD134
:107D40000121C0F8A41215E18A88002A58D1CA88F6
:107D5000002A55D14D887F2D52D890F89C120329C6
:107D60004ED0E9B280F89E520446FFF7BBFE204693
:107D70002646FFF7F5FA002D14BF0220012086F8F1
:107D80009C02002445E04A884FF0FF3303EB1223A6
:107D90000026062BADF8066000F2E980DFE803F06C
:107DA00004493CE7E75865000D46D0F8B4120A686C
:107DB000C8E090F89C22032A66D0022A40F088800E
:107DC0000A0600F0D78001F00102C9B24260054600
:107DD000FFF73CFF002800F09880044628468021E9
:107DE000FFF7C2FE28460021FFF7BEFE6CE049798E
:107DF00080F8A012BEE0032902D1011D0122B2E0E9
:107E000080210446FFF7B0FE204600210024FFF742
:107E1000ABFE204602B070BDD2B2052A00F2A780A8
:107E2000DFE802F003877F837B8BD0F8B4225268AF
:107E300086E00D46017C0446D0F8B80200290CBF4C
:107E4000816AC16A0DF1060088470146022019E0E7
:107E5000027C002A40F08B800446D0F8B8020D4620
:107E6000416B0DF10600884771E0027C002A7ED14B
:107E70000446D0F8B8020D46016B0DF106008847A4
:107E800001460720487063E00A062FD0426801F0DF
:107E900001018A426ED0D1B20446FFF70DFA29786B
:107EA000204661602546FFF7D1FE002870D00446C9
:107EB00028468021FFF758FE28460021FFF754FE90
:107EC00029792846FFF7F8F9022085F89C02A0E7F7
:107ED00080210446FFF748FE20460021FFF744FEBC
:107EE00029782046FFF7E8F9032492E7022201F0FF
:107EF000010180F89C224160002105460024FFF723
:107F0000DBF92846FFF72CFA83E72846FFF728FA23
:107F1000032085F89C0200247BE7D0F8B422526944
:107F20000EE0D0F8B422D2680AE0D0F8B422126988
:107F300006E0D0F8B422926802E0D0F8B422926948
:107F4000AAB10D460446007C0DF10601904701469A
:107F5000EA8872B1BDF8063083B1934238BF1A4641
:107F6000ADF806202046FFF7EDF9002451E704465E
:107F700005E02046FFF7F4F900244AE72046802177
:107F8000FFF7F2FD20460021FFF7EEFD002440E759
:107F90002846EFE770B50A780D46097912F06002BD
:107FA000044609D0402A01D0202A42D12046FFF7BA
:107FB0008DF9D0B1002070BD687888B3012821D038
:107FC000032836D194F89C0203281FD1688838B959
:107FD00011F07F0004D0E88810B92046FFF7C4FDF7
:107FE0002046FFF7BDF9002070BDD4F8B8028268C2
:107FF0000020002AC4F8D402DCD020462946BDE87F
:108000007040104794F89C0203281CD0022810D11D
:1080100048060ED02046FFF7A7FD204680210EE03F
:1080200094F89C0203281ED0022808BF5FEA416032
:1080300044D020468021FFF797FD20460021FFF71E
:1080400093FD002070BD68880028B3D10E46480615
:1080500003D020463146FFF781FB2046FFF780F929
:1080600020463146A3E701F00F0000EB8000802995
:1080700004EB80002CBF90F8230090F863010028E7
:10808000D7D001F07F0000EB800004EB800000F10E
:10809000140501EB810004EB8000802938BF00F556
:1080A000AA75480605D02046FFF764FC08B10120F8
:1080B00000E0002005F10E01A87309E008064FF06A
:1080C000140058BF4FF4AA702118002001F80E0FB9
:1080D00020460222FFF736F9002070BDB0B50A78BD
:1080E00012F0600218BF402A10D190F89C22013A89
:1080F000022A0DD88A8812F0FE0F09D10C46D1B29F
:108100000546FFF7E5F870B10320B0BD202AECD09A
:1081100080210446FFF728FD204600210024FFF7B8
:1081200023FD2046B0BDD5F8B8128A68002AEBD0EE
:1081300000212846C5F8D41221469047E18804461C
:10814000002908BF002CECD12846FFF709F90020D0
:10815000B0BD00007047000040F28030C2F2000065
:108160007047000010B50A784B78D0F81CE802F090
:108170000F04012B4FEA421C17D10123A34043EA0D
:108180000E03C0F81C386044D0F800391B0427D413
:108190008B6800F51060097904686FF3DF2343EA08
:1081A000814144EA8252114315E04FF48032A240EB
:1081B00042EA0E02C0F81C286044D0F8002B1204DA
:1081C0000ED48A6800F5306009796FF3DF22036806
:1081D00042EA8141194341F0805141F4004101607C
:1081E000002010BD0146D0F8000940F2FF72904314
:1081F000C1F80009D1F8040840F480720020C1F8E9
:108200000428704782B002F47F42B2F5807F60D1CB
:10821000826B4FF6BF7322F480328263C268CFF65E
:10822000BD731A40C260029BC268DBB222F44012E6
:10823000012BC26003D1C26842F48012C2600022E6
:108240000092009A01320092009AB2F1706F00F22F
:10825000B9800269002A21D4009A01320092009A62
:10826000B2F1706F00F2AE800269002A16D4009A53
:1082700001320092009AB2F1706F00F2A38002699D
:10828000002A0BD4009A01320092009AB2F1706F6A
:1082900000F298800269B2F1FF3FD2DC0A2200BFEF
:1082A0000092009A002A5ED0009A013A0092009A49
:1082B000002A58D0009A013A0092009A002A52D01F
:1082C000009A013A0092009A002A4CD0009A013A92
:1082D000E6E7C26842F04002C26000220192019AC1
:1082E00001320192019AB2F1706F00F29D80026931
:1082F000002A20D4019A01320192019AB2F1706FE2
:1083000000F292800269002A15D4019A013201928A
:10831000019AB2F1706F00F287800269002A0AD4D4
:10832000019A01320192019AB2F1706F7CD8026910
:10833000B2F1FF3FD3DC0A220192019A002A44D015
:10834000019A013A0192019A002A3ED0019A013A1B
:108350000192019ACAB3019A013A0192019AA2B319
:10836000019A013AE8E7026942F001020261009ACB
:1083700001320092009AB2F1706F23D80269D207DD
:108380001DD0009A01320092009AB2F1706F19D894
:108390000269D20713D0009A01320092009AB2F11A
:1083A000706F0FD80269D20709D0009A013200928B
:1083B000009AB2F1706F05D80269D207D7D14FF099
:1083C000000C3CE04FF0030C39E0026942F001027E
:1083D0000261019A01320192019AB2F1706F23D8C1
:1083E0000269D2071DD0019A01320192019AB2F1BD
:1083F000706F19D80269D20713D0019A0132019225
:10840000019AB2F1706F0FD80269D20709D0019AB0
:1084100001320192019AB2F1706F05D80269D20758
:10842000D7D14FF0000C01E04FF0030C826B13F436
:108430007F4F14BF22F4803242F48032826301F411
:108440007F01B1F5803F07D1816841F0060181606D
:10845000816841F020018160604602B070470000F1
:1084600010B54A7891F800E047F6000CCEF6334C90
:10847000012A4FEA4E1226D10244D2F8001902F521
:108480001063B1F1FF3F4FF0010407DC196841F0C0
:1084900000611960196841F0804119600EF00F0108
:1084A000D0F83C2804FA01F18A43C0F83C28D0F8FF
:1084B0001C2822EA0101C0F81C18186800EA0C0107
:1084C0000020196010BD811801F53063D1F8001B40
:1084D0000CF1707CB1F1FF3F4FF48034DEDCD5E766
:1084E0000146D0F8000E20F00300C1F8000ED1F8CC
:1084F000040820F002020020C1F8042870470000A0
:108500000146D0F8000E20F00300C1F8000ED1F8AB
:10851000040840F002020020C1F80428704700005F
:108520002DE9F04F86B0C3F3074516468E4600216D
:10853000C0F80411C0F80811C0F80C11C0F81011EF
:10854000C0F81411C0F81811C0F81C11C0F820119F
:10855000C0F82411C0F82811C0F82C11C0F830114F
:10856000C0F83411C0F83811C0F83C113DB1816B2E
:1085700021F400118163816B41F4002110E0D0F8F7
:10858000041841F00201C0F80418816B41F4001195
:108590008163816B21F400218163816B21F480214F
:1085A00006F47F4281630021B2F5807FC0F8001E8F
:1085B00007D1D0F80028B1EB1E6F07D1C0F8002812
:1085C00008E0D0F8001841F0030101E042F0010199
:1085D000C0F8001800210491049901310491049914
:1085E000B1F1706F51D8016900291ED4049901318D
:1085F00004910499B1F1706F47D80169002914D42E
:108600000499013104910499B1F1706F3DD8016969
:1086100000290AD40499013104910499B1F1706FD1
:1086200033D80169B1F1FF3FD6DC002104914FF44A
:10863000846101610499013104910499B1F1706F71
:1086400023D8016989061DD5049901310491049943
:10865000B1F1706F19D80169890613D504990131F8
:1086600004910499B1F1706F0FD80169890609D599
:108670000499013104910499B1F1706F05D8016931
:108680008906D7D44FF0000A01E04FF0010A00211B
:1086900005910599013105910599B1F1706F4ED899
:1086A000016900291ED40599013105910599B1F19F
:1086B000706F44D80169002914D4059901310591DE
:1086C0000599B1F1706F3AD8016900290AD405996A
:1086D000013105910599B1F1706F30D80169B1F19F
:1086E000FF3FD6DC00210591102101610599013180
:1086F00005910599B1F1706F21D80169C90620D59E
:108700000599013105910599B1F1706F17D801698B
:10871000C90616D50599013105910599B1F1706F1A
:108720000DD80169C9060CD5059901310591059946
:10873000B1F1706F03D80169C906D7D401E04FF0D9
:10874000010A5FFA8EF94FF00008B9F1000FC0F886
:108750001088C0F81488C0F81C8800F00E81CDF88D
:108760000CA0CDE9015ED0F800194FF0006404EAD6
:1087700011114FF67F35B9F1010BC0F80019C0F89F
:108780001089C0F8085975D0A9F1020103290BF02E
:10879000030A04D20121BAF1000F41D16AE0009628
:1087A0002BF0030700F5186600234FF0904C4FF6AE
:1087B0007F324FF0000E00BF56F8601C0EF1040E21
:1087C0000CEAE17146F8601C46F8503C46F8582C1B
:1087D00056F8401C77450CEAE17146F8401C46F813
:1087E000303C46F8382C56F8201C0CEAE17146F86B
:1087F000201C46F8103C46F8182C31680CEAE17150
:1088000031603361B26006F18006D5D1009E0EF171
:1088100001014FF67F354FF00064BAF1000F29D007
:1088200000F510634F01B446DE594FF0904202EA62
:10883000E67603EB4111DE51664600274FF67F33A3
:10884000BAF1010F0F618B6014D00E6ABAF1020FFA
:1088500002EAE67266460A620F638B620AD00A6C0D
:108860004FF0904303EAE2720A6400220A654FF671
:108870007F328A64D0F8001BBBF1000F04EA1111AB
:10888000C0F8001B4FF00001C0F8101BC0F8085BD7
:10889000DDE9015EDDF80CA06FD0A9F1020103292A
:1088A0000BF0030C04D20121BCF1000F3BD164E0BA
:1088B000A94600962BF0030500F5386600234FF01B
:1088C00090474FF67F32002156F8604C043107EA9A
:1088D000E47446F8604C46F8503C46F8582C56F87C
:1088E000404C8D4207EAE47446F8404C46F8303C70
:1088F00046F8382C56F8204C07EAE47446F8204C29
:1089000046F8103C46F8182C346807EAE4743460E2
:108910003361B26006F18006D6D1009E01314D462A
:10892000BCF1000F29D000F530634F013446DE5909
:108930004FF0904202EAE67603EB4111DE51264603
:1089400000274FF67F33BCF1010F0F618B6014D00D
:108950000E6ABCF1020F02EAE67226460A620F6353
:108960008B620AD00A6C4FF0904303EAE2720A6409
:1089700000220A654FF67F328A64D0F810181EF480
:108980007F0F21F48071C0F810186FF08041C0F89B
:108990001880416103D1816941F0100181618169D1
:1089A00043F60002C8F23C02114316F47F0F8161C6
:1089B00003D0816941F008018161012D05D18169F0
:1089C00041F0804141F004018161504606B0BDE8AC
:1089D000F08F00000146806820F0010200208A60CC
:1089E00070470000D0F840C043F20B03C4F6547344
:1089F0009C4503D3D0F8003B002B1ED40023C0F8C5
:108A0000103BD0F8103B012943F40023C0F8103B81
:108A1000D0F8103B43F01803C0F8103BD0F8103BDF
:108A200043F0C043C0F8103B07D1C0F8142BD0F876
:108A3000001B41F08021C0F8001B0020704700009F
:108A40004A780B78012A4FEA431210440DD1D0F82E
:108A5000002922F40012C0F80029097901F0FE0172
:108A6000022913D100F510600CE0D0F8002B22F49D
:108A70000012C0F8002B097901F0FE01022905D18E
:108A800000F53060016841F08051016000207047BE
:108A90000A784B785101012B084406D1D0F800190F
:108AA000002900F5106106D50AE0D0F8001B002966
:108AB00000F5306104D41AB1086820F080400860E5
:108AC000086840F4001200200A607047F0B54B7847
:108AD000002591F800C04FF6FF76CFF6F875012B10
:108AE000CEF207062AD10C6900EB4C1EDEF8107995
:108AF000002C0EF510634BD03D401D611D69BCF18B
:108B0000000F05EA06051D618E686FD0A519013DAD
:108B1000B5FBF6F50026C1F6F8761F6906EAC546EC
:108B20003E431E610E79012E6CD11E6926F0C046AF
:108B30001E614FF0C04606EA457560E000EB4C133D
:108B4000D3F8107B4FF6FF742F40C3F8107BD3F897
:108B5000107BC0F207043740C3F8107B8D680E69A4
:108B6000BCF1000F03F530631DD006B37719013F48
:108B7000B7FBF5F740F2000CBEB26E430E62C1F6D1
:108B8000F87C1D690CEAC7472F4326401F6115E09A
:108B900007EA06041C611C6944F400241C611C697A
:108BA0002540002433E0002E18BF0D610D621F69BF
:108BB00005EA040637431F614FF400261F69012AA6
:108BC00047EA06071F6103D1CA68002A18BF5A6125
:108BD0000979012931D1D0F808081968C0054FF08A
:108BE000805058BF4FF00050084325E0B44204D9EC
:108BF0000E614FF40025344601E04FF400251E6954
:108C000035431D6125461E696FF3DF453543012A53
:108C10001D6119D1CA69002A18BFCEF81429097933
:108C200001290AD1D0F80818DEF80009C9054CBF9F
:108C300040F0805040F0005018604FF00441186838
:108C4000084318600020F0BD00F510634FEA4C1691
:108C50009F5947F004479F510F79012F3AD1D0F81F
:108C60000878F558FF054FF0805758BF4FF0005770
:108C70002F43002AF750E5D1A2B2002AE2D0D61C39
:108C80004FF0FF33C96803EB960300F580504FEABD
:108C90000C32032BC6F381030ED3B70827F003066B
:108CA0000F68043E17504F6817508F681750CF68F1
:108CB00001F110011750F3D1002BC3D00F68012B25
:108CC0008750BFD04F68022B8750BBD08968815036
:108CD0000020F0BD002CB5D00CF00F01012202FAEB
:108CE00001F100F63403AAE781B0002200924A782D
:108CF0000978012A4FEA41113AD100F51062505823
:108D0000B0F1FF3F3ADC885842F2107340F0006047
:108D10008850885840F0804088500098013000907A
:108D20000098984262D85058B0F1FF3F26DC009876
:108D3000013000900098984258D85058B0F1FF3F49
:108D40001CDC009801300090009898424ED8505892
:108D5000B0F1FF3F12DC009801300090009898427B
:108D600044D85058B0F1FF3F4FF00000D5DD3BE054
:108D700000F530625058B0F1FF3F02DD002001B035
:108D80007047885842F2107340F00060885088584D
:108D900040F0804088500098013000900098984240
:108DA00024D85058B0F1FF3FE8DC00980130009023
:108DB000009898421AD85058B0F1FF3FDEDC009876
:108DC000013000900098984210D85058B0F1FF3F01
:108DD000D4DC0098013000900098984206D8505892
:108DE00000284FF00000D6D401B07047012001B038
:108DF000704700000146806840F0010200208A6050
:108E00007047000081B000220092009A0132009267
:108E1000009AB2F1706F51D80269002A1ED4009AEC
:108E200001320092009AB2F1706F47D80269002AAD
:108E300014D4009A01320092009AB2F1706F3DD8BA
:108E40000269002A0AD4009A01320092009AB2F113
:108E5000706F33D80269B2F1FF3FD6DC890100227E
:108E60002031009201610099013100910099B1F126
:108E7000706F23D8016989061DD5009901310091D1
:108E80000099B1F1706F19D80169890613D500995D
:108E9000013100910099B1F1706F0FD80169890615
:108EA00009D50099013100910099B1F1706F05D891
:108EB00001698906D7D4002001B07047032001B0B2
:108EC00070470000D0F8080800F0060180074FF056
:108ED000020058BF0F20002908BF08467047000055
:108EE000406900F001007047D0F81818D0F81C084D
:108EF000084080B270470000D0F81818D0F81C085D
:108F00000840000C70470000D0F810C8D0F8343882
:108F100001F00F0223FA02F2D20100EB4110D2B2AB
:108F2000D0F8080942EA0C010840704700EB4111F3
:108F3000D1F8081BD0F814080840704741698069CF
:108F40000840704710B5930802F0030E2BD05A1E4C
:108F5000032A03F0030C0FD323F003034FF48052D2
:108F60008458043B0C6084584C6084588C6084584E
:108F7000CC6001F11001F3D1BCF1000F13D04FF41C
:108F8000805284580B46BCF1010F43F8044B04D1C6
:108F90001946BEF1000F09D11DE08258BCF1020F45
:108FA0004A601AD10831BEF1000F14D04FF480523C
:108FB00080580A46BEF1010F02F8010B04BF1046AB
:108FC00010BD020ABEF1020F4A7004BF881C10BD1A
:108FD000000C88700331084610BD4FF4805282584F
:108FE0008A600C31BEF1000FE0D1F4E7B0B5044661
:108FF000C06820F0C040E06091B1012926D1E0684E
:10900000002540F00050E0600A20F8F7C7FE6069D4
:10901000C00705F10A0014D1BE2D0546F4D310E0B7
:10902000E068002540F08040E06000BF0A20F8F7CB
:10903000B5FE6069C00705F10A0002D0BE2D0546E5
:10904000F4D3C838B0FA80F04009B0BD0120B0BDFB
:109050000246D0F8000801F07F0120F4FE60C2F85B
:109060000008D2F8000840EA01110020C2F80018F8
:1090700070470000022A02465CD145F24030CFF62C
:10908000277043F200530844C0F20C03984202D206
:109090004FF4705050E041F64060CFF61B7044F240
:1090A00040230844C0F20F03984202D24FF46050AC
:1090B00042E0A1F5740044F68073A0F51050C0F2B0
:1090C0001203984202D24FF4505035E0A1F1837060
:1090D0004DF22063A0F5E740C0F21303984202D29C
:1090E0004FF4405028E04BF26060CFF6E5604EF25E
:1090F00060330844C0F21603984202D24FF4305055
:109100001AE04DF20030CFF6CE6047F240730844CB
:10911000C0F21B03984202D24FF420500CE045F6F7
:10912000C030CFF6B36049F2C0130844C0F2210347
:1091300098420AD24FF41050D16821F47051D16096
:10914000D16801430020D1607047A1F1B77047F2A8
:109150002053A0F55850C0F23803984202D24FF481
:109160000050E9E745F2E040CFF6596049F6E043A8
:109170000144C0F241034FF4C050994238BF4FF44C
:10918000E050D9E710B5DDF808C0BCF1000F2CD1D4
:109190005BB303F1030E4FF0FF3303EB9E0300F5C7
:1091A00080541203032BCEF3810C0FD34FEA9E039E
:1091B00023F003030868043B105148681051886885
:1091C0001051C86801F110011051F3D1BCF1000F2A
:1091D0000BD00868BCF1010FA05006D04868BCF164
:1091E000020FA0501CBF8868A050002010BD0000D6
:1091F000FEE7000070B540F65C35C2F20005687805
:1092000001280CD1A87822283EDD232800F079809F
:10921000F42800F07280F52840F047815CE0EA789D
:10922000511E05293AD2A8780238232800F23D8140
:10923000DFE810F0240077003B013B013B013B01DC
:109240003B013B013B013B013B013B013B013B013E
:109250003B013B013B013B013B013B013B013B012E
:109260003B013B013B013B013B013B013B013B011E
:109270003B0195002F00A1003B018B00696811F8AC
:10928000010B02F0E3FA10E1212846D0222840F039
:109290000C816868007801F0D1FB06E1082AC2D091
:1092A000002A40F00281A978EF2940F3BD80F0390F
:1092B0000E2900F2FA80DFE811F01300C500C100AA
:1092C000DA0020000F00E300DE00C900F800F8001B
:1092D000F800F800F800CC00042001F0ABFCE4E05A
:1092E00040F21C21C2F200010A78002A00F0E0805E
:1092F00040F2FC20C2F2000093E0032001F09AFC4F
:10930000D3E0686805F10C040078214604F0E0F928
:109310002046042100F010FDC7E0686801F0D0FB92
:10932000C3E068680078FF286BD005F10C0405F1F4
:109330000802214602F076F86978A8782A7A02298C
:1093400066D1214604F0A6FDAFE0D5F804C003299C
:1093500002F0030E85F88C2020D2002236E06868E7
:109360000022016841F6D050C2F20000C0E90012AC
:1093700001F0A6FB99E0686805F10C0440782146ED
:1093800004F0A6F96A780421A878022A29722146F5
:109390004FF004023DD104F07DFD86E002F07C0335
:1093A0000CF10104002200BFA01810F8011CAE1837
:1093B00086F88D10A15C043286F88E1041789342B5
:1093C00086F88F10807886F89000EDD1BEF1000FFE
:1093D0006BD01CF80200A918BEF1010F81F88D00B6
:1093E00063D0501C1CF800102844BEF1020F80F816
:1093F0008D105AD0901C1CF80010284480F88D1055
:1094000053E041F69130C2F20000012101704CE0BE
:10941000214604F08BFC002847D140F21C20C2F208
:1094200000000021017040E001292CD004292FD038
:10943000252904BF002085F88C0036E0062001F0C5
:10944000F9FB32E0012001F0F5FB2EE001F050FEC7
:109450001BE041F61050C2F200000021017040F202
:109460001C20C2F20000017085F88C101DE0022063
:1094700001F0E0FB19E041F6C020C2F20000C4E7B1
:1094800003F092FA11E001F0C9FFFE20287308E012
:1094900002F0CCF96FF00F01002818BF6FF0010146
:1094A00029730120287201F0F7FC0020287070BD9C
:1094B0000870FAE770B541F61056C2F2000630782F
:1094C00040F65C35C2F20005F021A97080B105F1CB
:1094D0000C01002004F0FCF805F11001012004F05B
:1094E000F7F805F11401022004F0F2F80C200EE068
:1094F00005F10C042046F6F7B8FE204419A12B22F2
:10950000F6F78FFE2046F6F7B0FE0121317069783C
:10951000AB780229287205F10C01C2B2184602D1BB
:1095200004F0B8FC08E004F001FC28B940F21C206B
:10953000C2F200000021017040F2FC20C2F20000E3
:1095400001780131CAB20B2A017038BF70BD40F2F8
:109550001C20C2F2000000210170317085F88C10CF
:1095600070BD00BF5844722D706F7765722C312E1C
:10957000302E302C7869616F77616E672C31303016
:10958000412C32302D3330562C3930C2B0430000DC
:109590002DE9F04140F65C35C2F200052C78F8F771
:1095A000EFFC34B140F6B821C2F200010860BDE81A
:1095B000F08141F69136C2F20006317840F6CC24B3
:1095C000C2F200040129206021D140F6D024C2F269
:1095D00000042168401A0228E9D341F69037C2F20C
:1095E0000007387805F10D0105F1080201F01AFFB6
:1095F00038782A7A69782873A878013202292A7281
:1096000005F10C01D2B232D104F044FC38E041F64D
:10961000C027C2F200073978012913D140F6D026BD
:10962000C2F200063168401A0228C0D305F10C04CA
:1096300005F10801204601F097FD00287CD00020AC
:1096400038708CE040F21C21C2F20001097829B385
:1096500040F6B826C2F200063168411AB1F5FA7F29
:1096600041D9FFF727FF20683060BDE8F08104F0A2
:109670005DFB28B940F21C20C2F2000000210170FD
:1096800038780130C1B22E29387002BF00203870FE
:109690003070F8F775FC2060BDE8F08195F88C100B
:1096A00000293FF484AF40F6D021C2F200010A68DD
:1096B000821A022A38BFBDE8F0818C260C2408608B
:1096C000A8194078291904F003F895F88C10A6F130
:1096D0008B00013604348842F2D305F10C00BDE85A
:1096E000F04104F0C5BC40F6D028C2F20008D8F81A
:1096F0000010401A0328FFF45AAF95F88C00002898
:109700003FF455AF25208C260C27A870A819407867
:10971000E91903F0DDFF95F88C00A6F18B01013605
:1097200004378142F2D38000287201F0B5FB206833
:10973000C8F80000BDE8F0816978A8782A7A022983
:1097400003D1214604F0A6FB09E0214604F0EEFA1D
:1097500028B940F21C20C2F2000000210170F8F785
:109760000FFC3060BDE8F0819FED221A9FED222AA8
:1097700020EE010AB5EE001A30EE010ABDEEC01A65
:1097800011EE100AB5EE400AF1EE10FAB8BF01383A
:1097900001EE100AB8EEC11A30EE410A20EE020ABC
:1097A000BDEEC01A9FED152A11EE100A002130EE11
:1097B000021AB1EB502F4EF618311CBF0020B0EE4C
:1097C000410AC0F6000101EE100A01EB8001B8EE7B
:1097D000411A30EE410A91ED001A91ED012AB7EEDF
:1097E000003A33EE403A23EE011A20EE020A31EE3F
:1097F000000A704783F9223E00000044000000C4C4
:109800009FED201A9FED202A20EE010ABDEEC01A1E
:1098100011EE100AB5EE400AF1EE10FAB8BF0138A9
:1098200001EE100AB8EEC11A30EE410A20EE020A2B
:10983000BDEEC01A9FED152A11EE100A002130EE80
:10984000021AB1EB502F4EF618311CBF0020B0EEBB
:10985000410AC0F6000101EE100A01EB8001B8EEEA
:10986000411A30EE410A91ED001A91ED012AB7EE4E
:10987000003A33EE403A23EE011A20EE020A31EEAE
:10988000000A704783F9223E00000044000000C433
:1098900010B5F8F775FB41F68C44C2F2000421685C
:1098A000401A642838BF10BDF8F76AFB034641F23E
:1098B000E00040F61A51C2F20000C2F20001042298
:1098C0002360BDE81040F7F74DBB000010B541F62E
:1098D0003024C2F200042046FAF786FE20460C210E
:1098E000FBF70EFA41F2980040F61451C2F2000064
:1098F000C2F200010322F7F735FB41F2E00040F627
:109900001A51C2F20000C2F200010422F7F72AFB4A
:10991000206840F60201016440F6805040F6745120
:10992000C2F20000C2F20001052203F05FF940F626
:10993000985040F68C51C2F20000C2F2000105229C
:1099400003F054F940F6B05040F6A451C2F20000C2
:10995000C2F200010522BDE8104003F047B9000043
:10996000F0B581B040F61457C2F200070D463988B1
:10997000064640F68050C2F20000144603F01CF880
:109980007988388040F69850C2F2000003F014F84D
:10999000B988788040F6B050C2F2000003F00CF8AD
:1099A00039889FED281A00EE101A40F62051C2F2B5
:1099B0000001B8EE400A91ED002A798820EE010AF4
:1099C00030EE420A02EE101A40F62451C2F20001B3
:1099D000B8EE422A91ED003A22EE012AB88032EE2A
:1099E000432A03EE100A40F62850B8EE433AC2F27A
:1099F000000090ED004A23EE011A9FED133AB5EEF8
:109A0000400A31EE441AF1EE10FAB0EE434AB5EED8
:109A1000402AC8BFB0EE404AF1EE10FAB0EE430A59
:109A2000B5EE401AC8BFB0EE420AF1EE10FAC8BF58
:109A3000B0EE413A86ED004A85ED000A84ED003A29
:109A400001B0F0BD4108043D0000000080B540F6C3
:109A50006D5CC2F2000C9CF800E0BEF1020F23D056
:109A6000BEF1010F11D0BEF1000F2CD140F61A51FA
:109A7000C2F2000109784FF21C32C0F60002515CBC
:109A8000017001208CF8000080BD40F61A50C2F22F
:109A9000000040784FF21C32C0F60002105C0870E3
:109AA00002208CF8000080BD40F61A50C2F200007F
:109AB00080784FF21C31C0F60001085C1070032062
:109AC0008CF8000080BD00780978127808441044B2
:109AD00000EE100AB8EEC00AB0EE081A80EE010AD5
:109AE00000208CF8000083ED000A80BD40F61A517A
:109AF000C2F20001C9789FED051A00EE101AB8EE07
:109B0000400A20EE010A80ED000A70473A07543EF1
:109B100041F63021C2F20001096808647047000074
:109B200010B592B040F62843C2F20003684603F134
:109B30001001442251F8044B043A40F8044BF9D187
:109B40000FCB01F05FFF0928044608BF00F04CFD71
:109B5000A4F10900B0FA80F0400912B010BD000075
:109B6000F0B593B040F2FC16C2F20006306040013E
:109B7000002780B271710E21CDE900074FF6E07029
:109B800041F22C140591012102900620C2F200043A
:109B9000CDE9071103906946204606970497F7F729
:109BA0000DFBB0FA80F040F62C554009C2F20005DA
:109BB00028702046F7F762FE002841F22C10C2F20E
:109BC00000004FF0020118BF2F70F7F799FA002834
:109BD0001CBF00202870707960B140F2502106F15E
:109BE0000800C2F20001402203F008FD032804BF70
:109BF0000020287030684EF61631CDE90A000020AA
:109C0000CDE90C000120C0F600010E90F520097886
:109C10008DF83C0041F22C108DF84410C2F2000087
:109C20000AA911AA10ABF7F77FFA41F22C14C2F27D
:109C3000000400281CBF0220287000BF2046F7F750
:109C4000BFFB0328FAD313B0F0BD00002DE9F047A5
:109C500040F2FC10C2F2000041F6894500F1080410
:109C6000C2F200052046294603F088FC002818BFF0
:109C7000BDE8F08740F6AA2741F6884641F68048BD
:109C8000C2F20007C2F20006C2F200084FF000095B
:109C90004FF0010A0BE000BFE52804BF87F800A0E1
:109CA00086F800902046294603F068FCA8B9397868
:109CB00028780129F0D13178072906D85E2807D104
:109CC000404600F00DF886F8009087F80090E9E72C
:109CD0004A1C327008F80100E4E7BDE8F087000094
:109CE00040F65C32C2F200021378002B18BF7047B6
:109CF000013907291BD8DFE801F004101A091A1AE4
:109D00001A16007890700020D07010E040F22141C7
:109D1000518000215060416009E010F8011B9170F2
:109D20000121D17002E040F621015180506040F2E3
:109D300001101080FFF75EBA10B58AB00A4640F2F3
:109D4000FC11C2F200010B6801460020CDE90300BE
:109D5000F520CDE9013305928DF8180012B108A85D
:109D6000F6F75FFA41F22C10C2F2000001A908AA2E
:109D700007ABF7F7D9F928B140F62C50C2F2000032
:109D80000221017041F22C14C2F200042046F7F7C0
:109D900017FB0328FAD301200AB010BDF0B58BB031
:109DA00041F22C14C2F20004064620460D46F7F795
:109DB00093FD0E2040F2FC1706900120C2F200072E
:109DC000CDE9080070017D71002580B2CDE9010563
:109DD0004FF6E07003900620049001A920463E60F3
:109DE00007950595F7F7EAF9B0FA80F040F62C569A
:109DF0004009C2F2000630702046F7F73FFD002808
:109E000041F22C10C2F200004FF0020118BF357071
:109E1000F7F776F900281CBF00203070787960B120
:109E200040F2502107F10800C2F20001402203F085
:109E3000E5FB032804BF002030700BB0F0BD00002C
:109E400080ED000A9FED040A30EEC11A21EE000AEF
:109E500081ED000A704700BF3ACD133F80B540F650
:109E60007C40C2F2000041780069002918BF01213E
:109E7000FFF776FE03F0E8FF40F21C20C2F200007C
:109E80000021017080BD000080B5FFF781FBBDE8B7
:109E90008040FFF7DBBE000041F6C420C2F20000A4
:109EA00090F8201090ED091A30EE600AC9B190EDDB
:109EB000033A90ED0A2A20EE033A33EE011AB4EE8B
:109EC000421AF1EE10FA80ED091A06DCB1EE422AD0
:109ED000B4EE421AF1EE10FA03DAB0EE421A80ED57
:109EE000092A90ED063A90ED074A90ED0B2A21EEF3
:109EF000041A23EE000A30EE010AB4EE420A0121F0
:109F0000F1EE10FA80ED0C0A80F8201007DCB1EEBB
:109F1000422AB4EE420AF1EE10FAA8BF70470021BF
:109F2000B0EE420A80ED0C2A80F820107047000045
:109F30009FED021A20EE010A704700BF35FA8E3CF1
:109F40002DE9F04F81B040F6F439C2F2000999F8DA
:109F50000000002800F0D880032840F0FA80F8F7CD
:109F60000FF841F6A631C2F200010B8841F6A83184
:109F7000C2F200010988DCB2C1F3850242EA841B07
:109F800000EE10BA9FED741A40F6FC3AB8EE400AA3
:109F9000C2F2000A20EE010A9AED001A40F60C4CBB
:109FA00030EE411A40F6104E9FED6C3AC2F2000CB2
:109FB000B0EEC12AC2F2000EDCF8007040F6F838AC
:109FC000DEF80050B4EE432AC2F20008F1EE10FAB7
:109FD00088ED000A0ADD4FF0FF36B5EE401AF1EECB
:109FE00010FAB8BF01263544CEF8005001EE105AE1
:109FF0009FED5B2AB8EEC11A21EE021A40F6004628
:10A0000040F6044531EE001AC2F20006B842C2F230
:10A01000000586ED001A14D0C71B95ED002A03EE4B
:10A02000107A9FED504AB8EE433A31EE422A23EEC1
:10A03000043A82EE032A40F60847C2F2000787ED91
:10A04000002A8F078AED000A85ED001ACCF800007F
:10A050003DD4C8B29E0103EBD013B2B203EB54035C
:10A0600003EB522303EB922303EBD22303EB1232D5
:10A070008D0802EBD00240F62C5C2A44C2F2000CA0
:10A0800002EB10129CF8017002EB501202EB9010E0
:10A0900041F6CC53002F04BF03278CF8017000EB6E
:10A0A00016200122C2F2000380EA5B3022EA01019D
:10A0B00093F90060484006F10A01C00718BFC6FACC
:10A0C00052F1C8B26428197019D902211AE040F679
:10A0D0002C50C2F200000021417040F60840C2F24C
:10A0E000000089F80010C8F80010CAF800103160AC
:10A0F00029600160CEF8001001B0BDE8F08F022F9A
:10A1000002D103218CF801100024C4F202040120C2
:10A1100089F8000020464FF4004100220025F7F79F
:10A1200029FF41F6901040F2402141F6A632C2F2DA
:10A130000000C2F20001C2F200020123F9F776FF2B
:10A1400038B120464FF400410122F7F713FF89F898
:10A15000005001B0BDE8F08FDB0FC939DB0F49407B
:10A16000DB0FC9406F12833A2DE9F04784B040F20B
:10A170000044C4F20204804620464FF4805100227D
:10A18000F7F7F8FE41F638160620C2F200068DF801
:10A19000040001A9304601224FF47A73F9F7EEFC6E
:10A1A00020464FF480510122F7F7E4FE4FF00509F5
:10A1B0000DF1050A0DF1060520464FF480510022ED
:10A1C000F7F7D8FE3046514601224FF47A738DF8E6
:10A1D0000590F9F7D3FC3046294601224FF47A73F3
:10A1E000F9F718FCBDF8067020464FF480510122A3
:10A1F000F7F7C0FEF807DFD120464FF48051002268
:10A20000F7F7B8FE41F638162020C2F200068DF8A6
:10A2100009000DF10901304601224FF47A73F9F774
:10A22000ADFC4FEA18408DF80A000DF10A013046E6
:10A2300001224FF47A73F9F7A1FC4FEA18208DF848
:10A240000B000DF10B01304601224FF47A73F9F740
:10A2500095FC03A9304601224FF47A738DF80C80E7
:10A26000F9F78CFC20464FF480510122F7F782FE6B
:10A270004FF005080DF10D090DF10E0720464FF4C2
:10A2800080510022F7F776FE3046494601224FF40E
:10A290007A738DF80D80F9F771FC3046394601224A
:10A2A0004FF47A73F9F7B6FBBDF80E5020464FF421
:10A2B00080510122F7F75EFEE807DFD104B0BDE868
:10A2C000F087000070B504460844000BA0EB143082
:10A2D000002586B22046FFF747FF0135A8B2B042FD
:10A2E00004F58054F6D970BDF0B583B040F2004457
:10A2F000C4F2020420464FF480510022F7F73AFEE0
:10A300000A20F7F74BFD41F638159F20C2F20005F1
:10A310008DF805000DF10501284601224FF47A73EE
:10A32000F9F72CFC0DF10601284601224FF47A734F
:10A33000F9F770FB9DF8067002A9284601224FF438
:10A340007A73F9F767FB9DF808600DF10A0128465A
:10A3500001224FF47A73F9F75DFBEF2F0ED1F0B2C3
:10A3600040280BD19DF80A00C0B2182806D140F64B
:10A370002C50C2F20000012181700AE040F6AB20AF
:10A38000C2F200000178042903D801310170FFF7FF
:10A39000ABFF20464FF480510122F7F7EBFD03B0ED
:10A3A000F0BD00002DE9F04782B040F20048C4F251
:10A3B000020815460C46814640464FF48051002263
:10A3C000F7F7D8FD03208DF8020041F63810C2F2ED
:10A3D00000000DF1020101224FF47A73F9F7CEFB70
:10A3E000824630B140F62C50C2F20000022181704A
:10A3F00039E041F63817200CC2F200078DF803004F
:10A400000DF10301384601224FF47A73F9F7B6FBD8
:10A41000200A8DF8040001A9384601224FF47A730E
:10A42000F9F7ACFB0DF10501384601224FF47A73C0
:10A430008DF80540F9F7A2FBADB141F63814A9F14A
:10A440000106C2F200040DF1060700BF204639469E
:10A4500001224FF47A73F9F7DDFA9DF80600013D09
:10A4600006F8010FF2D1BAFA8AF0440940464FF4D7
:10A4700080510122F7F77EFD204602B0BDE8F0874B
:10A480002DE9F04784B040F2004AC4F2020A1646B1
:10A490000F46804650464FF480510022F7F76AFD80
:10A4A00041F638150620C2F200058DF807000DF1BF
:10A4B0000701284601224FF47A73F9F75FFB5046F3
:10A4C0004FF480510122F7F755FD50464FF480516B
:10A4D0000022F7F74FFD022402A9284601224FF47B
:10A4E0007A738DF80840F9F749FB814658B140F678
:10A4F0002C50C2F20000847050464FF4805101226B
:10A50000F7F738FD6AE041F63815380CC2F200055D
:10A510008DF809000DF10901284601224FF47A73E4
:10A52000F9F72CFB380A8DF80A000DF10A012846CC
:10A5300001224FF47A73F9F721FB0DF10B01284644
:10A5400001224FF47A738DF80B70F9F717FBA6B15F
:10A5500041F63815A8F10104C2F2000503AF00BFAF
:10A5600014F8010F39468DF80C00284601224FF4EB
:10A570007A73F9F703FB013EF2D150464FF4805154
:10A580000122F7F7F7FC41F638164FF00508C2F242
:10A5900000060DF10D070DF10E0500BF50464FF4FA
:10A5A00080510022F7F7E6FC3046394601224FF48D
:10A5B0007A738DF80D80F9F7E1FA304629460122C9
:10A5C0004FF47A73F9F726FABDF80E4050464FF46F
:10A5D00080510122F7F7CEFCE007DFD1B9FA89F00C
:10A5E000400904B0BDE8F0872DE9F047A2B040F281
:10A5F000D824C2F200042046FFF778FA40F67C45E2
:10A60000C2F20005287A697A4FF0FF3295ED090A07
:10A6100095ED0A1A95ED0B2A95ED0C3A95ED0D4A3C
:10A6200095ED0E5A95ED0F6A002808BF012284F8B7
:10A63000202084F821102068276A10EE101A11EEED
:10A64000102A12EE103A84ED010A84ED021A84ED0C
:10A65000032A84ED043A84ED054A84ED065A84ED1C
:10A66000076A04978DED003A8DED014A8DED025A8F
:10A670008DED036A02F002FC01F0BAF994ED000AD4
:10A680009FED351A684680EE010A05F11001882217
:10A6900051F8043B043A40F8043BF9D195E80F0027
:10A6A00000F098FD94ED000A03F0E6F805F1880348
:10A6B0006F790FCB009703F0FDF940F6284AC2F2FC
:10A6C000000A50465421F5F7C5FD00F01DFE02F0CA
:10A6D0009BFE40F62046C2F2000670780AF1500751
:10A6E000022804D0012807D10AF1480000E03846CA
:10A6F00090ED000A03F0E8F995F8028095F80490CF
:10A70000AC79ED7950465421F5F7A4FD00F0FCFD3D
:10A7100002F07AFE7078022803D0012805D10AF1F0
:10A72000480797ED000A03F0CFF90020012C3470A0
:10A73000F07105D0002C14BF40F20110012001E09F
:10A740004FF48070A6F80500757086F8029086F8C0
:10A75000038022B0BDE8F087D7B3DD3F10B540F6E7
:10A760002844C2F2000420465421F5F773FD00F09E
:10A77000CBFD02F049FE40F62040C2F200004078D6
:10A78000022805D0012818BF10BD04F1480001E0DF
:10A7900004F1500090ED000ABDE8104003F094B9B8
:10A7A00040F22820C2F2000000214170FFF71CBFD8
:10A7B00070B584B040F62045C2F20005E87940F655
:10A7C0002844C2F2000488B194ED0C0A9FED991A56
:10A7D00094ED0B2A20EE010A30EE020A84ED0B0AFA
:10A7E00000F0FEFD84ED0B0A84ED050A28780228AE
:10A7F00043D001283BD0002840F01281687841F610
:10A80000C4260028C2F2000600F0A980022800F049
:10A81000BA80012840F00481F079002800F09F8080
:10A8200096ED040A01A803F077F99DED010AD4ED35
:10A83000120A84ED110A02F055FEE87884ED070A49
:10A84000002800F08C80F079002800F0888094EDDA
:10A85000120AB3EE0E1AB4EE410AF1EE10FA7ADDE6
:10A8600094ED0D0AD4ED0E0A03F046FC75E068780D
:10A87000012836D0002864D0D2E06878002860D063
:10A88000022847D0012840F0CB8041F6C426C2F20E
:10A890000006F079002854D096ED040A01A803F0D0
:10A8A0003BF99DED010AD4ED120A84ED110A02F084
:10A8B00019FEE87884ED070A002842D0F0790028D4
:10A8C0003FD094ED120AB3EE0E1AB4EE410AF1EE47
:10A8D00010FA32DD94ED0D0AD4ED0E0A03F00CFCF3
:10A8E0002DE041F6C425C2F20005E87970B195ED7E
:10A8F000040A01A803F010F99DED010AD4ED120A33
:10A9000084ED110A02F0EEFD84ED070AA879002813
:10A910006AD11DE041F6C426C2F20006307A002852
:10A9200048D096ED050A01A803F0F6F89DED010A5E
:10A93000D4ED140A84ED130A38E09FED3F0A84ED4C
:10A94000080A41F6C420C2F20000807900284BD1E9
:10A9500094ED0D0A5AE09FED380A84ED080AB079AB
:10A9600088B194ED070AD4ED090AFFF795FA94ED42
:10A97000081AD4ED0A0A84ED0E0AB0EE410A00F07E
:10A98000E3FC84ED0D0A307AA0B16878022809D181
:10A9900096ED050A01A803F0BFF89DED010A84EDCC
:10A9A000130A01E094ED130AD4ED140A01F036FE07
:10A9B00084ED110AF079A0B16878012809D196EDEB
:10A9C000040A01A803F0A8F89DED010A84ED110A1C
:10A9D00001E094ED110AD4ED120A02F083FD84ED3A
:10A9E000070AB0790028B3D094ED070AD4ED090A1C
:10A9F000FFF752FA94ED081AD4ED0A0A84ED0E0A14
:10AA0000B0EE410A00F0A0FC84ED0D0A94ED051AA9
:10AA1000D4ED0E0A04F13C0004F1400100F058FAB4
:10AA200094ED0F0AD4ED100A02F036FF02F0FAFCA2
:10AA300004B070BD17B751380000000010B50446CF
:10AA400040F62840C2F200005421F5F703FC40F61E
:10AA50002040C2F20000447010BD000070B540F606
:10AA60002845C2F20005044628465421F5F7F2FBBA
:10AA700000F04AFC02F0C8FC40F62046C2F2000694
:10AA80007078022804D0012808D105F1480001E0BF
:10AA900005F1500090ED000A03F016F80020012C9B
:10AAA0003470F07107D0002C14BF40F20110012067
:10AAB000A6F8050070BD4FF48070A6F8050070BDC3
:10AAC000B0B540F62044C2F200046178022913D0E8
:10AAD00001290BD0002918BFB0BD016840F62842FB
:10AAE000C2F20002D16140681062B0BD90ED000A70
:10AAF000BDE8B04003F008B890ED000A054603F049
:10AB000003F8A17829B195ED010ABDE8B04002F043
:10AB1000F3BFB0BD40F62840C2F2000080ED0F0A3E
:10AB2000C0ED100A7047000010B52DED048B40F603
:10AB30002840C2F2000090ED120A9FED158AB0EE97
:10AB4000C09AB4EE489AF1EE10FA17DB40F62044B2
:10AB5000C2F20004607801280AD040F62840C2F210
:10AB600000005421F5F776FB9FED0A0A0120607082
:10AB7000BEEE001A20EE010A02F0C6FF0020B4EE7D
:10AB8000489AF1EE10FAB8BF0120BDEC048B10BD5D
:10AB9000CDCCCC3D0000000010B500F057F840F2DD
:10ABA0002824C2F2000460780138062837D8DFE88C
:10ABB00000F0042A1621122E3700207818B9F5F774
:10ABC0002DFF01202070FEF7ABFF20B16078072831
:10ABD0001CBF04206070BDE81040FFF7E9BD0120F4
:10ABE0002070FFF7BBFDF5F719FF6078072816D036
:10ABF000052013E000202070F5F7B0FE60780728EC
:10AC00000DD002200AE0FFF7A9FD002006E0FFF7C3
:10AC10008BFF20B16078072801D00720607010BD3D
:10AC20002078002808BF10BD00202070BDE810402B
:10AC3000F5F794BE40F22821C2F2000120B14A7813
:10AC4000072A18BF487070474870704770B52DEDDF
:10AC5000028B00F099F840F2D825C2F20005284690
:10AC6000FEF744FF40F62844C2F20004211D04F11F
:10AC700008022046FEF774FE02F0F8FD06282ED8E2
:10AC80000121814011F00C0F1ED111F0300F10D1B5
:10AC9000012101FA00F010F0420F20D094ED011ACA
:10ACA00094ED022AF1EE410A31EE020AB1EE421AA7
:10ACB00017E094ED001A94ED012AB1EE410AF1EE8D
:10ACC000420A31EE021A0CE094ED001A94ED022AC9
:10ACD000B1EE410A71EE020AB1EE421A01E094ECC3
:10ACE000030A04F10C0004F11001FFF7A9F840F683
:10ACF0002046C2F20006707998B3FFF721F900F000
:10AD000077F895F8210095ED012A01EE100AB8EECA
:10AD1000411A95F9200020EE011A31EE421A84ED15
:10AD2000060A00EE100AB8EEC08AB0EE410A84EDC1
:10AD3000051A00F055FB20EE081A94ED030AD4ED35
:10AD4000040A04F1280004F1240184ED051A01F03D
:10AD50003DFC00F055F884ED140A00F059F884ED3C
:10AD6000120AB07968B194ED031AD4ED041A94ED87
:10AD70000F0AD4ED100A02F0BBF802F071F884ED6E
:10AD8000120ABDEC028B70BD41F6C420C2F2000075
:10AD90000278C3780132D1B24FF0000C9942A0F88A
:10ADA00006C080F808C0027038BF70474278037947
:10ADB0000132D1B280F800C04FF0010C994280F806
:10ADC00006C0427013D380B58178437901314FF0CA
:10ADD000000ECAB280F801E080F807C09A42817084
:10ADE00022BF80F802E001210172BDE88040704777
:10ADF00040F6F830C2F2000090ED000A7047000003
:10AE000040F60040C2F2000090ED000A70470000DA
:10AE100040F60840C2F2000090ED000A70470000C2
:10AE200041F60450C2F20000C1889FED061A00EE00
:10AE3000101AB8EE400A90ED002A20EE010A80EECA
:10AE4000020A7047D7B3DD3F41F60450C2F200005A
:10AE500001899FED061A00EE101AB8EE400A90ED37
:10AE6000002A20EE010A80EE020A7047D7B3DD3FC8
:10AE700041F60450C2F2000041899FED061A00EE2F
:10AE8000101AB8EE400A90ED002A20EE010A80EE7A
:10AE9000020A7047D7B3DD3F40F65C31C2F20001D1
:10AEA0004B7888780A7A022B02D10C3102F0F2BF7B
:10AEB00080B50C3102F03AFF0028BDE8804018BF91
:10AEC000704740F21C20C2F2000000210170704760
:10AED000B0B52DED088BB0EE40AAB0EE410A0C469D
:10AEE0000546B0EE418AB0EE609AFEF789FCB0EEFE
:10AEF00040BAB0EE480AFEF737FC2BEE091A2AEEEC
:10AF0000002A32EE411A85ED001A20EE090A2AEED7
:10AF10000B1A31EE000A84ED000ABDEC088BB0BDBF
:10AF20002DE9F0410D460446F7F72AF840F6AC2724
:10AF3000C2F20007396841F22818401AB0F57A7F4A
:10AF4000C2F2000836D340F20046032CC4F20206D7
:10AF500007D8DFE804F00902020D30460821F7F7B0
:10AF600001F8032D0BD91FE030460821002202E032
:10AF7000304608210122F6F7FDFF032D14D8DFE843
:10AF800005F00802020D06F500600421F6F7EAFF5D
:10AF90000AE006F500600421002203E006F50060E7
:10AFA00004210122F6F7E6FFF6F7EAFF38600020F9
:10AFB00088F80000F6F7E4FF3968401AB0F5FA7F28
:10AFC00019D398F80000002818BFBDE8F081022DC1
:10AFD00040F20045C4F2020504D105F500600421E9
:10AFE000F6F7C0FF022C03D128460821F6F7BAFF76
:10AFF000012088F80000BDE8F081000070B540F243
:10B000009420C2F20000007940F29C24C2F20004B5
:10B010002070F6F7B5FF4BF27321C4F2E75140F20E
:10B020002826A0FB0101C2F20006880B716860703F
:10B03000086840F63055C2F2000500686A68896801
:10B04000C4E90202086891ED120A20614868606153
:10B050008868A061D1E909022062086AE261606241
:10B06000C869A06201F0ECFE706884ED0B0A80688C
:10B0700090ED111AB0EE410A01F0E2FE706884ED25
:10B080000C0A806890ED141AB0EE410A01F0D0FE6F
:10B09000706884ED0D0A806890ED131AB0EE410AD5
:10B0A00001F0C6FE706884ED0E0A4068A96B008846
:10B0B000A080288960800888E08070BD10B540F2CB
:10B0C0009424C2F20004216840F29C20C2F20000E5
:10B0D0003C22FFF7D5F92079216801302071C0B2F8
:10B0E0003C3109284FF0000038BF0120216010BD1D
:10B0F00010B54FF480304FF407714FF48034FFF7F0
:10B10000E1F840F29420C2F20000002101710460D5
:10B1100010BD000070B540F29425C2F20005002079
:10B1200040F29C2428714FF48036C2F2000400BF24
:10B13000C0B2C0EB001046EA800120463C22FFF777
:10B1400031F921782879814204D1481CC1B20829FB
:10B150002871EDD9C0B2C0EB00104FF4803141EA44
:10B160008000286070BD00002DE9F04141F6A43751
:10B17000C2F200073A780C46082A23D840F29C26EF
:10B180000546C2EB02104FF48031C2F2000641EADC
:10B19000800130463C224FF03C08FFF703F930783D
:10B1A0003978884211D1013040F29C2184F8008026
:10B1B0003870C2F2000128463C22F5F732F8002030
:10B1C000BDE8F0810020207000E0002038700120F0
:10B1D000BDE8F08184B0F0B581B02DED028B0DF1AA
:10B1E000200C8CE80F009DF82A109DF82B2041F6CA
:10B1F000C42401EE101A9FED432AC2F2000400207D
:10B20000B8EE411AC4E90000A060E170227121EE9D
:10B21000021A02EE102ADDE91C125FFA83FCB8EE76
:10B22000422A03EE10CAC4E91B12DDE91A1221EE0C
:10B23000022AB8EE433A84ED2F0A9DED184A9DED9F
:10B24000195AC4E90A00206384ED0A0A84ED0B0A46
:10B25000C4E91100E06484ED110A84ED120A9DED49
:10B26000210A1EAF22EE033AC4E90800C4E90F0028
:10B27000C4E91D00C4E91F00C4F88400C4E9141225
:10B28000C4E91600C4E91800A066E0CF9DED228A4B
:10B2900004F194002821637184ED031A84ED042ADB
:10B2A00084ED053A84ED064A84ED075A84ED0D4A93
:10B2B00084ED0E5A84ED1F0A84ED200A84ED180AED
:10B2C00084ED190AF4F7C6FF04F18800E0C04CF6DB
:10B2D000CD40C3F64C60C4F8B000B2EE040ADDE91C
:10B2E000230128EE000A84ED288A84ED2D8A84ED5E
:10B2F0002B0AC4E93001BDEC028B01B0BDE8F0407F
:10B3000004B0704717B7513841F6C420C2F20000AC
:10B3100000210164C16480F83C104162016380F83F
:10B3200020108167C0F8841080F87410C1658166B0
:10B3300080F85810C0E92611C0E92911C0F8B810EA
:10B3400080F894107047000041F6C420C2F200005B
:10B3500090F83C1090ED101A30EE600AC9B190EDF3
:10B36000033A90ED112A20EE033A33EE011AB4EEBF
:10B37000421AF1EE10FA80ED101A06DCB1EE422A04
:10B38000B4EE421AF1EE10FA03DAB0EE421A80ED92
:10B39000102A90ED0D3A90ED0E4A90ED122A21EE12
:10B3A000041A23EE000A30EE010AB4EE420A01212B
:10B3B000F1EE10FA80ED130A80F83C1007DCB1EED4
:10B3C000422AB4EE420AF1EE10FAA8BF70470021FB
:10B3D000B0EE420A80ED132A80F83C10704700005E
:10B3E00080B52DED028B9FED098AF0EE480A03F03F
:10B3F000DDF9B5EE400A30EE081AF1EE10FAB8BFEA
:10B40000B0EE410ABDEC028B80BD00BFDB0FC9402E
:10B4100040F62041C2F20001C87170470020FEF7DB
:10B42000A3BE00002D2800F24F81DFE810F02E00AF
:10B43000B5009D00A9007800D400E500AF00F7003A
:10B440008B00F10072008500E0006600A300590047
:10B45000C100EB001F01CE00DA0013012C019700A0
:10B46000910044014D00320138010001BB0006018A
:10B470006C005300410047003B003E0119017E0073
:10B48000C700250134005F000C0140F67C40C2F289
:10B4900000008079C7E040F67C40C2F20000D0F89E
:10B4A0008C000DE140F67C40C2F20000406F07E1E5
:10B4B00040F67C40C2F20000C06E01E140F67C40E4
:10B4C000C2F20000006FFBE040F67C40C2F20000D8
:10B4D000C06CF5E040F67C40C2F20000806EEFE008
:10B4E00040F67C40C2F20000006AE9E040F67C4091
:10B4F000C2F20000D0F89000E2E040F67C40C2F2D8
:10B5000000008069DCE040F67C40C2F20000406E42
:10B51000D6E040F67C40C2F20000007B83E040F6BB
:10B520007C40C2F20000C0787DE040F67C40C2F270
:10B530000000D0F88000C3E040F67C40C2F200007A
:10B540000069BDE040F67C40C2F20000807A6AE00B
:10B5500040F67C40C2F20000406CB1E040F67C4016
:10B56000C2F20000006CABE040F67C40C2F200008A
:10B57000407858E040F67C40C2F20000C0699FE08D
:10B5800040F67C40C2F2000080784CE040F67C40FF
:10B59000C2F20000007A46E040F67C40C2F20000B1
:10B5A000C07940E040F67C40C2F20000C06D87E008
:10B5B00040F67C40C2F20000406A81E040F67C40E8
:10B5C000C2F20000D0F884007AE040F67C40C2F27B
:10B5D0000000006B74E040F67C40C2F2000000798D
:10B5E00021E040F67C40C2F20000406B68E044F28B
:10B5F0000000C4F29C6063E040F67C40C2F20000B0
:10B60000407910E040F67C40C2F20000806A57E0CA
:10B6100040F67C40C2F20000C07A04E040F67C4074
:10B62000C2F20000407A087001201070704740F6A6
:10B630007C40C2F20000806D42E040F67C40C2F2E5
:10B640000000006E3CE040F67C40C2F20000D0F802
:10B65000940035E040F67C40C2F20000806B2FE0A1
:10B6600040F67C40C2F20000C06F29E040F67C400A
:10B67000C2F20000C06A23E040F67C40C2F2000043
:10B68000D0F888001CE040F67C40C2F20000C06B9D
:10B6900016E040F67C40C2F20000006D10E040F67B
:10B6A0007C40C2F20000406D0AE040F67C40C2F2ED
:10B6B0000000806F04E040F67C40C2F20000806C25
:10B6C0000860042010707047002010707047000060
:10B6D0002DE9F04140F67C44C2F2000420460021EE
:10B6E0009822FEF75FFE002800F09780217801295C
:10B6F00008BFBDE8F0810022C4F80520C4F801208D
:10B7000040F20E12C0F20452C4F8092044F20002C2
:10B710000121C4F29C62217044F20003002641F230
:10B72000C255C4E9041204F11801C4F29C53C4F2D6
:10B730007A46C3F6E8654CF2381C4AF6820E4CC1D4
:10B7400004F12401C3F6B24CC3F2FB7E81E8205021
:10B7500041F26F2100264CF6CD45C3F6832141F21C
:10B760006F224CF6CD43C4F22026C3F64C5504F1AB
:10B77000380C4DF20A78C3F60322C3F64C638CE80A
:10B780004E00C4E9125600214DF20A769FED240ABC
:10B79000C3F62348C4F240010022C3F6A3360027B3
:10B7A00004F1500CC4E90C88C4F2A0124FF07C5391
:10B7B000C4F2F0178CE8EE00064601F049FB84ED78
:10B7C0001A0A9FED180AFEF7B3FB84ED1B0A9FEDE2
:10B7D000160AFEF7ADFB30464CF6CD414CF6CD4394
:10B7E000002700260025C3F6CC5149F69A12C3F66D
:10B7F0008C73C4F2C827C4F24826C4F2483504F159
:10B80000740C84ED1C0AC3F699728CE80E00C4E92E
:10B810002033C4E92276C4E92458BDE8F08100BF92
:10B820000000FA430050C3C70050C34780B5002052
:10B830009821FEF747FD40F67C40C2F2000000214F
:10B840009822BDE88040FEF71BBE000010B540F610
:10B850007C442D28C2F2000400F2BA80DFE800F038
:10B86000176B688E5E87585B7B6E973F38B8B8B8A9
:10B87000B8A77E81A491264FAA294C2F612CB0AD88
:10B8800035528455B63294B3228A1E1A3B64087826
:10B89000A0719DE00868C4F88C0099E00868C4F8BD
:10B8A000880095E00868C4F8800091E00868A0630B
:10B8B0008EE0086860648BE00868606588E008686E
:10B8C000E06485E00868606782E0086820667FE0E1
:10B8D000086820617CE00868C4F8900078E0087887
:10B8E00094ED070A01EE100AB8EE411A80EE010A43
:10B8F000207384ED080A6BE00868A06468E00868BB
:10B90000E06365E00868606662E00868E0665FE042
:10B91000087860715CE00878207259E00878E0707F
:10B9200056E00868206553E00868C4F894004FE0CA
:10B93000087860704CE00878E07149E008789FED85
:10B940002B1A00EE100AB8EE400A81EE000AA0722F
:10B9500084ED060A3CE00878607239E00868A0626D
:10B9600036E00868E06233E00868A06630E00878F6
:10B9700020712DE00868C4F8840029E00878A070E0
:10B9800026E00868606323E00868A06720E0087884
:10B9900094ED060A01EE100AB8EE411A80EE010A93
:10B9A000E07284ED070A13E00868206310E008687D
:10B9B00060620DE0086820640AE00868E06507E05E
:10B9C0000868A06504E00868E06701E0086820678F
:10B9D00000F0B6FE61782069002918BF0121FEF74A
:10B9E000DDF9BDE81040FEF7DBBE00BF00409C461D
:10B9F00080B541F64450C2F200008421F4F72AFCDD
:10BA000080BD000084B02DE9F04381B02DED048BA2
:10BA100041F644590DF1300CC2F200098CE80700E0
:10BA200099F800000DF1300808280F9300F2868580
:10BA3000DFE810F009008E01A000BC003800DE0134
:10BA4000F0013001160200200026FFF707F8002061
:10BA5000FEF7F4FF484640F8146F4FF08041C9F8F4
:10BA60001810FFF72DF801200127FFF7D1FC9FEDFB
:10BA7000F28AB0EE480A01F01BFD41F69045C2F291
:10BA8000000501202F8101F025FDB0EE480A01F0EC
:10BA900019FD6E60C9E90166C9F80C6089F800708B
:10BAA00000F04CBDD9F808004BF68361C2F6A071D6
:10BAB000484340F6E8314FEA7000C0F2FA2188426C
:10BAC00005D899F8380080F0010089F8380099F815
:10BAD000380099F83910B6EE009A0028B0EE490AFD
:10BAE0004FF028009FEDD48ABEEE001A08BFB0EEDA
:10BAF000410A002908BF24204844F0EE480A80ED9E
:10BB0000000AFFF707F8D9F8080099F8391098EDFE
:10BB1000030A98ED041A98ED0F2A98ED103A41F6B1
:10BB2000943C421C0029C2F2000CC9F8082000F025
:10BB300020839FEDC20AB4EE403AF1EE10FA40F3D2
:10BB4000468341F690409CED000AC2F2000090ED61
:10BB5000092A31EE400A80EE022A9FEDB90AB4EEBE
:10BB6000402AF1EE10FA40F35D8309F1580309F120
:10BB700054004AE341F68C30C2F2000098ED120AFC
:10BB800090ED001A30EE411AB0EEC12AB6EE001A5E
:10BB9000B4EE412AF1EE10FA40F3888180ED000AFC
:10BBA0000020C9F80800022000F0D5BCD9F8040034
:10BBB00040F640510130C0F203018842C9F8040048
:10BBC00006D940F20110A9F88000032089F882000C
:10BBD00041F69832C2F2000298ED032A92ED000A73
:10BBE0009FED983A32EE400AB0EEC00AD9F808301C
:10BBF000B4EE430A002098ED0F1AF1EE10FAB8BF28
:10BC0000581C44F6BC5300219842C9F8080082ED44
:10BC1000002A40F287819FED8C0A99ED0C3A99ED4C
:10BC20000D4A22EE002A21EE001A44F6216132EE7E
:10BC3000032A31EE041A884289ED0C2A89ED0D1A87
:10BC4000C0F07C8481EE021AB2EE042A41F69040E4
:10BC5000C2F20000B4EE421AF1EE10FA80ED031ABF
:10BC600006DD40F20130A9F88000032089F8820047
:10BC7000B4EE401AF1EE10FA06DA40F20120A9F80B
:10BC80008000032089F882000020C9E90100042017
:10BC900000F052BC99F8740098ED120A002800F0E8
:10BCA0008882B0EEC01AB0EE002AB4EE421AF1EE6D
:10BCB00010FAC0F2438441F6904099ED192AC2F27D
:10BCC000000090ED093A30EE422A82EE032AD9F8BC
:10BCD000081098ED094A99ED1E3A99ED1F5A013165
:10BCE00034EE054A6429C9F8081089ED1F4A32EE7E
:10BCF000033A89ED1E3A0DD8B9EE045A30EE055AD2
:10BD0000B0EEC55AB7EE006AB4EE465AF1EE10FA3C
:10BD100080F2148405EE101AB8EE456A83EE065AD6
:10BD200090ED063A24EE033A83EE063AB1EE044A69
:10BD3000B0EEC56AB4EE446AF1EE10FA80F26483A4
:10BD400041F26F21C3F683219FED405AC1617BE32D
:10BD5000D9F8040041F681210130C0F20601884281
:10BD6000C9F8040006D340F20110A9F880000120B0
:10BD700089F8820098ED051A99ED040A9FED342A9E
:10BD800031EE400AB4EE420AF1EE10FA80F2CD80B4
:10BD9000D9F8080049F6DC3101308842C9F80800BA
:10BDA00040F2BB8241F69041C2F200019FED260AAB
:10BDB00091ED012A21EE000A30EE020A81ED010A1E
:10BDC00049F64041884289ED041AC0F0B78301F07A
:10BDD00079FB00200025FFF71BFB4FF08041484610
:10BDE00040F8141FC9F81850FEF76AFE0220A3E3BA
:10BDF00098ED060A99ED192AB0EE001A30EE420AC3
:10BE0000B0EEC00AB4EE410AF1EE10FA40F39380AE
:10BE10000520A0E398ED060A99ED191A30EE410AC3
:10BE2000B0EEC00AB7EE001AB4EE410AF1EE10FA15
:10BE300040F3128106208EE300000000CDCCCC3E02
:10BE4000000048429A99993E0AD7233C6F12833AE0
:10BE50000AD7A33BCDCCCC3D0000C842CDCCCCBE54
:10BE600040F67C46C2F20006B079FEF7F7FDF079A5
:10BE7000FEF7E4FD41F69040C2F2000001894FF662
:10BE8000FF72891AB1FA81F149093172416800F1F2
:10BE90000C07D0E90654006A06F1240CF06309206F
:10BEA0008CCF8CE88E00C6E90D5445E3B0EEC00A95
:10BEB000B4EE410AF1EE10FA80F20A82D9F80810C5
:10BEC0000020C9F80C00481C49F641418842C9F8D5
:10BED0000800C0F0338399F80100B3EE041A013072
:10BEE00000EE100AB8EEC00A30EE000AB4EE410AC5
:10BEF000F1EE10FA06DD40F20150A9F880000220B0
:10BF000089F8820041F69040C2F2000001890129BF
:10BF100040F028834FF0FF3101814FF0FF3001F0F6
:10BF2000D9FA3AE3C9E90C1108E30020C9F808007E
:10BF300089ED041A02E3D9F8080098ED120A411CB1
:10BF400041F69040C2F2000090ED133AB0EEC01AF4
:10BF5000B0EEC30A1FED413A31EE422AB4EE432A55
:10BF600041F69C32F1EE10FAC2F20002C9F8081054
:10BF700080ED130A19DA92ED002A30EE422AB4EE6F
:10BF8000432AF1EE10FA10DA80EE011A41F6A037DA
:10BF9000C2F20007D9F80C3097ED002A0133C9F836
:10BFA0000C3031EE021A87ED001A48F2A063C0F29D
:10BFB00001039942C0F0BA81D9F80C300121142B49
:10BFC0004FF001022ED341F6A032C2F2000200EE81
:10BFD000103A92ED001AB8EE400A81EE000AB7EE70
:10BFE000001AB4EE410AF1EE10FA82ED000A06DB07
:10BFF000B3EE001AB4EE410AF1EE10FA06DD40F29B
:10C000000162A9F88020052289F88220B6EE001A84
:10C0100030EE010ABDEEC00A007810EE102A904200
:10C0200007D00722052089F8801089F8812089F837
:10C0300082000120FEF702FD00200025FFF7E8F94D
:10C040000021C4F22011484640F82C1FFEF738FDAD
:10C05000C9E9015506206FE2D9F8040040F64051C5
:10C060000130C0F203018842C9F8040006D940F249
:10C070000110A9F88000032089F8820041F6904061
:10C08000C2F2000090ED100A90ED0F1A20EE000AA7
:10C0900021EE011A31EE000AB1EEC02A017898EDC6
:10C0A000121A00EE101AB8EE400A21EE001AB0EE95
:10C0B000C13A1FED971AB6EE004AB4EE413AD9F8EC
:10C0C0000830F1EE10FA4FF00001C8BF591CB4EE71
:10C0D000442AF1EE10FA44F6BB534FF00002D8BFE9
:10C0E00011469942C9F8081040F2238199ED1B4A84
:10C0F00099ED1C5A44F6206232EE042A33EE053ADA
:10C10000914289ED1B2A89ED1C3AC0F0178282EE1C
:10C11000012A83EE011A82EE011AB2EE042AB4EE6D
:10C12000421A21EE000AF1EE10FA80ED051A80EDB8
:10C13000060A06DD40F20130A9F88000062089F8E1
:10C1400082001FEDBF0AB4EE401AF1EE10FA06DAD3
:10C1500040F20120A9F88000062089F8820000251D
:10C16000484640F82C5FFEF7ABFCC9E901550720B3
:10C17000E2E11FEDCE1AB4EE412AF1EE10FA40F3DF
:10C18000DB8041F690409CED001AC2F2000090ED79
:10C19000092A30EE411A81EE022A1FEDD71AB4EEB9
:10C1A000412AF1EE10FA3BDD09F1480309F14400A0
:10C1B0002DE01FEDD81AB0EEC00AB4EE410AF1EE40
:10C1C00010FABCBF012089F874000720C3E11FEDFD
:10C1D000DD0AB4EE403AF1EE10FA23DA41F690406F
:10C1E0009CED000AC2F2000090ED092A31EE400AEF
:10C1F00080EE022A9FEDF10AB4EE402AF1EE10FA29
:10C2000010DA09F1600309F15C00B0EE410A90ED2B
:10C21000001A1F6832EE011A80ED001A781C1860AF
:10C22000B0EE401A4EF6602082428CED001AC0F04B
:10C230008581002900F0A180D9F84860D9F85030F4
:10C24000D9F85820132E4FF000014FF00007D9F80D
:10C2500060C088BF0121132B88BF0127002039400F
:10C26000132A4FF0000788BF0127BCF1130F88BFC6
:10C270000120002900EA070008BF002806D140F28B
:10C280000117A9F88070042789F8827000297DD0F1
:10C2900000EE106A99ED111AB8EE400A99ED132AD2
:10C2A00081EE000A01EE103AB8EE411A82EE011A50
:10C2B0000028B0EEC00AB0EEC11A30EE010A20EE3E
:10C2C000090A89EE000A00F0ED80B0EE408A60E0D5
:10C2D000D9F80C0044F6216101308842C9F80C00FD
:10C2E000C0F02C8103200325FEF7A8FBDFEDB10A87
:10C2F000B6EE000AFEF70EFC00260020C9E9016632
:10C3000089F80050FEF79AFB484640F8146FC9F8C8
:10C310001860FEF7D5FB08200EE141F69040C2F20E
:10C3200000000021416089ED041A07E182ED000A56
:10C3300004E1C9E91B2201E19FED9F1AB4EE412AF5
:10C34000F1EE10FABFF66CAF41F690409CED001A8A
:10C35000C2F2000090ED092A30EE411A81EE022A65
:10C360009FED961AB4EE412AF1EE10FABFF658AFDF
:10C3700009F1500309F14C0049E7012089F839001F
:10C380000020C9F80800CCF80000D7E0002800F031
:10C39000928000EE102A99ED151AB8EE400A99ED38
:10C3A000172A81EE000A01EE10CAB8EE411A82EE99
:10C3B000011A0029B0EEC00AB0EEC11A30EE010A2F
:10C3C00020EE090A89EE001A73D038EE010A9FEDBB
:10C3D0007C2A20EE090A38EE411AB0EEC11A20EE8E
:10C3E000022A41F69040B4EE421AC2F20000F1EE89
:10C3F00010FA80ED040A66DD40F20140A9F88000E1
:10C40000042089F882005EE083EE055A9FED656A9C
:10C41000B4EE465AF1EE10FA80ED075A06DA40F211
:10C420000121A9F88010072189F882109FED5E6A2A
:10C43000B4EE465AF1EE10FA06DD40F20131A9F8E9
:10C440008010072189F88210B0EEC22AB7EE006A88
:10C45000B4EE462AF1EE10FA16DAB4EE441AF1EE12
:10C4600010FA11DD9FED521A25EE011A33EE011A72
:10C4700081EE000A9FED4B1AB4EE410AF1EE10FA7C
:10C48000B8BF9FED4A0A01E09FED480A80ED080A17
:10C490000025484640F82C5FFEF712FBC9E901551C
:10C4A000082049E041F69040C2F2000080ED040A05
:10C4B00009E0B0EE418A41F69040C2F2000080ED02
:10C4C000048AB0EE480A9FED3F1AB4EE410AF1EE3D
:10C4D00010FA01DA022007E09FED341AB4EE410AA7
:10C4E000F1EE10FA08DD0320012189F88100042013
:10C4F00089F8801089F882000220FEF7AFFA002048
:10C500000025FEF79BFA4FF08041484640F8141F83
:10C51000C9F81850FEF7D4FA01200126FEF778FF7B
:10C520009FED290A00F0BCFF41F69040C2F20000E6
:10C530000670C9E90155052089F80000D8F84810AF
:10C5400099F88000C9F8641000281ABF092089F8FA
:10C55000000099F80000BDEC048B01B0BDE8F04389
:10C5600004B0704701250581012000F0B3FF99F860
:10C5700001000021013089F8010055FA80F000EE39
:10C58000100AB8EEC00A30EE000A09F1140089ED75
:10C59000050AC9F81810FEF793FA0020C9F8080038
:10C5A000CCE700BF17B7D1380AD7233C6F12833AC4
:10C5B000CDCCCCBD00000000CDCCCCBE000048C22C
:10C5C0009A99993EACC5273700004843B0B52DED88
:10C5D000088BB0EE40AAB0EE410A0C460546B0EE1C
:10C5E000418AB0EE609AFDF70BF9B0EE40BAB0EEBA
:10C5F000480AFDF7B9F82BEE091A2AEE002A32EEA6
:10C60000011A85ED001A20EE090A2AEE0B1A30EE07
:10C61000410A84ED000ABDEC088BB0BD41F6C42090
:10C62000C2F2000090ED311A90ED303AB4EE401AAB
:10C6300090ED052AF1EE10FAB8BFB0EE410AB4EE63
:10C64000430A90F89410F1EE10FAB8BFB0EE430A26
:10C6500030EE601AD1B190ED274A21EE023A90ED0A
:10C66000280A33EE043AB4EE403AF1EE10FA80EDC7
:10C67000273A02DD80ED270A08E0B1EE400AB4EE69
:10C68000403AF1EE10FAB8BF80ED270A90ED260A85
:10C6900090ED2C4A31EE400A80EE022A90ED2A3AC3
:10C6A000B7EE005A35EE445A90ED2B0A25EE033AC8
:10C6B00024EE022A32EE032AB4EE402AF1EE10FAFA
:10C6C00080ED292A06DCB1EE400AB4EE402AF1EEF4
:10C6D00010FA03DAB0EE402A80ED290A90ED220A22
:10C6E00090ED233A90ED274A90ED245A23EE043A38
:10C6F00020EE010A80ED2A2A30EE030A25EE022AF6
:10C7000032EE000A90ED2D2A0121B4EE420AF1EE3C
:10C7100010FA80ED2E0A80F8941006DCB1EE422A61
:10C72000B4EE420AF1EE10FA06DA0021B0EE420A47
:10C7300080ED2E2A80F8941080ED261A70470000B4
:10C7400010B540F63050C2F2000000210173816044
:10C7500040F67C41C2F2000101F1640E9EE80C50EB
:10C7600000F1100484E80C1091ED1D0A9FED0E1AE3
:10C7700001F1780CC0F81CE09CE80C10D1F8841092
:10C7800040F21C2E40F62C5420EE010AC2F2000E9C
:10C79000C2F2000480ED080A42628362C0F82CC035
:10C7A000C0E90C1E846310BD00007A4410B5FDF78B
:10C7B0006FF840F63054C2F20004611CA21C231D25
:10C7C0002046FDF743F9A07A00B110BDD4F838C077
:10C7D00040F228229CF80200C2F2000201280FBF9A
:10C7E000002101212172A172136993F8800058B1D0
:10C7F00093F881000421072808BF0321012808BFFE
:10C80000022121720121A172526894ED092A106857
:10C810009FED620A90ED001A22EE003AB4EE413A22
:10C82000F1EE10FA08DBB3EE043A83EE022AB4EE1E
:10C83000412AF1EE10FA09DD0620B4EE401A01217A
:10C84000F1EE10FAC8BF05202072A17293689FED27
:10C85000540A93ED001AB4EE401AF1EE10FA0DDC12
:10C8600093ED011AB4EE401AF1EE10FA06DC93EDE6
:10C87000021AB4EE401AF1EE10FA76DD072001211B
:10C880002072A1729CF80000012809D0022803D070
:10C89000032805D0082100E0092121720121A1729D
:10C8A00094ED010A9FED3F1AB4EE410AF1EE10FA41
:10C8B000C2BF01206072E07294ED051A94ED0B2A5C
:10C8C00093ED120A21EE023AB4EE403AF1EE10FA7C
:10C8D00008DBB1EE411A81EE021AB4EE401AF1EE15
:10C8E00010FA03DD022060720120E0725268507875
:10C8F000022819D194ED072A94ED0C1A93ED140A2D
:10C9000022EE012AB4EE402AF1EE10FA08DB94ED93
:10C91000062A82EE011AB4EE401AF1EE10FA03DD97
:10C92000032060720120E072107828B99CF80100A1
:10C9300040F00202032A0ED119B9E07A002808BF9C
:10C9400010BDFEF75BFB0720FEF774F9FEF7B6FBA0
:10C950000120207310BD0122E2720422022808BFC8
:10C96000052262720029E8D0EBE794ED041A94EDF9
:10C970000A2A93ED090A21EE023AB4EE403AF1EEAA
:10C9800010FAFFF67BAFB1EE411A81EE021AB4EE57
:10C99000401AF1EE10FA7FF775AF6FE7000008421A
:10C9A0000000C8420000A04240F63050C2F2000031
:10C9B00000218160FDF7F4BE2DE9F04F03AF83B095
:10C9C00090F80490072202EB890222F00702ADEBF7
:10C9D000020AD5464379D0F800E05E1CB6FBF9F5B3
:10C9E0002EF8131005FB1961B9F1000F417100F029
:10C9F000CB80B9F1040F09F0030C01D2002119E03A
:10CA000009F0FC08AEF10206AAF10405002100BFFE
:10CA100036F8084F0AEB810336F8060C68600EEB17
:10CA20004100428880880431C3E90120884545F8E7
:10CA3000104FEDD1BCF1000F13D03EF81100BCF146
:10CA4000010F4AF821000CD0481C3EF81020BCF120
:10CA5000020F4AF8202004D0881C3EF810104AF833
:10CA60002010B9F1010F00F08F80A9F1010E47F8F5
:10CA7000149CC9F1000B4FF00009F0460AE000BF1A
:10CA8000C8076ED109F10109A8F10108F1450BF1C0
:10CA9000010B66D0F14564D0DAF800500024012182
:10CAA0000AEB84025668631CB5421BDC0BEB040CDA
:10CAB0001CF10200E4D09568A01CAE4217DC1CF10A
:10CAC0000303DDD0D3689D4215DC1CF10400D7D0F0
:10CAD0001569221DAB4212DC0BEB0200013014463B
:10CAE000DED1CDE72046294635461C460AE03146D0
:10CAF0000446184606E0033429461D4602E0E01CC1
:10CB0000194614460BEB04034AF82050581C4AF807
:10CB10002410B7D00AEB84025568A94217DD981C8F
:10CB2000C2E90051AED09568A94212DDD81CC2E915
:10CB30000151A7D0D568E01CA9420CDD0433C2E93D
:10CB400002519FD015690434A942DBDC04E00134B2
:10CB500002E0023400E0044644454FF000019FD15A
:10CB600090E757F8149CB9F1030F0DD3A9F1020017
:10CB7000A9F10301032900F0030C10D200200122C7
:10CB8000BCF1000F21D100E00020A9F1020190FBCF
:10CB9000F1F0A7F10C0480B2A546BDE8F08F20F0BB
:10CBA00003020020002300BF0AEB8306D6E90154EC
:10CBB000D6E9031628442044084404339A423044FA
:10CBC000F2D15A1CBCF1000FDFD05AF82210BCF190
:10CBD000010F0844D9D00AEB82025168BCF1020F60
:10CBE00008441CBF91680844CFE7000080B50B469D
:10CBF000016000210271417151001846F3F72AFBD0
:10CC000080BD00002DE9F0410C460546F5F7B8F966
:10CC100041F6AC37C2F200073969401A0A2838BF1A
:10CC2000BDE8F0812E0CF5F7ABF93988AAB2914234
:10CC3000386109D17888864206D1BA88A3B29A426F
:10CC400002D106460D4601E03D60BC80B8794EF643
:10CC50000821C0F600010A5CA9B240F20213514358
:10CC6000C0F20113A1FB031506FB02F1A1FB036156
:10CC7000A6B27243A2FB03233A89EDB29542DCB21D
:10CC800006D17A89CBB2934202D1BA89944222D09A
:10CC900061F3174500202946224600F021F841F6AD
:10CCA000C036C2F2000606F160006021F3F7D2FA46
:10CCB00041F6E818C2F2000840460421324630230B
:10CCC000F8F7A0F84046082132463023F8F79AF8E2
:10CCD000B879BD60BC810130B871BDE8F081000059
:10CCE000012888BF70472DE9F0430B024FF046033F
:10CCF00000EB400E41F6C03558BF2323C2F20005B9
:10CD00004FEA4E1405EB4E102B514B024FF0460EDE
:10CD100058BF4FF0230E8D024FF0460858BF4FF01A
:10CD20002308CC024FF0460958BF4FF023090B03EC
:10CD30004FF0460358BF23234E034FF0460658BF1B
:10CD400023268F034FF0460758BF2327CD034FF00C
:10CD5000460558BF23250C064FF0460458BF232430
:10CD6000C0E901E8C0E903934B064FF0460EC0E965
:10CD70000567C0E9075458BF4FF0230E8F064FF0E8
:10CD8000460858BF4FF02308CE064FF0460658BF5E
:10CD900023260D074FF0460558BF23254C074FF0BB
:10CDA000460458BF23248B074FF0460358BF232364
:10CDB000C9074FF0460108BF232117064FF0460769
:10CDC00058BF2327C0E90F1751064FF04601C0E9AD
:10CDD00009E8C0E90B65C0E90D4358BF232193065C
:10CDE0004FF0460358BF2323D7064FF0460758BFDE
:10CDF000232716074FF0460658BF232655074FF046
:10CE0000460558BF232594074FF0460458BF2324F6
:10CE1000D2074FF0460C00F1440208BF4FF0230C3C
:10CE20008AC2C0E91465C0E9164CBDE8F0437047FA
:10CE30009FED021A20EE010A704700BFE12E654205
:10CE40009FED021A20EE010A704700BFEBC918419E
:10CE50009FED021A80EE010A704700BFEBC918412E
:10CE600041F69040C2F20000017890ED130A01EE05
:10CE7000101AB8EE411A80EE010A7047F0B581B081
:10CE80000A9D41F69044DDE908ECDDE906612F0AD0
:10CE9000C2F200046DB225814BF21775A06200202A
:10CEA0002770C3F6510504F10C07C4E9061EC4E956
:10CEB000150004F12C0025214CC7C4E908C5F3F77F
:10CEC000C9F900200027C4F270104CF6CD41C4F21D
:10CED0007A47C3F6CC5100220023C4E9187004F14C
:10CEE0006800C4F2C822C4F2FA330EC001B0F0BD2B
:10CEF00070B52DED0A8B41F69046C2F2000696F809
:10CF00005000002800F0978196ED035A96ED092A0B
:10CF100096ED043A25EE024AB7EE009A34EE033A53
:10CF200089EE034A96ED163A9FEDCF6A9FEDCFAAA0
:10CF300033EE063AB4EE493AF1EE10FAC8BFB0EE5D
:10CF4000493AB5EE403AF1EE10FAC8BFB0EE43AA46
:10CF500096ED0B3AF0EE002A31EE437A2AEE046A9F
:10CF600096ED0C4AB4EE627AB8EE008A86ED16AA07
:10CF700071EEC41AF1EE10FAC8BFB0EE627AB4EEE8
:10CF8000487AF1EE10FAB0EE481AF4EE621AC8BF11
:10CF9000B0EE471AF1EE10FAC8BFF0EE621AF4EEE6
:10CFA000481A25EE037AF1EE10FAC8BFB0EE618A96
:10CFB00030EE470A96ED0D7A40F6144025EE045AFD
:10CFC000C2F2000030EEC55A26EE077AD0ED000A14
:10CFD000D6ED0E1A40F6184127EE027AC2F2000191
:10CFE00020EE060A26EE055A30EEC77A26EE216AB2
:10CFF000D1ED000A26EE026ADFEDF41A30EEC66AC1
:10D00000DFEDF30AB4EE617AF1EE10FAC8BFB0EECC
:10D01000617AB4EE607AF0EE602AF1EE10FAC8BFE1
:10D02000F0EE472AB4EE616A32EE800AC0ED002AC3
:10D03000F1EE10FAC8BFB0EE616AB4EE606A22EE9B
:10D04000000A9FEDE4CAF1EE10FAC8BFF0EE460AFE
:10D0500030EE855A33EE000A9FEDDF3A22EE052AC4
:10D06000B4EE4C0AC1ED000A34EE022AF1EE10FAD9
:10D07000C8BFB0EE4C0AB4EE430AF1EE10FAB0EEBF
:10D08000434AB4EE4C2AC8BFB0EE404AF1EE10FA63
:10D09000C8BFB0EE4C2AB4EE432A11EE100AF1EEEE
:10D0A00010FAC8BFB0EE423A86ED0B4A86ED0C3A54
:10D0B000F3F76AFA9FEDC20B54EC105B2A46234645
:10D0C000F3F7F3F9F3F773FA0BEE100A18EE100A00
:10D0D000F3F75AFA2A462346F3F7E7F9F3F767FA24
:10D0E00096ED1A0A08EE100A8BEE000A01F0B6FB64
:10D0F00096ED1A1A88EE011AB0EE408AB0EE410A97
:10D1000001F0ACFB96ED191ABAEE044A2AEE011AA8
:10D1100028EE013A20EE010AB2EE041AB4EE413ACA
:10D1200096ED092AF1EE10FAC8BFB0EE413AB4EE1E
:10D13000443AF1EE10FAB0EE445AB4EE410AC8BFD8
:10D14000B0EE435AF1EE10FAC8BFB0EE410AB4EEA9
:10D15000440AF1EE10FAC8BFB0EE404A9FED9F0AB4
:10D160009FED9FBA2AEE000A30EE0C0A20EE0B0A61
:10D1700020EE020A86ED0D5A86ED0E4A01F020FAE5
:10D180009FED981A39EE400A9FED972AB4EE410AB6
:10D19000F1EE10FAC8BFB0EE410AB4EE420AF1EE69
:10D1A00010FAC8BFB0EE402A96ED0D1A96ED0F4A60
:10D1B00039EE420A96ED0E3A96ED105A21EE021A19
:10D1C00020EE044A74EE010A22EE031A20EE050A4C
:10D1D0009FED868A30EE010AB0EEE01AB4EE481AEE
:10D1E000F1EE10FAC6ED0F0A86ED100A40DAB0EE45
:10D1F000C01AB4EE481AF1EE10FA39DA40F61C40C3
:10D2000096ED131A9FED7D2AC2F2000090ED000A00
:10D2100021EE021A9FED7A2A96ED093A20EE020AD3
:10D2200096ED114A30EE010A80ED000A20EE030A65
:10D2300030EE040A40E0716D86ED0B1A9FED621A24
:10D2400000200131C6ED0C1AC6E90D00F063306410
:10D25000B1F5FA6F716522BF012186F85010B065F3
:10D260007064B0EE410AA1E06F12833A0000000042
:10D2700001F050F896ED111A9FED5D2A30EE410A4B
:10D2800030EE0B3AB4EE420AF1EE10FAC8BFB0EE3F
:10D29000430A9FED582A9FED583A30EE022AB4EE29
:10D2A000430AF1EE10FAB8BFB0EE420AB6EE002A19
:10D2B00020EE020A30EE010A86ED110AFEF790F820
:10D2C00096ED121A9FED4A2A30EE411AB4EE421A38
:10D2D000F1EE10FA86ED110A1CDD00BF31EE0B1ADB
:10D2E000B4EE421AF1EE10FA14DD31EE0B1AB4EE80
:10D2F000421AF1EE10FA0DDD31EE0B1AB4EE421ABD
:10D30000F1EE10FA06DD31EE0B1AB4EE421AF1EE30
:10D3100010FAE3DC9FED382AB4EE421AF1EE10FA6F
:10D320001EDA9FED343A00BF31EE031AB4EE421A12
:10D33000F1EE10FA14DA31EE031AB4EE421AF1EEFD
:10D3400010FA0DDA31EE031AB4EE421AF1EE10FAC9
:10D3500006DA31EE031AB4EE421AF1EE10FAE3DB0C
:10D3600096ED092A96ED133A81EE021A96ED1C2AE3
:10D37000B1EE424AB4EE421AF1EE10FAB4EE441A9B
:10D38000C8BFB0EE421A9FED1F2AF1EE10FA2AEE46
:10D39000022A32EE082AB8BFB0EE441A39EE424AE9
:10D3A00022EE011A24EE032A32EE011A86ED120A49
:10D3B00086ED131ABDEC0A8B70BD00BF00BF00BF25
:10D3C000D07B6308000049400000000000007A4460
:10D3D00000007AC400004842000048C20000C84271
:10D3E000DB0FC9C0A4707D3F0AD7233CCDCCCC3D18
:10D3F000DB0F4940DB0FC940DB0F49C0CDCC4C3DB2
:10D400003333733FCDCCCC3E80B541F69040C2F271
:10D4100000000021C0E915112C302521F2F71AFF78
:10D4200080BD000041F60450C2F200004179072996
:10D430000DD801228A4012F0120F0CD112F0240FE5
:10D4400007D1012202FA01F111F0810F0ED14289B8
:10D4500002E0028900E0C28840F65931C2F20001C0
:10D460000978292A0DD3012900D1704740F6593097
:10D47000C2F200000121017040F6010080B2FCF709
:10D4800047BB032908BF7047C08840F65931283888
:10D49000C2F20001032280B20A70FCF739BB00001F
:10D4A00040F62840C2F2000080ED0C0A70470000F0
:10D4B00040F62840C2F200000021016380ED0B0A13
:10D4C0007047000040F2D820C2F2000080ED010A4F
:10D4D0007047000040F2D821C2F2000181F820001C
:10D4E0007047000041F6C420C2F2000090F87410AA
:10D4F00090ED1E1A30EE600AC9B190ED043A90ED3D
:10D500001F2A20EE033A33EE011AB4EE421AF1EE6E
:10D5100010FA80ED1E1A06DCB1EE422AB4EE421A71
:10D52000F1EE10FA03DAB0EE421A80ED1E2A90ED09
:10D530001B3A90ED1C4A90ED202A21EE041A23EEAE
:10D54000000A30EE010AB4EE420A0121F1EE10FAAF
:10D5500080ED210A80F8741007DCB1EE422AB4EEA7
:10D56000420AF1EE10FAA8BF70470021B0EE420A5D
:10D5700080ED212A80F8741070470000002804BF55
:10D5800003207047B0F80AC0BCF1000F04BF0220AE
:10D59000704729B102688388D25C0A70B0F80AC06B
:10D5A000818803890131B1FBF3F202FB1311818001
:10D5B000ACF10101418100207047000000284FF0CC
:10D5C000030218BF002901D1104670474289038920
:10D5D0009A4202D101221046704709780268C38836
:10D5E000D154C18802890131B1FBF2F303FB12115E
:10D5F0004289C180511C41810020704703460028A8
:10D600004FF0030018BF002900D17047002A08BF5F
:10D6100070470020C3E900101A815881704700004C
:10D6200080B540F22820C2F20000407807280DD8CB
:10D63000A321C140C90709D015A11DA251F820108E
:10D6400052F8202008681188FFF7DCFA40F63050C5
:10D65000C2F20000806B40F2003C01784078CA00C2
:10D6600004294FF00001C0F2021C4FF0000338BF44
:10D670002CFA02F14FEAC00E0CF57F02042838BFE5
:10D6800022FA0EF3C8B2D9B2BDE88040FDF748BC1B
:10D69000F0E90008FCE90008FCE90008FCE90008E2
:10D6A000FCE90008F6E90008FCE9000802EA0008C5
:10D6B000F4E9000800EA000800EA000800EA0008AF
:10D6C00000EA0008FAE9000800EA000806EA000893
:10D6D00010B5142888BF10BDDFE800F00B7253634B
:10D6E0003D8B9A69B54CAC3443912B5A2279A3BE39
:10D6F00082000C4600F0D2F940F6B421C2F20001DB
:10D70000087040F2282040F63052C2F20000C2F207
:10D7100000024078128948704A800868206010BD75
:10D7200040F22820C2F2000040688068406C086027
:10D7300010BD40F22820C2F2000040688068006AF4
:10D74000086010BD40F22820C2F2000040688068E6
:10D75000406A086010BD0C46FDF776FB84ED000AB8
:10D7600010BD40F22820C2F2000040688068806A44
:10D77000086010BD40F22820C2F2000040688068B6
:10D7800022E040F22820C2F200004068006860E019
:10D7900040F22820C2F2000040688068806C086077
:10D7A00010BD0C46FDF73CFB84ED000A10BD40F2B5
:10D7B0002820C2F2000040688068406B086010BDFD
:10D7C00040F63050C2F200004068086010BD40F2E0
:10D7D0002820C2F20000406880684069086010BDDF
:10D7E00040F22820C2F2000040688068C06C0860E7
:10D7F00010BD0C46FDF73CFB84ED000A10BD40F265
:10D800002820C2F2000040688068C069086010BD2E
:10D8100040F22820C2F2000040688068806B0860F7
:10D8200010BD40F22820C2F2000040688068806984
:10D83000086010BD40F22820C2F2000040688068F5
:10D840008068086010BD40F22820C2F200004068E5
:10D8500080680068086010BD40F22820C2F2000015
:10D8600040688068006D086010BD000041F60450FB
:10D87000C2F20000407970479FED061A41F604504D
:10D8800081EE000AC2F200000021C0E9011180ED22
:10D89000000A704731396345B0B52DED028B9FED1D
:10D8A000781AB0EE608A20EE010A10EE100AF2F744
:10D8B0006BFE044618EE100A0D46F2F765FE9FED6A
:10D8C0006E0B53EC102BF2F77EFD22462B46F2F73F
:10D8D000D3FCF2F76CFE00EE100A0021B5EE408A90
:10D8E00030EE082AF1EE10FAC8BF0121B5EE400A69
:10D8F000F1EE10FAC8BF0231B5EE402AF1EE10FA8F
:10D90000B8BF043141F60450B1EE423AC2F2000011
:10D91000DFE801F004141D0B2F3826049FED590A8F
:10D9200000214171B0EE401A34E090ED002A01214F
:10D93000417122EE001A22EE080A2BE090ED003A27
:10D940000221417123EE401A22EE030A22E090EDFB
:10D95000000A0621417122EE001A20EE480A19E061
:10D9600090ED002A052122EE031A22EE000A4171F1
:10D9700010E090ED002A0421417122EE481A22EEB7
:10D98000400A07E090ED000A0321417120EE081AD9
:10D9900020EE030A9FED3C2A30EE013AB4EE423A03
:10D9A000F1EE10FA0CDD21EE021A81EE031A20EEE0
:10D9B000023A30EE010A83EE000A9FED323A07E0A8
:10D9C00032EE413A33EE403AB6EE004A23EE043AE4
:10D9D00032EE432A32EE413A9FED2A1A33EE405A94
:10D9E000B0EE410AB0EE414ADFE801F02B04121913
:10D9F0000B1E2500B0EE421AB0EE430AB0EE454AC7
:10DA00001FE0B0EE451AB0EE430AB0EE424A18E00D
:10DA1000B0EE431AB0EE420AB0EE454A11E0B0EE65
:10DA2000451AB0EE420A0AE0B0EE431AB0EE450ADB
:10DA3000B0EE424A05E0B0EE421AB0EE450AB0EE52
:10DA4000434A41F63023BDEEC00AC2F20003BDEEE8
:10DA5000C11A10EE102ABDEEC40A1B6811EE101A8E
:10DA600010EE105AC18002814581D9639A635D63CB
:10DA7000BDEC028BB0BD00BF000000000000E0BFA5
:10DA8000D7B35D3F00000000003003454EF608317B
:10DA9000C0F6000108688988FFF7B4B841F6115054
:10DAA000C2F200000078704741F61151C2F2000145
:10DAB0000870704780B541F61C5EC2F2000EDDF8BA
:10DAC00008C08EE80F1080BD41F63050C2F2000051
:10DAD00080ED000A41F63450C2F2000080ED000AE9
:10DAE00041F63850C2F200000021016041F63C507E
:10DAF000C2F200000160704741F63850C2F20000E7
:10DB000080ED000A7047000041F63050C2F200007C
:10DB100080ED000A7047000010B541F61C54C2F2B7
:10DB2000000441F63053217CC2F2000393ED001A49
:10DB30000022C0E900228260C1B341F6385E41F69E
:10DB4000345CC2F2000EC2F2000C9EED004A94ED6D
:10DB5000015A9CED002A24EE043A75EE050AC3EE44
:10DB6000201A31EE423A9FED636A9FED637AB5EE7B
:10DB7000403AF1EE10FAC8BF0122B0EEC33AB4EE5B
:10DB8000465AF0EE473AB8BF013A02EE902AF1EE5B
:10DB900010FAC8BFF0EE613AB4EE633AF1EE10FA53
:10DBA000F8EEE21A05DD94ED007A0BE080ED001A44
:10DBB0009CE063EE200AF5EE400AF1EE10FA01DB7C
:10DBC000B1EEE07A27EE217A012937EE447A1AD1B4
:10DBD00025EE005AB0EEC76AB4EE456AF1EE10FACF
:10DBE0000EDD0021B5EE407AF1EE10FAC8BF01213A
:10DBF000B8BF013906EE101AB8EEC66A25EE067AED
:10DC000034EE074A44E0DFED3C0AB4EE460A87EE04
:10DC1000007AF1EE10FAC8BFF0EE470AB1EE456A9D
:10DC2000F4EE450A41F63C51F1EE10FAF4EE460AE4
:10DC3000C8BFF0EE450AC2F20001F1EE10FAB8BF1B
:10DC4000F0EE460A91ED005A94ED026A30EEC57A84
:10DC500026EE006AF0EEC70AF4EE460AF1EE10FA7C
:10DC60000EDD0022B5EE407AF1EE10FAC8BF0122B7
:10DC7000B8BF013A07EE102AB8EEC77A26EE077A47
:10DC800035EE075A81ED005A25EE005A35EE044A6A
:10DC900024EE000A30EE020A94ED032A8CED000A0D
:10DCA00080ED000A9FED150AB5EE402A8EED004A80
:10DCB00080ED014AF1EE10FAC8BFB0EE420AB4EEB0
:10DCC000403AF1EE10FA4FF0000110DCB0EEC42A39
:10DCD000B4EE402AF1EE10FA09DC41F63C52C2F2F1
:10DCE00000028CED001ACEF80010116001210172C3
:10DCF00010BD00BFBD378635000000006F12833AAB
:10DD000040F65C3CC2F2000C9CF80030002B18BFBF
:10DD1000704740F20133ACF800308CF802008CF808
:10DD20000320CCF80410FBF765BA0000002A04BFFA
:10DD3000002070472DE9F04381B0042A02F0030C63
:10DD400006D200264FF00009BCF1000F1ED12AE0D8
:10DD500002F0FC07C7F1000E01F101084FF00009C5
:10DD60006FF0030408EB0403DE781D795F794E44FD
:10DD70009B79354404343D440EEB0406043603EB32
:10DD80000509EFD1261DBCF1000F0CD08D5DBCF153
:10DD9000010FA94407D00E447578BCF1020FA944C5
:10DDA0001CBFB378994440F27715C2F20005EC1C11
:10DDB00068702046AA701646F2F733FA09F001009F
:10DDC00085F88300A05595F88400A1194870701D4E
:10DDD000C4B228462146F2F7A5FD41F64056C2F2EC
:10DDE000000618B33078052823D80130307040F28F
:10DDF0007710C2F200002146F2F794FDE0B140F244
:10DE00007715C2F2000500BF31780027062938BF18
:10DE1000012705294FF0000010D8481C3070284613
:10DE20002146F2F77FFD0028EED106E00120012710
:10DE300004E00027012001E00127002000213170CB
:10DE4000384001B0BDE8F083B0B540F2A054C2F252
:10DE50000004601C8321F2F7FDF940F22565C2F24F
:10DE60000005681C8321F2F7F5F955202870AA23D4
:10DE7000207041F6782040F6B02185F88430C2F257
:10DE80000000C2F20001012284F88430BDE8B040F5
:10DE9000F7F7CEBC002A08BF70472DE9F04740F2E3
:10DEA00025688146C2F20008042A02F0030C88F8B3
:10DEB000010088F8022005D200270023BCF1000FE2
:10DEC0001ED12AE002F0FC03C3F1000E01F1010AA9
:10DED00000236FF0030500BF0AEB0504E078277903
:10DEE000667918440435A47938440EEB05033044B0
:10DEF000043304EB0003EFD12F1DBCF1000F0CD055
:10DF0000CE5DBCF1010F334407D00F447E78BCF1E5
:10DF1000020F33441CBFB878034403F0010008F13A
:10DF2000030588F8830028461646F2F77AF998F830
:10DF3000000040F6D427C2F200073870F81C2946CA
:10DF4000324687F80190BE70F2F76BF9B8F883306B
:10DF5000701DF519C2B241F67820C2F200003946B0
:10DF6000A5F80330BDE8F047F7F784BCB0B540F63C
:10DF7000B855C2F2000504462878227801280FD14E
:10DF800040F2A053C2F2000393F8840082421CD1F5
:10DF900058789A78D91C00F055F80020287047E08E
:10DFA00040F22560C2F200000078824240D1012098
:10DFB000287040F29020C2F200000021017040F66B
:10DFC0005A30C2F20000018032E040F2902CC2F2DE
:10DFD000000C9CF80010012902D019B95A7024E0F5
:10DFE0009A7022E093F802E00EF1020088420AD90A
:10DFF000C818427040F65A32C2F2000220781388E4
:10E000001844108011E00AD140F65A30C2F20000E4
:10E01000058883F8832005F00102028005E00EF1F7
:10E02000030088423CBF00202870481C8CF8000088
:10E0300041F67820C2F2000021460122BDE8B0403E
:10E04000F7F7F6BB40F65C3CC2F2000C9CF80030DF
:10E05000002B18BF704740F20123ACF800308CF859
:10E0600002008CF80320CCF80410FBF7C3B80000C2
:10E07000A1F1090212F1080F38BF7047026840F69B
:10E08000D42CC2F2000C0129CCF8002020D0426828
:10E090000229CCF804201BD082680329CCF8082080
:10E0A00016D0C2680429CCF80C2011D002690529C9
:10E0B000CCF810200CD042690629CCF8142007D0E7
:10E0C00082690729CCF818201CBFC069CCF81C0055
:10E0D00080B5042000EB81004FF0FF4EC2B241F644
:10E0E00078200B46C2F2000061464CF823E0BDE800
:10E0F0008040F7F7BFBB000020EEA01A20EE000A18
:10E1000030EE010AB1EEC00A41F6C420C2F20000AE
:10E1100090ED2F1A31EE400AB5EE400AF1EE10FAFA
:10E12000C4BF9FED240A704790F8581090ED171A5D
:10E13000C9B190ED043A90ED182A20EE033A33EE7F
:10E14000011AB4EE421AF1EE10FA80ED171A06DC4D
:10E15000B1EE422AB4EE421AF1EE10FA03DAB0EE52
:10E16000421A80ED172A90ED143A90ED154A90ED81
:10E17000192A21EE041A23EE000A30EE010AB4EE49
:10E18000420A0121F1EE10FA80ED1A0A80F85810C7
:10E1900007DCB1EE422AB4EE420AF1EE10FAA8BF53
:10E1A00070470021B0EE420A80ED1A2A80F858101C
:10E1B000704700BF00000000F3F70EFFF8F7F6F815
:10E1C000F7F706FDF7F7A6FCF7F79EFDF7F7EEFD6C
:10E1D000F7F7C0FBF7F716FCF7F77CFCF7F7BEFD87
:10E1E000F7F704FFF7F752FEF7F71EFF41F6185452
:10E1F00041F61455C2F20004C2F20005F8F738F9EE
:10E20000F3F7C4FE2168401A2860F3F7BFFE2060D0
:10E21000F4E7000000284FF0000218BF002901D1E8
:10E22000104670472DE9F04140F2F208C2F20008B2
:10E23000037898F80060B34254D10B7898F8845072
:10E24000034413F8016CAE424CD113F802EC88F889
:10E2500083E00978062908D34E1F0639032906F002
:10E26000030C07D20026032516E00021714527D0B4
:10E27000002238E026F00305002600240119CB789F
:10E280000F794A79334489793B441A440434A542CE
:10E2900002EB0106F2D1E51CBCF1000F0CD0445D8D
:10E2A000BCF1010F264407D005446C78BCF1020F85
:10E2B00026441CBFA9780E4406F001017145D7D150
:10E2C0008578447808F10306C11C30462A4688F850
:10E2D000014088F80250F1F7A4FF204631462A4653
:10E2E000FFF70EFD0122BDE8F041104670474100E6
:10E2F000080218BF04200A0E18BF40F001004FF0BA
:10E300007F4232EA010108BF40F00200012808BF45
:10E310000520704770B54FF068422DED048BF0EE8C
:10E32000408A18EE900AB0EE608A18EE101A02EBDE
:10E330004003B3F1654F3CBF02EB4102B2F1654FC0
:10E340007DD200BFC0F3C753C1F3C7529A1A1B2A2C
:10E3500009DD10F0004F14BF9FED830A9FED830A83
:10E36000BDEC048B70BD12F11A0F36DA11F0004FBC
:10E3700009D010F0004F0CBF9FED7D0A9FED7D0A84
:10E38000BDEC048B70BD88EE889A19EE100AFFF779
:10E39000AEFF042808BF00F0E9FA18EE900AFFF774
:10E3A000A6FF054618EE100AFFF7A1FF044619EE76
:10E3B000100AFFF79CFF042D18BF052D08D1042C6F
:10E3C00018BF052C04D1002804BF022000F0E6FA93
:10E3D000B0EE490ABDEC048B70BD4200B2EB410FB8
:10E3E0003AD910F0004F19BFDFED630A9FED630AC1
:10E3F000DFED630A9FED630AB0EE481A0A46B1EEFC
:10E40000688A80F00041F0EE418A10460A1A5200F4
:10E41000B2F1807F34D2484010F0004FDFED5A1A3D
:10E420009FED5A2A1DBFBEEE001A70EEE10A30EED3
:10E43000420AB6EE001A08BF70EEA10A00E040E002
:10E4400008BF30EE020AB0EE682A01EE482A08EE54
:10E45000818AC2EE081A15E011F0004F04BF9FED4B
:10E460004C0AF0EE400AD1D010F0004F19BFDFED9A
:10E47000490A9FED490ADFED490A9FED490AC5E7C0
:10E48000C8EE881A21EEA11A9FED462ADFED462A32
:10E4900041EE022A9FED452A01EE222ADFED442AB1
:10E4A00041EE022A9FED432ABDEC048B01EE222AA5
:10E4B00021EE811A01EE020A30EE210A30EE200A26
:10E4C00070BD4FF07F42B2EB400F28BFB2EB410F5F
:10E4D00009D2F0EE480AB0EE680ABDEC048BBDE844
:10E4E000704000F030BA40EA01035B0008BF41F021
:10E4F000FF410BD0B2EB400F08BFB2EB410F08D188
:10E5000020F0804008EE900A21F0804108EE101AB9
:10E5100018E7B2EB400F12BF5FEA410340F0FF4043
:10E5200001F000413FF40EAFB2EB410F12BF5FEAC2
:10E53000400200F0004041F0FF413FF403AF4A00C9
:10E5400092EA40033FF5FEAE002AACBF9FED1A0AE7
:10E550009FED1A0A68EE808A28EE008A18EE900A6B
:10E5600018EE101AEEE60000DB0FC9BFDB0FC93F43
:10E57000DB0F4940DB0F49C00000C9BF22AAFDB92B
:10E580000000C93F22AAFD390060ED3EC30ACE3724
:10E5900000000000000049C022AA7DBA00004940E6
:10E5A00022AA7D3A2DAD65BD8FB8D53D0FB511BE00
:10E5B00061C84C3EA8AAAABE0000804F0000802F70
:10E5C00010B510EE104A4FF019406949002200EBD7
:10E5D00044002DED028B884257D8DFED660A14F017
:10E5E000004F60EE200A14BFBEEE001AB6EE001A0D
:10E5F00071EE200AFDEEE00A10EE900A00EE900A9D
:10E60000F8EEE00A9FED5C1A00EEC10A9FED5B1A7E
:10E6100000EEC10ADFED5A0A9FED5A1A00EE201AE9
:10E62000DFED590A40EE010A9FED581A584B00F0F1
:10E63000030100EE201A21EE000A7B4403EB810364
:10E64000D3ED000A534B7B4403EB810393ED001A97
:10E65000514B41EE000A7B4403EB8101801091EDA8
:10E66000000A70EE800AEABB00EE100AB8EEC01A8B
:10E67000DFED4A1A9FED4A0ABDEC028B01EE210A3A
:10E68000BCEEC00A20EE200A10BD4FF0FF40A043B0
:10E690001DD04FF0CE40B0EB440F81BFF7EE000A23
:10E6A00030EE200ABDEC028B10BD3E48B0EB440FAB
:10E6B00028BF012291D2022000F070F914F0004F1F
:10E6C00015D0BDEC028BBDE8104000F04FB914F539
:10E6D000000F02BF9FED340ABDEC028B10BDBDECF4
:10E6E000028B00E009E0BDE8104000F029B9BDEC64
:10E6F000028BBDE8104000F031B900EBD073591027
:10E700004FF07E5202EBC15100EE101AA0EB6300F5
:10E7100002EBC05060EE200A00EE100A20EE208AC4
:10E7200018EE100A88B118EE100AB0F1FF4F15D09C
:10E7300018EE100AFFF7DBFD042808BF00F016F9F9
:10E74000B0EE480ABDEC028B10BD022000F026F9A5
:10E75000BDEC028BBDE8104000F008B9022000F0CB
:10E760001DF9BDEC028BBDE8104000F0F7B80000C9
:10E770000000501E3BAAB8400070313EF4FD053742
:10E7800012BB2A3D12BB2A3EFFFFFF3EFFFF7F3F29
:10E790007A0300007E0300004E0300000000004BDF
:10E7A00000007E4E0000A0850000000010B52DED99
:10E7B000028BF0EE408A18EE900AB0EE608A20F0EC
:10E7C0000040C0F1FF40C00F07D118EE100A20F042
:10E7D0000040C0F1FF40C00F2BD018EE101A18EE09
:10E7E000900AF1F768FF00EE100A10EE100A6FEAC7
:10E7F000D05010F0FF0F04BFBDEC028B10BD18EE1F
:10E80000900A00F0004110EE100A00F00040814232
:10E8100004BFBDEC028B10BD18EE101A10EE100AEA
:10E82000BDEC028B61F31E0000EE900A30EE600A30
:10E8300010BD18EE900A4FF07F41B1EB400F1CBFA6
:10E8400018EE100A5FEA4000C7D1012000F0A6F8D8
:10E85000BDEC028BBDE8104000F078B810B510EEAA
:10E86000104A2DED028B4FF07F40B0EEC08AB0EB26
:10E87000440F55D318EE101A2C4A914220DD18EEA1
:10E88000101AB0EB410F1BD318EE101A284AF7EEFE
:10E89000008A914207DD18EE101AB0EB410F28BF35
:10E8A000B0EE680A35D238EE080AFFF789FE70EE3E
:10E8B000280AB0EE001A81EE200A38EEC00A28E0DD
:10E8C00018EE101AB1F1665F0FDA18EE101AB0EBFD
:10E8D000410F0AD318EE100AFFF709FD042808BFFC
:10E8E00000F044F8B0EE480A13E028EE080ADFED25
:10E8F000110ADFED111A9FED111A40EE210A60EEA8
:10E90000800A30EE010A80EE801AB0EE480A08EE66
:10E91000010A002CB8BFB1EE400ABDEC028B10BD5D
:10E92000BDEC028BBDE8104000F00AB8549F0C3FCC
:10E93000B32C1041C6E252BFB2117BBB1A2A1E4053
:10E9400030EE000A704730EE200A7047DFED020A11
:10E9500080EEA00A70470000000000009FED020A50
:10E9600020EE000A70470000000000709FED020AD0
:10E9700020EE000A704700000000001002E008C806
:10E98000121F08C1002AFAD170477047002001E029
:10E9900001C1121F002AFBD1704700000149086025
:10E9A00070470000000000200000803F0030983FCA
:10E9B0000000B53F0040D73F00000000320A7E391A
:10E9C0007F661E395B991F390000803FF037983F02
:10E9D000F304B53FFD44D73F0000000000000000F5
:10E9E00001020304060708090000000001020304F5
:10E9F00000000000FF000000FF000000FF0000001A
:10EA0000DC00FF0000000000808386898C8F9295D7
:10EA1000989B9EA2A5A7AAADB0B3B6B9BCBEC1C40F
:10EA2000C6C9CBCED0D3D5D7DADCDEE0E2E4E6E867
:10EA3000EAEBEDEEF0F1F3F4F5F6F7F8F9FAFAFB9C
:10EA4000FCFCFDFDFDFEFEFEFEFEFEFEFDFDFDFCF2
:10EA5000FCFBFAFAF9F8F7F6F5F4F3F1F0EEEDEB6A
:10EA6000EAE8E6E4E2E0DEDCDAD7D5D3D0CECBC903
:10EA7000C6C4C1BEBCB9B6B3B0ADAAA7A5A29E9B81
:10EA80009895928F8C898683807C797673706D6A75
:10EA90006764615D5A5855524F4C494643413E3B6D
:10EAA000393634312F2C2A282523211F1D1B1917F5
:10EAB000151412110F0E0C0B0A09080706050504A0
:10EAC000030302020201010101010101020202032A
:10EAD00003040505060708090A0B0C0E0F11121492
:10EAE0001517191B1D1F212325282A2C2F313436D9
:10EAF000393B3E414346494C4F5255585A5D61643B
:10EB0000676A6D707376797CFF00FF00FF00000676
:10EB1000101600061016FE0000000000920E493C80
:10EB2000B10AC93C2BC3163D2EFB483D752B7B3DDE
:10EB300004A9963D80B6AF3D36BDC83D2FBCE13D32
:10EB400073B2FA3D87CF093E8340163EB5AB223EF5
:10EB5000A2102F3ECF6E3B3EC2C5473E0115543E2C
:10EB6000135C603E7F9A6C3ECCCF783EC07D823E87
:10EB7000938E883E229A8E3E32A0943E86A09A3E84
:10EB8000E59AA03E128FA63ED47CAC3EEF63B23E27
:10EB90002A44B83E491DBE3E15EFC33E53B9C93E97
:10EBA000CA7BCF3E4136D53E80E8DA3E4F92E03E0A
:10EBB0007533E63EBBCBEB3EEA5AF13ECBE0F63E88
:10EBC000275DFC3EE4E7003F3D9C033F824B063F50
:10EBD0009BF5083F6B9A0B3FDA390E3FCDD3103FC0
:10EBE0002A68133FD9F6153FC07F183FC6021B3F66
:10EBF000D17F1D3FCBF61F3F9967223F25D2243F8F
:10EC00005636273F1594293F4AEB2B3FDE3B2E3FDC
:10EC1000BB85303FC9C8323FF304353F233A373F05
:10EC20004268393F3B8F3B3FF9AE3D3F67C73F3FAF
:10EC300070D8413F01E2433F03E4453F65DE473F73
:10EC400012D1493FF8BB4B3F029F4D3F207A4F3FC7
:10EC50003D4D513F4918533F31DB543FE595563FF9
:10EC60005348583F6AF2593F1A945B3F532D5D3F1A
:10EC700005BE5E3F2146603F97C5613F5A3C633FFA
:10EC800059AA643F880F663FD86B673F3CBF683F17
:10EC9000A7096A3F0C4B6B3F5E836C3F93B26D3F9D
:10ECA0009ED86E3F73F56F3F0809713F5213723F54
:10ECB0004714733FDD0B743F0BFA743FC6DE753F9C
:10ECC00007BA763FC58B773FF853783F9812793F64
:10ECD0009DC7793F02737A3FBE147B3FCDAC7B3F2B
:10ECE000283B7C3FC9BF7C3FAC3A7D3FCCAB7D3FEE
:10ECF00023137E3FB0707E3F6DC47E3F580E7F3F32
:10ED00006D4E7F3FAB847F3F0FB17F3F97D37F3FF7
:10ED100043EC7F3F11FB7F3F0000803F11FB7F3FB3
:10ED200043EC7F3F97D37F3F0FB17F3FAB847F3F63
:10ED30006D4E7F3F580E7F3F6DC47E3FB0707E3F6B
:10ED400023137E3FCCAB7D3FAC3A7D3FC9BF7C3FB8
:10ED5000283B7C3FCDAC7B3FBE147B3F02737A3FA8
:10ED60009DC7793F9812793FF853783FC58B773F1D
:10ED700007BA763FC6DE753F0BFA743FDD0B743F72
:10ED80004714733F5213723F0809713F73F56F3F89
:10ED90009ED86E3F93B26D3F5E836C3F0C4B6B3FD2
:10EDA000A7096A3F3CBF683FD86B673F880F663F43
:10EDB00059AA643F5A3C633F97C5613F2146603F73
:10EDC00005BE5E3F532D5D3F1A945B3F6AF2593F8B
:10EDD0005348583FE595563F31DB543F4918533F60
:10EDE0003D4D513F207A4F3F029F4D3FF8BB4B3F77
:10EDF00012D1493F65DE473F03E4453F01E2433F0F
:10EE000070D8413F67C73F3FF9AE3D3F3B8F3B3F27
:10EE10004268393F233A373FF304353FC9C8323F90
:10EE2000BB85303FDE3B2E3F4AEB2B3F1594293FFD
:10EE30005636273F25D2243F9967223FCBF61F3F06
:10EE4000D17F1D3FC6021B3FC07F183FD9F6153F3B
:10EE50002A68133FCDD3103FDA390E3F6B9A0B3F30
:10EE60009BF5083F824B063F3D9C033FE4E7003F94
:10EE7000275DFC3ECBE0F63EEA5AF13EBBCBEB3ED3
:10EE80007533E63E4F92E03E80E8DA3E4136D53EAD
:10EE9000CA7BCF3E53B9C93E15EFC33E491DBE3EA6
:10EEA0002A44B83EEF63B23ED47CAC3E128FA63EFD
:10EEB000E59AA03E86A09A3E32A0943E229A8E3ECB
:10EEC000938E883EC07D823ECCCF783E7F9A6C3E4A
:10EED000135C603E0115543EC2C5473ECF6E3B3EBB
:10EEE000A2102F3EB5AB223E8340163E87CF093E8F
:10EEF00073B2FA3D2FBCE13D36BDC83D80B6AF3D93
:10EF000004A9963D752B7B3D2EFB483D2BC3163D3A
:10EF1000B10AC93C920E493C00000000920E49BC67
:10EF2000B10AC9BC2BC316BD2EFB48BD752B7BBDDA
:10EF300004A996BD80B6AFBD36BDC8BD2FBCE1BD2E
:10EF400073B2FABD87CF09BE834016BEB5AB22BEF1
:10EF5000A2102FBECF6E3BBEC2C547BE011554BE28
:10EF6000135C60BE7F9A6CBECCCF78BEC07D82BE83
:10EF7000938E88BE229A8EBE32A094BE86A09ABE80
:10EF8000E59AA0BE128FA6BED47CACBEEF63B2BE23
:10EF90002A44B8BE491DBEBE15EFC3BE53B9C9BE93
:10EFA000CA7BCFBE4136D5BE80E8DABE4F92E0BE06
:10EFB0007533E6BEBBCBEBBEEA5AF1BECBE0F6BE84
:10EFC000275DFCBEE4E700BF3D9C03BF824B06BF4C
:10EFD0009BF508BF6B9A0BBFDA390EBFCDD310BFBC
:10EFE0002A6813BFD9F615BFC07F18BFC6021BBF62
:10EFF000D17F1DBFCBF61FBF996722BF25D224BF8B
:10F00000563627BF159429BF4AEB2BBFDE3B2EBFD8
:10F01000BB8530BFC9C832BFF30435BF233A37BF01
:10F02000426839BF3B8F3BBFF9AE3DBF67C73FBFAB
:10F0300070D841BF01E243BF03E445BF65DE47BF6F
:10F0400012D149BFF8BB4BBF029F4DBF207A4FBFC3
:10F050003D4D51BF491853BF31DB54BFE59556BFF5
:10F06000534858BF6AF259BF1A945BBF532D5DBF16
:10F0700005BE5EBF214660BF97C561BF5A3C63BFF6
:10F0800059AA64BF880F66BFD86B67BF3CBF68BF13
:10F09000A7096ABF0C4B6BBF5E836CBF93B26DBF99
:10F0A0009ED86EBF73F56FBF080971BF521372BF50
:10F0B000471473BFDD0B74BF0BFA74BFC6DE75BF98
:10F0C00007BA76BFC58B77BFF85378BF981279BF60
:10F0D0009DC779BF02737ABFBE147BBFCDAC7BBF27
:10F0E000283B7CBFC9BF7CBFAC3A7DBFCCAB7DBFEA
:10F0F00023137EBFB0707EBF6DC47EBF580E7FBF2E
:10F100006D4E7FBFAB847FBF0FB17FBF97D37FBFF3
:10F1100043EC7FBF11FB7FBF000080BF11FB7FBFAF
:10F1200043EC7FBF97D37FBF0FB17FBFAB847FBF5F
:10F130006D4E7FBF580E7FBF6DC47EBFB0707EBF67
:10F1400023137EBFCCAB7DBFAC3A7DBFC9BF7CBFB4
:10F15000283B7CBFCDAC7BBFBE147BBF02737ABFA4
:10F160009DC779BF981279BFF85378BFC58B77BF19
:10F1700007BA76BFC6DE75BF0BFA74BFDD0B74BF6E
:10F18000471473BF521372BF080971BF73F56FBF85
:10F190009ED86EBF93B26DBF5E836CBF0C4B6BBFCE
:10F1A000A7096ABF3CBF68BFD86B67BF880F66BF3F
:10F1B00059AA64BF5A3C63BF97C561BF214660BF6F
:10F1C00005BE5EBF532D5DBF1A945BBF6AF259BF87
:10F1D000534858BFE59556BF31DB54BF491853BF5C
:10F1E0003D4D51BF207A4FBF029F4DBFF8BB4BBF73
:10F1F00012D149BF65DE47BF03E445BF01E243BF0B
:10F2000070D841BF67C73FBFF9AE3DBF3B8F3BBF23
:10F21000426839BF233A37BFF30435BFC9C832BF8C
:10F22000BB8530BFDE3B2EBF4AEB2BBF159429BFF9
:10F23000563627BF25D224BF996722BFCBF61FBF02
:10F24000D17F1DBFC6021BBFC07F18BFD9F615BF37
:10F250002A6813BFCDD310BFDA390EBF6B9A0BBF2C
:10F260009BF508BF824B06BF3D9C03BFE4E700BF90
:10F27000275DFCBECBE0F6BEEA5AF1BEBBCBEBBECF
:10F280007533E6BE4F92E0BE80E8DABE4136D5BEA9
:10F29000CA7BCFBE53B9C9BE15EFC3BE491DBEBEA2
:10F2A0002A44B8BEEF63B2BED47CACBE128FA6BEF9
:10F2B000E59AA0BE86A09ABE32A094BE229A8EBEC7
:10F2C000938E88BEC07D82BECCCF78BE7F9A6CBE46
:10F2D000135C60BE011554BEC2C547BECF6E3BBEB7
:10F2E000A2102FBEB5AB22BE834016BE87CF09BE8B
:10F2F00073B2FABD2FBCE1BD36BDC8BD80B6AFBD8F
:10F3000004A996BD752B7BBD2EFB48BD2BC316BD36
:10F31000B10AC9BC920E49BC000000807D7D7D7D94
:10F320007D7D7D7D7D7D7D7D7D7D7D7D7D7D7D7D0D
:10F330007D7D7D7D7D7D7D7D7D7D7D7D7D7D787609
:10F3400073706E6C6B6966646362605F5D5C5A5972
:10F350005857565554535251504F4E4E4D4C4B4AA0
:10F360004948484746454544444342424140403F5E
:10F370003F3E3E3D3D3C3C3B3B3A3A3939383837DD
:10F38000373736363535353434343333323232313B
:10F39000313030302F2F2F2E2E2D2D2D2C2C2C2B8D
:10F3A0002B2B2A2A2A2929292828282727272626D5
:10F3B0002626252525242424232323222222222114
:10F3C00021212020201F1F1F1F1E1E1E1D1D1D1D51
:10F3D0001C1C1C1C1B1B1B1A1A1A1A191919181889
:10F3E00018181717171616161615151515141414C0
:10F3F0001313131312121212111111101010100FF7
:10F400000F0F0E0E0E0E0D0D0D0C0C0C0C0B0B0B2E
:10F410000B0A0A09090807060605000040F400085F
:10F420000000002050020000F407000840F500082A
:10F4300050020020881F00008CE900080000000036
:10F44000512F9D730008D5730008E57300080174FF
:10F450002E082974000879730008AD7300082E2463
:10F46000F40055700008AD6E0008A5715208DD0D5E
:10F470006F0008F96D0008716E00082FA96F000871
:10F48000556F000801700008456F3D0809024300F0
:10F49000020100C03209042E01020201000524000D
:10F4A00010010524012901042402020524064F014C
:10F4B0000705820308001009040100020A36070547
:10F4C000010240460705810240450A06000243400A
:10F4D000012D12010002020200408304405736024F
:10F4E000010203012FD1080008CD080008C9080057
:10F4F00008FD080C190821090008040309041A036F
:10F5000002843A03840D3A720DD3E55E5DD80200A1
:10F5100020200C0020280C0020595D0B00205C0BE3
:10F5200000202F10020020C41A0020901C0020444C
:10F530001D4B20041D0020FF83FF8401821000006A
:040000050800018965
:00000001FF
